[
    {
        "last_updated": "2025-07-23T20:01:53.135700+01:00"
    },
    {
        "tournament_id": 1786139,
        "tournament_name": "Campeonato Carioca C",
        "matches": [
            {
                "match_id": 639603386,
                "date": "23/07/2025",
                "time": "18:45",
                "home_team": "Uniao Central",
                "away_team": "Paraty",
                "1_odd": 7.03,
                "draw_odd": 4.02,
                "2_odd": 1.45,
                "1X_odd": 2.57,
                "12_odd": 1.21,
                "X2_odd": 1.07,
                "both_score_odd": 1.58,
                "both_noscore_odd": 2.264,
                "over_1.5_odd": 1.15,
                "over_2.0_odd": 1.26,
                "over_2.5_odd": 1.91,
                "over_3.0_odd": 2.575,
                "over_3.5_odd": 3.275,
                "over_4.5_odd": 7.24,
                "under_1.5_odd": 4.71,
                "under_2.0_odd": 3.49,
                "under_2.5_odd": 1.832,
                "under_3.0_odd": 1.445,
                "under_3.5_odd": 1.29,
                "under_4.5_odd": 1.06,
                "over_1.75_odd": 1.18,
                "over_2.25_odd": 1.525,
                "over_2.75_odd": 2.048,
                "over_3.25_odd": 2.985,
                "over_3.75_odd": 4.56,
                "under_1.75_odd": 4.3,
                "under_2.25_odd": 2.352,
                "under_2.75_odd": 1.69,
                "under_3.25_odd": 1.34,
                "under_3.75_odd": 1.16,
                "home_handicap_0.0_odd": 4.97,
                "home_handicap_1.0_odd": 1.82,
                "home_handicap_1.5_odd": 1.37,
                "home_handicap_2.5_odd": 1.08,
                "away_handicap_0.0_odd": 1.136,
                "away_handicap_-1.0_odd": 1.92,
                "away_handicap_-1.5_odd": 2.85,
                "away_handicap_-2.5_odd": 6.4,
                "home_over_0.5_odd": 1.58,
                "home_over_1.0_odd": 2.605,
                "home_over_1.5_odd": 3.53,
                "home_over_2.5_odd": 8.53,
                "home_under_0.5_odd": 2.264,
                "home_under_1.0_odd": 1.448,
                "home_under_1.5_odd": 1.26,
                "home_under_2.5_odd": 1.045,
                "home_over_0.75_odd": 1.86,
                "home_over_1.25_odd": 3.28,
                "home_under_0.75_odd": 1.84,
                "home_under_1.25_odd": 1.29,
                "away_over_1.5_odd": 1.68,
                "away_over_2.0_odd": 2.664,
                "away_over_2.5_odd": 4.07,
                "away_under_1.5_odd": 2.085,
                "away_under_2.0_odd": 1.43,
                "away_under_2.5_odd": 1.208,
                "away_over_1.75_odd": 1.89,
                "away_over_2.25_odd": 3.34,
                "away_under_1.75_odd": 1.81,
                "away_under_2.25_odd": 1.28
            }
        ]
    },
    {
        "tournament_id": 1534583,
        "tournament_name": "Paulista Cup",
        "matches": [
            {
                "match_id": 639605596,
                "date": "23/07/2025",
                "time": "19:00",
                "home_team": "Botafogo Ribeirao Preto II",
                "away_team": "Associacao Atletica Internacional",
                "1_odd": 8.61,
                "draw_odd": 3.98,
                "2_odd": 1.4,
                "1X_odd": 2.74,
                "12_odd": 1.215,
                "X2_odd": 1.045,
                "both_score_odd": 2.008,
                "both_noscore_odd": 1.735,
                "over_1.5_odd": 1.392,
                "over_2.0_odd": 1.864,
                "over_2.5_odd": 2.725,
                "over_3.5_odd": 6.34,
                "over_4.5_odd": 10.4,
                "under_1.5_odd": 2.75,
                "under_2.0_odd": 1.875,
                "under_2.5_odd": 1.4,
                "under_3.5_odd": 1.085,
                "under_4.5_odd": 1.016,
                "over_1.75_odd": 1.544,
                "over_2.25_odd": 2.34,
                "over_2.75_odd": 3.78,
                "under_1.75_odd": 2.304,
                "under_2.25_odd": 1.53,
                "under_2.75_odd": 1.225,
                "home_handicap_0.0_odd": 6.27,
                "home_handicap_1.0_odd": 1.664,
                "home_handicap_1.5_odd": 1.25,
                "home_handicap_2.5_odd": 1.02,
                "away_handicap_0.0_odd": 1.088,
                "away_handicap_-1.0_odd": 2.135,
                "away_handicap_-1.5_odd": 3.57,
                "away_handicap_-2.5_odd": 10,
                "home_handicap_0.75_odd": 2.21,
                "home_handicap_1.25_odd": 1.368,
                "away_handicap_-0.75_odd": 1.59,
                "away_handicap_-1.25_odd": 2.864,
                "home_over_0.5_odd": 2.008,
                "home_over_1.0_odd": 5.03,
                "home_over_1.5_odd": 5.95,
                "home_under_0.5_odd": 1.735,
                "home_under_1.0_odd": 1.14,
                "home_under_1.5_odd": 1.1,
                "home_over_0.75_odd": 2.69,
                "home_over_1.25_odd": 6.1,
                "home_under_0.75_odd": 1.41,
                "home_under_1.25_odd": 1.09,
                "away_over_1.5_odd": 2.26,
                "away_over_2.0_odd": 5.68,
                "away_over_2.5_odd": 7.44,
                "away_under_1.5_odd": 1.58,
                "away_under_2.0_odd": 1.11,
                "away_under_2.5_odd": 1.064,
                "away_over_1.75_odd": 2.89,
                "away_under_1.75_odd": 1.36
            }
        ]
    },
    {
        "tournament_id": 2881065,
        "tournament_name": "Sergipano Cup",
        "matches": [
            {
                "match_id": 639609799,
                "date": "23/07/2025",
                "time": "19:15",
                "home_team": "America Propria SE",
                "away_team": "Club Sportivo Sergipe",
                "1_odd": 3.13,
                "draw_odd": 2.32,
                "2_odd": 3.025,
                "1X_odd": 1.34,
                "12_odd": 1.55,
                "X2_odd": 1.32,
                "both_score_odd": 4.26,
                "both_noscore_odd": 1.18,
                "over_0.5_odd": 1.336,
                "over_1.0_odd": 1.72,
                "over_1.5_odd": 2.575,
                "over_2.0_odd": 4.69,
                "over_2.5_odd": 5.2,
                "over_3.5_odd": 9.48,
                "under_0.5_odd": 3,
                "under_1.0_odd": 2.05,
                "under_1.5_odd": 1.445,
                "under_2.0_odd": 1.15,
                "under_2.5_odd": 1.125,
                "under_3.5_odd": 1.025,
                "over_0.75_odd": 1.48,
                "over_1.25_odd": 2.16,
                "over_1.75_odd": 3.125,
                "over_2.75_odd": 7.68,
                "under_0.75_odd": 2.465,
                "under_1.25_odd": 1.62,
                "under_1.75_odd": 1.312,
                "under_2.75_odd": 1.05,
                "home_handicap_-1.5_odd": 8.07,
                "home_handicap_0.0_odd": 1.92,
                "home_handicap_1.5_odd": 1.06,
                "away_handicap_1.5_odd": 1.045,
                "away_handicap_0.0_odd": 1.82,
                "away_handicap_-1.5_odd": 7.29,
                "home_handicap_-0.25_odd": 2.465,
                "home_handicap_0.25_odd": 1.53,
                "away_handicap_0.25_odd": 1.48,
                "away_handicap_-0.25_odd": 2.34,
                "home_over_0.5_odd": 2.1,
                "home_over_1.0_odd": 4.47,
                "home_over_1.5_odd": 5.95,
                "home_under_0.5_odd": 1.67,
                "home_under_1.0_odd": 1.175,
                "home_under_1.5_odd": 1.1,
                "home_over_0.75_odd": 2.53,
                "home_over_1.25_odd": 5.35,
                "home_under_0.75_odd": 1.46,
                "home_under_1.25_odd": 1.12,
                "away_over_0.5_odd": 2.008,
                "away_over_1.0_odd": 4.21,
                "away_over_1.5_odd": 5.48,
                "away_under_0.5_odd": 1.735,
                "away_under_1.0_odd": 1.192,
                "away_under_1.5_odd": 1.12,
                "away_over_0.75_odd": 2.44,
                "away_over_1.25_odd": 5.1,
                "away_under_0.75_odd": 1.49,
                "away_under_1.25_odd": 1.13
            }
        ]
    },
    {
        "tournament_id": 1010565,
        "tournament_name": "Campeonato Catarinense U20",
        "matches": [
            {
                "match_id": 639606032,
                "date": "23/07/2025",
                "time": "19:00",
                "home_team": "Joinville U20",
                "away_team": "Chapecoense U20",
                "1_odd": 1.75,
                "draw_odd": 3.445,
                "2_odd": 4.56,
                "1X_odd": 1.17,
                "12_odd": 1.27,
                "X2_odd": 1.975,
                "both_score_odd": 1.504,
                "both_noscore_odd": 2.58,
                "over_1.5_odd": 1.195,
                "over_2.0_odd": 1.344,
                "over_2.5_odd": 1.91,
                "over_3.0_odd": 2.79,
                "over_3.5_odd": 3.68,
                "over_4.0_odd": 7.96,
                "over_4.5_odd": 9.29,
                "under_1.5_odd": 4.61,
                "under_2.0_odd": 3.248,
                "under_2.5_odd": 1.832,
                "under_3.0_odd": 1.44,
                "under_3.5_odd": 1.28,
                "under_4.0_odd": 1.08,
                "under_4.5_odd": 1.06,
                "over_1.75_odd": 1.255,
                "over_2.25_odd": 1.635,
                "over_2.75_odd": 2.184,
                "over_3.25_odd": 3.235,
                "over_3.75_odd": 4.86,
                "over_4.25_odd": 8.62,
                "under_1.75_odd": 3.93,
                "under_2.25_odd": 2.264,
                "under_2.75_odd": 1.68,
                "under_3.25_odd": 1.344,
                "under_3.75_odd": 1.18,
                "under_4.25_odd": 1.07,
                "home_handicap_-2.5_odd": 7.7,
                "home_handicap_-1.5_odd": 3.98,
                "home_handicap_-1.0_odd": 2.75,
                "home_handicap_0.0_odd": 1.28,
                "home_handicap_1.5_odd": 1.025,
                "away_handicap_2.5_odd": 1.05,
                "away_handicap_1.5_odd": 1.25,
                "away_handicap_1.0_odd": 1.45,
                "away_handicap_0.0_odd": 3.344,
                "away_handicap_-1.5_odd": 9.52,
                "home_handicap_-1.75_odd": 5.69,
                "home_handicap_-1.25_odd": 3.365,
                "home_handicap_-0.75_odd": 2.03,
                "away_handicap_1.75_odd": 1.14,
                "away_handicap_1.25_odd": 1.325,
                "away_handicap_0.75_odd": 1.735,
                "home_over_1.5_odd": 2.01,
                "home_over_2.0_odd": 4.34,
                "home_over_2.5_odd": 6.4,
                "home_under_1.5_odd": 1.805,
                "home_under_2.0_odd": 1.216,
                "home_under_2.5_odd": 1.115,
                "home_over_1.75_odd": 2.515,
                "home_over_2.25_odd": 5.37,
                "home_under_1.75_odd": 1.525,
                "home_under_2.25_odd": 1.152,
                "away_over_0.5_odd": 1.504,
                "away_over_1.0_odd": 2.096,
                "away_over_1.5_odd": 3.144,
                "away_over_2.0_odd": 7.61,
                "away_over_2.5_odd": 9.37,
                "away_under_0.5_odd": 2.58,
                "away_under_1.0_odd": 1.74,
                "away_under_1.5_odd": 1.36,
                "away_under_2.0_odd": 1.085,
                "away_under_2.5_odd": 1.056,
                "away_over_0.75_odd": 1.696,
                "away_over_1.25_odd": 2.62,
                "away_over_1.75_odd": 4.22,
                "away_over_2.25_odd": 8.49,
                "away_under_0.75_odd": 2.16,
                "away_under_1.25_odd": 1.49,
                "away_under_1.75_odd": 1.225,
                "away_under_2.25_odd": 1.07
            },
            {
                "match_id": 639607647,
                "date": "23/07/2025",
                "time": "19:00",
                "home_team": "Nacao U20",
                "away_team": "Criciuma U20",
                "2_odd": 1.2,
                "1X_odd": 3.9,
                "12_odd": 1.13,
                "both_score_odd": 6.1,
                "both_noscore_odd": 1.09,
                "over_0.5_odd": 1.11,
                "over_1.0_odd": 1.155,
                "over_1.5_odd": 1.55,
                "over_2.0_odd": 2.085,
                "over_2.5_odd": 2.65,
                "over_3.5_odd": 4.98,
                "under_0.5_odd": 5.51,
                "under_1.0_odd": 4.65,
                "under_1.5_odd": 2.3,
                "under_2.0_odd": 1.696,
                "under_2.5_odd": 1.42,
                "under_3.5_odd": 1.136,
                "over_1.25_odd": 1.37,
                "over_1.75_odd": 1.775,
                "over_2.25_odd": 2.405,
                "over_2.75_odd": 3.37,
                "under_1.25_odd": 2.845,
                "under_1.75_odd": 1.975,
                "under_2.25_odd": 1.504,
                "under_2.75_odd": 1.275,
                "home_handicap_0.0_odd": 10.5,
                "home_handicap_1.5_odd": 1.83,
                "home_handicap_2.5_odd": 1.27,
                "home_handicap_3.5_odd": 1.065,
                "away_handicap_0.0_odd": 1.016,
                "away_handicap_-1.5_odd": 1.83,
                "away_handicap_-2.5_odd": 3.275,
                "away_handicap_-3.5_odd": 6.42,
                "home_over_0.5_odd": 5.33,
                "home_under_0.5_odd": 1.125,
                "away_over_0.5_odd": 1.144,
                "away_over_1.0_odd": 1.245,
                "away_over_1.5_odd": 1.712,
                "away_over_2.0_odd": 2.544,
                "away_over_2.5_odd": 3.064,
                "away_under_0.5_odd": 4.93,
                "away_under_1.0_odd": 3.69,
                "away_under_1.5_odd": 2.035,
                "away_under_2.0_odd": 1.464,
                "away_under_2.5_odd": 1.336,
                "away_over_1.25_odd": 1.5,
                "away_over_1.75_odd": 2.02,
                "away_under_1.25_odd": 2.42,
                "away_under_1.75_odd": 1.71
            },
            {
                "match_id": 639609713,
                "date": "23/07/2025",
                "time": "19:00",
                "home_team": "Joinville U20/Nacao U20",
                "away_team": "Chapecoense U20/Criciuma U20",
                "1_odd": 4,
                "draw_odd": 4.28,
                "2_odd": 1.625,
                "1X_odd": 2.27,
                "12_odd": 1.168,
                "X2_odd": 1.19,
                "over_2.5_odd": 1.1,
                "over_3.0_odd": 1.136,
                "over_3.5_odd": 1.384,
                "over_4.0_odd": 1.55,
                "over_4.5_odd": 1.88,
                "over_5.0_odd": 2.32,
                "over_5.5_odd": 2.61,
                "over_6.0_odd": 3.48,
                "over_6.5_odd": 3.87,
                "under_2.5_odd": 4.63,
                "under_3.0_odd": 4.03,
                "under_3.5_odd": 2.58,
                "under_4.0_odd": 2.28,
                "under_4.5_odd": 1.76,
                "under_5.0_odd": 1.5,
                "under_5.5_odd": 1.345,
                "under_6.0_odd": 1.15,
                "under_6.5_odd": 1.11,
                "over_2.75_odd": 1.12,
                "over_3.25_odd": 1.264,
                "over_3.75_odd": 1.455,
                "over_4.25_odd": 1.736,
                "over_4.75_odd": 2.1,
                "over_5.25_odd": 2.664,
                "over_5.75_odd": 3.464,
                "over_6.25_odd": 4.82,
                "under_2.75_odd": 6.28,
                "under_3.25_odd": 3.75,
                "under_3.75_odd": 2.67,
                "under_4.25_odd": 2.035,
                "under_4.75_odd": 1.68,
                "under_5.25_odd": 1.425,
                "under_5.75_odd": 1.264,
                "under_6.25_odd": 1.14,
                "home_handicap_1.0_odd": 1.805,
                "home_handicap_1.5_odd": 1.54,
                "home_handicap_2.0_odd": 1.28,
                "home_handicap_2.5_odd": 1.21,
                "home_handicap_3.0_odd": 1.07,
                "away_handicap_-1.0_odd": 1.94,
                "away_handicap_-1.5_odd": 2.384,
                "away_handicap_-2.0_odd": 3.46,
                "away_handicap_-2.5_odd": 4.11,
                "away_handicap_-3.0_odd": 7.5,
                "home_handicap_1.25_odd": 1.648,
                "home_handicap_1.75_odd": 1.415,
                "home_handicap_2.25_odd": 1.24,
                "home_handicap_2.75_odd": 1.14,
                "home_handicap_3.25_odd": 1.06,
                "away_handicap_-1.25_odd": 2.16,
                "away_handicap_-1.75_odd": 2.765,
                "away_handicap_-2.25_odd": 3.79,
                "away_handicap_-2.75_odd": 5.21,
                "away_handicap_-3.25_odd": 7.95,
                "home_over_1.5_odd": 1.685,
                "home_over_2.0_odd": 2.5,
                "home_over_2.5_odd": 3.27,
                "home_under_1.5_odd": 2.104,
                "home_under_2.0_odd": 1.41,
                "home_under_2.5_odd": 1.205,
                "home_over_1.75_odd": 1.975,
                "home_over_2.25_odd": 3.485,
                "home_under_1.75_odd": 1.775,
                "home_under_2.25_odd": 1.28,
                "away_over_1.5_odd": 1.24,
                "away_over_2.0_odd": 1.36,
                "away_over_2.5_odd": 1.75,
                "away_over_3.0_odd": 2.225,
                "away_over_3.5_odd": 2.51,
                "away_over_4.0_odd": 3.44,
                "away_over_4.5_odd": 3.87,
                "away_under_1.5_odd": 3.07,
                "away_under_2.0_odd": 2.62,
                "away_under_2.5_odd": 2.008,
                "away_under_3.0_odd": 1.616,
                "away_under_3.5_odd": 1.41,
                "away_under_4.0_odd": 1.18,
                "away_under_4.5_odd": 1.136,
                "away_over_1.75_odd": 1.29,
                "away_over_2.25_odd": 1.565,
                "away_over_2.75_odd": 1.925,
                "away_over_3.25_odd": 2.5,
                "away_over_3.75_odd": 3.35,
                "away_over_4.25_odd": 4.89,
                "away_under_1.75_odd": 3.4,
                "away_under_2.25_odd": 2.325,
                "away_under_2.75_odd": 1.816,
                "away_under_3.25_odd": 1.495,
                "away_under_3.75_odd": 1.296,
                "away_under_4.25_odd": 1.155
            }
        ]
    },
    {
        "tournament_id": 880715,
        "tournament_name": "Campeonato Gaucho. Division 2",
        "matches": [
            {
                "match_id": 639606133,
                "date": "23/07/2025",
                "time": "19:00",
                "home_team": "Gaucho Passo Fundo",
                "away_team": "Farroupilha",
                "1_odd": 4.18,
                "draw_odd": 3.26,
                "2_odd": 1.87,
                "1X_odd": 1.845,
                "12_odd": 1.3,
                "X2_odd": 1.195,
                "both_score_odd": 1.375,
                "both_noscore_odd": 2.865,
                "over_1.5_odd": 1.208,
                "over_2.0_odd": 1.42,
                "over_2.5_odd": 2.13,
                "over_3.0_odd": 3.57,
                "over_3.5_odd": 4.3,
                "under_1.5_odd": 3.97,
                "under_2.0_odd": 2.648,
                "under_2.5_odd": 1.665,
                "under_3.0_odd": 1.25,
                "under_3.5_odd": 1.18,
                "over_1.75_odd": 1.288,
                "over_2.25_odd": 1.775,
                "over_2.75_odd": 2.545,
                "over_3.75_odd": 6.33,
                "under_1.75_odd": 3.288,
                "under_2.25_odd": 1.975,
                "under_2.75_odd": 1.45,
                "under_3.75_odd": 1.085,
                "home_handicap_-1.5_odd": 8.63,
                "home_handicap_0.0_odd": 2.93,
                "home_handicap_1.5_odd": 1.105,
                "away_handicap_1.5_odd": 1.035,
                "away_handicap_0.0_odd": 1.37,
                "away_handicap_-1.5_odd": 5.63,
                "home_over_0.5_odd": 1.375,
                "home_over_1.0_odd": 2.02,
                "home_over_1.5_odd": 2.82,
                "home_over_2.5_odd": 6.94,
                "home_under_0.5_odd": 2.865,
                "home_under_1.0_odd": 1.725,
                "home_under_1.5_odd": 1.39,
                "home_under_2.5_odd": 1.075,
                "home_over_0.75_odd": 1.59,
                "home_over_1.25_odd": 2.56,
                "home_under_0.75_odd": 2.22,
                "home_under_1.25_odd": 1.45,
                "away_over_1.5_odd": 2.62,
                "away_over_2.0_odd": 7.64,
                "away_over_2.5_odd": 10.6,
                "away_under_1.5_odd": 1.44,
                "away_under_2.0_odd": 1.06,
                "away_under_2.5_odd": 1.02,
                "away_over_1.75_odd": 3.4,
                "away_under_1.75_odd": 1.27
            },
            {
                "match_id": 639605666,
                "date": "23/07/2025",
                "time": "19:00",
                "home_team": "Real Sport Club Capao da Canoa",
                "away_team": "Novo Hamburgo RS",
                "1_odd": 29,
                "draw_odd": 17.7,
                "2_odd": 1.01,
                "over_2.5_odd": 1.33,
                "over_3.0_odd": 1.7,
                "over_3.5_odd": 2.415,
                "over_4.0_odd": 4.8,
                "over_4.5_odd": 5.22,
                "under_2.5_odd": 3.05,
                "under_3.0_odd": 2.075,
                "under_3.5_odd": 1.5,
                "under_4.0_odd": 1.144,
                "under_4.5_odd": 1.125,
                "over_2.75_odd": 1.43,
                "over_3.25_odd": 2.075,
                "over_3.75_odd": 3.16,
                "over_4.75_odd": 9.55,
                "under_2.75_odd": 2.616,
                "under_3.25_odd": 1.67,
                "under_3.75_odd": 1.31,
                "under_4.75_odd": 1.025,
                "home_handicap_1.5_odd": 6.51,
                "home_handicap_2.5_odd": 1.87,
                "home_handicap_3.5_odd": 1.184,
                "away_handicap_-1.5_odd": 1.08,
                "away_handicap_-2.5_odd": 1.87,
                "away_handicap_-3.5_odd": 4.22,
                "home_over_0.5_odd": 3.57,
                "home_under_0.5_odd": 1.256,
                "home_over_0.75_odd": 4.65,
                "home_under_0.75_odd": 1.152,
                "away_over_2.5_odd": 1.58,
                "away_over_3.0_odd": 2.375,
                "away_over_3.5_odd": 3.6,
                "away_over_4.0_odd": 10.4,
                "away_under_2.5_odd": 2.264,
                "away_under_3.0_odd": 1.53,
                "away_under_3.5_odd": 1.256,
                "away_under_4.0_odd": 1.02,
                "away_over_2.75_odd": 1.79,
                "away_over_3.25_odd": 3.02,
                "away_under_2.75_odd": 1.92,
                "away_under_3.25_odd": 1.335
            },
            {
                "match_id": 639611133,
                "date": "23/07/2025",
                "time": "19:00",
                "home_team": "Real Sport Club Capao da Canoa/Gaucho Passo Fundo",
                "away_team": "Novo Hamburgo RS/Farroupilha",
                "both_score_odd": 1.288,
                "both_noscore_odd": 2.85,
                "over_4.5_odd": 1.29,
                "over_5.0_odd": 1.44,
                "over_5.5_odd": 1.825,
                "over_6.0_odd": 2.32,
                "over_6.5_odd": 2.66,
                "over_7.0_odd": 3.81,
                "over_7.5_odd": 4.29,
                "under_4.5_odd": 2.87,
                "under_5.0_odd": 2.46,
                "under_5.5_odd": 1.816,
                "under_6.0_odd": 1.5,
                "under_6.5_odd": 1.325,
                "under_7.0_odd": 1.115,
                "under_7.5_odd": 1.08,
                "over_4.75_odd": 1.35,
                "over_5.25_odd": 1.656,
                "over_5.75_odd": 2.06,
                "over_6.25_odd": 2.715,
                "over_6.75_odd": 3.69,
                "over_7.25_odd": 5.5,
                "under_4.75_odd": 3.11,
                "under_5.25_odd": 2.16,
                "under_5.75_odd": 1.71,
                "under_6.25_odd": 1.41,
                "under_6.75_odd": 1.235,
                "under_7.25_odd": 1.11,
                "home_handicap_1.5_odd": 4.92,
                "home_handicap_2.0_odd": 3.97,
                "home_handicap_2.5_odd": 2.4,
                "home_handicap_3.0_odd": 1.864,
                "home_handicap_3.5_odd": 1.525,
                "home_handicap_4.0_odd": 1.22,
                "home_handicap_4.5_odd": 1.15,
                "away_handicap_-1.5_odd": 1.152,
                "away_handicap_-2.0_odd": 1.225,
                "away_handicap_-2.5_odd": 1.53,
                "away_handicap_-3.0_odd": 1.875,
                "away_handicap_-3.5_odd": 2.42,
                "away_handicap_-4.0_odd": 4.02,
                "away_handicap_-4.5_odd": 4.97,
                "home_handicap_1.25_odd": 6.73,
                "home_handicap_1.75_odd": 4.45,
                "home_handicap_2.25_odd": 2.896,
                "home_handicap_2.75_odd": 2.13,
                "home_handicap_3.25_odd": 1.656,
                "home_handicap_3.75_odd": 1.375,
                "home_handicap_4.25_odd": 1.18,
                "home_handicap_4.75_odd": 1.085,
                "away_handicap_-1.25_odd": 1.088,
                "away_handicap_-1.75_odd": 1.184,
                "away_handicap_-2.25_odd": 1.38,
                "away_handicap_-2.75_odd": 1.664,
                "away_handicap_-3.25_odd": 2.144,
                "away_handicap_-3.75_odd": 2.92,
                "away_handicap_-4.25_odd": 4.5,
                "away_handicap_-4.75_odd": 6.81,
                "home_over_0.5_odd": 1.288,
                "home_over_1.0_odd": 1.565,
                "home_over_1.5_odd": 2.264,
                "home_over_2.0_odd": 3.19,
                "home_over_2.5_odd": 3.83,
                "home_under_0.5_odd": 2.85,
                "home_under_1.0_odd": 2.33,
                "home_under_1.5_odd": 1.592,
                "home_under_2.0_odd": 1.216,
                "home_under_2.5_odd": 1.14,
                "home_over_0.75_odd": 1.384,
                "home_over_1.25_odd": 1.92,
                "home_over_1.75_odd": 2.77,
                "home_over_2.25_odd": 4.63,
                "home_under_0.75_odd": 2.87,
                "home_under_1.25_odd": 1.82,
                "home_under_1.75_odd": 1.41,
                "home_under_2.25_odd": 1.17,
                "away_over_3.5_odd": 1.29,
                "away_over_4.0_odd": 1.57,
                "away_over_4.5_odd": 2.275,
                "away_over_5.0_odd": 3.21,
                "away_over_5.5_odd": 3.86,
                "away_under_3.5_odd": 2.84,
                "away_under_4.0_odd": 2.312,
                "away_under_4.5_odd": 1.59,
                "away_under_5.0_odd": 1.215,
                "away_under_5.5_odd": 1.136,
                "away_over_3.75_odd": 1.39,
                "away_over_4.25_odd": 1.93,
                "away_over_4.75_odd": 2.785,
                "away_over_5.25_odd": 4.67,
                "away_under_3.75_odd": 2.856,
                "away_under_4.25_odd": 1.816,
                "away_under_4.75_odd": 1.408,
                "away_under_5.25_odd": 1.17
            }
        ]
    },
    {
        "tournament_id": 288833,
        "tournament_name": "Campeonato Carioca U20",
        "matches": [
            {
                "match_id": 639604123,
                "date": "23/07/2025",
                "time": "18:45",
                "home_team": "Carapebus U20",
                "away_team": "Bonsucesso U20",
                "1_odd": 5.24,
                "draw_odd": 2.52,
                "2_odd": 2.025,
                "1X_odd": 1.712,
                "12_odd": 1.47,
                "X2_odd": 1.13,
                "over_1.5_odd": 1.38,
                "over_2.0_odd": 1.88,
                "over_2.5_odd": 2.89,
                "over_3.0_odd": 6.39,
                "over_3.5_odd": 7.86,
                "under_1.5_odd": 2.8,
                "under_2.0_odd": 1.86,
                "under_2.5_odd": 1.36,
                "under_3.0_odd": 1.08,
                "under_3.5_odd": 1.05,
                "over_1.75_odd": 1.536,
                "over_2.25_odd": 2.38,
                "over_2.75_odd": 3.9,
                "over_3.25_odd": 8.11,
                "under_1.75_odd": 2.33,
                "under_2.25_odd": 1.512,
                "under_2.75_odd": 1.21,
                "under_3.25_odd": 1.045,
                "home_handicap_0.0_odd": 3.13,
                "away_handicap_0.0_odd": 1.295,
                "home_over_0.5_odd": 1.56,
                "home_over_1.0_odd": 2.51,
                "home_over_1.5_odd": 3.88,
                "home_under_0.5_odd": 2.305,
                "home_under_1.0_odd": 1.475,
                "home_under_1.5_odd": 1.225,
                "home_over_0.75_odd": 1.82,
                "home_over_1.25_odd": 3.15,
                "home_under_0.75_odd": 1.88,
                "home_under_1.25_odd": 1.31,
                "away_over_1.5_odd": 4.44,
                "away_under_1.5_odd": 1.175
            },
            {
                "match_id": 639604493,
                "date": "23/07/2025",
                "time": "18:45",
                "home_team": "Friburguense Atletico Clube U20",
                "away_team": "Artsul U20",
                "2_odd": 1.13,
                "1X_odd": 5.1,
                "12_odd": 1.045,
                "over_3.5_odd": 1.312,
                "over_4.0_odd": 1.655,
                "over_4.5_odd": 2.405,
                "over_5.0_odd": 4.5,
                "over_5.5_odd": 5.52,
                "under_3.5_odd": 3.12,
                "under_4.0_odd": 2.15,
                "under_4.5_odd": 1.504,
                "under_5.0_odd": 1.165,
                "under_5.5_odd": 1.11,
                "over_3.75_odd": 1.43,
                "over_4.25_odd": 2.056,
                "over_4.75_odd": 2.985,
                "over_5.25_odd": 5.29,
                "over_5.75_odd": 8.39,
                "under_3.75_odd": 2.616,
                "under_4.25_odd": 1.715,
                "under_4.75_odd": 1.34,
                "under_5.25_odd": 1.12,
                "under_5.75_odd": 1.04,
                "home_handicap_1.5_odd": 1.685,
                "away_handicap_-1.5_odd": 2,
                "home_over_1.5_odd": 2.725,
                "home_over_2.0_odd": 10,
                "home_under_1.5_odd": 1.41,
                "home_under_2.0_odd": 1.025,
                "home_over_1.75_odd": 4.05,
                "home_under_1.75_odd": 1.2,
                "away_over_2.5_odd": 1.58,
                "away_over_3.0_odd": 2.455,
                "away_over_3.5_odd": 3.69,
                "away_over_4.0_odd": 8.52,
                "away_under_2.5_odd": 2.264,
                "away_under_3.0_odd": 1.5,
                "away_under_3.5_odd": 1.245,
                "away_under_4.0_odd": 1.045,
                "away_over_2.75_odd": 1.83,
                "away_over_3.25_odd": 3.04,
                "away_under_2.75_odd": 1.87,
                "away_under_3.25_odd": 1.33
            },
            {
                "match_id": 639604061,
                "date": "23/07/2025",
                "time": "18:45",
                "home_team": "Niteroiense U20",
                "away_team": "Campo Grande U20",
                "1_odd": 1.33,
                "draw_odd": 4.49,
                "2_odd": 9.48,
                "1X_odd": 1.03,
                "12_odd": 1.17,
                "X2_odd": 3.07,
                "over_3.5_odd": 1.16,
                "over_4.0_odd": 1.275,
                "over_4.5_odd": 1.82,
                "over_5.0_odd": 2.616,
                "over_5.5_odd": 3.425,
                "over_6.0_odd": 6.4,
                "over_6.5_odd": 7.25,
                "under_3.5_odd": 4.6,
                "under_4.0_odd": 3.355,
                "under_4.5_odd": 1.92,
                "under_5.0_odd": 1.43,
                "under_5.5_odd": 1.27,
                "under_6.0_odd": 1.08,
                "under_6.5_odd": 1.06,
                "over_3.75_odd": 1.195,
                "over_4.25_odd": 1.544,
                "over_4.75_odd": 2.064,
                "over_5.25_odd": 2.985,
                "over_5.75_odd": 4.52,
                "over_6.25_odd": 7.74,
                "under_3.75_odd": 4.1,
                "under_4.25_odd": 2.31,
                "under_4.75_odd": 1.675,
                "under_5.25_odd": 1.34,
                "under_5.75_odd": 1.165,
                "under_6.25_odd": 1.05,
                "home_handicap_-1.5_odd": 2.38,
                "home_handicap_-1.0_odd": 1.725,
                "away_handicap_1.5_odd": 1.488,
                "away_handicap_1.0_odd": 2.04,
                "home_over_3.0_odd": 2.425,
                "home_over_3.5_odd": 3.6,
                "home_over_4.0_odd": 9.8,
                "home_under_3.0_odd": 1.51,
                "home_under_3.5_odd": 1.256,
                "home_under_4.0_odd": 1.025,
                "home_over_2.75_odd": 1.81,
                "home_over_3.25_odd": 3.04,
                "home_under_2.75_odd": 1.9,
                "home_under_3.25_odd": 1.33,
                "away_over_1.5_odd": 1.7,
                "away_over_2.0_odd": 2.955,
                "away_over_2.5_odd": 4.38,
                "away_under_1.5_odd": 2.056,
                "away_under_2.0_odd": 1.355,
                "away_under_2.5_odd": 1.18,
                "away_over_1.75_odd": 2.02,
                "away_over_2.25_odd": 3.64,
                "away_under_1.75_odd": 1.71,
                "away_under_2.25_odd": 1.24
            },
            {
                "match_id": 639604089,
                "date": "23/07/2025",
                "time": "18:45",
                "home_team": "Nova Cidade U20",
                "away_team": "Serrano Petropolis U20",
                "over_4.5_odd": 1.18,
                "over_5.0_odd": 1.33,
                "over_5.5_odd": 1.92,
                "over_6.0_odd": 2.875,
                "over_6.5_odd": 3.67,
                "over_7.0_odd": 7.25,
                "over_7.5_odd": 8.07,
                "under_4.5_odd": 4.28,
                "under_5.0_odd": 3.035,
                "under_5.5_odd": 1.82,
                "under_6.0_odd": 1.365,
                "under_6.5_odd": 1.235,
                "under_7.0_odd": 1.06,
                "under_7.5_odd": 1.045,
                "over_4.75_odd": 1.23,
                "over_5.25_odd": 1.616,
                "over_5.75_odd": 2.2,
                "over_6.25_odd": 3.296,
                "over_6.75_odd": 5.06,
                "over_7.25_odd": 8.93,
                "under_4.75_odd": 3.72,
                "under_5.25_odd": 2.168,
                "under_5.75_odd": 1.595,
                "under_6.25_odd": 1.288,
                "under_6.75_odd": 1.13,
                "under_7.25_odd": 1.03,
                "home_handicap_4.5_odd": 2.104,
                "away_handicap_-4.5_odd": 1.62,
                "home_over_0.5_odd": 2.725,
                "home_over_1.0_odd": 8.23,
                "home_over_1.5_odd": 10.6,
                "home_under_0.5_odd": 1.41,
                "home_under_1.0_odd": 1.05,
                "home_under_1.5_odd": 1.02,
                "home_over_0.75_odd": 3.64,
                "home_under_0.75_odd": 1.24,
                "away_over_4.5_odd": 1.344,
                "away_over_5.0_odd": 1.73,
                "away_over_5.5_odd": 2.62,
                "away_under_4.5_odd": 3.016,
                "away_under_5.0_odd": 2.01,
                "away_under_5.5_odd": 1.44,
                "away_over_4.75_odd": 1.46,
                "away_over_5.25_odd": 2.16,
                "away_under_4.75_odd": 2.53,
                "away_under_5.25_odd": 1.62
            },
            {
                "match_id": 639604149,
                "date": "23/07/2025",
                "time": "18:45",
                "home_team": "Sao Cristovao de Futebol e Regatas U20",
                "away_team": "Paduano U20"
            },
            {
                "match_id": 639604891,
                "date": "23/07/2025",
                "time": "18:45",
                "home_team": "Carapebus U20/Nova Cidade U20/Niteroiense U20/Sao Cristovao de Futebol e Regatas U20/Friburguense Atletico Clube U20",
                "away_team": "Bonsucesso U20/Serrano Petropolis U20/Campo Grande U20/Paduano U20/Artsul U20"
            }
        ]
    },
    {
        "tournament_id": 59787,
        "tournament_name": "Brazil Championship U20",
        "matches": [
            {
                "match_id": 639606125,
                "date": "23/07/2025",
                "time": "19:00",
                "home_team": "Atletico Mineiro U20",
                "away_team": "Clube Atletico Bragantino U20",
                "1_odd": 2.89,
                "draw_odd": 2.655,
                "2_odd": 2.792,
                "1X_odd": 1.39,
                "12_odd": 1.43,
                "X2_odd": 1.37,
                "over_2.5_odd": 1.205,
                "over_3.0_odd": 1.336,
                "over_3.5_odd": 1.944,
                "over_4.0_odd": 2.94,
                "over_4.5_odd": 3.8,
                "over_5.5_odd": 7.17,
                "under_2.5_odd": 4,
                "under_3.0_odd": 3,
                "under_3.5_odd": 1.8,
                "under_4.0_odd": 1.35,
                "under_4.5_odd": 1.22,
                "under_5.5_odd": 1.06,
                "over_2.75_odd": 1.315,
                "over_3.25_odd": 1.648,
                "over_3.75_odd": 2.304,
                "over_4.25_odd": 3.79,
                "over_4.75_odd": 5.85,
                "under_2.75_odd": 3.416,
                "under_3.25_odd": 2.11,
                "under_3.75_odd": 1.544,
                "under_4.25_odd": 1.27,
                "under_4.75_odd": 1.136,
                "home_handicap_-1.0_odd": 6.74,
                "home_handicap_0.0_odd": 1.856,
                "home_handicap_1.0_odd": 1.112,
                "away_handicap_1.0_odd": 1.104,
                "away_handicap_0.0_odd": 1.885,
                "away_handicap_-1.0_odd": 6.47,
                "home_handicap_-1.25_odd": 7.64,
                "home_handicap_-0.25_odd": 2.3,
                "home_handicap_0.25_odd": 1.55,
                "home_handicap_1.25_odd": 1.09,
                "away_handicap_1.25_odd": 1.085,
                "away_handicap_0.25_odd": 1.544,
                "away_handicap_-0.25_odd": 2.296,
                "away_handicap_-1.25_odd": 7.34,
                "home_over_1.5_odd": 1.735,
                "home_over_2.0_odd": 3.16,
                "home_over_2.5_odd": 4.29,
                "home_over_3.5_odd": 8.98,
                "home_under_1.5_odd": 2.008,
                "home_under_2.0_odd": 1.36,
                "home_under_2.5_odd": 1.19,
                "home_under_3.5_odd": 1.035,
                "home_over_1.75_odd": 2.135,
                "home_over_2.25_odd": 3.96,
                "home_under_1.75_odd": 1.712,
                "home_under_2.25_odd": 1.25,
                "away_over_1.5_odd": 1.735,
                "away_over_2.0_odd": 3.16,
                "away_over_2.5_odd": 4.29,
                "away_over_3.5_odd": 9.96,
                "away_under_1.5_odd": 2.008,
                "away_under_2.0_odd": 1.36,
                "away_under_2.5_odd": 1.19,
                "away_under_3.5_odd": 1.025,
                "away_over_1.75_odd": 2.135,
                "away_over_2.25_odd": 3.96,
                "away_under_1.75_odd": 1.712,
                "away_under_2.25_odd": 1.25
            },
            {
                "match_id": 639606091,
                "date": "23/07/2025",
                "time": "19:00",
                "home_team": "Botafogo de Futebol e Regatas U20",
                "away_team": "Cruzeiro Esporte Clube U20",
                "1_odd": 5.79,
                "draw_odd": 3.77,
                "2_odd": 1.555,
                "1X_odd": 2.3,
                "12_odd": 1.232,
                "X2_odd": 1.11,
                "both_score_odd": 1.58,
                "both_noscore_odd": 2.26,
                "over_1.5_odd": 1.165,
                "over_2.0_odd": 1.285,
                "over_2.5_odd": 1.91,
                "over_3.0_odd": 2.635,
                "over_3.5_odd": 3.296,
                "over_4.5_odd": 6.78,
                "over_5.5_odd": 9.93,
                "under_1.5_odd": 4.5,
                "under_2.0_odd": 3.3,
                "under_2.5_odd": 1.832,
                "under_3.0_odd": 1.425,
                "under_3.5_odd": 1.288,
                "under_4.5_odd": 1.07,
                "under_5.5_odd": 1.02,
                "over_1.75_odd": 1.28,
                "over_2.25_odd": 1.57,
                "over_2.75_odd": 2.11,
                "over_3.75_odd": 5.29,
                "under_1.75_odd": 3.67,
                "under_2.25_odd": 2.256,
                "under_2.75_odd": 1.648,
                "under_3.75_odd": 1.16,
                "home_handicap_0.0_odd": 4.18,
                "home_handicap_1.0_odd": 1.664,
                "home_handicap_1.5_odd": 1.344,
                "home_handicap_2.0_odd": 1.07,
                "away_handicap_0.0_odd": 1.19,
                "away_handicap_-1.0_odd": 2.135,
                "away_handicap_-1.5_odd": 3.25,
                "away_handicap_-2.0_odd": 8.39,
                "home_handicap_0.25_odd": 2.99,
                "home_handicap_0.75_odd": 2.02,
                "home_handicap_1.25_odd": 1.432,
                "home_handicap_1.75_odd": 1.21,
                "away_handicap_-0.25_odd": 1.34,
                "away_handicap_-0.75_odd": 1.74,
                "away_handicap_-1.25_odd": 2.61,
                "away_handicap_-1.75_odd": 4.42,
                "home_over_0.5_odd": 1.58,
                "home_over_1.0_odd": 2.57,
                "home_over_1.5_odd": 3.72,
                "home_over_2.5_odd": 8.46,
                "home_under_0.5_odd": 2.26,
                "home_under_1.0_odd": 1.505,
                "home_under_1.5_odd": 1.24,
                "home_under_2.5_odd": 1.045,
                "home_over_0.75_odd": 1.91,
                "home_over_1.25_odd": 3.23,
                "home_over_1.75_odd": 5.5,
                "home_under_0.75_odd": 1.89,
                "home_under_1.25_odd": 1.344,
                "home_under_1.75_odd": 1.15,
                "away_over_1.5_odd": 1.808,
                "away_over_2.0_odd": 3.475,
                "away_over_2.5_odd": 4.52,
                "away_over_3.5_odd": 9.96,
                "away_under_1.5_odd": 1.915,
                "away_under_2.0_odd": 1.305,
                "away_under_2.5_odd": 1.17,
                "away_under_3.5_odd": 1.025,
                "away_over_1.75_odd": 2.24,
                "away_over_2.25_odd": 4.34,
                "away_under_1.75_odd": 1.65,
                "away_under_2.25_odd": 1.216
            },
            {
                "match_id": 639606111,
                "date": "23/07/2025",
                "time": "19:00",
                "home_team": "CA Paranaense U20",
                "away_team": "Atletico Clube Goianiense U20",
                "1_odd": 1.504,
                "draw_odd": 3.44,
                "2_odd": 7.91,
                "1X_odd": 1.06,
                "12_odd": 1.275,
                "X2_odd": 2.384,
                "both_score_odd": 3.58,
                "both_noscore_odd": 1.23,
                "over_0.5_odd": 1.136,
                "over_1.0_odd": 1.24,
                "over_1.5_odd": 1.685,
                "over_2.0_odd": 2.19,
                "over_2.5_odd": 2.875,
                "over_3.5_odd": 5.52,
                "over_4.5_odd": 9.07,
                "under_0.5_odd": 5,
                "under_1.0_odd": 4.07,
                "under_1.5_odd": 2.1,
                "under_2.0_odd": 1.6,
                "under_2.5_odd": 1.365,
                "under_3.5_odd": 1.11,
                "under_4.5_odd": 1.03,
                "over_0.75_odd": 1.18,
                "over_1.25_odd": 1.425,
                "over_1.75_odd": 1.896,
                "over_2.25_odd": 2.63,
                "over_2.75_odd": 3.84,
                "under_0.75_odd": 4.84,
                "under_1.25_odd": 2.63,
                "under_1.75_odd": 1.848,
                "under_2.25_odd": 1.425,
                "under_2.75_odd": 1.26,
                "home_handicap_-3.5_odd": 8.25,
                "home_handicap_-2.5_odd": 5.82,
                "home_handicap_-2.0_odd": 4.69,
                "home_handicap_-1.5_odd": 2.504,
                "home_handicap_-1.0_odd": 1.86,
                "home_handicap_0.0_odd": 1.11,
                "away_handicap_3.5_odd": 1.04,
                "away_handicap_2.5_odd": 1.136,
                "away_handicap_2.0_odd": 1.19,
                "away_handicap_1.5_odd": 1.465,
                "away_handicap_1.0_odd": 1.885,
                "away_handicap_0.0_odd": 5.56,
                "home_handicap_-2.75_odd": 8.22,
                "home_handicap_-2.25_odd": 5.26,
                "home_handicap_-1.75_odd": 3.184,
                "home_handicap_-1.25_odd": 2.165,
                "home_handicap_-0.75_odd": 1.595,
                "away_handicap_2.75_odd": 1.075,
                "away_handicap_2.25_odd": 1.16,
                "away_handicap_1.75_odd": 1.352,
                "away_handicap_1.25_odd": 1.616,
                "away_handicap_0.75_odd": 2.2,
                "home_over_0.5_odd": 1.24,
                "home_over_1.0_odd": 1.485,
                "home_over_1.5_odd": 2.1,
                "home_over_2.0_odd": 3.52,
                "home_over_2.5_odd": 4.29,
                "home_over_3.5_odd": 8.46,
                "home_under_0.5_odd": 3.72,
                "home_under_1.0_odd": 2.635,
                "home_under_1.5_odd": 1.67,
                "home_under_2.0_odd": 1.3,
                "home_under_2.5_odd": 1.19,
                "home_under_3.5_odd": 1.045,
                "home_over_0.75_odd": 1.344,
                "home_over_1.25_odd": 1.825,
                "home_over_1.75_odd": 2.545,
                "home_over_2.25_odd": 4.06,
                "home_over_2.75_odd": 6.35,
                "home_under_0.75_odd": 3.235,
                "home_under_1.25_odd": 1.98,
                "home_under_1.75_odd": 1.515,
                "home_under_2.25_odd": 1.24,
                "home_under_2.75_odd": 1.115,
                "away_over_0.5_odd": 2.72,
                "away_over_1.0_odd": 9.84,
                "away_over_1.5_odd": 13.4,
                "away_under_0.5_odd": 1.46,
                "away_under_1.0_odd": 1.05,
                "away_under_1.5_odd": 1.025,
                "away_over_0.75_odd": 3.84,
                "away_over_1.25_odd": 11.6,
                "away_under_0.75_odd": 1.264,
                "away_under_1.25_odd": 1.035
            },
            {
                "match_id": 639605949,
                "date": "23/07/2025",
                "time": "19:00",
                "home_team": "Corinthians Paulista U20",
                "away_team": "Juventude EC U20",
                "1_odd": 2.632,
                "draw_odd": 2.43,
                "2_odd": 3.445,
                "1X_odd": 1.27,
                "12_odd": 1.5,
                "X2_odd": 1.435,
                "both_score_odd": 3.95,
                "both_noscore_odd": 1.21,
                "over_0.5_odd": 1.27,
                "over_1.0_odd": 1.525,
                "over_1.5_odd": 2.31,
                "over_2.0_odd": 4.57,
                "over_2.5_odd": 4.85,
                "over_3.5_odd": 8.36,
                "under_0.5_odd": 3.4,
                "under_1.0_odd": 2.35,
                "under_1.5_odd": 1.57,
                "under_2.0_odd": 1.2,
                "under_2.5_odd": 1.144,
                "under_3.5_odd": 1.04,
                "over_0.75_odd": 1.38,
                "over_1.25_odd": 1.945,
                "over_1.75_odd": 2.81,
                "under_0.75_odd": 2.81,
                "under_1.25_odd": 1.8,
                "under_1.75_odd": 1.38,
                "home_handicap_-1.5_odd": 8.07,
                "home_handicap_-1.0_odd": 6.19,
                "home_handicap_0.0_odd": 1.664,
                "home_handicap_1.5_odd": 1.04,
                "away_handicap_1.5_odd": 1.075,
                "away_handicap_1.0_odd": 1.12,
                "away_handicap_0.0_odd": 2.136,
                "away_handicap_-1.5_odd": 8.42,
                "home_handicap_-1.25_odd": 7.13,
                "home_handicap_-0.25_odd": 2.136,
                "home_handicap_0.25_odd": 1.405,
                "away_handicap_1.25_odd": 1.096,
                "away_handicap_0.25_odd": 1.664,
                "away_handicap_-0.25_odd": 2.71,
                "home_over_0.5_odd": 1.808,
                "home_over_1.0_odd": 3.475,
                "home_over_1.5_odd": 4.52,
                "home_over_2.5_odd": 9.96,
                "home_under_0.5_odd": 1.915,
                "home_under_1.0_odd": 1.305,
                "home_under_1.5_odd": 1.17,
                "home_under_2.5_odd": 1.025,
                "home_over_0.75_odd": 2.24,
                "home_over_1.25_odd": 4.34,
                "home_under_0.75_odd": 1.65,
                "home_under_1.25_odd": 1.216,
                "away_over_0.5_odd": 2.1,
                "away_over_1.0_odd": 4.94,
                "away_over_1.5_odd": 5.95,
                "away_under_0.5_odd": 1.67,
                "away_under_1.0_odd": 1.175,
                "away_under_1.5_odd": 1.1,
                "away_over_0.75_odd": 2.696,
                "away_over_1.25_odd": 6.08,
                "away_under_0.75_odd": 1.465,
                "away_under_1.25_odd": 1.125
            },
            {
                "match_id": 639606191,
                "date": "23/07/2025",
                "time": "19:00",
                "home_team": "Fortaleza Esporte Clube U20",
                "away_team": "Clube de Regatas do Flamengo U20",
                "1_odd": 4.97,
                "draw_odd": 2.512,
                "2_odd": 2.075,
                "1X_odd": 1.68,
                "12_odd": 1.475,
                "X2_odd": 1.144,
                "both_score_odd": 4.16,
                "both_noscore_odd": 1.19,
                "over_0.5_odd": 1.27,
                "over_1.0_odd": 1.544,
                "over_1.5_odd": 2.22,
                "over_2.0_odd": 4.52,
                "over_2.5_odd": 4.62,
                "over_3.5_odd": 8.64,
                "under_0.5_odd": 3.42,
                "under_1.0_odd": 2.37,
                "under_1.5_odd": 1.584,
                "under_2.0_odd": 1.205,
                "under_2.5_odd": 1.155,
                "under_3.5_odd": 1.035,
                "over_0.75_odd": 1.37,
                "over_1.25_odd": 1.905,
                "over_1.75_odd": 2.805,
                "over_2.75_odd": 6.83,
                "under_0.75_odd": 2.855,
                "under_1.25_odd": 1.835,
                "under_1.75_odd": 1.38,
                "under_2.75_odd": 1.07,
                "home_handicap_0.0_odd": 3.035,
                "home_handicap_1.0_odd": 1.208,
                "home_handicap_1.5_odd": 1.13,
                "home_handicap_2.5_odd": 1.025,
                "away_handicap_0.0_odd": 1.35,
                "away_handicap_-1.0_odd": 4.45,
                "away_handicap_-1.5_odd": 6.01,
                "away_handicap_-2.5_odd": 9.64,
                "home_handicap_-0.25_odd": 3.71,
                "home_handicap_0.25_odd": 2.045,
                "home_handicap_0.75_odd": 1.44,
                "home_handicap_1.25_odd": 1.16,
                "away_handicap_0.25_odd": 1.23,
                "away_handicap_-0.25_odd": 1.725,
                "away_handicap_-0.75_odd": 2.58,
                "away_handicap_-1.25_odd": 5.23,
                "home_over_0.5_odd": 2.42,
                "home_over_1.0_odd": 7.14,
                "home_over_1.5_odd": 7.74,
                "home_under_0.5_odd": 1.51,
                "home_under_1.0_odd": 1.096,
                "home_under_1.5_odd": 1.056,
                "home_over_0.75_odd": 3.216,
                "home_over_1.25_odd": 8.58,
                "home_under_0.75_odd": 1.35,
                "home_under_1.25_odd": 1.07,
                "away_over_0.5_odd": 1.635,
                "away_over_1.0_odd": 2.83,
                "away_over_1.5_odd": 3.88,
                "away_over_2.5_odd": 8.25,
                "away_under_0.5_odd": 2.155,
                "away_under_1.0_odd": 1.43,
                "away_under_1.5_odd": 1.225,
                "away_under_2.5_odd": 1.05,
                "away_over_0.75_odd": 1.99,
                "away_over_1.25_odd": 3.55,
                "away_over_1.75_odd": 6.21,
                "away_under_0.75_odd": 1.82,
                "away_under_1.25_odd": 1.296,
                "away_under_1.75_odd": 1.12
            },
            {
                "match_id": 639605908,
                "date": "23/07/2025",
                "time": "19:00",
                "home_team": "Sao Paulo U20",
                "away_team": "America Minas Gerais U20",
                "1_odd": 2.275,
                "draw_odd": 2.65,
                "2_odd": 3.79,
                "1X_odd": 1.23,
                "12_odd": 1.43,
                "X2_odd": 1.57,
                "both_score_odd": 3.44,
                "both_noscore_odd": 1.264,
                "over_0.5_odd": 1.205,
                "over_1.0_odd": 1.392,
                "over_1.5_odd": 2.04,
                "over_2.0_odd": 3.064,
                "over_2.5_odd": 4.04,
                "over_3.5_odd": 7.77,
                "under_0.5_odd": 4,
                "under_1.0_odd": 2.75,
                "under_1.5_odd": 1.725,
                "under_2.0_odd": 1.325,
                "under_2.5_odd": 1.2,
                "under_3.5_odd": 1.05,
                "over_0.75_odd": 1.35,
                "over_1.25_odd": 1.696,
                "over_1.75_odd": 2.34,
                "over_2.75_odd": 6.44,
                "under_0.75_odd": 3.208,
                "under_1.25_odd": 2.04,
                "under_1.75_odd": 1.53,
                "under_2.75_odd": 1.112,
                "home_handicap_-1.5_odd": 5.83,
                "home_handicap_-1.0_odd": 4.37,
                "home_handicap_0.0_odd": 1.496,
                "away_handicap_1.5_odd": 1.136,
                "away_handicap_1.0_odd": 1.215,
                "away_handicap_0.0_odd": 2.495,
                "home_handicap_-1.25_odd": 5.1,
                "home_handicap_-0.75_odd": 2.71,
                "home_handicap_-0.25_odd": 1.87,
                "home_handicap_0.25_odd": 1.33,
                "away_handicap_1.25_odd": 1.168,
                "away_handicap_0.75_odd": 1.405,
                "away_handicap_0.25_odd": 1.87,
                "away_handicap_-0.25_odd": 3.05,
                "home_over_0.5_odd": 1.58,
                "home_over_1.0_odd": 2.57,
                "home_over_1.5_odd": 3.72,
                "home_over_2.5_odd": 8.46,
                "home_under_0.5_odd": 2.26,
                "home_under_1.0_odd": 1.505,
                "home_under_1.5_odd": 1.24,
                "home_under_2.5_odd": 1.045,
                "home_over_0.75_odd": 1.91,
                "home_over_1.25_odd": 3.23,
                "home_over_1.75_odd": 5.5,
                "home_under_0.75_odd": 1.89,
                "home_under_1.25_odd": 1.344,
                "home_under_1.75_odd": 1.15,
                "away_over_0.5_odd": 2.1,
                "away_over_1.0_odd": 4.94,
                "away_over_1.5_odd": 5.95,
                "away_under_0.5_odd": 1.67,
                "away_under_1.0_odd": 1.175,
                "away_under_1.5_odd": 1.1,
                "away_over_0.75_odd": 2.696,
                "away_over_1.25_odd": 6.08,
                "away_under_0.75_odd": 1.465,
                "away_under_1.25_odd": 1.125
            },
            {
                "match_id": 639606006,
                "date": "23/07/2025",
                "time": "19:00",
                "home_team": "Sociedade Esportiva Palmeiras U20",
                "away_team": "Fluminense RJ U20",
                "1_odd": 1.12,
                "draw_odd": 8.56,
                "2_odd": 14.3,
                "12_odd": 1.045,
                "X2_odd": 5.3,
                "over_4.5_odd": 1.175,
                "over_5.0_odd": 1.32,
                "over_5.5_odd": 1.91,
                "over_6.0_odd": 2.725,
                "over_6.5_odd": 3.56,
                "over_7.5_odd": 6.78,
                "over_8.5_odd": 10.4,
                "under_4.5_odd": 4.33,
                "under_5.0_odd": 3.1,
                "under_5.5_odd": 1.832,
                "under_6.0_odd": 1.4,
                "under_6.5_odd": 1.25,
                "under_7.5_odd": 1.07,
                "under_8.5_odd": 1.016,
                "over_4.75_odd": 1.296,
                "over_5.25_odd": 1.592,
                "over_5.75_odd": 2.208,
                "over_6.75_odd": 5.5,
                "under_4.75_odd": 3.57,
                "under_5.25_odd": 2.208,
                "under_5.75_odd": 1.592,
                "under_6.75_odd": 1.15,
                "home_handicap_-3.0_odd": 7.85,
                "home_handicap_-2.5_odd": 2.99,
                "home_handicap_-2.0_odd": 2.05,
                "home_handicap_-1.5_odd": 1.49,
                "home_handicap_-1.0_odd": 1.155,
                "home_handicap_0.0_odd": 1.02,
                "away_handicap_3.0_odd": 1.08,
                "away_handicap_2.5_odd": 1.34,
                "away_handicap_2.0_odd": 1.72,
                "away_handicap_1.5_odd": 2.445,
                "away_handicap_1.0_odd": 5.34,
                "away_handicap_0.0_odd": 10,
                "home_handicap_-2.75_odd": 4.15,
                "home_handicap_-2.25_odd": 2.504,
                "home_handicap_-1.75_odd": 1.664,
                "home_handicap_-1.25_odd": 1.34,
                "away_handicap_2.75_odd": 1.23,
                "away_handicap_2.25_odd": 1.465,
                "away_handicap_1.75_odd": 2.135,
                "away_handicap_1.25_odd": 3.27,
                "home_over_3.5_odd": 1.808,
                "home_over_4.0_odd": 3.475,
                "home_over_4.5_odd": 4.52,
                "home_over_5.5_odd": 9.96,
                "home_under_3.5_odd": 1.915,
                "home_under_4.0_odd": 1.305,
                "home_under_4.5_odd": 1.17,
                "home_under_5.5_odd": 1.025,
                "home_over_3.75_odd": 2.24,
                "home_over_4.25_odd": 4.34,
                "home_under_3.75_odd": 1.65,
                "home_under_4.25_odd": 1.216,
                "away_over_1.5_odd": 1.615,
                "away_over_2.0_odd": 2.695,
                "away_over_2.5_odd": 3.72,
                "away_over_3.5_odd": 8.46,
                "away_under_1.5_odd": 2.195,
                "away_under_2.0_odd": 1.47,
                "away_under_2.5_odd": 1.24,
                "away_under_3.5_odd": 1.045,
                "away_over_1.75_odd": 1.96,
                "away_over_2.25_odd": 3.384,
                "away_over_2.75_odd": 5.82,
                "away_under_1.75_odd": 1.845,
                "away_under_2.25_odd": 1.32,
                "away_under_2.75_odd": 1.136
            },
            {
                "match_id": 639605975,
                "date": "23/07/2025",
                "time": "19:00",
                "home_team": "Sport Club Internacional U20",
                "away_team": "Santos U20",
                "1_odd": 13.6,
                "draw_odd": 7.53,
                "2_odd": 1.144,
                "1X_odd": 4.88,
                "12_odd": 1.06,
                "both_score_odd": 1.47,
                "both_noscore_odd": 2.685,
                "over_2.5_odd": 1.11,
                "over_3.0_odd": 1.175,
                "over_3.5_odd": 1.515,
                "over_4.0_odd": 1.975,
                "over_4.5_odd": 2.648,
                "over_5.0_odd": 4.53,
                "over_5.5_odd": 5.51,
                "over_6.0_odd": 12.8,
                "over_6.5_odd": 14.1,
                "under_2.5_odd": 6.66,
                "under_3.0_odd": 4.98,
                "under_3.5_odd": 2.375,
                "under_4.0_odd": 1.775,
                "under_4.5_odd": 1.48,
                "under_5.0_odd": 1.2,
                "under_5.5_odd": 1.15,
                "under_6.0_odd": 1.025,
                "under_6.5_odd": 1.02,
                "over_2.75_odd": 1.136,
                "over_3.25_odd": 1.39,
                "over_3.75_odd": 1.75,
                "over_4.25_odd": 2.33,
                "over_4.75_odd": 3.232,
                "over_5.25_odd": 5.02,
                "over_5.75_odd": 7.51,
                "over_6.25_odd": 13.5,
                "under_2.75_odd": 5.82,
                "under_3.25_odd": 3,
                "under_3.75_odd": 2.08,
                "under_4.25_odd": 1.605,
                "under_4.75_odd": 1.344,
                "under_5.25_odd": 1.17,
                "under_5.75_odd": 1.09,
                "under_6.25_odd": 1.02,
                "home_handicap_0.0_odd": 9.11,
                "home_handicap_1.0_odd": 4.44,
                "home_handicap_1.5_odd": 2.456,
                "home_handicap_2.0_odd": 1.8,
                "home_handicap_2.5_odd": 1.45,
                "home_handicap_3.0_odd": 1.14,
                "home_handicap_3.5_odd": 1.096,
                "away_handicap_0.0_odd": 1.03,
                "away_handicap_-1.0_odd": 1.21,
                "away_handicap_-1.5_odd": 1.55,
                "away_handicap_-2.0_odd": 2.016,
                "away_handicap_-2.5_odd": 2.76,
                "away_handicap_-3.0_odd": 5.7,
                "away_handicap_-3.5_odd": 7.08,
                "home_handicap_1.25_odd": 3.02,
                "home_handicap_1.75_odd": 2.11,
                "home_handicap_2.25_odd": 1.58,
                "home_handicap_2.75_odd": 1.296,
                "home_handicap_3.25_odd": 1.115,
                "away_handicap_-1.25_odd": 1.384,
                "away_handicap_-1.75_odd": 1.648,
                "away_handicap_-2.25_odd": 2.384,
                "away_handicap_-2.75_odd": 3.55,
                "away_handicap_-3.25_odd": 6.39,
                "home_over_0.5_odd": 1.47,
                "home_over_1.0_odd": 2,
                "home_over_1.5_odd": 2.985,
                "home_over_2.0_odd": 6.89,
                "home_over_2.5_odd": 8.55,
                "home_under_0.5_odd": 2.685,
                "home_under_1.0_odd": 1.81,
                "home_under_1.5_odd": 1.392,
                "home_under_2.0_odd": 1.1,
                "home_under_2.5_odd": 1.07,
                "home_over_0.75_odd": 1.648,
                "home_over_1.25_odd": 2.49,
                "home_over_1.75_odd": 3.95,
                "home_over_2.25_odd": 7.72,
                "home_under_0.75_odd": 2.245,
                "home_under_1.25_odd": 1.536,
                "home_under_1.75_odd": 1.25,
                "home_under_2.25_odd": 1.085,
                "away_over_2.5_odd": 1.568,
                "away_over_3.0_odd": 2.29,
                "away_over_3.5_odd": 3.456,
                "away_over_4.0_odd": 9.11,
                "away_over_4.5_odd": 11,
                "away_under_2.5_odd": 2.416,
                "away_under_3.0_odd": 1.625,
                "away_under_3.5_odd": 1.31,
                "away_under_4.0_odd": 1.06,
                "away_under_4.5_odd": 1.04,
                "away_over_2.75_odd": 1.79,
                "away_over_3.25_odd": 2.87,
                "away_over_3.75_odd": 4.75,
                "away_over_4.25_odd": 10.1,
                "away_under_2.75_odd": 2.025,
                "away_under_3.25_odd": 1.42,
                "away_under_3.75_odd": 1.19,
                "away_under_4.25_odd": 1.05
            },
            {
                "match_id": 639606184,
                "date": "23/07/2025",
                "time": "19:00",
                "home_team": "Vasco da Gama U20",
                "away_team": "Gremio Porto Alegrense U20",
                "1_odd": 1.816,
                "draw_odd": 2.65,
                "2_odd": 6.56,
                "1X_odd": 1.085,
                "12_odd": 1.43,
                "X2_odd": 1.9,
                "both_score_odd": 4.49,
                "both_noscore_odd": 1.165,
                "over_0.5_odd": 1.256,
                "over_1.0_odd": 1.47,
                "over_1.5_odd": 2.22,
                "over_2.0_odd": 3.76,
                "over_2.5_odd": 4.46,
                "over_3.5_odd": 8.36,
                "under_0.5_odd": 3.5,
                "under_1.0_odd": 2.5,
                "under_1.5_odd": 1.616,
                "under_2.0_odd": 1.27,
                "under_2.5_odd": 1.168,
                "under_3.5_odd": 1.04,
                "over_0.75_odd": 1.33,
                "over_1.25_odd": 1.848,
                "over_1.75_odd": 2.63,
                "over_2.25_odd": 4.33,
                "over_2.75_odd": 6.83,
                "under_0.75_odd": 3.05,
                "under_1.25_odd": 1.896,
                "under_1.75_odd": 1.425,
                "under_2.25_odd": 1.216,
                "under_2.75_odd": 1.104,
                "home_handicap_-2.5_odd": 8.8,
                "home_handicap_-1.5_odd": 4.02,
                "home_handicap_-1.0_odd": 2.84,
                "home_handicap_0.0_odd": 1.2,
                "away_handicap_2.5_odd": 1.032,
                "away_handicap_1.5_odd": 1.245,
                "away_handicap_1.0_odd": 1.392,
                "away_handicap_0.0_odd": 4.02,
                "home_handicap_-1.75_odd": 5.58,
                "home_handicap_-1.25_odd": 3.45,
                "home_handicap_-0.75_odd": 2.136,
                "home_handicap_-0.25_odd": 1.505,
                "away_handicap_1.75_odd": 1.144,
                "away_handicap_1.25_odd": 1.31,
                "away_handicap_0.75_odd": 1.664,
                "away_handicap_0.25_odd": 2.395,
                "home_over_0.5_odd": 1.49,
                "home_over_1.0_odd": 2.096,
                "home_over_1.5_odd": 3.195,
                "home_over_2.5_odd": 6.94,
                "home_under_0.5_odd": 2.48,
                "home_under_1.0_odd": 1.74,
                "home_under_1.5_odd": 1.31,
                "home_under_2.5_odd": 1.075,
                "home_over_0.75_odd": 1.696,
                "home_over_1.25_odd": 2.616,
                "home_over_1.75_odd": 4.21,
                "home_under_0.75_odd": 2.16,
                "home_under_1.25_odd": 1.49,
                "home_under_1.75_odd": 1.225,
                "away_over_0.5_odd": 2.975,
                "away_over_1.5_odd": 8.98,
                "away_under_0.5_odd": 1.352,
                "away_under_1.5_odd": 1.035,
                "away_over_0.75_odd": 3.98,
                "away_under_0.75_odd": 1.25
            },
            {
                "match_id": 639609885,
                "date": "23/07/2025",
                "time": "19:00",
                "home_team": "CA Paranaense U20/Sociedade Esportiva Palmeiras U20",
                "away_team": "Atletico Clube Goianiense U20/Fluminense RJ U20",
                "over_5.5_odd": 1.13,
                "over_6.0_odd": 1.175,
                "over_6.5_odd": 1.45,
                "over_7.0_odd": 1.66,
                "over_7.5_odd": 2.016,
                "over_8.0_odd": 2.48,
                "over_8.5_odd": 2.8,
                "over_9.0_odd": 3.94,
                "over_9.5_odd": 4.37,
                "under_5.5_odd": 4.15,
                "under_6.0_odd": 3.6,
                "under_6.5_odd": 2.43,
                "under_7.0_odd": 2.136,
                "under_7.5_odd": 1.65,
                "under_8.0_odd": 1.4,
                "under_8.5_odd": 1.28,
                "under_9.0_odd": 1.104,
                "under_9.5_odd": 1.075,
                "over_5.75_odd": 1.15,
                "over_6.25_odd": 1.315,
                "over_6.75_odd": 1.536,
                "over_7.25_odd": 1.86,
                "over_7.75_odd": 2.288,
                "over_8.25_odd": 2.98,
                "over_8.75_odd": 3.95,
                "over_9.25_odd": 5.68,
                "under_5.75_odd": 5.42,
                "under_6.25_odd": 3.335,
                "under_6.75_odd": 2.416,
                "under_7.25_odd": 1.885,
                "under_7.75_odd": 1.57,
                "under_8.25_odd": 1.345,
                "under_8.75_odd": 1.208,
                "under_9.25_odd": 1.1,
                "home_handicap_-4.5_odd": 4.56,
                "home_handicap_-4.0_odd": 3.81,
                "home_handicap_-3.5_odd": 2.49,
                "home_handicap_-3.0_odd": 2.008,
                "home_handicap_-2.5_odd": 1.65,
                "home_handicap_-2.0_odd": 1.325,
                "home_handicap_-1.5_odd": 1.23,
                "home_handicap_-1.0_odd": 1.06,
                "away_handicap_4.5_odd": 1.175,
                "away_handicap_4.0_odd": 1.24,
                "away_handicap_3.5_odd": 1.5,
                "away_handicap_3.0_odd": 1.75,
                "away_handicap_2.5_odd": 2.16,
                "away_handicap_2.0_odd": 3.165,
                "away_handicap_1.5_odd": 3.9,
                "away_handicap_1.0_odd": 8.01,
                "home_handicap_-4.75_odd": 5.93,
                "home_handicap_-4.25_odd": 4.18,
                "home_handicap_-3.75_odd": 2.94,
                "home_handicap_-3.25_odd": 2.248,
                "home_handicap_-2.75_odd": 1.79,
                "home_handicap_-2.25_odd": 1.495,
                "home_handicap_-1.75_odd": 1.27,
                "home_handicap_-1.25_odd": 1.144,
                "away_handicap_4.75_odd": 1.11,
                "away_handicap_4.25_odd": 1.205,
                "away_handicap_3.75_odd": 1.37,
                "away_handicap_3.25_odd": 1.6,
                "away_handicap_2.75_odd": 1.955,
                "away_handicap_2.25_odd": 2.504,
                "away_handicap_1.75_odd": 3.53,
                "away_handicap_1.25_odd": 5.09,
                "home_over_3.5_odd": 1.07,
                "home_over_4.0_odd": 1.12,
                "home_over_4.5_odd": 1.49,
                "home_over_5.0_odd": 1.83,
                "home_over_5.5_odd": 2.3,
                "home_over_6.0_odd": 3.08,
                "home_over_6.5_odd": 3.55,
                "home_under_3.5_odd": 5.02,
                "home_under_4.0_odd": 4.07,
                "home_under_4.5_odd": 2.36,
                "home_under_5.0_odd": 1.91,
                "home_under_5.5_odd": 1.536,
                "home_under_6.0_odd": 1.235,
                "home_under_6.5_odd": 1.168,
                "home_over_3.75_odd": 1.09,
                "home_over_4.25_odd": 1.31,
                "home_over_4.75_odd": 1.62,
                "home_over_5.25_odd": 2.11,
                "home_over_5.75_odd": 2.856,
                "home_over_6.25_odd": 4.27,
                "home_under_3.75_odd": 6.54,
                "home_under_4.25_odd": 3.256,
                "home_under_4.75_odd": 2.208,
                "home_under_5.25_odd": 1.68,
                "home_under_5.75_odd": 1.39,
                "home_under_6.25_odd": 1.195,
                "away_over_1.5_odd": 1.325,
                "away_over_2.0_odd": 1.656,
                "away_over_2.5_odd": 2.31,
                "away_over_3.0_odd": 3.49,
                "away_over_3.5_odd": 4.2,
                "away_under_1.5_odd": 2.72,
                "away_under_2.0_odd": 2.145,
                "away_under_2.5_odd": 1.525,
                "away_under_3.0_odd": 1.175,
                "away_under_3.5_odd": 1.11,
                "away_over_1.75_odd": 1.445,
                "away_over_2.25_odd": 2.04,
                "away_over_2.75_odd": 3.02,
                "away_over_3.25_odd": 5.25,
                "away_under_1.75_odd": 2.66,
                "away_under_2.25_odd": 1.725,
                "away_under_2.75_odd": 1.355,
                "away_under_3.25_odd": 1.136
            }
        ]
    }
]