[
    {
        "last_updated": "2025-07-23T20:01:51.498325+01:00"
    },
    {
        "tournament_id": 1783552,
        "tournament_name": "Paraguay Cup",
        "matches": [
            {
                "match_id": 639614068,
                "date": "23/07/2025",
                "time": "19:30",
                "home_team": "Fortin Nanawa",
                "away_team": "Tacuary",
                "2_odd": 1.17,
                "1X_odd": 4.4,
                "over_3.5_odd": 2.3,
                "under_3.5_odd": 1.55,
                "home_handicap_2.5_odd": 1.53,
                "away_handicap_-2.5_odd": 2.275
            }
        ]
    }
]