[
    {
        "last_updated": "2025-07-23T20:01:52.866564+01:00"
    },
    {
        "tournament_id": 120443,
        "tournament_name": "League Cup",
        "matches": [
            {
                "match_id": 639609872,
                "date": "23/07/2025",
                "time": "19:15",
                "home_team": "Montrose",
                "away_team": "Airdrieonians",
                "1_odd": 4.11,
                "draw_odd": 2.568,
                "2_odd": 2.29,
                "1X_odd": 1.59,
                "12_odd": 1.48,
                "X2_odd": 1.216,
                "both_score_odd": 2.904,
                "both_noscore_odd": 1.38,
                "over_0.5_odd": 1.2,
                "over_1.0_odd": 1.32,
                "over_1.5_odd": 1.9,
                "over_2.0_odd": 2.87,
                "over_2.5_odd": 3.76,
                "over_3.5_odd": 7.38,
                "over_4.5_odd": 11.9,
                "under_0.5_odd": 4.25,
                "under_1.0_odd": 3.19,
                "under_1.5_odd": 1.9,
                "under_2.0_odd": 1.385,
                "under_2.5_odd": 1.245,
                "under_3.5_odd": 1.07,
                "under_4.5_odd": 1.016,
                "over_0.75_odd": 1.26,
                "over_1.25_odd": 1.59,
                "over_1.75_odd": 2.15,
                "over_2.25_odd": 3.325,
                "over_2.75_odd": 5.07,
                "under_0.75_odd": 3.86,
                "under_1.25_odd": 2.27,
                "under_1.75_odd": 1.656,
                "under_2.25_odd": 1.33,
                "under_2.75_odd": 1.17,
                "home_handicap_-1.5_odd": 7.78,
                "home_handicap_0.0_odd": 2.584,
                "home_handicap_1.0_odd": 1.225,
                "home_handicap_1.5_odd": 1.144,
                "away_handicap_1.5_odd": 1.064,
                "away_handicap_0.0_odd": 1.5,
                "away_handicap_-1.0_odd": 4.23,
                "away_handicap_-1.5_odd": 5.59,
                "home_handicap_-0.75_odd": 5.06,
                "home_handicap_-0.25_odd": 3.33,
                "home_handicap_0.25_odd": 1.91,
                "home_handicap_0.75_odd": 1.41,
                "home_handicap_1.25_odd": 1.18,
                "home_handicap_1.75_odd": 1.075,
                "away_handicap_0.75_odd": 1.145,
                "away_handicap_0.25_odd": 1.3,
                "away_handicap_-0.25_odd": 1.888,
                "away_handicap_-0.75_odd": 2.78,
                "away_handicap_-1.25_odd": 4.91,
                "away_handicap_-1.75_odd": 8.17,
                "home_over_0.5_odd": 1.88,
                "home_over_1.0_odd": 3.87,
                "home_over_1.5_odd": 6.25,
                "home_over_2.5_odd": 22,
                "home_under_0.5_odd": 1.88,
                "home_under_1.0_odd": 1.26,
                "home_under_1.5_odd": 1.105,
                "home_under_2.5_odd": 1.015,
                "home_over_0.75_odd": 2.34,
                "home_over_1.25_odd": 4.81,
                "home_under_0.75_odd": 1.6,
                "home_under_1.25_odd": 1.184,
                "away_over_0.5_odd": 1.52,
                "away_over_1.0_odd": 2.335,
                "away_over_1.5_odd": 3.65,
                "away_over_2.5_odd": 9.94,
                "away_under_0.5_odd": 2.47,
                "away_under_1.0_odd": 1.6,
                "away_under_1.5_odd": 1.264,
                "away_under_2.5_odd": 1.04,
                "away_over_0.75_odd": 1.79,
                "away_over_1.25_odd": 2.93,
                "away_over_1.75_odd": 4.91,
                "away_under_0.75_odd": 2.025,
                "away_under_1.25_odd": 1.408,
                "away_under_1.75_odd": 1.18
            },
            {
                "match_id": 639614156,
                "date": "23/07/2025",
                "time": "19:45",
                "home_team": "Heart of Midlothian",
                "away_team": "Dumbarton",
                "1_odd": 1.025,
                "draw_odd": 14.5,
                "2_odd": 40,
                "12_odd": 1.004,
                "X2_odd": 10.7,
                "both_score_odd": 4.94,
                "both_noscore_odd": 1.152,
                "over_1.5_odd": 1.06,
                "over_2.0_odd": 1.12,
                "over_2.5_odd": 1.29,
                "over_3.0_odd": 1.46,
                "over_3.5_odd": 1.89,
                "over_4.0_odd": 2.3,
                "over_4.5_odd": 2.65,
                "over_5.0_odd": 4.2,
                "over_5.5_odd": 4.47,
                "over_6.5_odd": 7.36,
                "over_7.5_odd": 10.6,
                "under_1.5_odd": 8,
                "under_2.0_odd": 6.29,
                "under_2.5_odd": 3.4,
                "under_3.0_odd": 2.6,
                "under_3.5_odd": 1.91,
                "under_4.0_odd": 1.575,
                "under_4.5_odd": 1.445,
                "under_5.0_odd": 1.23,
                "under_5.5_odd": 1.18,
                "under_6.5_odd": 1.07,
                "under_7.5_odd": 1.025,
                "over_2.25_odd": 1.195,
                "over_2.75_odd": 1.355,
                "over_3.25_odd": 1.664,
                "over_3.75_odd": 2.03,
                "over_4.25_odd": 2.49,
                "over_4.75_odd": 3.19,
                "under_2.25_odd": 4.29,
                "under_2.75_odd": 3.016,
                "under_3.25_odd": 2.136,
                "under_3.75_odd": 1.735,
                "under_4.25_odd": 1.496,
                "under_4.75_odd": 1.325,
                "home_handicap_-5.5_odd": 6.31,
                "home_handicap_-5.0_odd": 5.61,
                "home_handicap_-4.5_odd": 3.475,
                "home_handicap_-4.0_odd": 2.904,
                "home_handicap_-3.5_odd": 2.19,
                "home_handicap_-3.0_odd": 1.775,
                "home_handicap_-2.5_odd": 1.488,
                "home_handicap_-2.0_odd": 1.21,
                "home_handicap_-1.5_odd": 1.152,
                "away_handicap_5.5_odd": 1.1,
                "away_handicap_5.0_odd": 1.12,
                "away_handicap_4.5_odd": 1.28,
                "away_handicap_4.0_odd": 1.38,
                "away_handicap_3.5_odd": 1.63,
                "away_handicap_3.0_odd": 2.04,
                "away_handicap_2.5_odd": 2.515,
                "away_handicap_2.0_odd": 4.12,
                "away_handicap_1.5_odd": 4.95,
                "home_handicap_-4.25_odd": 3.216,
                "home_handicap_-3.75_odd": 2.485,
                "home_handicap_-3.25_odd": 2.03,
                "home_handicap_-2.75_odd": 1.615,
                "home_handicap_-2.25_odd": 1.345,
                "home_handicap_-1.75_odd": 1.175,
                "away_handicap_4.25_odd": 1.32,
                "away_handicap_3.75_odd": 1.5,
                "away_handicap_3.25_odd": 1.785,
                "away_handicap_2.75_odd": 2.225,
                "away_handicap_2.25_odd": 3.06,
                "away_handicap_1.75_odd": 4.54,
                "home_over_1.5_odd": 1.115,
                "home_over_2.5_odd": 1.42,
                "home_over_3.0_odd": 1.552,
                "home_over_3.5_odd": 2.03,
                "home_over_4.0_odd": 2.57,
                "home_over_4.5_odd": 3.23,
                "home_over_5.5_odd": 5.95,
                "home_under_1.5_odd": 5.95,
                "home_under_2.5_odd": 2.784,
                "home_under_3.0_odd": 2.38,
                "home_under_3.5_odd": 1.75,
                "home_under_4.0_odd": 1.48,
                "home_under_4.5_odd": 1.325,
                "home_under_5.5_odd": 1.115,
                "home_over_3.25_odd": 1.725,
                "home_over_3.75_odd": 2.14,
                "home_under_3.25_odd": 1.99,
                "home_under_3.75_odd": 1.63,
                "away_over_0.5_odd": 4.3,
                "away_under_0.5_odd": 1.205
            }
        ]
    }
]