[
    {
        "last_updated": "2025-07-23T20:01:50.886085+01:00"
    },
    {
        "tournament_id": 39927,
        "tournament_name": "Women",
        "matches": [
            {
                "match_id": 639617243,
                "date": "23/07/2025",
                "time": "20:00",
                "home_team": "Germany (Women)",
                "away_team": "Spain (Women)",
                "1_odd": 5.71,
                "draw_odd": 4.54,
                "2_odd": 1.536,
                "1X_odd": 2.488,
                "12_odd": 1.205,
                "X2_odd": 1.144,
                "home_qualify_odd": 3.82,
                "away_qualify_odd": 1.275,
                "both_score_odd": 1.82,
                "both_noscore_odd": 2.01,
                "over_0.5_odd": 1.016,
                "over_1.5_odd": 1.205,
                "over_2.0_odd": 1.32,
                "over_2.5_odd": 1.67,
                "over_3.0_odd": 2.096,
                "over_3.5_odd": 2.48,
                "over_4.0_odd": 4.01,
                "over_4.5_odd": 4.69,
                "over_5.5_odd": 8.94,
                "over_6.5_odd": 14.1,
                "under_0.5_odd": 16,
                "under_1.5_odd": 4.61,
                "under_2.0_odd": 3.4,
                "under_2.5_odd": 2.232,
                "under_3.0_odd": 1.752,
                "under_3.5_odd": 1.552,
                "under_4.0_odd": 1.245,
                "under_4.5_odd": 1.2,
                "under_5.5_odd": 1.07,
                "under_6.5_odd": 1.025,
                "over_1.25_odd": 1.12,
                "over_1.75_odd": 1.26,
                "over_2.25_odd": 1.475,
                "over_2.75_odd": 1.78,
                "over_3.25_odd": 2.336,
                "over_3.75_odd": 3.045,
                "over_4.75_odd": 6.19,
                "under_1.25_odd": 6.23,
                "under_1.75_odd": 3.87,
                "under_2.25_odd": 2.71,
                "under_2.75_odd": 2.06,
                "under_3.25_odd": 1.616,
                "under_3.75_odd": 1.38,
                "under_4.75_odd": 1.12,
                "home_handicap_0.0_odd": 4.54,
                "home_handicap_1.0_odd": 1.984,
                "home_handicap_1.5_odd": 1.584,
                "home_handicap_2.0_odd": 1.304,
                "home_handicap_2.5_odd": 1.22,
                "home_handicap_3.0_odd": 1.07,
                "home_handicap_3.5_odd": 1.05,
                "away_handicap_0.0_odd": 1.21,
                "away_handicap_-1.0_odd": 1.84,
                "away_handicap_-1.5_odd": 2.4,
                "away_handicap_-2.0_odd": 3.495,
                "away_handicap_-2.5_odd": 4.29,
                "away_handicap_-3.0_odd": 8.6,
                "away_handicap_-3.5_odd": 10.6,
                "home_handicap_-0.75_odd": 8.18,
                "home_handicap_-0.25_odd": 4.87,
                "home_handicap_0.25_odd": 3.125,
                "home_handicap_0.75_odd": 2.26,
                "home_handicap_1.25_odd": 1.725,
                "home_handicap_1.75_odd": 1.46,
                "home_handicap_2.25_odd": 1.256,
                "home_handicap_2.75_odd": 1.144,
                "away_handicap_0.75_odd": 1.08,
                "away_handicap_0.25_odd": 1.19,
                "away_handicap_-0.25_odd": 1.375,
                "away_handicap_-0.75_odd": 1.655,
                "away_handicap_-1.25_odd": 2.14,
                "away_handicap_-1.75_odd": 2.725,
                "away_handicap_-2.25_odd": 3.89,
                "away_handicap_-2.75_odd": 5.57,
                "home_over_0.5_odd": 1.595,
                "home_over_1.0_odd": 2.565,
                "home_over_1.5_odd": 3.91,
                "home_over_2.5_odd": 12.3,
                "home_under_0.5_odd": 2.375,
                "home_under_1.0_odd": 1.51,
                "home_under_1.5_odd": 1.264,
                "home_under_2.5_odd": 1.035,
                "home_over_0.75_odd": 1.864,
                "home_over_1.25_odd": 3.22,
                "home_over_1.75_odd": 5.54,
                "home_under_0.75_odd": 1.936,
                "home_under_1.25_odd": 1.345,
                "home_under_1.75_odd": 1.144,
                "away_over_0.5_odd": 1.11,
                "away_over_1.0_odd": 1.165,
                "away_over_1.5_odd": 1.52,
                "away_over_2.0_odd": 1.93,
                "away_over_2.5_odd": 2.565,
                "away_over_3.0_odd": 4.38,
                "away_over_3.5_odd": 5.29,
                "away_over_4.5_odd": 12.3,
                "away_under_0.5_odd": 6.89,
                "away_under_1.0_odd": 5.17,
                "away_under_1.5_odd": 2.565,
                "away_under_2.0_odd": 1.87,
                "away_under_2.5_odd": 1.52,
                "away_under_3.0_odd": 1.215,
                "away_under_3.5_odd": 1.165,
                "away_under_4.5_odd": 1.035,
                "away_over_0.75_odd": 1.125,
                "away_over_1.25_odd": 1.365,
                "away_over_1.75_odd": 1.69,
                "away_over_2.25_odd": 2.24,
                "away_over_2.75_odd": 3.115,
                "away_over_3.25_odd": 4.85,
                "away_over_3.75_odd": 7.27,
                "away_under_0.75_odd": 6.04,
                "away_under_1.25_odd": 3.125,
                "away_under_1.75_odd": 2.17,
                "away_under_2.25_odd": 1.65,
                "away_under_2.75_odd": 1.368,
                "away_under_3.25_odd": 1.18,
                "away_under_3.75_odd": 1.095
            }
        ]
    }
]