[
    {
        "last_updated": "2025-07-24T20:45:02.070869+01:00"
    },
    {
        "tournament_id": 1155597,
        "tournament_name": "Women",
        "matches": [
            {
                "match_id": 639799395,
                "date": "25/07/2025",
                "time": "20:00",
                "home_team": "Ghana (Women)",
                "away_team": "South Africa (Women)",
                "1_odd": 3.645,
                "draw_odd": 3.32,
                "2_odd": 1.91,
                "1X_odd": 1.727,
                "12_odd": 1.24,
                "X2_odd": 1.21,
                "over_0.5_odd": 1.011,
                "over_1.0_odd": 1.034,
                "over_1.5_odd": 1.29,
                "over_2.0_odd": 1.49,
                "over_2.5_odd": 2,
                "over_3.0_odd": 2.81,
                "over_3.5_odd": 3.5,
                "over_4.0_odd": 6.15,
                "over_4.5_odd": 6.9,
                "over_5.0_odd": 11,
                "over_5.5_odd": 14,
                "under_0.5_odd": 8.6,
                "under_1.0_odd": 7.2,
                "under_1.5_odd": 3.04,
                "under_2.0_odd": 2.3,
                "under_2.5_odd": 1.71,
                "under_3.0_odd": 1.333,
                "under_3.5_odd": 1.22,
                "under_4.0_odd": 1.061,
                "under_4.5_odd": 1.041,
                "under_5.0_odd": 1.01,
                "under_5.5_odd": 1.025,
                "over_0.75_odd": 1.021,
                "over_1.25_odd": 1.162,
                "over_1.75_odd": 1.37,
                "over_2.25_odd": 1.73,
                "over_2.75_odd": 2.26,
                "over_3.25_odd": 3.14,
                "over_3.75_odd": 4.4,
                "over_4.25_odd": 6.55,
                "under_0.75_odd": 7.9,
                "under_1.25_odd": 4.1,
                "under_1.75_odd": 2.66,
                "under_2.25_odd": 1.9,
                "under_2.75_odd": 1.51,
                "under_3.25_odd": 1.27,
                "under_3.75_odd": 1.14,
                "under_4.25_odd": 1.05,
                "home_handicap_-1.5_odd": 8.3,
                "home_handicap_-1.0_odd": 7.4,
                "home_handicap_0.0_odd": 2.65,
                "home_handicap_1.0_odd": 1.36,
                "home_handicap_1.5_odd": 1.21,
                "home_handicap_2.0_odd": 1.042,
                "home_handicap_2.5_odd": 1.025,
                "away_handicap_1.5_odd": 1.016,
                "away_handicap_1.0_odd": 1.044,
                "away_handicap_0.0_odd": 1.42,
                "away_handicap_-1.0_odd": 2.8,
                "away_handicap_-1.5_odd": 3.6,
                "away_handicap_-2.0_odd": 6.85,
                "away_handicap_-2.5_odd": 7.7,
                "home_handicap_-1.25_odd": 7.9,
                "home_handicap_-0.75_odd": 4.7,
                "home_handicap_-0.25_odd": 3.1,
                "home_handicap_0.25_odd": 2.08,
                "home_handicap_0.75_odd": 1.58,
                "home_handicap_1.25_odd": 1.27,
                "home_handicap_1.75_odd": 1.126,
                "home_handicap_2.25_odd": 1.033,
                "away_handicap_1.25_odd": 1.029,
                "away_handicap_0.75_odd": 1.146,
                "away_handicap_0.25_odd": 1.32,
                "away_handicap_-0.25_odd": 1.666,
                "away_handicap_-0.75_odd": 2.2,
                "away_handicap_-1.25_odd": 3.22,
                "away_handicap_-1.75_odd": 4.6,
                "away_handicap_-2.25_odd": 7.3,
                "home_over_1.0_odd": 1.96,
                "home_over_1.5_odd": 3,
                "home_over_2.0_odd": 6.6,
                "home_over_2.5_odd": 8.3,
                "home_under_1.0_odd": 1.75,
                "home_under_1.5_odd": 1.35,
                "home_under_2.0_odd": 1.08,
                "home_under_2.5_odd": 1.04,
                "home_over_0.75_odd": 1.66,
                "home_over_1.25_odd": 2.71,
                "home_over_1.75_odd": 3.9,
                "home_over_2.25_odd": 7.5,
                "home_under_0.75_odd": 2.04,
                "home_under_1.25_odd": 1.38,
                "home_under_1.75_odd": 1.22,
                "home_under_2.25_odd": 1.06,
                "away_over_1.0_odd": 1.43,
                "away_over_1.5_odd": 2.1,
                "away_over_2.5_odd": 4.7,
                "away_over_3.5_odd": 11.5,
                "away_under_1.0_odd": 2.6,
                "away_under_1.5_odd": 1.65,
                "away_under_2.5_odd": 1.15,
                "away_under_3.5_odd": 1.01,
                "away_over_1.25_odd": 1.727,
                "away_over_1.75_odd": 2.48,
                "away_under_1.25_odd": 1.95,
                "away_under_1.75_odd": 1.45
            },
            {
                "match_id": 639728322,
                "date": "26/07/2025",
                "time": "21:00",
                "home_team": "Morocco (Women)",
                "away_team": "Nigeria (Women)",
                "1_odd": 2.964,
                "draw_odd": 2.75,
                "2_odd": 2.52,
                "1X_odd": 1.5,
                "12_odd": 1.4,
                "X2_odd": 1.364,
                "over_0.5_odd": 1.09,
                "over_1.0_odd": 1.18,
                "over_1.5_odd": 1.5,
                "over_2.0_odd": 1.92,
                "over_2.5_odd": 2.6,
                "over_3.0_odd": 3.9,
                "over_3.5_odd": 5,
                "over_4.0_odd": 8.6,
                "over_4.5_odd": 11,
                "over_5.5_odd": 21,
                "under_0.5_odd": 6,
                "under_1.0_odd": 4.3,
                "under_1.5_odd": 2.4,
                "under_2.0_odd": 1.78,
                "under_2.5_odd": 1.44,
                "under_3.0_odd": 1.21,
                "under_3.5_odd": 1.13,
                "under_4.0_odd": 1.04,
                "under_4.5_odd": 1.01,
                "under_5.5_odd": 1.01,
                "over_0.75_odd": 1.13,
                "over_1.25_odd": 1.34,
                "over_1.75_odd": 1.66,
                "over_2.25_odd": 2.26,
                "over_2.75_odd": 3,
                "over_3.25_odd": 4.5,
                "under_0.75_odd": 5.2,
                "under_1.25_odd": 3,
                "under_1.75_odd": 2.1,
                "under_2.25_odd": 1.56,
                "under_2.75_odd": 1.33,
                "under_3.25_odd": 1.17,
                "home_handicap_-1.5_odd": 6.4,
                "home_handicap_-1.0_odd": 5.4,
                "home_handicap_0.0_odd": 2,
                "home_handicap_1.0_odd": 1.17,
                "home_handicap_1.5_odd": 1.12,
                "home_handicap_2.0_odd": 1.01,
                "away_handicap_1.5_odd": 1.08,
                "away_handicap_1.0_odd": 1.12,
                "away_handicap_0.0_odd": 1.73,
                "away_handicap_-1.0_odd": 4.4,
                "away_handicap_-1.5_odd": 5.4,
                "away_handicap_-2.0_odd": 11,
                "home_handicap_-1.25_odd": 5.9,
                "home_handicap_-0.75_odd": 3.8,
                "home_handicap_-0.25_odd": 2.5,
                "home_handicap_0.25_odd": 1.62,
                "home_handicap_0.75_odd": 1.31,
                "home_handicap_1.25_odd": 1.14,
                "away_handicap_1.25_odd": 1.1,
                "away_handicap_0.75_odd": 1.23,
                "away_handicap_0.25_odd": 1.47,
                "away_handicap_-0.25_odd": 2.16,
                "away_handicap_-0.75_odd": 3.2,
                "away_handicap_-1.25_odd": 4.9,
                "home_over_1.0_odd": 2.1,
                "home_over_1.5_odd": 3.2,
                "home_over_2.0_odd": 7.4,
                "home_over_2.5_odd": 9.2,
                "home_under_1.0_odd": 1.66,
                "home_under_1.5_odd": 1.3,
                "home_under_2.0_odd": 1.06,
                "home_under_2.5_odd": 1.03,
                "home_over_1.25_odd": 2.65,
                "home_over_1.75_odd": 4.3,
                "home_over_2.25_odd": 8.3,
                "home_under_1.25_odd": 1.42,
                "home_under_1.75_odd": 1.18,
                "home_under_2.25_odd": 1.04,
                "away_over_1.0_odd": 1.9,
                "away_over_1.5_odd": 2.85,
                "away_over_2.0_odd": 6.2,
                "away_over_2.5_odd": 7.8,
                "away_under_1.0_odd": 1.81,
                "away_under_1.5_odd": 1.36,
                "away_under_2.0_odd": 1.09,
                "away_under_2.5_odd": 1.05,
                "away_over_1.25_odd": 2.38,
                "away_over_1.75_odd": 3.7,
                "away_over_2.25_odd": 7,
                "away_under_1.25_odd": 1.5,
                "away_under_1.75_odd": 1.23,
                "away_under_2.25_odd": 1.07
            }
        ]
    }
]