[
    {
        "last_updated": "2025-07-24T20:45:18.489925+01:00"
    },
    {
        "tournament_id": 2356049,
        "tournament_name": "ASEAN Football Championship U23",
        "matches": [
            {
                "match_id": 639669603,
                "date": "25/07/2025",
                "time": "10:00",
                "home_team": "Vietnam U23",
                "away_team": "Philippines U23",
                "1_odd": 1.53,
                "draw_odd": 3.62,
                "2_odd": 5.92,
                "1X_odd": 1.066,
                "12_odd": 1.21,
                "X2_odd": 2.24,
                "home_qualify_odd": 1.3,
                "away_qualify_odd": 3.2,
                "both_score_odd": 2.12,
                "both_noscore_odd": 1.631,
                "over_0.5_odd": 1.005,
                "over_1.0_odd": 1.034,
                "over_1.5_odd": 1.32,
                "over_2.0_odd": 1.56,
                "over_2.5_odd": 2.13,
                "over_3.0_odd": 3.14,
                "over_3.5_odd": 3.95,
                "over_4.0_odd": 7.6,
                "over_4.5_odd": 8.6,
                "over_5.5_odd": 15,
                "under_0.5_odd": 9,
                "under_1.0_odd": 7.2,
                "under_1.5_odd": 2.875,
                "under_2.0_odd": 2.16,
                "under_2.5_odd": 1.63,
                "under_3.0_odd": 1.27,
                "under_3.5_odd": 1.173,
                "under_4.0_odd": 1.027,
                "under_4.5_odd": 1.011,
                "under_5.5_odd": 1.015,
                "over_0.75_odd": 1.018,
                "over_1.25_odd": 1.175,
                "over_1.75_odd": 1.41,
                "over_2.25_odd": 1.82,
                "over_2.75_odd": 2.43,
                "over_3.25_odd": 3.5,
                "over_3.75_odd": 5.1,
                "over_4.25_odd": 8.1,
                "under_0.75_odd": 8.1,
                "under_1.25_odd": 3.94,
                "under_1.75_odd": 2.52,
                "under_2.25_odd": 1.8,
                "under_2.75_odd": 1.44,
                "under_3.25_odd": 1.22,
                "under_3.75_odd": 1.1,
                "under_4.25_odd": 1.019,
                "home_handicap_-3.5_odd": 10,
                "home_handicap_-2.5_odd": 5.8,
                "home_handicap_-2.0_odd": 4.85,
                "home_handicap_-1.5_odd": 2.72,
                "home_handicap_-1.0_odd": 2.03,
                "home_handicap_0.0_odd": 1.153,
                "away_handicap_3.5_odd": 1.02,
                "away_handicap_2.5_odd": 1.071,
                "away_handicap_2.0_odd": 1.12,
                "away_handicap_1.5_odd": 1.39,
                "away_handicap_1.0_odd": 1.7,
                "away_handicap_0.0_odd": 4.45,
                "home_handicap_-2.75_odd": 7.9,
                "home_handicap_-2.25_odd": 5.35,
                "home_handicap_-1.75_odd": 3.42,
                "home_handicap_-1.25_odd": 2.39,
                "home_handicap_-0.75_odd": 1.727,
                "home_handicap_-0.25_odd": 1.35,
                "home_handicap_0.25_odd": 1.108,
                "home_handicap_0.75_odd": 1.016,
                "away_handicap_2.75_odd": 1.021,
                "away_handicap_2.25_odd": 1.09,
                "away_handicap_1.75_odd": 1.25,
                "away_handicap_1.25_odd": 1.51,
                "away_handicap_0.75_odd": 1.99,
                "away_handicap_0.25_odd": 2.89,
                "away_handicap_-0.25_odd": 5.1,
                "away_handicap_-0.75_odd": 8.3,
                "home_over_0.5_odd": 1.126,
                "home_over_1.0_odd": 1.25,
                "home_over_1.5_odd": 1.83,
                "home_over_2.0_odd": 2.79,
                "home_over_2.5_odd": 3.75,
                "home_under_0.5_odd": 4.9,
                "home_under_1.0_odd": 3.34,
                "home_under_1.5_odd": 1.83,
                "home_under_2.0_odd": 1.35,
                "home_under_2.5_odd": 1.192,
                "home_over_1.25_odd": 1.55,
                "home_over_1.75_odd": 2.15,
                "home_under_1.25_odd": 2.23,
                "home_under_1.75_odd": 1.59,
                "away_over_0.5_odd": 1.77,
                "away_over_1.0_odd": 3.48,
                "away_over_1.5_odd": 5.35,
                "away_under_0.5_odd": 1.89,
                "away_under_1.0_odd": 1.24,
                "away_under_1.5_odd": 1.096,
                "away_over_0.75_odd": 2.19,
                "away_over_1.25_odd": 4.5,
                "away_under_0.75_odd": 1.57,
                "away_under_1.25_odd": 1.15
            },
            {
                "match_id": 639669600,
                "date": "25/07/2025",
                "time": "14:00",
                "home_team": "Indonesia U23",
                "away_team": "Thailand U23",
                "1_odd": 2.18,
                "draw_odd": 3.02,
                "2_odd": 3.245,
                "1X_odd": 1.26,
                "12_odd": 1.29,
                "X2_odd": 1.55,
                "home_qualify_odd": 1.68,
                "away_qualify_odd": 2.05,
                "both_score_odd": 1.909,
                "both_noscore_odd": 1.784,
                "over_0.5_odd": 1.044,
                "over_1.0_odd": 1.079,
                "over_1.5_odd": 1.38,
                "over_2.0_odd": 1.65,
                "over_2.5_odd": 2.22,
                "over_3.0_odd": 3.2,
                "over_3.5_odd": 3.95,
                "over_4.0_odd": 7.1,
                "over_4.5_odd": 7.7,
                "over_5.5_odd": 15,
                "under_0.5_odd": 6.75,
                "under_1.0_odd": 5.6,
                "under_1.5_odd": 2.625,
                "under_2.0_odd": 2,
                "under_2.5_odd": 1.58,
                "under_3.0_odd": 1.26,
                "under_3.5_odd": 1.173,
                "under_4.0_odd": 1.038,
                "under_4.5_odd": 1.025,
                "under_5.5_odd": 1.015,
                "over_0.75_odd": 1.059,
                "over_1.25_odd": 1.23,
                "over_1.75_odd": 1.48,
                "over_2.25_odd": 1.909,
                "over_2.75_odd": 2.56,
                "over_3.25_odd": 3.58,
                "over_3.75_odd": 4.95,
                "over_4.25_odd": 7.4,
                "under_0.75_odd": 6.2,
                "under_1.25_odd": 3.42,
                "under_1.75_odd": 2.33,
                "under_2.25_odd": 1.72,
                "under_2.75_odd": 1.4,
                "under_3.25_odd": 1.21,
                "under_3.75_odd": 1.106,
                "under_4.25_odd": 1.031,
                "home_handicap_-2.5_odd": 9,
                "home_handicap_-2.0_odd": 8.3,
                "home_handicap_-1.5_odd": 4.25,
                "home_handicap_-1.0_odd": 3.42,
                "home_handicap_0.0_odd": 1.56,
                "home_handicap_1.0_odd": 1.074,
                "home_handicap_1.5_odd": 1.041,
                "away_handicap_2.5_odd": 1.006,
                "away_handicap_2.0_odd": 1.015,
                "away_handicap_1.5_odd": 1.15,
                "away_handicap_1.0_odd": 1.25,
                "away_handicap_0.0_odd": 2.27,
                "away_handicap_-1.0_odd": 6.2,
                "away_handicap_-1.5_odd": 6.9,
                "home_handicap_-1.75_odd": 5.5,
                "home_handicap_-1.25_odd": 3.86,
                "home_handicap_-0.75_odd": 2.55,
                "home_handicap_-0.25_odd": 1.85,
                "home_handicap_0.25_odd": 1.4,
                "home_handicap_0.75_odd": 1.191,
                "home_handicap_1.25_odd": 1.056,
                "home_handicap_1.75_odd": 1.004,
                "away_handicap_1.75_odd": 1.082,
                "away_handicap_1.25_odd": 1.19,
                "away_handicap_0.75_odd": 1.44,
                "away_handicap_0.25_odd": 1.85,
                "away_handicap_-0.25_odd": 2.73,
                "away_handicap_-0.75_odd": 4.05,
                "away_handicap_-1.25_odd": 6.6,
                "away_handicap_-1.75_odd": 9.1,
                "home_over_0.5_odd": 1.28,
                "home_over_1.0_odd": 1.59,
                "home_over_1.5_odd": 2.36,
                "home_over_2.0_odd": 4.33,
                "home_over_2.5_odd": 5.35,
                "home_under_0.5_odd": 3.2,
                "home_under_1.0_odd": 2.16,
                "home_under_1.5_odd": 1.48,
                "home_under_2.0_odd": 1.143,
                "home_under_2.5_odd": 1.089,
                "home_over_0.75_odd": 1.39,
                "home_over_1.25_odd": 2,
                "home_under_0.75_odd": 2.67,
                "home_under_1.25_odd": 1.69,
                "away_over_0.5_odd": 1.46,
                "away_over_1.0_odd": 2.12,
                "away_over_1.5_odd": 3.2,
                "away_over_2.0_odd": 7,
                "away_over_2.5_odd": 8.1,
                "away_under_0.5_odd": 2.45,
                "away_under_1.0_odd": 1.61,
                "away_under_1.5_odd": 1.27,
                "away_under_2.0_odd": 1.039,
                "away_under_2.5_odd": 1.019,
                "away_over_0.75_odd": 1.66,
                "away_over_1.25_odd": 2.67,
                "away_under_0.75_odd": 2.04,
                "away_under_1.25_odd": 1.39
            },
            {
                "match_id": 639878101,
                "date": "25/07/2025",
                "time": "10:00",
                "home_team": "Home",
                "away_team": "Away",
                "1_odd": 1.51,
                "draw_odd": 4.9,
                "2_odd": 4.83,
                "1X_odd": 1.15,
                "12_odd": 1.14,
                "X2_odd": 2.4,
                "over_1.5_odd": 1.03,
                "over_2.5_odd": 1.13,
                "over_3.5_odd": 1.35,
                "over_4.5_odd": 1.8,
                "over_5.5_odd": 2.65,
                "over_6.5_odd": 4.3,
                "over_7.5_odd": 6.8,
                "under_1.5_odd": 9,
                "under_2.5_odd": 5.1,
                "under_3.5_odd": 2.9,
                "under_4.5_odd": 1.9,
                "under_5.5_odd": 1.43,
                "under_6.5_odd": 1.18,
                "under_7.5_odd": 1.07,
                "home_handicap_-4.5_odd": 9,
                "home_handicap_-3.5_odd": 5.8,
                "home_handicap_-2.5_odd": 3.3,
                "home_handicap_-1.5_odd": 2.1,
                "home_handicap_1.5_odd": 1.05,
                "home_handicap_2.5_odd": 1.01,
                "away_handicap_4.5_odd": 1.03,
                "away_handicap_3.5_odd": 1.1,
                "away_handicap_2.5_odd": 1.28,
                "away_handicap_1.5_odd": 1.65,
                "away_handicap_-1.5_odd": 7.7,
                "away_handicap_-2.5_odd": 11,
                "home_over_1.5_odd": 1.17,
                "home_over_2.5_odd": 1.58,
                "home_over_3.5_odd": 2.52,
                "home_under_1.5_odd": 4.4,
                "home_under_2.5_odd": 2.23,
                "home_under_3.5_odd": 1.46,
                "away_over_0.5_odd": 1.15,
                "away_over_1.5_odd": 1.8,
                "away_over_2.5_odd": 3.55,
                "away_under_0.5_odd": 4.7,
                "away_under_1.5_odd": 1.9,
                "away_under_2.5_odd": 1.25
            }
        ]
    }
]