[
    {
        "last_updated": "2025-07-24T20:45:07.584613+01:00"
    },
    {
        "tournament_id": 1986906,
        "tournament_name": "Jupiler League. Statistics Round",
        "matches": [
            {
                "match_id": 638263178,
                "date": "25/07/2025",
                "time": "19:45",
                "home_team": "Home",
                "away_team": "Away",
                "1_odd": 1.844,
                "draw_odd": 10,
                "2_odd": 2.334,
                "1X_odd": 1.42,
                "12_odd": 1.03,
                "X2_odd": 2.03,
                "over_17.5_odd": 1.12,
                "over_18.0_odd": 1.131,
                "over_18.5_odd": 1.203,
                "over_19.0_odd": 1.224,
                "over_19.5_odd": 1.314,
                "over_20.0_odd": 1.353,
                "over_20.5_odd": 1.462,
                "over_21.0_odd": 1.526,
                "over_21.5_odd": 1.651,
                "over_22.0_odd": 1.752,
                "over_22.5_odd": 1.889,
                "over_23.0_odd": 2.043,
                "over_23.5_odd": 2.199,
                "over_24.0_odd": 2.451,
                "over_24.5_odd": 2.635,
                "over_25.0_odd": 3.04,
                "over_25.5_odd": 3.25,
                "over_26.0_odd": 3.895,
                "over_26.5_odd": 4.135,
                "over_27.0_odd": 5.15,
                "over_27.5_odd": 5.42,
                "over_28.0_odd": 7.03,
                "over_28.5_odd": 7.33,
                "under_17.5_odd": 6.27,
                "under_18.0_odd": 5.93,
                "under_18.5_odd": 4.52,
                "under_19.0_odd": 4.24,
                "under_19.5_odd": 3.425,
                "under_20.0_odd": 3.19,
                "under_20.5_odd": 2.713,
                "under_21.0_odd": 2.516,
                "under_21.5_odd": 2.237,
                "under_22.0_odd": 2.075,
                "under_22.5_odd": 1.911,
                "under_23.0_odd": 1.776,
                "under_23.5_odd": 1.672,
                "under_24.0_odd": 1.551,
                "under_24.5_odd": 1.486,
                "under_25.0_odd": 1.382,
                "under_25.5_odd": 1.342,
                "under_26.0_odd": 1.256,
                "under_26.5_odd": 1.233,
                "under_27.0_odd": 1.165,
                "under_27.5_odd": 1.152,
                "under_28.0_odd": 1.098,
                "under_28.5_odd": 1.091,
                "over_17.75_odd": 1.125,
                "over_18.25_odd": 1.167,
                "over_18.75_odd": 1.213,
                "over_19.25_odd": 1.27,
                "over_19.75_odd": 1.333,
                "over_20.25_odd": 1.408,
                "over_20.75_odd": 1.492,
                "over_21.25_odd": 1.59,
                "over_21.75_odd": 1.698,
                "over_22.25_odd": 1.822,
                "over_22.75_odd": 1.959,
                "over_23.25_odd": 2.121,
                "over_23.75_odd": 2.312,
                "over_24.25_odd": 2.543,
                "over_24.75_odd": 2.814,
                "over_25.25_odd": 3.145,
                "over_25.75_odd": 3.53,
                "over_26.25_odd": 4.015,
                "over_26.75_odd": 4.575,
                "over_27.25_odd": 5.29,
                "over_27.75_odd": 6.1,
                "over_28.25_odd": 7.18,
                "under_17.75_odd": 6.1,
                "under_18.25_odd": 5.11,
                "under_18.75_odd": 4.38,
                "under_19.25_odd": 3.77,
                "under_19.75_odd": 3.305,
                "under_20.25_odd": 2.921,
                "under_20.75_odd": 2.615,
                "under_21.25_odd": 2.361,
                "under_21.75_odd": 2.156,
                "under_22.25_odd": 1.985,
                "under_22.75_odd": 1.845,
                "under_23.25_odd": 1.721,
                "under_23.75_odd": 1.612,
                "under_24.25_odd": 1.516,
                "under_24.75_odd": 1.434,
                "under_25.25_odd": 1.361,
                "under_25.75_odd": 1.299,
                "under_26.25_odd": 1.244,
                "under_26.75_odd": 1.199,
                "under_27.25_odd": 1.158,
                "under_27.75_odd": 1.125,
                "under_28.25_odd": 1.095,
                "home_handicap_-6.5_odd": 7.33,
                "home_handicap_-6.0_odd": 7.01,
                "home_handicap_-5.5_odd": 5.31,
                "home_handicap_-5.0_odd": 5.03,
                "home_handicap_-4.5_odd": 4,
                "home_handicap_-4.0_odd": 3.75,
                "home_handicap_-3.5_odd": 3.12,
                "home_handicap_-3.0_odd": 2.909,
                "home_handicap_-2.5_odd": 2.527,
                "home_handicap_-2.0_odd": 2.345,
                "home_handicap_-1.5_odd": 2.115,
                "home_handicap_-1.0_odd": 1.963,
                "home_handicap_1.0_odd": 1.482,
                "home_handicap_1.5_odd": 1.425,
                "home_handicap_2.0_odd": 1.324,
                "home_handicap_2.5_odd": 1.291,
                "home_handicap_3.0_odd": 1.208,
                "home_handicap_3.5_odd": 1.19,
                "home_handicap_4.0_odd": 1.125,
                "home_handicap_4.5_odd": 1.115,
                "away_handicap_6.5_odd": 1.091,
                "away_handicap_6.0_odd": 1.099,
                "away_handicap_5.5_odd": 1.157,
                "away_handicap_5.0_odd": 1.171,
                "away_handicap_4.5_odd": 1.246,
                "away_handicap_4.0_odd": 1.272,
                "away_handicap_3.5_odd": 1.365,
                "away_handicap_3.0_odd": 1.411,
                "away_handicap_2.5_odd": 1.522,
                "away_handicap_2.0_odd": 1.597,
                "away_handicap_1.5_odd": 1.725,
                "away_handicap_1.0_odd": 1.841,
                "away_handicap_-1.0_odd": 2.648,
                "away_handicap_-1.5_odd": 2.849,
                "away_handicap_-2.0_odd": 3.36,
                "away_handicap_-2.5_odd": 3.595,
                "away_handicap_-3.0_odd": 4.44,
                "away_handicap_-3.5_odd": 4.71,
                "away_handicap_-4.0_odd": 6.1,
                "away_handicap_-4.5_odd": 6.41,
                "home_handicap_-6.25_odd": 7.17,
                "home_handicap_-5.75_odd": 6.02,
                "home_handicap_-5.25_odd": 5.17,
                "home_handicap_-4.75_odd": 4.435,
                "home_handicap_-4.25_odd": 3.875,
                "home_handicap_-3.75_odd": 3.395,
                "home_handicap_-3.25_odd": 3.015,
                "home_handicap_-2.75_odd": 2.695,
                "home_handicap_-2.25_odd": 2.436,
                "home_handicap_-1.75_odd": 2.218,
                "home_handicap_-1.25_odd": 2.039,
                "home_handicap_1.25_odd": 1.452,
                "home_handicap_1.75_odd": 1.375,
                "home_handicap_2.25_odd": 1.307,
                "home_handicap_2.75_odd": 1.25,
                "home_handicap_3.25_odd": 1.199,
                "home_handicap_3.75_odd": 1.158,
                "home_handicap_4.25_odd": 1.12,
                "home_handicap_4.75_odd": 1.091,
                "away_handicap_6.25_odd": 1.095,
                "away_handicap_5.75_odd": 1.128,
                "away_handicap_5.25_odd": 1.164,
                "away_handicap_4.75_odd": 1.209,
                "away_handicap_4.25_odd": 1.258,
                "away_handicap_3.75_odd": 1.319,
                "away_handicap_3.25_odd": 1.387,
                "away_handicap_2.75_odd": 1.467,
                "away_handicap_2.25_odd": 1.557,
                "away_handicap_1.75_odd": 1.662,
                "away_handicap_1.25_odd": 1.779,
                "away_handicap_-1.25_odd": 2.748,
                "away_handicap_-1.75_odd": 3.07,
                "away_handicap_-2.25_odd": 3.48,
                "away_handicap_-2.75_odd": 3.955,
                "away_handicap_-3.25_odd": 4.575,
                "away_handicap_-3.75_odd": 5.29,
                "away_handicap_-4.25_odd": 6.26,
                "away_handicap_-4.75_odd": 7.36,
                "home_over_7.5_odd": 1.072,
                "home_over_8.0_odd": 1.083,
                "home_over_8.5_odd": 1.174,
                "home_over_9.0_odd": 1.201,
                "home_over_9.5_odd": 1.329,
                "home_over_10.0_odd": 1.391,
                "home_over_10.5_odd": 1.555,
                "home_over_11.0_odd": 1.677,
                "home_over_11.5_odd": 1.869,
                "home_over_12.0_odd": 2.089,
                "home_over_12.5_odd": 2.319,
                "home_over_13.0_odd": 2.751,
                "home_over_13.5_odd": 3.035,
                "home_over_14.0_odd": 3.855,
                "home_over_14.5_odd": 4.195,
                "home_over_15.0_odd": 5.72,
                "home_over_15.5_odd": 6.12,
                "home_under_7.5_odd": 8.3,
                "home_under_8.0_odd": 7.7,
                "home_under_8.5_odd": 4.98,
                "home_under_9.0_odd": 4.545,
                "home_under_9.5_odd": 3.33,
                "home_under_10.0_odd": 2.997,
                "home_under_10.5_odd": 2.441,
                "home_under_11.0_odd": 2.191,
                "home_under_11.5_odd": 1.932,
                "home_under_12.0_odd": 1.743,
                "home_under_12.5_odd": 1.609,
                "home_under_13.0_odd": 1.451,
                "home_under_13.5_odd": 1.383,
                "home_under_14.0_odd": 1.261,
                "home_under_14.5_odd": 1.228,
                "home_under_15.0_odd": 1.139,
                "home_under_15.5_odd": 1.124,
                "home_over_7.75_odd": 1.077,
                "home_over_8.25_odd": 1.129,
                "home_over_8.75_odd": 1.187,
                "home_over_9.25_odd": 1.266,
                "home_over_9.75_odd": 1.358,
                "home_over_10.25_odd": 1.474,
                "home_over_10.75_odd": 1.611,
                "home_over_11.25_odd": 1.775,
                "home_over_11.75_odd": 1.965,
                "home_over_12.25_odd": 2.204,
                "home_over_12.75_odd": 2.502,
                "home_over_13.25_odd": 2.893,
                "home_over_13.75_odd": 3.37,
                "home_over_14.25_odd": 4.025,
                "home_over_14.75_odd": 4.81,
                "home_over_15.25_odd": 5.92,
                "home_under_7.75_odd": 8,
                "home_under_8.25_odd": 6,
                "home_under_8.75_odd": 4.765,
                "home_under_9.25_odd": 3.805,
                "home_under_9.75_odd": 3.16,
                "home_under_10.25_odd": 2.671,
                "home_under_10.75_odd": 2.316,
                "home_under_11.25_odd": 2.044,
                "home_under_11.75_odd": 1.839,
                "home_under_12.25_odd": 1.67,
                "home_under_12.75_odd": 1.531,
                "home_under_13.25_odd": 1.415,
                "home_under_13.75_odd": 1.322,
                "home_under_14.25_odd": 1.243,
                "home_under_14.75_odd": 1.184,
                "home_under_15.25_odd": 1.131,
                "away_over_7.5_odd": 1.135,
                "away_over_8.0_odd": 1.157,
                "away_over_8.5_odd": 1.278,
                "away_over_9.0_odd": 1.33,
                "away_over_9.5_odd": 1.492,
                "away_over_10.0_odd": 1.6,
                "away_over_10.5_odd": 1.794,
                "away_over_11.0_odd": 1.995,
                "away_over_11.5_odd": 2.224,
                "away_over_12.0_odd": 2.625,
                "away_over_12.5_odd": 2.912,
                "away_over_13.0_odd": 3.695,
                "away_over_13.5_odd": 4.04,
                "away_over_14.0_odd": 5.53,
                "away_over_14.5_odd": 5.94,
                "away_under_7.5_odd": 5.81,
                "away_under_8.0_odd": 5.31,
                "away_under_8.5_odd": 3.7,
                "away_under_9.0_odd": 3.325,
                "away_under_9.5_odd": 2.616,
                "away_under_10.0_odd": 2.337,
                "away_under_10.5_odd": 2.019,
                "away_under_11.0_odd": 1.814,
                "away_under_11.5_odd": 1.658,
                "away_under_12.0_odd": 1.489,
                "away_under_12.5_odd": 1.41,
                "away_under_13.0_odd": 1.279,
                "away_under_13.5_odd": 1.242,
                "away_under_14.0_odd": 1.147,
                "away_under_14.5_odd": 1.131,
                "away_over_7.75_odd": 1.145,
                "away_over_8.25_odd": 1.218,
                "away_over_8.75_odd": 1.302,
                "away_over_9.25_odd": 1.412,
                "away_over_9.75_odd": 1.541,
                "away_over_10.25_odd": 1.699,
                "away_over_10.75_odd": 1.883,
                "away_over_11.25_odd": 2.109,
                "away_over_11.75_odd": 2.394,
                "away_over_12.25_odd": 2.768,
                "away_over_12.75_odd": 3.23,
                "away_over_13.25_odd": 3.865,
                "away_over_13.75_odd": 4.635,
                "away_over_14.25_odd": 5.74,
                "away_under_7.75_odd": 5.56,
                "away_under_8.25_odd": 4.315,
                "away_under_8.75_odd": 3.51,
                "away_under_9.25_odd": 2.904,
                "away_under_9.75_odd": 2.477,
                "away_under_10.25_odd": 2.154,
                "away_under_10.75_odd": 1.917,
                "away_under_11.25_odd": 1.729,
                "away_under_11.75_odd": 1.575,
                "away_under_12.25_odd": 1.446,
                "away_under_12.75_odd": 1.345,
                "away_under_13.25_odd": 1.259,
                "away_under_13.75_odd": 1.195,
                "away_under_14.25_odd": 1.138
            }
        ]
    },
    {
        "tournament_id": 28787,
        "tournament_name": "Jupiler League",
        "matches": [
            {
                "match_id": 634390837,
                "date": "25/07/2025",
                "time": "19:45",
                "home_team": "Royal Antwerp",
                "away_team": "Royale Union Saint-Gilloise",
                "1_odd": 3.525,
                "draw_odd": 3.705,
                "2_odd": 2.025,
                "1X_odd": 1.789,
                "12_odd": 1.277,
                "X2_odd": 1.3,
                "both_score_odd": 1.62,
                "both_noscore_odd": 2.185,
                "over_0.5_odd": 1.003,
                "over_1.0_odd": 1.005,
                "over_1.5_odd": 1.2,
                "over_2.0_odd": 1.32,
                "over_2.5_odd": 1.762,
                "over_3.0_odd": 2.19,
                "over_3.5_odd": 2.7,
                "over_4.0_odd": 4.15,
                "over_4.5_odd": 4.8,
                "over_5.0_odd": 8.3,
                "over_5.5_odd": 8.7,
                "over_6.5_odd": 23,
                "over_7.5_odd": 50,
                "under_0.5_odd": 13.5,
                "under_1.0_odd": 9,
                "under_1.5_odd": 3.82,
                "under_2.0_odd": 3.08,
                "under_2.5_odd": 2.085,
                "under_3.0_odd": 1.6,
                "under_3.5_odd": 1.38,
                "under_4.0_odd": 1.156,
                "under_4.5_odd": 1.115,
                "under_5.0_odd": 1.016,
                "under_5.5_odd": 1.009,
                "under_6.5_odd": 1.012,
                "under_7.5_odd": 1.002,
                "over_1.25_odd": 1.102,
                "over_1.75_odd": 1.25,
                "over_2.25_odd": 1.52,
                "over_2.75_odd": 1.89,
                "over_3.25_odd": 2.45,
                "over_3.75_odd": 3.2,
                "over_4.25_odd": 4.5,
                "over_4.75_odd": 6,
                "under_1.25_odd": 5.2,
                "under_1.75_odd": 3.46,
                "under_2.25_odd": 2.39,
                "under_2.75_odd": 1.83,
                "under_3.25_odd": 1.47,
                "under_3.75_odd": 1.27,
                "under_4.25_odd": 1.133,
                "under_4.75_odd": 1.065,
                "home_handicap_-1.5_odd": 6.7,
                "home_handicap_-1.0_odd": 6.05,
                "home_handicap_0.0_odd": 2.54,
                "home_handicap_1.0_odd": 1.38,
                "home_handicap_1.5_odd": 1.24,
                "home_handicap_2.0_odd": 1.065,
                "home_handicap_2.5_odd": 1.045,
                "away_handicap_1.5_odd": 1.047,
                "away_handicap_1.0_odd": 1.079,
                "away_handicap_0.0_odd": 1.5,
                "away_handicap_-1.0_odd": 2.72,
                "away_handicap_-1.5_odd": 3.35,
                "away_handicap_-2.0_odd": 6,
                "away_handicap_-2.5_odd": 6.75,
                "home_handicap_-1.75_odd": 8.7,
                "home_handicap_-1.25_odd": 6.4,
                "home_handicap_-0.75_odd": 4.15,
                "home_handicap_-0.25_odd": 2.88,
                "home_handicap_0.25_odd": 2.02,
                "home_handicap_0.75_odd": 1.58,
                "home_handicap_1.25_odd": 1.3,
                "home_handicap_1.75_odd": 1.148,
                "away_handicap_1.75_odd": 1.01,
                "away_handicap_1.25_odd": 1.062,
                "away_handicap_0.75_odd": 1.185,
                "away_handicap_0.25_odd": 1.363,
                "away_handicap_-0.25_odd": 1.71,
                "away_handicap_-0.75_odd": 2.21,
                "away_handicap_-1.25_odd": 3.04,
                "away_handicap_-1.75_odd": 4.3,
                "home_over_0.5_odd": 1.35,
                "home_over_1.0_odd": 1.72,
                "home_over_1.5_odd": 2.6,
                "home_over_2.0_odd": 5.3,
                "home_over_2.5_odd": 6.8,
                "home_under_0.5_odd": 3,
                "home_under_1.0_odd": 2,
                "home_under_1.5_odd": 1.46,
                "home_under_2.0_odd": 1.14,
                "home_under_2.5_odd": 1.09,
                "home_over_0.75_odd": 1.5,
                "home_over_1.25_odd": 2.24,
                "home_over_1.75_odd": 3.42,
                "home_over_2.25_odd": 6,
                "home_over_2.75_odd": 8.6,
                "home_under_0.75_odd": 2.54,
                "home_under_1.25_odd": 1.63,
                "home_under_1.75_odd": 1.285,
                "home_under_2.25_odd": 1.11,
                "home_under_2.75_odd": 1.029,
                "away_over_0.5_odd": 1.17,
                "away_over_1.0_odd": 1.29,
                "away_over_1.5_odd": 1.86,
                "away_over_2.0_odd": 2.8,
                "away_over_2.5_odd": 3.8,
                "away_over_3.5_odd": 8.8,
                "away_under_0.5_odd": 4.7,
                "away_under_1.0_odd": 3.2,
                "away_under_1.5_odd": 1.88,
                "away_under_2.0_odd": 1.4,
                "away_under_2.5_odd": 1.24,
                "away_under_3.5_odd": 1.05,
                "away_over_0.75_odd": 1.22,
                "away_over_1.25_odd": 1.61,
                "away_over_1.75_odd": 2.22,
                "away_over_2.25_odd": 3.32,
                "away_under_0.75_odd": 3.98,
                "away_under_1.25_odd": 2.28,
                "away_under_1.75_odd": 1.64,
                "away_under_2.25_odd": 1.3
            },
            {
                "match_id": 634505398,
                "date": "26/07/2025",
                "time": "15:00",
                "home_team": "FCV Dender EH",
                "away_team": "Cercle Brugge",
                "1_odd": 2.93,
                "draw_odd": 3.44,
                "2_odd": 2.407,
                "1X_odd": 1.569,
                "12_odd": 1.312,
                "X2_odd": 1.406,
                "both_score_odd": 1.62,
                "both_noscore_odd": 2.185,
                "over_0.5_odd": 1.01,
                "over_1.0_odd": 1.04,
                "over_1.5_odd": 1.21,
                "over_2.0_odd": 1.35,
                "over_2.5_odd": 1.833,
                "over_3.0_odd": 2.33,
                "over_3.5_odd": 2.92,
                "over_4.0_odd": 4.9,
                "over_4.5_odd": 5.75,
                "over_5.0_odd": 8.7,
                "over_5.5_odd": 10.5,
                "over_6.5_odd": 26,
                "over_7.5_odd": 50,
                "under_0.5_odd": 12.5,
                "under_1.0_odd": 9.1,
                "under_1.5_odd": 3.74,
                "under_2.0_odd": 2.92,
                "under_2.5_odd": 1.994,
                "under_3.0_odd": 1.53,
                "under_3.5_odd": 1.33,
                "under_4.0_odd": 1.11,
                "under_4.5_odd": 1.074,
                "under_5.0_odd": 1.05,
                "under_5.5_odd": 1.02,
                "under_6.5_odd": 1.01,
                "under_7.5_odd": 1.002,
                "over_1.25_odd": 1.098,
                "over_1.75_odd": 1.27,
                "over_2.25_odd": 1.57,
                "over_2.75_odd": 1.99,
                "over_3.25_odd": 2.64,
                "over_3.75_odd": 3.56,
                "over_4.25_odd": 5.3,
                "over_4.75_odd": 7.5,
                "under_1.25_odd": 5.25,
                "under_1.75_odd": 3.32,
                "under_2.25_odd": 2.27,
                "under_2.75_odd": 1.74,
                "under_3.25_odd": 1.41,
                "under_3.75_odd": 1.22,
                "under_4.25_odd": 1.09,
                "under_4.75_odd": 1.029,
                "home_handicap_-2.5_odd": 12.5,
                "home_handicap_-2.0_odd": 11.5,
                "home_handicap_-1.5_odd": 6.15,
                "home_handicap_-1.0_odd": 5.15,
                "home_handicap_0.0_odd": 2.105,
                "home_handicap_1.0_odd": 1.21,
                "home_handicap_1.5_odd": 1.124,
                "home_handicap_2.0_odd": 1.05,
                "home_handicap_2.5_odd": 1.04,
                "away_handicap_2.5_odd": 1.01,
                "away_handicap_2.0_odd": 1.02,
                "away_handicap_1.5_odd": 1.062,
                "away_handicap_1.0_odd": 1.114,
                "away_handicap_0.0_odd": 1.748,
                "away_handicap_-1.0_odd": 3.76,
                "away_handicap_-1.5_odd": 4.65,
                "away_handicap_-2.0_odd": 8.5,
                "away_handicap_-2.5_odd": 9.6,
                "home_handicap_-1.75_odd": 8.5,
                "home_handicap_-1.25_odd": 5.65,
                "home_handicap_-0.75_odd": 3.5,
                "home_handicap_-0.25_odd": 2.42,
                "home_handicap_0.25_odd": 1.727,
                "home_handicap_0.75_odd": 1.38,
                "home_handicap_1.25_odd": 1.161,
                "home_handicap_1.75_odd": 1.059,
                "away_handicap_1.75_odd": 1.013,
                "away_handicap_1.25_odd": 1.086,
                "away_handicap_0.75_odd": 1.25,
                "away_handicap_0.25_odd": 1.5,
                "away_handicap_-0.25_odd": 2,
                "away_handicap_-0.75_odd": 2.77,
                "away_handicap_-1.25_odd": 4.25,
                "away_handicap_-1.75_odd": 6.2,
                "home_over_0.5_odd": 1.3,
                "home_over_1.0_odd": 1.59,
                "home_over_1.5_odd": 2.4,
                "home_over_2.0_odd": 4.5,
                "home_over_2.5_odd": 5.9,
                "home_under_0.5_odd": 3.3,
                "home_under_1.0_odd": 2.2,
                "home_under_1.5_odd": 1.54,
                "home_under_2.0_odd": 1.18,
                "home_under_2.5_odd": 1.11,
                "home_over_0.75_odd": 1.41,
                "home_over_1.25_odd": 2.05,
                "home_over_1.75_odd": 3.14,
                "home_over_2.25_odd": 5.2,
                "home_over_2.75_odd": 8.7,
                "home_under_0.75_odd": 2.85,
                "home_under_1.25_odd": 1.75,
                "home_under_1.75_odd": 1.33,
                "home_under_2.25_odd": 1.14,
                "home_under_2.75_odd": 1.027,
                "away_over_0.5_odd": 1.23,
                "away_over_1.0_odd": 1.44,
                "away_over_1.5_odd": 2.12,
                "away_over_2.0_odd": 3.6,
                "away_over_2.5_odd": 4.8,
                "away_over_3.5_odd": 12,
                "away_under_0.5_odd": 3.9,
                "away_under_1.0_odd": 2.6,
                "away_under_1.5_odd": 1.67,
                "away_under_2.0_odd": 1.26,
                "away_under_2.5_odd": 1.16,
                "away_under_3.5_odd": 1.01,
                "away_over_0.75_odd": 1.3,
                "away_over_1.25_odd": 1.83,
                "away_over_1.75_odd": 2.67,
                "away_over_2.25_odd": 4.45,
                "away_under_0.75_odd": 3.32,
                "away_under_1.25_odd": 1.95,
                "away_under_1.75_odd": 1.46,
                "away_under_2.25_odd": 1.183
            },
            {
                "match_id": 635605881,
                "date": "26/07/2025",
                "time": "17:15",
                "home_team": "Zulte Waregem",
                "away_team": "Mechelen",
                "1_odd": 3.245,
                "draw_odd": 3.685,
                "2_odd": 2.137,
                "1X_odd": 1.71,
                "12_odd": 1.279,
                "X2_odd": 1.343,
                "both_score_odd": 1.56,
                "both_noscore_odd": 2.302,
                "over_0.5_odd": 1.029,
                "over_1.0_odd": 1.03,
                "over_1.5_odd": 1.175,
                "over_2.0_odd": 1.285,
                "over_2.5_odd": 1.702,
                "over_3.0_odd": 2.08,
                "over_3.5_odd": 2.6,
                "over_4.0_odd": 3.96,
                "over_4.5_odd": 4.65,
                "over_5.0_odd": 8.1,
                "over_5.5_odd": 8.7,
                "over_6.5_odd": 21,
                "over_7.5_odd": 41,
                "under_0.5_odd": 13.8,
                "under_1.0_odd": 10,
                "under_1.5_odd": 4.1,
                "under_2.0_odd": 3.28,
                "under_2.5_odd": 2.175,
                "under_3.0_odd": 1.66,
                "under_3.5_odd": 1.41,
                "under_4.0_odd": 1.172,
                "under_4.5_odd": 1.124,
                "under_5.0_odd": 1.018,
                "under_5.5_odd": 1.009,
                "under_6.5_odd": 1.015,
                "under_7.5_odd": 1.004,
                "over_1.25_odd": 1.083,
                "over_1.75_odd": 1.22,
                "over_2.25_odd": 1.48,
                "over_2.75_odd": 1.83,
                "over_3.25_odd": 2.35,
                "over_3.75_odd": 3.08,
                "over_4.25_odd": 4.3,
                "over_4.75_odd": 5.8,
                "under_1.25_odd": 5.65,
                "under_1.75_odd": 3.72,
                "under_2.25_odd": 2.49,
                "under_2.75_odd": 1.89,
                "under_3.25_odd": 1.51,
                "under_3.75_odd": 1.29,
                "under_4.25_odd": 1.145,
                "under_4.75_odd": 1.071,
                "home_handicap_-2.0_odd": 13,
                "home_handicap_-1.5_odd": 6.3,
                "home_handicap_-1.0_odd": 5.55,
                "home_handicap_0.0_odd": 2.375,
                "home_handicap_1.0_odd": 1.32,
                "home_handicap_1.5_odd": 1.2,
                "home_handicap_2.0_odd": 1.044,
                "home_handicap_2.5_odd": 1.027,
                "away_handicap_2.0_odd": 1.01,
                "away_handicap_1.5_odd": 1.057,
                "away_handicap_1.0_odd": 1.097,
                "away_handicap_0.0_odd": 1.57,
                "away_handicap_-1.0_odd": 2.99,
                "away_handicap_-1.5_odd": 3.7,
                "away_handicap_-2.0_odd": 6.75,
                "away_handicap_-2.5_odd": 7.6,
                "home_handicap_-1.75_odd": 8.3,
                "home_handicap_-1.25_odd": 5.95,
                "home_handicap_-0.75_odd": 3.75,
                "home_handicap_-0.25_odd": 2.66,
                "home_handicap_0.25_odd": 1.909,
                "home_handicap_0.75_odd": 1.51,
                "home_handicap_1.25_odd": 1.25,
                "home_handicap_1.75_odd": 1.121,
                "away_handicap_1.75_odd": 1.015,
                "away_handicap_1.25_odd": 1.075,
                "away_handicap_0.75_odd": 1.22,
                "away_handicap_0.25_odd": 1.42,
                "away_handicap_-0.25_odd": 1.8,
                "away_handicap_-0.75_odd": 2.36,
                "away_handicap_-1.25_odd": 3.35,
                "away_handicap_-1.75_odd": 4.7,
                "home_over_0.5_odd": 1.31,
                "home_over_1.0_odd": 1.62,
                "home_over_1.5_odd": 2.42,
                "home_over_2.0_odd": 4.7,
                "home_over_2.5_odd": 6.1,
                "home_under_0.5_odd": 3.3,
                "home_under_1.0_odd": 2.16,
                "home_under_1.5_odd": 1.52,
                "home_under_2.0_odd": 1.17,
                "home_under_2.5_odd": 1.1,
                "home_over_0.75_odd": 1.42,
                "home_over_1.25_odd": 2.06,
                "home_over_1.75_odd": 3.125,
                "home_over_2.25_odd": 5.4,
                "home_over_2.75_odd": 7.9,
                "home_under_0.75_odd": 2.81,
                "home_under_1.25_odd": 1.74,
                "home_under_1.75_odd": 1.333,
                "home_under_2.25_odd": 1.13,
                "home_under_2.75_odd": 1.039,
                "away_over_0.5_odd": 1.18,
                "away_over_1.0_odd": 1.32,
                "away_over_1.5_odd": 1.9,
                "away_over_2.0_odd": 2.9,
                "away_over_2.5_odd": 4,
                "away_over_3.5_odd": 9.4,
                "away_under_0.5_odd": 4.5,
                "away_under_1.0_odd": 3.1,
                "away_under_1.5_odd": 1.84,
                "away_under_2.0_odd": 1.37,
                "away_under_2.5_odd": 1.22,
                "away_under_3.5_odd": 1.04,
                "away_over_0.75_odd": 1.22,
                "away_over_1.25_odd": 1.63,
                "away_over_1.75_odd": 2.26,
                "away_over_2.25_odd": 3.42,
                "away_under_0.75_odd": 3.98,
                "away_under_1.25_odd": 2.24,
                "away_under_1.75_odd": 1.62,
                "away_under_2.25_odd": 1.285
            },
            {
                "match_id": 635514715,
                "date": "26/07/2025",
                "time": "19:45",
                "home_team": "UR La Louviere Centre",
                "away_team": "Standard Liege",
                "1_odd": 2.629,
                "draw_odd": 3.34,
                "2_odd": 2.719,
                "1X_odd": 1.46,
                "12_odd": 1.327,
                "X2_odd": 1.487,
                "both_score_odd": 1.73,
                "both_noscore_odd": 2.012,
                "over_0.5_odd": 1.009,
                "over_1.0_odd": 1.03,
                "over_1.5_odd": 1.28,
                "over_2.0_odd": 1.47,
                "over_2.5_odd": 1.994,
                "over_3.0_odd": 2.68,
                "over_3.5_odd": 3.32,
                "over_4.0_odd": 5.6,
                "over_4.5_odd": 6.35,
                "over_5.0_odd": 10.5,
                "over_5.5_odd": 13,
                "over_6.5_odd": 29,
                "under_0.5_odd": 8.7,
                "under_1.0_odd": 7.4,
                "under_1.5_odd": 3.2,
                "under_2.0_odd": 2.49,
                "under_2.5_odd": 1.833,
                "under_3.0_odd": 1.41,
                "under_3.5_odd": 1.26,
                "under_4.0_odd": 1.079,
                "under_4.5_odd": 1.055,
                "under_5.0_odd": 1.03,
                "under_5.5_odd": 1.01,
                "under_6.5_odd": 1.007,
                "over_0.75_odd": 1.018,
                "over_1.25_odd": 1.152,
                "over_1.75_odd": 1.36,
                "over_2.25_odd": 1.72,
                "over_2.75_odd": 2.21,
                "over_3.25_odd": 3.02,
                "over_3.75_odd": 4.1,
                "over_4.25_odd": 5.95,
                "under_0.75_odd": 8.1,
                "under_1.25_odd": 4.3,
                "under_1.75_odd": 2.83,
                "under_2.25_odd": 2.02,
                "under_2.75_odd": 1.6,
                "under_3.25_odd": 1.32,
                "under_3.75_odd": 1.168,
                "under_4.25_odd": 1.066,
                "home_handicap_-2.5_odd": 11.5,
                "home_handicap_-2.0_odd": 10,
                "home_handicap_-1.5_odd": 5.1,
                "home_handicap_-1.0_odd": 4.25,
                "home_handicap_0.0_odd": 1.88,
                "home_handicap_1.0_odd": 1.15,
                "home_handicap_1.5_odd": 1.091,
                "home_handicap_2.0_odd": 1.02,
                "home_handicap_2.5_odd": 1.01,
                "away_handicap_2.5_odd": 1.02,
                "away_handicap_2.0_odd": 1.03,
                "away_handicap_1.5_odd": 1.102,
                "away_handicap_1.0_odd": 1.168,
                "away_handicap_0.0_odd": 1.941,
                "away_handicap_-1.0_odd": 4.5,
                "away_handicap_-1.5_odd": 5.35,
                "away_handicap_-2.0_odd": 11,
                "away_handicap_-2.5_odd": 12,
                "home_handicap_-1.75_odd": 6.7,
                "home_handicap_-1.25_odd": 4.7,
                "home_handicap_-0.75_odd": 3.04,
                "home_handicap_-0.25_odd": 2.14,
                "home_handicap_0.25_odd": 1.58,
                "home_handicap_0.75_odd": 1.3,
                "home_handicap_1.25_odd": 1.117,
                "home_handicap_1.75_odd": 1.038,
                "away_handicap_1.75_odd": 1.046,
                "away_handicap_1.25_odd": 1.131,
                "away_handicap_0.75_odd": 1.32,
                "away_handicap_0.25_odd": 1.63,
                "away_handicap_-0.25_odd": 2.24,
                "away_handicap_-0.75_odd": 3.15,
                "away_handicap_-1.25_odd": 4.95,
                "away_handicap_-1.75_odd": 7.1,
                "home_over_0.5_odd": 1.3,
                "home_over_1.0_odd": 1.59,
                "home_over_1.5_odd": 2.4,
                "home_over_2.0_odd": 4.5,
                "home_over_2.5_odd": 5.9,
                "home_under_0.5_odd": 3.3,
                "home_under_1.0_odd": 2.2,
                "home_under_1.5_odd": 1.54,
                "home_under_2.0_odd": 1.18,
                "home_under_2.5_odd": 1.11,
                "home_over_0.75_odd": 1.42,
                "home_over_1.25_odd": 2.06,
                "home_over_1.75_odd": 3.08,
                "home_over_2.25_odd": 5.2,
                "home_over_2.75_odd": 7.8,
                "home_under_0.75_odd": 2.81,
                "home_under_1.25_odd": 1.74,
                "home_under_1.75_odd": 1.34,
                "home_under_2.25_odd": 1.14,
                "home_under_2.75_odd": 1.041,
                "away_over_0.5_odd": 1.32,
                "away_over_1.0_odd": 1.64,
                "away_over_1.5_odd": 2.47,
                "away_over_2.0_odd": 4.8,
                "away_over_2.5_odd": 6.2,
                "away_under_0.5_odd": 3.2,
                "away_under_1.0_odd": 2.1,
                "away_under_1.5_odd": 1.5,
                "away_under_2.0_odd": 1.16,
                "away_under_2.5_odd": 1.1,
                "away_over_0.75_odd": 1.44,
                "away_over_1.25_odd": 2.11,
                "away_over_1.75_odd": 3.2,
                "away_over_2.25_odd": 5.5,
                "away_over_2.75_odd": 8.2,
                "away_under_0.75_odd": 2.74,
                "away_under_1.25_odd": 1.71,
                "away_under_1.75_odd": 1.32,
                "away_under_2.25_odd": 1.13,
                "away_under_2.75_odd": 1.035
            },
            {
                "match_id": 634505395,
                "date": "27/07/2025",
                "time": "12:30",
                "home_team": "Anderlecht",
                "away_team": "K.V.C. Westerlo",
                "1_odd": 1.713,
                "draw_odd": 4.08,
                "2_odd": 4.58,
                "1X_odd": 1.198,
                "12_odd": 1.238,
                "X2_odd": 2.133,
                "both_score_odd": 1.64,
                "both_noscore_odd": 2.148,
                "over_0.5_odd": 1.019,
                "over_1.0_odd": 1.02,
                "over_1.5_odd": 1.169,
                "over_2.0_odd": 1.28,
                "over_2.5_odd": 1.68,
                "over_3.0_odd": 2.04,
                "over_3.5_odd": 2.56,
                "over_4.0_odd": 3.86,
                "over_4.5_odd": 4.55,
                "over_5.0_odd": 7.9,
                "over_5.5_odd": 8.5,
                "over_6.5_odd": 21,
                "over_7.5_odd": 41,
                "under_0.5_odd": 14.8,
                "under_1.0_odd": 11,
                "under_1.5_odd": 4.2,
                "under_2.0_odd": 3.32,
                "under_2.5_odd": 2.213,
                "under_3.0_odd": 1.69,
                "under_3.5_odd": 1.42,
                "under_4.0_odd": 1.181,
                "under_4.5_odd": 1.13,
                "under_5.0_odd": 1.022,
                "under_5.5_odd": 1.012,
                "under_6.5_odd": 1.015,
                "under_7.5_odd": 1.004,
                "over_1.25_odd": 1.079,
                "over_1.75_odd": 1.22,
                "over_2.25_odd": 1.46,
                "over_2.75_odd": 1.8,
                "over_3.25_odd": 2.3,
                "over_3.75_odd": 3.02,
                "over_4.25_odd": 4.2,
                "over_4.75_odd": 5.7,
                "under_1.25_odd": 5.75,
                "under_1.75_odd": 3.72,
                "under_2.25_odd": 2.55,
                "under_2.75_odd": 1.92,
                "under_3.25_odd": 1.53,
                "under_3.75_odd": 1.3,
                "under_4.25_odd": 1.153,
                "under_4.75_odd": 1.076,
                "home_handicap_-3.5_odd": 11,
                "home_handicap_-3.0_odd": 9.9,
                "home_handicap_-2.5_odd": 5.2,
                "home_handicap_-2.0_odd": 4.5,
                "home_handicap_-1.5_odd": 2.77,
                "home_handicap_-1.0_odd": 2.21,
                "home_handicap_0.0_odd": 1.27,
                "home_handicap_1.0_odd": 1.012,
                "home_handicap_1.5_odd": 1.04,
                "away_handicap_3.5_odd": 1.02,
                "away_handicap_3.0_odd": 1.03,
                "away_handicap_2.5_odd": 1.095,
                "away_handicap_2.0_odd": 1.142,
                "away_handicap_1.5_odd": 1.38,
                "away_handicap_1.0_odd": 1.65,
                "away_handicap_0.0_odd": 3.28,
                "away_handicap_-1.0_odd": 8.5,
                "away_handicap_-1.5_odd": 9.4,
                "home_handicap_-2.75_odd": 6.7,
                "home_handicap_-2.25_odd": 4.85,
                "home_handicap_-1.75_odd": 3.35,
                "home_handicap_-1.25_odd": 2.47,
                "home_handicap_-0.75_odd": 1.84,
                "home_handicap_-0.25_odd": 1.46,
                "home_handicap_0.25_odd": 1.21,
                "home_handicap_0.75_odd": 1.086,
                "away_handicap_2.75_odd": 1.046,
                "away_handicap_2.25_odd": 1.114,
                "away_handicap_1.75_odd": 1.26,
                "away_handicap_1.25_odd": 1.48,
                "away_handicap_0.75_odd": 1.87,
                "away_handicap_0.25_odd": 2.49,
                "away_handicap_-0.25_odd": 3.68,
                "away_handicap_-0.75_odd": 5.45,
                "home_over_0.5_odd": 1.102,
                "home_over_1.0_odd": 1.196,
                "home_over_1.5_odd": 1.68,
                "home_over_2.0_odd": 2.29,
                "home_over_2.5_odd": 3.02,
                "home_over_3.0_odd": 5.45,
                "home_over_3.5_odd": 6.3,
                "home_under_0.5_odd": 5.75,
                "home_under_1.0_odd": 4.35,
                "home_under_1.5_odd": 2.16,
                "home_under_2.0_odd": 1.59,
                "home_under_2.5_odd": 1.34,
                "home_under_3.0_odd": 1.104,
                "home_under_3.5_odd": 1.068,
                "home_over_0.75_odd": 1.143,
                "home_over_1.25_odd": 1.44,
                "home_over_1.75_odd": 1.89,
                "home_over_2.25_odd": 2.66,
                "home_under_0.75_odd": 5.1,
                "home_under_1.25_odd": 2.74,
                "home_under_1.75_odd": 1.89,
                "home_under_2.25_odd": 1.44,
                "away_over_0.5_odd": 1.42,
                "away_over_1.0_odd": 2.04,
                "away_over_1.5_odd": 3.14,
                "away_over_2.0_odd": 7,
                "away_over_2.5_odd": 8.3,
                "away_under_0.5_odd": 2.65,
                "away_under_1.0_odd": 1.76,
                "away_under_1.5_odd": 1.34,
                "away_under_2.0_odd": 1.071,
                "away_under_2.5_odd": 1.04,
                "away_over_0.75_odd": 1.63,
                "away_over_1.25_odd": 2.6,
                "away_over_1.75_odd": 4.1,
                "away_over_2.25_odd": 7.5,
                "away_over_2.75_odd": 11.5,
                "away_under_0.75_odd": 2.24,
                "away_under_1.25_odd": 1.48,
                "away_under_1.75_odd": 1.21,
                "away_under_2.25_odd": 1.07,
                "away_under_2.75_odd": 1.005
            },
            {
                "match_id": 634505389,
                "date": "27/07/2025",
                "time": "15:00",
                "home_team": "Oud-Heverlee Leuven",
                "away_team": "R. Charleroi",
                "1_odd": 2.912,
                "draw_odd": 3.405,
                "2_odd": 2.438,
                "1X_odd": 1.556,
                "12_odd": 1.317,
                "X2_odd": 1.41,
                "both_score_odd": 1.65,
                "both_noscore_odd": 2.132,
                "over_0.5_odd": 1.008,
                "over_1.0_odd": 1.024,
                "over_1.5_odd": 1.24,
                "over_2.0_odd": 1.39,
                "over_2.5_odd": 1.871,
                "over_3.0_odd": 2.375,
                "over_3.5_odd": 2.92,
                "over_4.0_odd": 4.65,
                "over_4.5_odd": 5.3,
                "over_5.0_odd": 9.1,
                "over_5.5_odd": 11,
                "over_6.5_odd": 26,
                "over_7.5_odd": 50,
                "under_0.5_odd": 8.8,
                "under_1.0_odd": 7.8,
                "under_1.5_odd": 3.48,
                "under_2.0_odd": 2.75,
                "under_2.5_odd": 1.951,
                "under_3.0_odd": 1.51,
                "under_3.5_odd": 1.33,
                "under_4.0_odd": 1.123,
                "under_4.5_odd": 1.09,
                "under_5.0_odd": 1.004,
                "under_5.5_odd": 1.02,
                "under_6.5_odd": 1.01,
                "under_7.5_odd": 1.002,
                "over_0.75_odd": 1.015,
                "over_1.25_odd": 1.13,
                "over_1.75_odd": 1.3,
                "over_2.25_odd": 1.61,
                "over_2.75_odd": 2.03,
                "over_3.25_odd": 2.67,
                "over_3.75_odd": 3.48,
                "over_4.25_odd": 5,
                "under_0.75_odd": 8.3,
                "under_1.25_odd": 4.65,
                "under_1.75_odd": 3.125,
                "under_2.25_odd": 2.2,
                "under_2.75_odd": 1.71,
                "under_3.25_odd": 1.4,
                "under_3.75_odd": 1.23,
                "under_4.25_odd": 1.105,
                "home_handicap_-2.5_odd": 12.5,
                "home_handicap_-2.0_odd": 11.5,
                "home_handicap_-1.5_odd": 5.45,
                "home_handicap_-1.0_odd": 4.7,
                "home_handicap_0.0_odd": 2.086,
                "home_handicap_1.0_odd": 1.222,
                "home_handicap_1.5_odd": 1.142,
                "home_handicap_2.0_odd": 1.017,
                "home_handicap_2.5_odd": 1.007,
                "away_handicap_2.5_odd": 1.01,
                "away_handicap_2.0_odd": 1.02,
                "away_handicap_1.5_odd": 1.086,
                "away_handicap_1.0_odd": 1.137,
                "away_handicap_0.0_odd": 1.762,
                "away_handicap_-1.0_odd": 3.65,
                "away_handicap_-1.5_odd": 4.4,
                "away_handicap_-2.0_odd": 8.2,
                "away_handicap_-2.5_odd": 8.9,
                "home_handicap_-1.75_odd": 7.1,
                "home_handicap_-1.25_odd": 5.1,
                "home_handicap_-0.75_odd": 3.34,
                "home_handicap_-0.25_odd": 2.375,
                "home_handicap_0.25_odd": 1.72,
                "home_handicap_0.75_odd": 1.39,
                "home_handicap_1.25_odd": 1.177,
                "home_handicap_1.75_odd": 1.079,
                "away_handicap_1.75_odd": 1.038,
                "away_handicap_1.25_odd": 1.109,
                "away_handicap_0.75_odd": 1.27,
                "away_handicap_0.25_odd": 1.52,
                "away_handicap_-0.25_odd": 2.01,
                "away_handicap_-0.75_odd": 2.73,
                "away_handicap_-1.25_odd": 4.05,
                "away_handicap_-1.75_odd": 5.6,
                "home_over_0.5_odd": 1.3,
                "home_over_1.0_odd": 1.59,
                "home_over_1.5_odd": 2.38,
                "home_over_2.0_odd": 4.5,
                "home_over_2.5_odd": 5.9,
                "home_under_0.5_odd": 3.4,
                "home_under_1.0_odd": 2.2,
                "home_under_1.5_odd": 1.54,
                "home_under_2.0_odd": 1.18,
                "home_under_2.5_odd": 1.11,
                "home_over_0.75_odd": 1.43,
                "home_over_1.25_odd": 2.08,
                "home_over_1.75_odd": 3.08,
                "home_over_2.25_odd": 5.2,
                "home_over_2.75_odd": 7.6,
                "home_under_0.75_odd": 2.77,
                "home_under_1.25_odd": 1.727,
                "home_under_1.75_odd": 1.34,
                "home_under_2.25_odd": 1.14,
                "home_under_2.75_odd": 1.046,
                "away_over_0.5_odd": 1.24,
                "away_over_1.0_odd": 1.44,
                "away_over_1.5_odd": 2.14,
                "away_over_2.0_odd": 3.7,
                "away_over_2.5_odd": 4.9,
                "away_over_3.5_odd": 12.5,
                "away_under_0.5_odd": 3.8,
                "away_under_1.0_odd": 2.55,
                "away_under_1.5_odd": 1.66,
                "away_under_2.0_odd": 1.25,
                "away_under_2.5_odd": 1.16,
                "away_under_3.5_odd": 1.01,
                "away_over_0.75_odd": 1.33,
                "away_over_1.25_odd": 1.87,
                "away_over_1.75_odd": 2.72,
                "away_over_2.25_odd": 4.35,
                "away_under_0.75_odd": 3.14,
                "away_under_1.25_odd": 1.909,
                "away_under_1.75_odd": 1.444,
                "away_under_2.25_odd": 1.189
            },
            {
                "match_id": 634505392,
                "date": "27/07/2025",
                "time": "17:30",
                "home_team": "Club Brugge",
                "away_team": "Genk",
                "1_odd": 1.772,
                "draw_odd": 3.965,
                "2_odd": 4.33,
                "1X_odd": 1.217,
                "12_odd": 1.249,
                "X2_odd": 2.047,
                "both_score_odd": 1.66,
                "both_noscore_odd": 2.116,
                "over_0.5_odd": 1.029,
                "over_1.0_odd": 1.03,
                "over_1.5_odd": 1.186,
                "over_2.0_odd": 1.3,
                "over_2.5_odd": 1.73,
                "over_3.0_odd": 2.15,
                "over_3.5_odd": 2.67,
                "over_4.0_odd": 4.15,
                "over_4.5_odd": 4.85,
                "over_5.0_odd": 8.6,
                "over_5.5_odd": 9.2,
                "over_6.5_odd": 21,
                "over_7.5_odd": 50,
                "under_0.5_odd": 14.3,
                "under_1.0_odd": 10.5,
                "under_1.5_odd": 3.98,
                "under_2.0_odd": 3.2,
                "under_2.5_odd": 2.132,
                "under_3.0_odd": 1.62,
                "under_3.5_odd": 1.39,
                "under_4.0_odd": 1.156,
                "under_4.5_odd": 1.113,
                "under_5.0_odd": 1.011,
                "under_5.5_odd": 1.003,
                "under_6.5_odd": 1.015,
                "under_7.5_odd": 1.002,
                "over_1.25_odd": 1.089,
                "over_1.75_odd": 1.24,
                "over_2.25_odd": 1.5,
                "over_2.75_odd": 1.86,
                "over_3.25_odd": 2.42,
                "over_3.75_odd": 3.2,
                "over_4.25_odd": 4.5,
                "over_4.75_odd": 6.1,
                "under_1.25_odd": 5.5,
                "under_1.75_odd": 3.54,
                "under_2.25_odd": 2.44,
                "under_2.75_odd": 1.86,
                "under_3.25_odd": 1.48,
                "under_3.75_odd": 1.27,
                "under_4.25_odd": 1.132,
                "under_4.75_odd": 1.062,
                "home_handicap_-3.5_odd": 11.5,
                "home_handicap_-3.0_odd": 10.5,
                "home_handicap_-2.5_odd": 5.7,
                "home_handicap_-2.0_odd": 5,
                "home_handicap_-1.5_odd": 2.94,
                "home_handicap_-1.0_odd": 2.34,
                "home_handicap_0.0_odd": 1.31,
                "home_handicap_1.0_odd": 1.02,
                "home_handicap_1.5_odd": 1.007,
                "away_handicap_3.5_odd": 1.02,
                "away_handicap_3.0_odd": 1.02,
                "away_handicap_2.5_odd": 1.075,
                "away_handicap_2.0_odd": 1.115,
                "away_handicap_1.5_odd": 1.34,
                "away_handicap_1.0_odd": 1.58,
                "away_handicap_0.0_odd": 3.04,
                "away_handicap_-1.0_odd": 8,
                "away_handicap_-1.5_odd": 8.9,
                "home_handicap_-2.75_odd": 7.4,
                "home_handicap_-2.25_odd": 5.35,
                "home_handicap_-1.75_odd": 3.58,
                "home_handicap_-1.25_odd": 2.62,
                "home_handicap_-0.75_odd": 1.92,
                "home_handicap_-0.25_odd": 1.51,
                "home_handicap_0.25_odd": 1.23,
                "home_handicap_0.75_odd": 1.101,
                "away_handicap_2.75_odd": 1.031,
                "away_handicap_2.25_odd": 1.091,
                "away_handicap_1.75_odd": 1.23,
                "away_handicap_1.25_odd": 1.43,
                "away_handicap_0.75_odd": 1.79,
                "away_handicap_0.25_odd": 2.36,
                "away_handicap_-0.25_odd": 3.5,
                "away_handicap_-0.75_odd": 5.1,
                "home_over_0.5_odd": 1.118,
                "home_over_1.0_odd": 1.23,
                "home_over_1.5_odd": 1.75,
                "home_over_2.0_odd": 2.48,
                "home_over_2.5_odd": 3.25,
                "home_over_3.0_odd": 6.15,
                "home_over_3.5_odd": 7,
                "home_under_0.5_odd": 5.35,
                "home_under_1.0_odd": 3.96,
                "home_under_1.5_odd": 2.05,
                "home_under_2.0_odd": 1.51,
                "home_under_2.5_odd": 1.3,
                "home_under_3.0_odd": 1.08,
                "home_under_3.5_odd": 1.05,
                "home_over_0.75_odd": 1.164,
                "home_over_1.25_odd": 1.49,
                "home_over_1.75_odd": 2,
                "home_over_2.25_odd": 2.89,
                "home_under_0.75_odd": 4.75,
                "home_under_1.25_odd": 2.57,
                "home_under_1.75_odd": 1.79,
                "home_under_2.25_odd": 1.38,
                "away_over_0.5_odd": 1.41,
                "away_over_1.0_odd": 2.01,
                "away_over_1.5_odd": 3.08,
                "away_over_2.0_odd": 6.9,
                "away_over_2.5_odd": 8.2,
                "away_under_0.5_odd": 2.69,
                "away_under_1.0_odd": 1.78,
                "away_under_1.5_odd": 1.35,
                "away_under_2.0_odd": 1.073,
                "away_under_2.5_odd": 1.041,
                "away_over_0.75_odd": 1.615,
                "away_over_1.25_odd": 2.57,
                "away_over_1.75_odd": 4.1,
                "away_over_2.25_odd": 7.2,
                "away_over_2.75_odd": 11.2,
                "away_under_0.75_odd": 2.27,
                "away_under_1.25_odd": 1.49,
                "away_under_1.75_odd": 1.21,
                "away_under_2.25_odd": 1.08,
                "away_under_2.75_odd": 1.006
            },
            {
                "match_id": 634505386,
                "date": "27/07/2025",
                "time": "18:15",
                "home_team": "Sint-Truidense",
                "away_team": "Gent",
                "1_odd": 2.085,
                "draw_odd": 3.745,
                "2_odd": 3.325,
                "1X_odd": 1.33,
                "12_odd": 1.272,
                "X2_odd": 1.745,
                "both_score_odd": 1.57,
                "both_noscore_odd": 2.281,
                "over_0.5_odd": 1.029,
                "over_1.0_odd": 1.03,
                "over_1.5_odd": 1.165,
                "over_2.0_odd": 1.28,
                "over_2.5_odd": 1.71,
                "over_3.0_odd": 2.12,
                "over_3.5_odd": 2.67,
                "over_4.0_odd": 4.25,
                "over_4.5_odd": 5.05,
                "over_5.0_odd": 7.4,
                "over_5.5_odd": 9,
                "over_6.5_odd": 21,
                "over_7.5_odd": 41,
                "under_0.5_odd": 14.3,
                "under_1.0_odd": 10.5,
                "under_1.5_odd": 4.25,
                "under_2.0_odd": 3.32,
                "under_2.5_odd": 2.163,
                "under_3.0_odd": 1.64,
                "under_3.5_odd": 1.39,
                "under_4.0_odd": 1.149,
                "under_4.5_odd": 1.102,
                "under_5.0_odd": 1.07,
                "under_5.5_odd": 1.04,
                "under_6.5_odd": 1.015,
                "under_7.5_odd": 1.004,
                "over_1.25_odd": 1.069,
                "over_1.75_odd": 1.22,
                "over_2.25_odd": 1.48,
                "over_2.75_odd": 1.85,
                "over_3.25_odd": 2.4,
                "over_3.75_odd": 3.2,
                "over_4.25_odd": 4.65,
                "over_4.75_odd": 6.55,
                "under_1.25_odd": 6.05,
                "under_1.75_odd": 3.72,
                "under_2.25_odd": 2.49,
                "under_2.75_odd": 1.87,
                "under_3.25_odd": 1.49,
                "under_3.75_odd": 1.27,
                "under_4.25_odd": 1.123,
                "under_4.75_odd": 1.05,
                "home_handicap_-2.5_odd": 8.5,
                "home_handicap_-2.0_odd": 7.4,
                "home_handicap_-1.5_odd": 3.78,
                "home_handicap_-1.0_odd": 2.99,
                "home_handicap_0.0_odd": 1.54,
                "home_handicap_1.0_odd": 1.075,
                "home_handicap_1.5_odd": 1.036,
                "home_handicap_2.0_odd": 1.01,
                "away_handicap_2.5_odd": 1.013,
                "away_handicap_2.0_odd": 1.03,
                "away_handicap_1.5_odd": 1.191,
                "away_handicap_1.0_odd": 1.32,
                "away_handicap_0.0_odd": 2.44,
                "away_handicap_-1.0_odd": 6.15,
                "away_handicap_-1.5_odd": 7.2,
                "away_handicap_-2.0_odd": 13.5,
                "home_handicap_-2.25_odd": 7.9,
                "home_handicap_-1.75_odd": 4.9,
                "home_handicap_-1.25_odd": 3.35,
                "home_handicap_-0.75_odd": 2.34,
                "home_handicap_-0.25_odd": 1.77,
                "home_handicap_0.25_odd": 1.39,
                "home_handicap_0.75_odd": 1.19,
                "home_handicap_1.25_odd": 1.054,
                "away_handicap_2.25_odd": 1.021,
                "away_handicap_1.75_odd": 1.11,
                "away_handicap_1.25_odd": 1.25,
                "away_handicap_0.75_odd": 1.52,
                "away_handicap_0.25_odd": 1.94,
                "away_handicap_-0.25_odd": 2.77,
                "away_handicap_-0.75_odd": 4.1,
                "away_handicap_-1.25_odd": 6.7,
                "home_over_0.5_odd": 1.16,
                "home_over_1.0_odd": 1.29,
                "home_over_1.5_odd": 1.84,
                "home_over_2.0_odd": 2.8,
                "home_over_2.5_odd": 3.8,
                "home_over_3.5_odd": 8.8,
                "home_under_0.5_odd": 4.8,
                "home_under_1.0_odd": 3.3,
                "home_under_1.5_odd": 1.9,
                "home_under_2.0_odd": 1.41,
                "home_under_2.5_odd": 1.25,
                "home_under_3.5_odd": 1.05,
                "home_over_0.75_odd": 1.21,
                "home_over_1.25_odd": 1.615,
                "home_over_1.75_odd": 2.26,
                "home_over_2.25_odd": 3.45,
                "home_under_0.75_odd": 4.1,
                "home_under_1.25_odd": 2.27,
                "home_under_1.75_odd": 1.62,
                "home_under_2.25_odd": 1.28,
                "away_over_0.5_odd": 1.31,
                "away_over_1.0_odd": 1.63,
                "away_over_1.5_odd": 2.45,
                "away_over_2.0_odd": 4.8,
                "away_over_2.5_odd": 6.2,
                "away_under_0.5_odd": 3.2,
                "away_under_1.0_odd": 2.14,
                "away_under_1.5_odd": 1.51,
                "away_under_2.0_odd": 1.16,
                "away_under_2.5_odd": 1.1,
                "away_over_0.75_odd": 1.43,
                "away_over_1.25_odd": 2.12,
                "away_over_1.75_odd": 3.25,
                "away_over_2.25_odd": 5.5,
                "away_over_2.75_odd": 9.3,
                "away_under_0.75_odd": 2.77,
                "away_under_1.25_odd": 1.7,
                "away_under_1.75_odd": 1.31,
                "away_under_2.25_odd": 1.13,
                "away_under_2.75_odd": 1.019
            },
            {
                "match_id": 637958404,
                "date": "26/07/2025",
                "time": "15:00",
                "home_team": "Home",
                "away_team": "Away",
                "1_odd": 2.506,
                "draw_odd": 6.1,
                "2_odd": 1.93,
                "1X_odd": 1.888,
                "12_odd": 1.103,
                "X2_odd": 1.494,
                "over_5.5_odd": 1.164,
                "over_6.5_odd": 1.355,
                "over_7.5_odd": 1.65,
                "over_8.5_odd": 2.091,
                "over_9.5_odd": 2.792,
                "over_10.5_odd": 4.035,
                "over_11.5_odd": 6.28,
                "under_5.5_odd": 5.16,
                "under_6.5_odd": 3.175,
                "under_7.5_odd": 2.24,
                "under_8.5_odd": 1.758,
                "under_9.5_odd": 1.44,
                "under_10.5_odd": 1.242,
                "under_11.5_odd": 1.119,
                "over_5.75_odd": 1.179,
                "over_6.25_odd": 1.277,
                "over_6.75_odd": 1.393,
                "over_7.25_odd": 1.547,
                "over_7.75_odd": 1.731,
                "over_8.25_odd": 1.967,
                "over_8.75_odd": 2.243,
                "over_9.25_odd": 2.631,
                "over_9.75_odd": 3.13,
                "over_10.25_odd": 3.835,
                "over_10.75_odd": 4.715,
                "over_11.25_odd": 6.04,
                "under_5.75_odd": 4.89,
                "under_6.25_odd": 3.71,
                "under_6.75_odd": 2.984,
                "under_7.25_odd": 2.462,
                "under_7.75_odd": 2.105,
                "under_8.25_odd": 1.856,
                "under_8.75_odd": 1.648,
                "under_9.25_odd": 1.487,
                "under_9.75_odd": 1.364,
                "under_10.25_odd": 1.262,
                "under_10.75_odd": 1.19,
                "under_11.25_odd": 1.127,
                "home_handicap_-2.5_odd": 5.81,
                "home_handicap_-2.0_odd": 5.28,
                "home_handicap_-1.5_odd": 3.62,
                "home_handicap_-1.0_odd": 3.21,
                "home_handicap_1.0_odd": 1.661,
                "home_handicap_1.5_odd": 1.53,
                "home_handicap_2.0_odd": 1.341,
                "home_handicap_2.5_odd": 1.282,
                "home_handicap_3.0_odd": 1.155,
                "home_handicap_3.5_odd": 1.133,
                "away_handicap_2.5_odd": 1.135,
                "away_handicap_2.0_odd": 1.158,
                "away_handicap_1.5_odd": 1.288,
                "away_handicap_1.0_odd": 1.349,
                "away_handicap_-1.0_odd": 2.22,
                "away_handicap_-1.5_odd": 2.542,
                "away_handicap_-2.0_odd": 3.26,
                "away_handicap_-2.5_odd": 3.67,
                "away_handicap_-3.0_odd": 5.35,
                "away_handicap_-3.5_odd": 5.87,
                "home_handicap_-2.75_odd": 7.19,
                "home_handicap_-2.25_odd": 5.55,
                "home_handicap_-1.75_odd": 4.245,
                "home_handicap_-1.25_odd": 3.415,
                "home_handicap_1.25_odd": 1.592,
                "home_handicap_1.75_odd": 1.44,
                "home_handicap_2.25_odd": 1.309,
                "home_handicap_2.75_odd": 1.219,
                "home_handicap_3.25_odd": 1.143,
                "home_handicap_3.75_odd": 1.093,
                "away_handicap_2.75_odd": 1.094,
                "away_handicap_2.25_odd": 1.146,
                "away_handicap_1.75_odd": 1.224,
                "away_handicap_1.25_odd": 1.316,
                "away_handicap_-1.25_odd": 2.386,
                "away_handicap_-1.75_odd": 2.834,
                "away_handicap_-2.25_odd": 3.465,
                "away_handicap_-2.75_odd": 4.305,
                "away_handicap_-3.25_odd": 5.61,
                "away_handicap_-3.75_odd": 7.25,
                "home_over_2.0_odd": 1.094,
                "home_over_2.5_odd": 1.307,
                "home_over_3.0_odd": 1.428,
                "home_over_3.5_odd": 1.757,
                "home_over_4.0_odd": 2.124,
                "home_over_4.5_odd": 2.568,
                "home_over_5.0_odd": 3.695,
                "home_over_5.5_odd": 4.31,
                "home_over_6.0_odd": 7.49,
                "home_over_6.5_odd": 8.25,
                "home_under_2.0_odd": 7.21,
                "home_under_2.5_odd": 3.475,
                "home_under_3.0_odd": 2.838,
                "home_under_3.5_odd": 2.068,
                "home_under_4.0_odd": 1.719,
                "home_under_4.5_odd": 1.508,
                "home_under_5.0_odd": 1.279,
                "home_under_5.5_odd": 1.218,
                "home_under_6.0_odd": 1.088,
                "home_under_6.5_odd": 1.073,
                "home_over_2.25_odd": 1.202,
                "home_over_2.75_odd": 1.359,
                "home_over_3.25_odd": 1.598,
                "home_over_3.75_odd": 1.903,
                "home_over_4.25_odd": 2.345,
                "home_over_4.75_odd": 2.975,
                "home_over_5.25_odd": 4,
                "home_over_5.75_odd": 5.38,
                "home_over_6.25_odd": 7.85,
                "home_under_2.25_odd": 4.525,
                "home_under_2.75_odd": 3.155,
                "home_under_3.25_odd": 2.343,
                "home_under_3.75_odd": 1.897,
                "home_under_4.25_odd": 1.597,
                "home_under_4.75_odd": 1.396,
                "home_under_5.25_odd": 1.245,
                "home_under_5.75_odd": 1.154,
                "home_under_6.25_odd": 1.08,
                "away_over_2.5_odd": 1.196,
                "away_over_3.0_odd": 1.26,
                "away_over_3.5_odd": 1.526,
                "away_over_4.0_odd": 1.74,
                "away_over_4.5_odd": 2.086,
                "away_over_5.0_odd": 2.684,
                "away_over_5.5_odd": 3.17,
                "away_over_6.0_odd": 4.83,
                "away_over_6.5_odd": 5.47,
                "away_under_2.5_odd": 4.625,
                "away_under_3.0_odd": 3.86,
                "away_under_3.5_odd": 2.518,
                "away_under_4.0_odd": 2.092,
                "away_under_4.5_odd": 1.744,
                "away_under_5.0_odd": 1.471,
                "away_under_5.5_odd": 1.356,
                "away_under_6.0_odd": 1.182,
                "away_under_6.5_odd": 1.149,
                "away_over_2.75_odd": 1.224,
                "away_over_3.25_odd": 1.396,
                "away_over_3.75_odd": 1.616,
                "away_over_4.25_odd": 1.916,
                "away_over_4.75_odd": 2.315,
                "away_over_5.25_odd": 2.927,
                "away_over_5.75_odd": 3.765,
                "away_over_6.25_odd": 5.15,
                "away_under_2.75_odd": 4.245,
                "away_under_3.25_odd": 2.974,
                "away_under_3.75_odd": 2.304,
                "away_under_4.25_odd": 1.885,
                "away_under_4.75_odd": 1.611,
                "away_under_5.25_odd": 1.406,
                "away_under_5.75_odd": 1.271,
                "away_under_6.25_odd": 1.165
            },
            {
                "match_id": 634506939,
                "date": "27/07/2025",
                "time": "12:30",
                "home_team": "Home",
                "away_team": "Away",
                "1_odd": 1.537,
                "draw_odd": 8,
                "2_odd": 3.43,
                "1X_odd": 1.27,
                "12_odd": 1.061,
                "X2_odd": 2.663,
                "over_7.5_odd": 1.087,
                "over_8.5_odd": 1.198,
                "over_9.5_odd": 1.368,
                "over_10.5_odd": 1.613,
                "over_11.5_odd": 1.961,
                "over_12.5_odd": 2.454,
                "over_13.5_odd": 3.26,
                "over_14.5_odd": 4.58,
                "over_15.5_odd": 6.8,
                "under_7.5_odd": 7.5,
                "under_8.5_odd": 4.58,
                "under_9.5_odd": 3.105,
                "under_10.5_odd": 2.311,
                "under_11.5_odd": 1.861,
                "under_12.5_odd": 1.55,
                "under_13.5_odd": 1.341,
                "under_14.5_odd": 1.198,
                "under_15.5_odd": 1.104,
                "over_7.75_odd": 1.093,
                "over_8.25_odd": 1.149,
                "over_8.75_odd": 1.214,
                "over_9.25_odd": 1.3,
                "over_9.75_odd": 1.401,
                "over_10.25_odd": 1.528,
                "over_10.75_odd": 1.677,
                "over_11.25_odd": 1.863,
                "over_11.75_odd": 2.062,
                "over_12.25_odd": 2.331,
                "over_12.75_odd": 2.667,
                "over_13.25_odd": 3.11,
                "over_13.75_odd": 3.655,
                "over_14.25_odd": 4.4,
                "over_14.75_odd": 5.3,
                "over_15.25_odd": 6.59,
                "under_7.75_odd": 7.25,
                "under_8.25_odd": 5.47,
                "under_8.75_odd": 4.37,
                "under_9.25_odd": 3.525,
                "under_9.75_odd": 2.949,
                "under_10.25_odd": 2.511,
                "under_10.75_odd": 2.192,
                "under_11.25_odd": 1.959,
                "under_11.75_odd": 1.761,
                "under_12.25_odd": 1.603,
                "under_12.75_odd": 1.476,
                "under_13.25_odd": 1.368,
                "under_13.75_odd": 1.284,
                "under_14.25_odd": 1.211,
                "under_14.75_odd": 1.157,
                "under_15.25_odd": 1.11,
                "home_handicap_-5.5_odd": 6.36,
                "home_handicap_-5.0_odd": 5.91,
                "home_handicap_-4.5_odd": 4.2,
                "home_handicap_-4.0_odd": 3.835,
                "home_handicap_-3.5_odd": 2.977,
                "home_handicap_-3.0_odd": 2.682,
                "home_handicap_-2.5_odd": 2.256,
                "home_handicap_-2.0_odd": 2.025,
                "home_handicap_-1.5_odd": 1.827,
                "home_handicap_-1.0_odd": 1.628,
                "home_handicap_1.0_odd": 1.19,
                "home_handicap_1.5_odd": 1.166,
                "home_handicap_2.0_odd": 1.084,
                "home_handicap_2.5_odd": 1.075,
                "away_handicap_5.5_odd": 1.117,
                "away_handicap_5.0_odd": 1.132,
                "away_handicap_4.5_odd": 1.227,
                "away_handicap_4.0_odd": 1.263,
                "away_handicap_3.5_odd": 1.395,
                "away_handicap_3.0_odd": 1.471,
                "away_handicap_2.5_odd": 1.641,
                "away_handicap_2.0_odd": 1.79,
                "away_handicap_1.5_odd": 2.001,
                "away_handicap_1.0_odd": 2.28,
                "away_handicap_-1.0_odd": 4.715,
                "away_handicap_-1.5_odd": 5.13,
                "away_handicap_-2.0_odd": 7.65,
                "away_handicap_-2.5_odd": 8.15,
                "home_handicap_-5.75_odd": 7.65,
                "home_handicap_-5.25_odd": 6.14,
                "home_handicap_-4.75_odd": 4.875,
                "home_handicap_-4.25_odd": 4.02,
                "home_handicap_-3.75_odd": 3.325,
                "home_handicap_-3.25_odd": 2.829,
                "home_handicap_-2.75_odd": 2.435,
                "home_handicap_-2.25_odd": 2.14,
                "home_handicap_-1.75_odd": 1.919,
                "home_handicap_-1.25_odd": 1.734,
                "home_handicap_1.25_odd": 1.177,
                "home_handicap_1.75_odd": 1.125,
                "home_handicap_2.25_odd": 1.079,
                "away_handicap_5.75_odd": 1.085,
                "away_handicap_5.25_odd": 1.124,
                "away_handicap_4.75_odd": 1.179,
                "away_handicap_4.25_odd": 1.244,
                "away_handicap_3.75_odd": 1.33,
                "away_handicap_3.25_odd": 1.43,
                "away_handicap_2.75_odd": 1.558,
                "away_handicap_2.25_odd": 1.708,
                "away_handicap_1.75_odd": 1.901,
                "away_handicap_1.25_odd": 2.126,
                "away_handicap_-1.25_odd": 4.925,
                "away_handicap_-1.75_odd": 6.1,
                "away_handicap_-2.25_odd": 7.9,
                "home_over_3.5_odd": 1.074,
                "home_over_4.0_odd": 1.091,
                "home_over_4.5_odd": 1.231,
                "home_over_5.0_odd": 1.288,
                "home_over_5.5_odd": 1.498,
                "home_over_6.0_odd": 1.651,
                "home_over_6.5_odd": 1.912,
                "home_over_7.0_odd": 2.255,
                "home_over_7.5_odd": 2.595,
                "home_over_8.0_odd": 3.41,
                "home_over_8.5_odd": 3.85,
                "home_over_9.0_odd": 5.71,
                "home_over_9.5_odd": 6.25,
                "home_under_3.5_odd": 8.2,
                "home_under_4.0_odd": 7.36,
                "home_under_4.5_odd": 4.16,
                "home_under_5.0_odd": 3.615,
                "home_under_5.5_odd": 2.596,
                "home_under_6.0_odd": 2.238,
                "home_under_6.5_odd": 1.888,
                "home_under_7.0_odd": 1.642,
                "home_under_7.5_odd": 1.499,
                "home_under_8.0_odd": 1.316,
                "home_under_8.5_odd": 1.261,
                "home_under_9.0_odd": 1.139,
                "home_under_9.5_odd": 1.12,
                "home_over_3.75_odd": 1.082,
                "home_over_4.25_odd": 1.162,
                "home_over_4.75_odd": 1.257,
                "home_over_5.25_odd": 1.395,
                "home_over_5.75_odd": 1.565,
                "home_over_6.25_odd": 1.785,
                "home_over_6.75_odd": 2.053,
                "home_over_7.25_odd": 2.425,
                "home_over_7.75_odd": 2.916,
                "home_over_8.25_odd": 3.63,
                "home_over_8.75_odd": 4.545,
                "home_over_9.25_odd": 5.98,
                "home_under_3.75_odd": 7.75,
                "home_under_4.25_odd": 5.21,
                "home_under_4.75_odd": 3.89,
                "home_under_5.25_odd": 2.976,
                "home_under_5.75_odd": 2.417,
                "home_under_6.25_odd": 2.03,
                "home_under_6.75_odd": 1.768,
                "home_under_7.25_odd": 1.562,
                "home_under_7.75_odd": 1.409,
                "home_under_8.25_odd": 1.286,
                "home_under_8.75_odd": 1.201,
                "home_under_9.25_odd": 1.129,
                "away_over_2.5_odd": 1.118,
                "away_over_3.0_odd": 1.151,
                "away_over_3.5_odd": 1.359,
                "away_over_4.0_odd": 1.484,
                "away_over_4.5_odd": 1.778,
                "away_over_5.0_odd": 2.106,
                "away_over_5.5_odd": 2.49,
                "away_over_6.0_odd": 3.39,
                "away_over_6.5_odd": 3.91,
                "away_over_7.0_odd": 6.23,
                "away_over_7.5_odd": 6.89,
                "away_under_2.5_odd": 6.31,
                "away_under_3.0_odd": 5.42,
                "away_under_3.5_odd": 3.155,
                "away_under_4.0_odd": 2.641,
                "away_under_4.5_odd": 2.039,
                "away_under_5.0_odd": 1.731,
                "away_under_5.5_odd": 1.536,
                "away_under_6.0_odd": 1.32,
                "away_under_6.5_odd": 1.255,
                "away_under_7.0_odd": 1.121,
                "away_under_7.5_odd": 1.102,
                "away_over_2.75_odd": 1.133,
                "away_over_3.25_odd": 1.257,
                "away_over_3.75_odd": 1.413,
                "away_over_4.25_odd": 1.635,
                "away_over_4.75_odd": 1.912,
                "away_over_5.25_odd": 2.297,
                "away_over_5.75_odd": 2.83,
                "away_over_6.25_odd": 3.65,
                "away_over_6.75_odd": 4.735,
                "away_over_7.25_odd": 6.56,
                "away_under_2.75_odd": 5.87,
                "away_under_3.25_odd": 3.89,
                "away_under_3.75_odd": 2.898,
                "away_under_4.25_odd": 2.267,
                "away_under_4.75_odd": 1.888,
                "away_under_5.25_odd": 1.62,
                "away_under_5.75_odd": 1.43,
                "away_under_6.25_odd": 1.284,
                "away_under_6.75_odd": 1.188,
                "away_under_7.25_odd": 1.111
            }
        ]
    }
]