[
    {
        "last_updated": "2025-07-24T20:45:23.930948+01:00"
    },
    {
        "tournament_id": 2042730,
        "tournament_name": "A PFG. Statistics Round",
        "matches": [
            {
                "match_id": 639517353,
                "date": "25/07/2025",
                "time": "19:00",
                "home_team": "Home",
                "away_team": "Away",
                "1_odd": 2.1,
                "draw_odd": 10,
                "2_odd": 1.97,
                "1X_odd": 1.75,
                "12_odd": 1.02,
                "X2_odd": 1.65,
                "over_17.5_odd": 1.26,
                "over_18.5_odd": 1.4,
                "over_19.5_odd": 1.57,
                "over_20.5_odd": 1.8,
                "over_21.5_odd": 2.1,
                "over_22.5_odd": 2.5,
                "over_23.5_odd": 3,
                "under_17.5_odd": 3.45,
                "under_18.5_odd": 2.7,
                "under_19.5_odd": 2.25,
                "under_20.5_odd": 1.9,
                "under_21.5_odd": 1.65,
                "under_22.5_odd": 1.47,
                "under_23.5_odd": 1.33,
                "home_handicap_-3.5_odd": 3.8,
                "home_handicap_-2.5_odd": 3,
                "home_handicap_-1.5_odd": 2.5,
                "home_handicap_1.5_odd": 1.55,
                "home_handicap_2.5_odd": 1.37,
                "home_handicap_3.5_odd": 1.25,
                "home_handicap_4.5_odd": 1.16,
                "away_handicap_3.5_odd": 1.22,
                "away_handicap_2.5_odd": 1.33,
                "away_handicap_1.5_odd": 1.47,
                "away_handicap_-1.5_odd": 2.3,
                "away_handicap_-2.5_odd": 2.85,
                "away_handicap_-3.5_odd": 3.55,
                "away_handicap_-4.5_odd": 4.5,
                "home_over_9.5_odd": 1.67,
                "home_over_10.5_odd": 2.1,
                "home_over_11.5_odd": 2.7,
                "home_under_9.5_odd": 2.07,
                "home_under_10.5_odd": 1.65,
                "home_under_11.5_odd": 1.4,
                "away_over_9.5_odd": 1.57,
                "away_over_10.5_odd": 1.93,
                "away_over_11.5_odd": 2.52,
                "away_under_9.5_odd": 2.25,
                "away_under_10.5_odd": 1.77,
                "away_under_11.5_odd": 1.46
            }
        ]
    },
    {
        "tournament_id": 30037,
        "tournament_name": "A PFG",
        "matches": [
            {
                "match_id": 638984034,
                "date": "25/07/2025",
                "time": "18:30",
                "home_team": "Botev Vratsa",
                "away_team": "Ludogorets 1945",
                "1_odd": 8.4,
                "draw_odd": 4.4,
                "2_odd": 1.4,
                "1X_odd": 2.91,
                "12_odd": 1.195,
                "X2_odd": 1.057,
                "both_score_odd": 2.23,
                "both_noscore_odd": 1.595,
                "over_0.5_odd": 1.011,
                "over_1.0_odd": 1.012,
                "over_1.5_odd": 1.26,
                "over_2.0_odd": 1.444,
                "over_2.5_odd": 1.96,
                "over_3.0_odd": 2.68,
                "over_3.5_odd": 3.35,
                "over_4.0_odd": 6.05,
                "over_4.5_odd": 6.95,
                "over_5.0_odd": 9,
                "over_5.5_odd": 15,
                "over_6.5_odd": 29,
                "under_0.5_odd": 10.9,
                "under_1.0_odd": 8.5,
                "under_1.5_odd": 3.22,
                "under_2.0_odd": 2.5,
                "under_2.5_odd": 1.81,
                "under_3.0_odd": 1.39,
                "under_3.5_odd": 1.24,
                "under_4.0_odd": 1.064,
                "under_4.5_odd": 1.04,
                "under_5.0_odd": 1.02,
                "under_5.5_odd": 1.03,
                "under_6.5_odd": 1.007,
                "over_1.25_odd": 1.132,
                "over_1.75_odd": 1.33,
                "over_2.25_odd": 1.69,
                "over_2.75_odd": 2.21,
                "over_3.25_odd": 3.04,
                "over_3.75_odd": 4.25,
                "over_4.25_odd": 6.5,
                "over_4.75_odd": 9.3,
                "under_1.25_odd": 4.5,
                "under_1.75_odd": 2.89,
                "under_2.25_odd": 2.02,
                "under_2.75_odd": 1.58,
                "under_3.25_odd": 1.3,
                "under_3.75_odd": 1.15,
                "under_4.25_odd": 1.051,
                "under_4.75_odd": 1.002,
                "home_handicap_0.0_odd": 6.3,
                "home_handicap_1.0_odd": 2.11,
                "home_handicap_1.5_odd": 1.62,
                "home_handicap_2.0_odd": 1.26,
                "home_handicap_2.5_odd": 1.159,
                "home_handicap_3.0_odd": 1.017,
                "home_handicap_3.5_odd": 1.003,
                "away_handicap_0.0_odd": 1.058,
                "away_handicap_-1.0_odd": 1.61,
                "away_handicap_-1.5_odd": 2.23,
                "away_handicap_-2.0_odd": 3.32,
                "away_handicap_-2.5_odd": 4.15,
                "away_handicap_-3.0_odd": 8.2,
                "away_handicap_-3.5_odd": 9.2,
                "home_handicap_0.25_odd": 3.75,
                "home_handicap_0.75_odd": 2.46,
                "home_handicap_1.25_odd": 1.78,
                "home_handicap_1.75_odd": 1.43,
                "home_handicap_2.25_odd": 1.2,
                "home_handicap_2.75_odd": 1.088,
                "home_handicap_3.25_odd": 1.01,
                "away_handicap_-0.25_odd": 1.192,
                "away_handicap_-0.75_odd": 1.44,
                "away_handicap_-1.25_odd": 1.9,
                "away_handicap_-1.75_odd": 2.56,
                "away_handicap_-2.25_odd": 3.72,
                "away_handicap_-2.75_odd": 5.35,
                "away_handicap_-3.25_odd": 8.7,
                "home_over_0.5_odd": 2.05,
                "home_over_1.0_odd": 4.2,
                "home_over_1.5_odd": 5.9,
                "home_under_0.5_odd": 1.77,
                "home_under_1.0_odd": 1.23,
                "home_under_1.5_odd": 1.13,
                "home_over_0.75_odd": 2.52,
                "home_over_1.25_odd": 5.6,
                "home_over_1.75_odd": 10,
                "home_under_0.75_odd": 1.46,
                "home_under_1.25_odd": 1.107,
                "home_under_1.75_odd": 1.006,
                "away_over_0.5_odd": 1.11,
                "away_over_1.0_odd": 1.22,
                "away_over_1.5_odd": 1.73,
                "away_over_2.0_odd": 2.2,
                "away_over_2.5_odd": 2.75,
                "away_over_3.0_odd": 5.3,
                "away_over_3.5_odd": 6.4,
                "away_under_0.5_odd": 6.5,
                "away_under_1.0_odd": 4.3,
                "away_under_1.5_odd": 2.1,
                "away_under_2.0_odd": 1.67,
                "away_under_2.5_odd": 1.45,
                "away_under_3.0_odd": 1.16,
                "away_under_3.5_odd": 1.12,
                "away_over_0.75_odd": 1.101,
                "away_over_1.25_odd": 1.39,
                "away_over_1.75_odd": 1.81,
                "away_over_2.25_odd": 2.54,
                "away_under_0.75_odd": 5.4,
                "away_under_1.25_odd": 2.76,
                "away_under_1.75_odd": 1.89,
                "away_under_2.25_odd": 1.43
            },
            {
                "match_id": 639122807,
                "date": "26/07/2025",
                "time": "17:00",
                "home_team": "Beroe Stara Zagora",
                "away_team": "CSKA Sofia 1948",
                "1_odd": 3.9,
                "draw_odd": 3.28,
                "2_odd": 2,
                "1X_odd": 1.79,
                "12_odd": 1.32,
                "X2_odd": 1.24,
                "both_score_odd": 1.87,
                "both_noscore_odd": 1.851,
                "over_0.5_odd": 1.009,
                "over_1.0_odd": 1.036,
                "over_1.5_odd": 1.3,
                "over_2.0_odd": 1.54,
                "over_2.5_odd": 2.11,
                "over_3.0_odd": 2.99,
                "over_3.5_odd": 3.74,
                "over_4.0_odd": 7.1,
                "over_4.5_odd": 8,
                "over_5.5_odd": 19,
                "over_6.5_odd": 41,
                "under_0.5_odd": 8.7,
                "under_1.0_odd": 7.1,
                "under_1.5_odd": 2.98,
                "under_2.0_odd": 2.26,
                "under_2.5_odd": 1.7,
                "under_3.0_odd": 1.32,
                "under_3.5_odd": 1.195,
                "under_4.0_odd": 1.038,
                "under_4.5_odd": 1.02,
                "under_5.5_odd": 1.025,
                "under_6.5_odd": 1.004,
                "over_0.75_odd": 1.021,
                "over_1.25_odd": 1.168,
                "over_1.75_odd": 1.4,
                "over_2.25_odd": 1.82,
                "over_2.75_odd": 2.41,
                "over_3.25_odd": 3.35,
                "over_3.75_odd": 4.8,
                "over_4.25_odd": 7.5,
                "under_0.75_odd": 7.9,
                "under_1.25_odd": 4.05,
                "under_1.75_odd": 2.61,
                "under_2.25_odd": 1.87,
                "under_2.75_odd": 1.49,
                "under_3.25_odd": 1.25,
                "under_3.75_odd": 1.116,
                "under_4.25_odd": 1.029,
                "home_handicap_-1.5_odd": 8.5,
                "home_handicap_-1.0_odd": 8.7,
                "home_handicap_0.0_odd": 2.72,
                "home_handicap_1.0_odd": 1.37,
                "home_handicap_1.5_odd": 1.21,
                "home_handicap_2.0_odd": 1.027,
                "home_handicap_2.5_odd": 1.009,
                "away_handicap_1.5_odd": 1.05,
                "away_handicap_1.0_odd": 1.01,
                "away_handicap_0.0_odd": 1.363,
                "away_handicap_-1.0_odd": 2.97,
                "away_handicap_-1.5_odd": 3.72,
                "away_handicap_-2.0_odd": 7.6,
                "away_handicap_-2.5_odd": 8.7,
                "home_handicap_-1.25_odd": 9.3,
                "home_handicap_-0.75_odd": 5.1,
                "home_handicap_-0.25_odd": 3.22,
                "home_handicap_0.25_odd": 2.04,
                "home_handicap_0.75_odd": 1.55,
                "home_handicap_1.25_odd": 1.27,
                "home_handicap_1.75_odd": 1.113,
                "home_handicap_2.25_odd": 1.017,
                "away_handicap_1.25_odd": 1.002,
                "away_handicap_0.75_odd": 1.101,
                "away_handicap_0.25_odd": 1.26,
                "away_handicap_-0.25_odd": 1.65,
                "away_handicap_-0.75_odd": 2.25,
                "away_handicap_-1.25_odd": 3.3,
                "away_handicap_-1.75_odd": 4.95,
                "away_handicap_-2.25_odd": 8.2,
                "home_over_0.5_odd": 1.5,
                "home_over_1.0_odd": 2.15,
                "home_over_1.5_odd": 3.2,
                "home_over_2.0_odd": 8,
                "home_over_2.5_odd": 9.9,
                "home_under_0.5_odd": 2.48,
                "home_under_1.0_odd": 1.62,
                "home_under_1.5_odd": 1.31,
                "home_under_2.0_odd": 1.06,
                "home_under_2.5_odd": 1.03,
                "home_over_0.75_odd": 1.72,
                "home_over_1.25_odd": 2.93,
                "home_over_1.75_odd": 4.95,
                "home_over_2.25_odd": 8.9,
                "home_under_0.75_odd": 2,
                "home_under_1.25_odd": 1.35,
                "home_under_1.75_odd": 1.123,
                "home_under_2.25_odd": 1.04,
                "away_over_0.5_odd": 1.23,
                "away_over_1.0_odd": 1.43,
                "away_over_1.5_odd": 2.12,
                "away_over_2.5_odd": 4.8,
                "away_over_3.5_odd": 12,
                "away_under_0.5_odd": 3.9,
                "away_under_1.0_odd": 2.6,
                "away_under_1.5_odd": 1.67,
                "away_under_2.5_odd": 1.16,
                "away_under_3.5_odd": 1.01,
                "away_over_0.75_odd": 1.27,
                "away_over_1.25_odd": 1.78,
                "away_over_1.75_odd": 2.58,
                "away_over_2.25_odd": 4.25,
                "away_under_0.75_odd": 3.28,
                "away_under_1.25_odd": 1.93,
                "away_under_1.75_odd": 1.44,
                "away_under_2.25_odd": 1.168
            },
            {
                "match_id": 639122810,
                "date": "26/07/2025",
                "time": "19:15",
                "home_team": "CSKA Sofia",
                "away_team": "Spartak Varna",
                "1_odd": 1.08,
                "draw_odd": 10.5,
                "2_odd": 23,
                "1X_odd": 1.013,
                "12_odd": 1.032,
                "X2_odd": 7.3,
                "both_score_odd": 2.52,
                "both_noscore_odd": 1.473,
                "over_0.5_odd": 1.01,
                "over_1.0_odd": 1.02,
                "over_1.5_odd": 1.065,
                "over_2.0_odd": 1.095,
                "over_2.5_odd": 1.32,
                "over_3.0_odd": 1.49,
                "over_3.5_odd": 1.909,
                "over_4.0_odd": 2.375,
                "over_4.5_odd": 2.84,
                "over_5.0_odd": 4.3,
                "over_5.5_odd": 4.85,
                "over_6.0_odd": 7.9,
                "over_6.5_odd": 11,
                "over_7.5_odd": 21,
                "over_8.5_odd": 41,
                "under_0.5_odd": 26,
                "under_1.0_odd": 18,
                "under_1.5_odd": 6,
                "under_2.0_odd": 5.2,
                "under_2.5_odd": 2.88,
                "under_3.0_odd": 2.375,
                "under_3.5_odd": 1.86,
                "under_4.0_odd": 1.49,
                "under_4.5_odd": 1.33,
                "under_5.0_odd": 1.147,
                "under_5.5_odd": 1.113,
                "under_6.0_odd": 1.022,
                "under_6.5_odd": 1.05,
                "under_7.5_odd": 1.015,
                "under_8.5_odd": 1.004,
                "over_1.75_odd": 1.078,
                "over_2.25_odd": 1.21,
                "over_2.75_odd": 1.39,
                "over_3.25_odd": 1.69,
                "over_3.75_odd": 2.07,
                "over_4.25_odd": 2.61,
                "over_4.75_odd": 3.34,
                "over_5.25_odd": 4.6,
                "under_1.75_odd": 5.65,
                "under_2.25_odd": 3.58,
                "under_2.75_odd": 2.64,
                "under_3.25_odd": 2.02,
                "under_3.75_odd": 1.66,
                "under_4.25_odd": 1.4,
                "under_4.75_odd": 1.24,
                "under_5.25_odd": 1.128,
                "home_handicap_-5.5_odd": 8.4,
                "home_handicap_-5.0_odd": 7.9,
                "home_handicap_-4.5_odd": 4.8,
                "home_handicap_-4.0_odd": 4.2,
                "home_handicap_-3.5_odd": 2.74,
                "home_handicap_-3.0_odd": 2.29,
                "home_handicap_-2.5_odd": 1.85,
                "home_handicap_-2.0_odd": 1.44,
                "home_handicap_-1.5_odd": 1.29,
                "home_handicap_-1.0_odd": 1.081,
                "home_handicap_0.0_odd": 1.015,
                "away_handicap_5.5_odd": 1.014,
                "away_handicap_5.0_odd": 1.022,
                "away_handicap_4.5_odd": 1.116,
                "away_handicap_4.0_odd": 1.153,
                "away_handicap_3.5_odd": 1.35,
                "away_handicap_3.0_odd": 1.52,
                "away_handicap_2.5_odd": 1.9,
                "away_handicap_2.0_odd": 2.49,
                "away_handicap_1.5_odd": 3.04,
                "away_handicap_1.0_odd": 5.55,
                "away_handicap_0.0_odd": 21,
                "home_handicap_-4.25_odd": 4.5,
                "home_handicap_-3.75_odd": 3.28,
                "home_handicap_-3.25_odd": 2.52,
                "home_handicap_-2.75_odd": 2,
                "home_handicap_-2.25_odd": 1.63,
                "home_handicap_-1.75_odd": 1.35,
                "home_handicap_-1.25_odd": 1.182,
                "home_handicap_-0.25_odd": 1.009,
                "away_handicap_4.25_odd": 1.133,
                "away_handicap_3.75_odd": 1.25,
                "away_handicap_3.25_odd": 1.42,
                "away_handicap_2.75_odd": 1.7,
                "away_handicap_2.25_odd": 2.1,
                "away_handicap_1.75_odd": 2.77,
                "away_handicap_1.25_odd": 3.85,
                "away_handicap_0.25_odd": 8.7,
                "home_over_0.5_odd": 1.025,
                "home_over_1.5_odd": 1.167,
                "home_over_2.5_odd": 1.533,
                "home_over_3.5_odd": 2.375,
                "home_over_4.5_odd": 4,
                "home_over_5.5_odd": 8,
                "home_over_6.5_odd": 17,
                "home_over_7.5_odd": 29,
                "home_under_0.5_odd": 17,
                "home_under_1.5_odd": 5,
                "home_under_2.5_odd": 2.375,
                "home_under_3.5_odd": 1.533,
                "home_under_4.5_odd": 1.222,
                "home_under_5.5_odd": 1.083,
                "home_under_6.5_odd": 1.025,
                "home_under_7.5_odd": 1.007,
                "home_over_2.25_odd": 1.36,
                "home_over_2.75_odd": 1.66,
                "home_over_3.25_odd": 2.09,
                "home_over_3.75_odd": 2.67,
                "home_under_2.25_odd": 2.79,
                "home_under_2.75_odd": 2.09,
                "home_under_3.25_odd": 1.66,
                "home_under_3.75_odd": 1.39,
                "away_over_0.5_odd": 2.375,
                "away_over_1.5_odd": 9,
                "away_over_2.5_odd": 34,
                "away_under_0.5_odd": 1.533,
                "away_under_1.5_odd": 1.071,
                "away_under_2.5_odd": 1.005,
                "away_over_0.75_odd": 3.26,
                "away_over_1.25_odd": 6.8,
                "away_over_1.75_odd": 10.7,
                "away_under_0.75_odd": 1.29,
                "away_under_1.25_odd": 1.08,
                "away_under_1.75_odd": 1.005
            },
            {
                "match_id": 638984028,
                "date": "27/07/2025",
                "time": "17:00",
                "home_team": "Arda Kardzhali",
                "away_team": "Lokomotiv Sofia",
                "1_odd": 1.91,
                "draw_odd": 3.42,
                "2_odd": 4.075,
                "1X_odd": 1.22,
                "12_odd": 1.3,
                "X2_odd": 1.87,
                "both_score_odd": 2.03,
                "both_noscore_odd": 1.717,
                "over_0.5_odd": 1.035,
                "over_1.0_odd": 1.068,
                "over_1.5_odd": 1.38,
                "over_2.0_odd": 1.666,
                "over_2.5_odd": 2.28,
                "over_3.0_odd": 3.35,
                "over_3.5_odd": 4.05,
                "over_4.0_odd": 7.2,
                "over_4.5_odd": 7.9,
                "over_5.5_odd": 23,
                "over_6.5_odd": 50,
                "under_0.5_odd": 7.2,
                "under_1.0_odd": 5.9,
                "under_1.5_odd": 2.63,
                "under_2.0_odd": 2.04,
                "under_2.5_odd": 1.6,
                "under_3.0_odd": 1.26,
                "under_3.5_odd": 1.168,
                "under_4.0_odd": 1.034,
                "under_4.5_odd": 1.022,
                "under_5.5_odd": 1.015,
                "under_6.5_odd": 1.002,
                "over_0.75_odd": 1.05,
                "over_1.25_odd": 1.222,
                "over_1.75_odd": 1.49,
                "over_2.25_odd": 1.94,
                "over_2.75_odd": 2.62,
                "over_3.25_odd": 3.68,
                "over_3.75_odd": 5.1,
                "over_4.25_odd": 7.5,
                "under_0.75_odd": 6.55,
                "under_1.25_odd": 3.48,
                "under_1.75_odd": 2.34,
                "under_2.25_odd": 1.75,
                "under_2.75_odd": 1.42,
                "under_3.25_odd": 1.21,
                "under_3.75_odd": 1.1,
                "under_4.25_odd": 1.028,
                "home_handicap_-2.5_odd": 7.3,
                "home_handicap_-2.0_odd": 6.45,
                "home_handicap_-1.5_odd": 3.45,
                "home_handicap_-1.0_odd": 2.76,
                "home_handicap_0.0_odd": 1.34,
                "home_handicap_1.0_odd": 1.02,
                "home_handicap_1.5_odd": 1.007,
                "away_handicap_2.5_odd": 1.033,
                "away_handicap_2.0_odd": 1.052,
                "away_handicap_1.5_odd": 1.24,
                "away_handicap_1.0_odd": 1.42,
                "away_handicap_0.0_odd": 2.81,
                "away_handicap_-1.0_odd": 8,
                "away_handicap_-1.5_odd": 8.9,
                "home_handicap_-2.25_odd": 6.85,
                "home_handicap_-1.75_odd": 4.4,
                "home_handicap_-1.25_odd": 3.06,
                "home_handicap_-0.75_odd": 2.1,
                "home_handicap_-0.25_odd": 1.58,
                "home_handicap_0.25_odd": 1.25,
                "home_handicap_0.75_odd": 1.107,
                "home_handicap_1.25_odd": 1.013,
                "away_handicap_2.25_odd": 1.042,
                "away_handicap_1.75_odd": 1.143,
                "away_handicap_1.25_odd": 1.31,
                "away_handicap_0.75_odd": 1.63,
                "away_handicap_0.25_odd": 2.16,
                "away_handicap_-0.25_odd": 3.28,
                "away_handicap_-0.75_odd": 4.95,
                "away_handicap_-1.25_odd": 8.5,
                "home_over_0.5_odd": 1.25,
                "home_over_1.0_odd": 1.48,
                "home_over_1.5_odd": 2.2,
                "home_over_2.5_odd": 5.1,
                "home_over_3.5_odd": 12.5,
                "home_under_0.5_odd": 3.7,
                "home_under_1.0_odd": 2.45,
                "home_under_1.5_odd": 1.62,
                "home_under_2.5_odd": 1.15,
                "home_under_3.5_odd": 1.01,
                "home_over_0.75_odd": 1.3,
                "home_over_1.25_odd": 1.82,
                "home_over_1.75_odd": 2.62,
                "home_over_2.25_odd": 4.2,
                "home_under_0.75_odd": 3.08,
                "home_under_1.25_odd": 1.88,
                "home_under_1.75_odd": 1.43,
                "home_under_2.25_odd": 1.17,
                "away_over_0.5_odd": 1.6,
                "away_over_1.0_odd": 2.48,
                "away_over_1.5_odd": 3.7,
                "away_over_2.0_odd": 9.9,
                "away_over_2.5_odd": 12,
                "away_under_0.5_odd": 2.25,
                "away_under_1.0_odd": 1.48,
                "away_under_1.5_odd": 1.25,
                "away_under_2.0_odd": 1.03,
                "away_under_2.5_odd": 1.01,
                "away_over_0.75_odd": 1.88,
                "away_over_1.25_odd": 3.3,
                "away_over_1.75_odd": 5.35,
                "away_under_0.75_odd": 1.82,
                "away_under_1.25_odd": 1.285,
                "away_under_1.75_odd": 1.104
            },
            {
                "match_id": 638984031,
                "date": "27/07/2025",
                "time": "17:45",
                "home_team": "Cherno More Varna",
                "away_team": "Botev Plovdiv",
                "1_odd": 1.94,
                "draw_odd": 3.22,
                "2_odd": 4.27,
                "1X_odd": 1.21,
                "12_odd": 1.33,
                "X2_odd": 1.85,
                "both_score_odd": 1.96,
                "both_noscore_odd": 1.769,
                "over_0.5_odd": 1.027,
                "over_1.0_odd": 1.059,
                "over_1.5_odd": 1.34,
                "over_2.0_odd": 1.61,
                "over_2.5_odd": 2.21,
                "over_3.0_odd": 3.18,
                "over_3.5_odd": 3.9,
                "over_4.0_odd": 7.2,
                "over_4.5_odd": 8.1,
                "over_5.5_odd": 21,
                "over_6.5_odd": 41,
                "under_0.5_odd": 7.6,
                "under_1.0_odd": 6.2,
                "under_1.5_odd": 2.79,
                "under_2.0_odd": 2.13,
                "under_2.5_odd": 1.64,
                "under_3.0_odd": 1.285,
                "under_3.5_odd": 1.18,
                "under_4.0_odd": 1.034,
                "under_4.5_odd": 1.019,
                "under_5.5_odd": 1.02,
                "under_6.5_odd": 1.004,
                "over_0.75_odd": 1.041,
                "over_1.25_odd": 1.197,
                "over_1.75_odd": 1.44,
                "over_2.25_odd": 1.89,
                "over_2.75_odd": 2.52,
                "over_3.25_odd": 3.5,
                "over_3.75_odd": 4.95,
                "over_4.25_odd": 7.7,
                "under_0.75_odd": 6.9,
                "under_1.25_odd": 3.7,
                "under_1.75_odd": 2.48,
                "under_2.25_odd": 1.8,
                "under_2.75_odd": 1.45,
                "under_3.25_odd": 1.23,
                "under_3.75_odd": 1.107,
                "under_4.25_odd": 1.026,
                "home_handicap_-2.5_odd": 7.8,
                "home_handicap_-2.0_odd": 6.75,
                "home_handicap_-1.5_odd": 3.54,
                "home_handicap_-1.0_odd": 2.8,
                "home_handicap_0.0_odd": 1.32,
                "home_handicap_1.0_odd": 1.003,
                "home_handicap_1.5_odd": 1.03,
                "away_handicap_2.5_odd": 1.024,
                "away_handicap_2.0_odd": 1.044,
                "away_handicap_1.5_odd": 1.23,
                "away_handicap_1.0_odd": 1.41,
                "away_handicap_0.0_odd": 2.9,
                "away_handicap_-1.0_odd": 9.2,
                "away_handicap_-1.5_odd": 9.7,
                "home_handicap_-2.25_odd": 7.3,
                "home_handicap_-1.75_odd": 4.55,
                "home_handicap_-1.25_odd": 3.125,
                "home_handicap_-0.75_odd": 2.15,
                "home_handicap_-0.25_odd": 1.59,
                "home_handicap_0.25_odd": 1.23,
                "home_handicap_0.75_odd": 1.085,
                "away_handicap_2.25_odd": 1.033,
                "away_handicap_1.75_odd": 1.135,
                "away_handicap_1.25_odd": 1.3,
                "away_handicap_0.75_odd": 1.6,
                "away_handicap_0.25_odd": 2.14,
                "away_handicap_-0.25_odd": 3.42,
                "away_handicap_-0.75_odd": 5.45,
                "home_over_0.5_odd": 1.23,
                "home_over_1.0_odd": 1.43,
                "home_over_1.5_odd": 2.1,
                "home_over_2.5_odd": 4.8,
                "home_over_3.5_odd": 12,
                "home_under_0.5_odd": 3.9,
                "home_under_1.0_odd": 2.6,
                "home_under_1.5_odd": 1.68,
                "home_under_2.5_odd": 1.16,
                "home_under_3.5_odd": 1.02,
                "home_over_0.75_odd": 1.28,
                "home_over_1.25_odd": 1.78,
                "home_over_1.75_odd": 2.58,
                "home_over_2.25_odd": 4.1,
                "home_under_0.75_odd": 3.2,
                "home_under_1.25_odd": 1.93,
                "home_under_1.75_odd": 1.44,
                "home_under_2.25_odd": 1.177,
                "away_over_0.5_odd": 1.59,
                "away_over_1.0_odd": 2.42,
                "away_over_1.5_odd": 3.6,
                "away_over_2.0_odd": 9.7,
                "away_over_2.5_odd": 12,
                "away_under_0.5_odd": 2.28,
                "away_under_1.0_odd": 1.5,
                "away_under_1.5_odd": 1.26,
                "away_under_2.0_odd": 1.03,
                "away_under_2.5_odd": 1.02,
                "away_over_0.75_odd": 1.85,
                "away_over_1.25_odd": 3.26,
                "away_over_1.75_odd": 5.45,
                "away_under_0.75_odd": 1.85,
                "away_under_1.25_odd": 1.29,
                "away_under_1.75_odd": 1.099
            },
            {
                "match_id": 638984025,
                "date": "27/07/2025",
                "time": "19:15",
                "home_team": "Septemvri Sofia",
                "away_team": "Levski Sofia",
                "1_odd": 12.5,
                "draw_odd": 5.55,
                "2_odd": 1.25,
                "1X_odd": 3.88,
                "12_odd": 1.132,
                "X2_odd": 1.015,
                "both_score_odd": 2.32,
                "both_noscore_odd": 1.553,
                "over_0.5_odd": 1.029,
                "over_1.0_odd": 1.03,
                "over_1.5_odd": 1.174,
                "over_2.0_odd": 1.3,
                "over_2.5_odd": 1.727,
                "over_3.0_odd": 2.18,
                "over_3.5_odd": 2.75,
                "over_4.0_odd": 4.45,
                "over_4.5_odd": 5.25,
                "over_5.5_odd": 11,
                "over_6.5_odd": 23,
                "over_7.5_odd": 50,
                "under_0.5_odd": 13.3,
                "under_1.0_odd": 9.9,
                "under_1.5_odd": 3.96,
                "under_2.0_odd": 3.1,
                "under_2.5_odd": 2.07,
                "under_3.0_odd": 1.58,
                "under_3.5_odd": 1.35,
                "under_4.0_odd": 1.135,
                "under_4.5_odd": 1.093,
                "under_5.5_odd": 1.05,
                "under_6.5_odd": 1.012,
                "under_7.5_odd": 1.002,
                "over_1.25_odd": 1.078,
                "over_1.75_odd": 1.23,
                "over_2.25_odd": 1.5,
                "over_2.75_odd": 1.88,
                "over_3.25_odd": 2.47,
                "over_3.75_odd": 3.28,
                "over_4.25_odd": 4.85,
                "over_4.75_odd": 6.8,
                "under_1.25_odd": 5.65,
                "under_1.75_odd": 3.5,
                "under_2.25_odd": 2.38,
                "under_2.75_odd": 1.81,
                "under_3.25_odd": 1.444,
                "under_3.75_odd": 1.25,
                "under_4.25_odd": 1.112,
                "under_4.75_odd": 1.043,
                "home_handicap_0.0_odd": 9.3,
                "home_handicap_1.0_odd": 2.86,
                "home_handicap_1.5_odd": 1.95,
                "home_handicap_2.0_odd": 1.49,
                "home_handicap_2.5_odd": 1.3,
                "home_handicap_3.0_odd": 1.101,
                "home_handicap_3.5_odd": 1.067,
                "home_handicap_4.0_odd": 1.02,
                "home_handicap_4.5_odd": 1.02,
                "away_handicap_0.0_odd": 1.04,
                "away_handicap_-1.0_odd": 1.34,
                "away_handicap_-1.5_odd": 1.81,
                "away_handicap_-2.0_odd": 2.36,
                "away_handicap_-2.5_odd": 2.97,
                "away_handicap_-3.0_odd": 5.1,
                "away_handicap_-3.5_odd": 5.95,
                "away_handicap_-4.0_odd": 11,
                "away_handicap_-4.5_odd": 12,
                "home_handicap_0.25_odd": 5.2,
                "home_handicap_0.75_odd": 3.24,
                "home_handicap_1.25_odd": 2.23,
                "home_handicap_1.75_odd": 1.71,
                "home_handicap_2.25_odd": 1.38,
                "home_handicap_2.75_odd": 1.2,
                "home_handicap_3.25_odd": 1.082,
                "home_handicap_3.75_odd": 1.022,
                "away_handicap_-0.25_odd": 1.095,
                "away_handicap_-0.75_odd": 1.26,
                "away_handicap_-1.25_odd": 1.56,
                "away_handicap_-1.75_odd": 1.98,
                "away_handicap_-2.25_odd": 2.65,
                "away_handicap_-2.75_odd": 3.68,
                "away_handicap_-3.25_odd": 5.5,
                "away_handicap_-3.75_odd": 7.9,
                "home_over_0.5_odd": 2.1,
                "home_over_1.5_odd": 7,
                "home_over_2.5_odd": 26,
                "home_under_0.5_odd": 1.667,
                "home_under_1.5_odd": 1.1,
                "home_under_2.5_odd": 1.01,
                "home_over_0.75_odd": 2.8,
                "home_over_1.25_odd": 6.65,
                "home_under_0.75_odd": 1.38,
                "home_under_1.25_odd": 1.074,
                "away_over_0.5_odd": 1.083,
                "away_over_1.5_odd": 1.444,
                "away_over_2.5_odd": 2.25,
                "away_over_3.5_odd": 4.33,
                "away_over_4.5_odd": 10,
                "away_over_5.5_odd": 21,
                "away_over_6.5_odd": 50,
                "away_under_0.5_odd": 8,
                "away_under_1.5_odd": 2.625,
                "away_under_2.5_odd": 1.571,
                "away_under_3.5_odd": 1.2,
                "away_under_4.5_odd": 1.062,
                "away_under_5.5_odd": 1.015,
                "away_under_6.5_odd": 1.002,
                "away_over_1.25_odd": 1.222,
                "away_over_1.75_odd": 1.52,
                "away_over_2.25_odd": 1.99,
                "away_over_2.75_odd": 2.67,
                "away_under_1.25_odd": 3.64,
                "away_under_1.75_odd": 2.36,
                "away_under_2.25_odd": 1.727,
                "away_under_2.75_odd": 1.39
            },
            {
                "match_id": 639454070,
                "date": "28/07/2025",
                "time": "17:00",
                "home_team": "Dobrudzha Dobrich",
                "away_team": "Slavia Sofia",
                "1_odd": 3.18,
                "draw_odd": 3.04,
                "2_odd": 2.395,
                "1X_odd": 1.56,
                "12_odd": 1.36,
                "X2_odd": 1.34,
                "both_score_odd": 1.99,
                "both_noscore_odd": 1.747,
                "over_0.5_odd": 1.054,
                "over_1.0_odd": 1.095,
                "over_1.5_odd": 1.41,
                "over_2.0_odd": 1.74,
                "over_2.5_odd": 2.375,
                "over_3.0_odd": 3.5,
                "over_3.5_odd": 4.2,
                "over_4.0_odd": 7.6,
                "over_4.5_odd": 8.3,
                "over_5.5_odd": 26,
                "over_6.5_odd": 50,
                "under_0.5_odd": 6.4,
                "under_1.0_odd": 5.2,
                "under_1.5_odd": 2.53,
                "under_2.0_odd": 1.94,
                "under_2.5_odd": 1.56,
                "under_3.0_odd": 1.24,
                "under_3.5_odd": 1.154,
                "under_4.0_odd": 1.027,
                "under_4.5_odd": 1.016,
                "under_5.5_odd": 1.01,
                "under_6.5_odd": 1.002,
                "over_0.75_odd": 1.071,
                "over_1.25_odd": 1.26,
                "over_1.75_odd": 1.53,
                "over_2.25_odd": 2.04,
                "over_2.75_odd": 2.73,
                "over_3.25_odd": 3.9,
                "over_3.75_odd": 5.3,
                "under_0.75_odd": 5.8,
                "under_1.25_odd": 3.22,
                "under_1.75_odd": 2.25,
                "under_2.25_odd": 1.68,
                "under_2.75_odd": 1.39,
                "under_3.25_odd": 1.188,
                "under_3.75_odd": 1.09,
                "home_handicap_-1.5_odd": 6.65,
                "home_handicap_-1.0_odd": 5.75,
                "home_handicap_0.0_odd": 2.19,
                "home_handicap_1.0_odd": 1.2,
                "home_handicap_1.5_odd": 1.126,
                "home_handicap_2.0_odd": 1.004,
                "home_handicap_2.5_odd": 1.02,
                "away_handicap_1.5_odd": 1.047,
                "away_handicap_1.0_odd": 1.077,
                "away_handicap_0.0_odd": 1.64,
                "away_handicap_-1.0_odd": 3.72,
                "away_handicap_-1.5_odd": 4.6,
                "away_handicap_-2.0_odd": 9.1,
                "away_handicap_-2.5_odd": 11,
                "home_handicap_-1.75_odd": 8.7,
                "home_handicap_-1.25_odd": 6.2,
                "home_handicap_-0.75_odd": 3.82,
                "home_handicap_-0.25_odd": 2.56,
                "home_handicap_0.25_odd": 1.75,
                "home_handicap_0.75_odd": 1.38,
                "home_handicap_1.25_odd": 1.156,
                "home_handicap_1.75_odd": 1.065,
                "away_handicap_1.75_odd": 1.009,
                "away_handicap_1.25_odd": 1.059,
                "away_handicap_0.75_odd": 1.2,
                "away_handicap_0.25_odd": 1.43,
                "away_handicap_-0.25_odd": 1.93,
                "away_handicap_-0.75_odd": 2.69,
                "away_handicap_-1.25_odd": 4.15,
                "away_handicap_-1.75_odd": 6,
                "home_over_0.5_odd": 1.48,
                "home_over_1.0_odd": 2.08,
                "home_over_1.5_odd": 3.1,
                "home_over_2.0_odd": 7.6,
                "home_over_2.5_odd": 9.5,
                "home_under_0.5_odd": 2.55,
                "home_under_1.0_odd": 1.67,
                "home_under_1.5_odd": 1.33,
                "home_under_2.0_odd": 1.07,
                "home_under_2.5_odd": 1.04,
                "home_over_0.75_odd": 1.67,
                "home_over_1.25_odd": 2.72,
                "home_over_1.75_odd": 4.3,
                "home_over_2.25_odd": 8.6,
                "home_under_0.75_odd": 2.07,
                "home_under_1.25_odd": 1.4,
                "home_under_1.75_odd": 1.163,
                "home_under_2.25_odd": 1.05,
                "away_over_0.5_odd": 1.34,
                "away_over_1.0_odd": 1.7,
                "away_over_1.5_odd": 2.55,
                "away_over_2.0_odd": 5.2,
                "away_over_2.5_odd": 6.7,
                "away_under_0.5_odd": 3.1,
                "away_under_1.0_odd": 2.04,
                "away_under_1.5_odd": 1.48,
                "away_under_2.0_odd": 1.14,
                "away_under_2.5_odd": 1.09,
                "away_over_0.75_odd": 1.46,
                "away_over_1.25_odd": 2.16,
                "away_over_1.75_odd": 3.2,
                "away_over_2.25_odd": 6,
                "away_over_2.75_odd": 7.8,
                "away_under_0.75_odd": 2.52,
                "away_under_1.25_odd": 1.615,
                "away_under_1.75_odd": 1.28,
                "away_under_2.25_odd": 1.11,
                "away_under_2.75_odd": 1.023
            },
            {
                "match_id": 639174035,
                "date": "28/07/2025",
                "time": "19:15",
                "home_team": "Montana",
                "away_team": "Lokomotiv Plovdiv",
                "1_odd": 3.71,
                "draw_odd": 3.2,
                "2_odd": 2.09,
                "1X_odd": 1.727,
                "12_odd": 1.333,
                "X2_odd": 1.26,
                "both_score_odd": 1.99,
                "both_noscore_odd": 1.747,
                "over_0.5_odd": 1.037,
                "over_1.0_odd": 1.073,
                "over_1.5_odd": 1.38,
                "over_2.0_odd": 1.68,
                "over_2.5_odd": 2.3,
                "over_3.0_odd": 3.42,
                "over_3.5_odd": 4.15,
                "over_4.0_odd": 7.7,
                "over_4.5_odd": 8.4,
                "over_5.5_odd": 21,
                "over_6.5_odd": 50,
                "under_0.5_odd": 7.1,
                "under_1.0_odd": 5.75,
                "under_1.5_odd": 2.63,
                "under_2.0_odd": 2.01,
                "under_2.5_odd": 1.59,
                "under_3.0_odd": 1.25,
                "under_3.5_odd": 1.159,
                "under_4.0_odd": 1.026,
                "under_4.5_odd": 1.014,
                "under_5.5_odd": 1.015,
                "under_6.5_odd": 1.002,
                "over_0.75_odd": 1.052,
                "over_1.25_odd": 1.23,
                "over_1.75_odd": 1.5,
                "over_2.25_odd": 1.97,
                "over_2.75_odd": 2.65,
                "over_3.25_odd": 3.8,
                "over_3.75_odd": 5.3,
                "over_4.25_odd": 8,
                "under_0.75_odd": 6.45,
                "under_1.25_odd": 3.42,
                "under_1.75_odd": 2.32,
                "under_2.25_odd": 1.727,
                "under_2.75_odd": 1.41,
                "under_3.25_odd": 1.197,
                "under_3.75_odd": 1.092,
                "under_4.25_odd": 1.02,
                "home_handicap_-1.5_odd": 8.4,
                "home_handicap_-1.0_odd": 7.4,
                "home_handicap_0.0_odd": 2.59,
                "home_handicap_1.0_odd": 1.29,
                "home_handicap_1.5_odd": 1.174,
                "home_handicap_2.0_odd": 1.022,
                "home_handicap_2.5_odd": 1.009,
                "away_handicap_1.5_odd": 1.014,
                "away_handicap_1.0_odd": 1.034,
                "away_handicap_0.0_odd": 1.47,
                "away_handicap_-1.0_odd": 3.06,
                "away_handicap_-1.5_odd": 3.94,
                "away_handicap_-2.0_odd": 7.9,
                "away_handicap_-2.5_odd": 8.7,
                "home_handicap_-1.25_odd": 7.9,
                "home_handicap_-0.75_odd": 4.6,
                "home_handicap_-0.25_odd": 3.02,
                "home_handicap_0.25_odd": 1.97,
                "home_handicap_0.75_odd": 1.5,
                "home_handicap_1.25_odd": 1.22,
                "home_handicap_1.75_odd": 1.098,
                "home_handicap_2.25_odd": 1.015,
                "away_handicap_1.25_odd": 1.022,
                "away_handicap_0.75_odd": 1.138,
                "away_handicap_0.25_odd": 1.32,
                "away_handicap_-0.25_odd": 1.72,
                "away_handicap_-0.75_odd": 2.33,
                "away_handicap_-1.25_odd": 3.5,
                "away_handicap_-1.75_odd": 5.15,
                "away_handicap_-2.25_odd": 8.3,
                "home_over_0.5_odd": 1.49,
                "home_over_1.0_odd": 2.12,
                "home_over_1.5_odd": 3.2,
                "home_over_2.0_odd": 7.8,
                "home_over_2.5_odd": 9.7,
                "home_under_0.5_odd": 2.5,
                "home_under_1.0_odd": 1.64,
                "home_under_1.5_odd": 1.32,
                "home_under_2.0_odd": 1.06,
                "home_under_2.5_odd": 1.03,
                "home_over_0.75_odd": 1.78,
                "home_over_1.25_odd": 3.04,
                "home_over_1.75_odd": 4.95,
                "home_over_2.25_odd": 8.8,
                "home_under_0.75_odd": 1.93,
                "home_under_1.25_odd": 1.33,
                "home_under_1.75_odd": 1.122,
                "home_under_2.25_odd": 1.04,
                "away_over_0.5_odd": 1.27,
                "away_over_1.0_odd": 1.53,
                "away_over_1.5_odd": 2.28,
                "away_over_2.5_odd": 5.5,
                "away_under_0.5_odd": 3.5,
                "away_under_1.0_odd": 2.34,
                "away_under_1.5_odd": 1.58,
                "away_under_2.5_odd": 1.13,
                "away_over_0.75_odd": 1.36,
                "away_over_1.25_odd": 1.94,
                "away_over_1.75_odd": 2.84,
                "away_over_2.25_odd": 4.7,
                "away_under_0.75_odd": 2.89,
                "away_under_1.25_odd": 1.77,
                "away_under_1.75_odd": 1.35,
                "away_under_2.25_odd": 1.122
            }
        ]
    },
    {
        "tournament_id": 1075127,
        "tournament_name": "B PFG",
        "matches": [
            {
                "match_id": 639752318,
                "date": "25/07/2025",
                "time": "16:15",
                "home_team": "Yantra Gabrovo",
                "away_team": "Pirin Blagoevgrad",
                "1_odd": 1.853,
                "draw_odd": 3.22,
                "2_odd": 4.015,
                "1X_odd": 1.17,
                "12_odd": 1.26,
                "X2_odd": 1.78,
                "both_score_odd": 2.19,
                "both_noscore_odd": 1.59,
                "over_0.5_odd": 1.026,
                "over_1.0_odd": 1.073,
                "over_1.5_odd": 1.48,
                "over_2.0_odd": 1.83,
                "over_2.5_odd": 2.49,
                "over_3.0_odd": 4.3,
                "over_3.5_odd": 5.3,
                "over_4.5_odd": 8.5,
                "over_5.5_odd": 15,
                "over_6.5_odd": 21,
                "under_0.5_odd": 7.7,
                "under_1.0_odd": 5.75,
                "under_1.5_odd": 2.45,
                "under_2.0_odd": 1.79,
                "under_2.5_odd": 1.42,
                "under_3.0_odd": 1.146,
                "under_3.5_odd": 1.092,
                "under_4.5_odd": 1.05,
                "under_5.5_odd": 1.01,
                "under_6.5_odd": 1.002,
                "over_0.75_odd": 1.046,
                "over_1.25_odd": 1.26,
                "over_1.75_odd": 1.59,
                "over_2.25_odd": 2.15,
                "over_2.75_odd": 3.05,
                "under_0.75_odd": 6.7,
                "under_1.25_odd": 3.22,
                "under_1.75_odd": 2.1,
                "under_2.25_odd": 1.56,
                "under_2.75_odd": 1.285,
                "home_handicap_-2.5_odd": 9.1,
                "home_handicap_-2.0_odd": 8.8,
                "home_handicap_-1.5_odd": 3.92,
                "home_handicap_-1.0_odd": 2.93,
                "home_handicap_0.0_odd": 1.36,
                "home_handicap_1.0_odd": 1.002,
                "home_handicap_1.5_odd": 1.04,
                "away_handicap_2.5_odd": 1.03,
                "away_handicap_2.0_odd": 1.008,
                "away_handicap_1.5_odd": 1.176,
                "away_handicap_1.0_odd": 1.33,
                "away_handicap_0.0_odd": 2.89,
                "away_handicap_-1.0_odd": 10.5,
                "away_handicap_-1.5_odd": 8.3,
                "home_handicap_-1.25_odd": 3.42,
                "home_handicap_-0.75_odd": 2.21,
                "home_handicap_-0.25_odd": 1.615,
                "home_handicap_0.25_odd": 1.27,
                "home_handicap_0.75_odd": 1.101,
                "away_handicap_1.25_odd": 1.24,
                "away_handicap_0.75_odd": 1.58,
                "away_handicap_0.25_odd": 2.17,
                "away_handicap_-0.25_odd": 3.4,
                "away_handicap_-0.75_odd": 5.6,
                "home_over_0.5_odd": 1.286,
                "home_over_1.5_odd": 2.25,
                "home_over_2.5_odd": 5,
                "home_over_3.5_odd": 10,
                "home_over_4.5_odd": 17,
                "home_under_0.5_odd": 3.5,
                "home_under_1.5_odd": 1.571,
                "home_under_2.5_odd": 1.143,
                "home_under_3.5_odd": 1.03,
                "home_under_4.5_odd": 1.005,
                "away_over_0.5_odd": 1.727,
                "away_over_1.5_odd": 4.5,
                "away_over_2.5_odd": 10,
                "away_over_3.5_odd": 21,
                "away_under_0.5_odd": 2,
                "away_under_1.5_odd": 1.167,
                "away_under_2.5_odd": 1.03,
                "away_under_3.5_odd": 1.002
            },
            {
                "match_id": 639790911,
                "date": "26/07/2025",
                "time": "16:30",
                "home_team": "Fratria",
                "away_team": "Chernomorets Burgas",
                "1_odd": 2.15,
                "draw_odd": 3.08,
                "2_odd": 3.245,
                "1X_odd": 1.26,
                "12_odd": 1.28,
                "X2_odd": 1.57,
                "both_score_odd": 1.952,
                "both_noscore_odd": 1.744,
                "over_0.5_odd": 1.071,
                "over_1.0_odd": 1.079,
                "over_1.5_odd": 1.4,
                "over_2.0_odd": 1.69,
                "over_2.5_odd": 2.28,
                "over_3.0_odd": 3.42,
                "over_3.5_odd": 4.15,
                "over_4.0_odd": 7.5,
                "over_4.5_odd": 8,
                "over_5.5_odd": 12,
                "over_6.5_odd": 21,
                "under_0.5_odd": 7.5,
                "under_1.0_odd": 5.6,
                "under_1.5_odd": 2.56,
                "under_2.0_odd": 1.95,
                "under_2.5_odd": 1.55,
                "under_3.0_odd": 1.23,
                "under_3.5_odd": 1.156,
                "under_4.0_odd": 1.029,
                "under_4.5_odd": 1.062,
                "under_5.5_odd": 1.015,
                "under_6.5_odd": 1.002,
                "over_1.25_odd": 1.24,
                "over_1.75_odd": 1.51,
                "over_2.25_odd": 1.96,
                "over_2.75_odd": 2.625,
                "over_3.25_odd": 3.8,
                "under_1.25_odd": 3.34,
                "under_1.75_odd": 2.26,
                "under_2.25_odd": 1.68,
                "under_2.75_odd": 1.38,
                "under_3.25_odd": 1.188,
                "home_handicap_-2.5_odd": 9.1,
                "home_handicap_-2.0_odd": 8.4,
                "home_handicap_-1.5_odd": 4.3,
                "home_handicap_-1.0_odd": 3.42,
                "home_handicap_0.0_odd": 1.55,
                "home_handicap_1.0_odd": 1.07,
                "home_handicap_1.5_odd": 1.037,
                "away_handicap_2.5_odd": 1.004,
                "away_handicap_2.0_odd": 1.014,
                "away_handicap_1.5_odd": 1.149,
                "away_handicap_1.0_odd": 1.25,
                "away_handicap_0.0_odd": 2.3,
                "away_handicap_-1.0_odd": 6.3,
                "away_handicap_-1.5_odd": 7.1,
                "home_handicap_-1.25_odd": 3.85,
                "home_handicap_-0.75_odd": 2.54,
                "home_handicap_-0.25_odd": 1.84,
                "home_handicap_0.25_odd": 1.4,
                "home_handicap_0.75_odd": 1.188,
                "away_handicap_1.25_odd": 1.191,
                "away_handicap_0.75_odd": 1.444,
                "away_handicap_0.25_odd": 1.86,
                "away_handicap_-0.25_odd": 2.73,
                "away_handicap_-0.75_odd": 4.1,
                "home_over_0.5_odd": 1.333,
                "home_over_1.5_odd": 2.5,
                "home_over_2.5_odd": 5.5,
                "home_over_3.5_odd": 10.5,
                "home_over_4.5_odd": 17,
                "home_under_0.5_odd": 3.25,
                "home_under_1.5_odd": 1.5,
                "home_under_2.5_odd": 1.125,
                "home_under_3.5_odd": 1.025,
                "home_under_4.5_odd": 1.005,
                "away_over_0.5_odd": 1.533,
                "away_over_1.5_odd": 3.5,
                "away_over_2.5_odd": 8,
                "away_over_3.5_odd": 15,
                "away_under_0.5_odd": 2.375,
                "away_under_1.5_odd": 1.286,
                "away_under_2.5_odd": 1.062,
                "away_under_3.5_odd": 1.01
            },
            {
                "match_id": 639790902,
                "date": "26/07/2025",
                "time": "16:30",
                "home_team": "Marek Dupnitsa",
                "away_team": "Ludogorets II",
                "1_odd": 1.85,
                "draw_odd": 3.14,
                "2_odd": 4.18,
                "1X_odd": 1.156,
                "12_odd": 1.27,
                "X2_odd": 1.78,
                "both_score_odd": 2.04,
                "both_noscore_odd": 1.682,
                "over_0.5_odd": 1.067,
                "over_1.0_odd": 1.068,
                "over_1.5_odd": 1.38,
                "over_2.0_odd": 1.68,
                "over_2.5_odd": 2.3,
                "over_3.0_odd": 3.5,
                "over_3.5_odd": 4.3,
                "over_4.0_odd": 8.3,
                "over_4.5_odd": 8,
                "over_5.5_odd": 12,
                "over_6.5_odd": 21,
                "under_0.5_odd": 6.89,
                "under_1.0_odd": 5.9,
                "under_1.5_odd": 2.625,
                "under_2.0_odd": 1.96,
                "under_2.5_odd": 1.54,
                "under_3.0_odd": 1.22,
                "under_3.5_odd": 1.145,
                "under_4.0_odd": 1.015,
                "under_4.5_odd": 1.062,
                "under_5.5_odd": 1.015,
                "under_6.5_odd": 1.002,
                "over_1.25_odd": 1.23,
                "over_1.75_odd": 1.49,
                "over_2.25_odd": 1.96,
                "over_2.75_odd": 2.66,
                "over_3.25_odd": 3.92,
                "under_1.25_odd": 3.42,
                "under_1.75_odd": 2.3,
                "under_2.25_odd": 1.68,
                "under_2.75_odd": 1.37,
                "under_3.25_odd": 1.176,
                "home_handicap_-2.5_odd": 8.3,
                "home_handicap_-2.0_odd": 7.3,
                "home_handicap_-1.5_odd": 3.65,
                "home_handicap_-1.0_odd": 2.81,
                "home_handicap_0.0_odd": 1.33,
                "away_handicap_2.5_odd": 1.016,
                "away_handicap_2.0_odd": 1.04,
                "away_handicap_1.5_odd": 1.23,
                "away_handicap_1.0_odd": 1.38,
                "away_handicap_0.0_odd": 2.93,
                "home_handicap_-1.75_odd": 4.75,
                "home_handicap_-1.25_odd": 3.22,
                "home_handicap_-0.75_odd": 2.17,
                "home_handicap_-0.25_odd": 1.6,
                "home_handicap_0.25_odd": 1.24,
                "away_handicap_1.75_odd": 1.133,
                "away_handicap_1.25_odd": 1.3,
                "away_handicap_0.75_odd": 1.615,
                "away_handicap_0.25_odd": 2.17,
                "away_handicap_-0.25_odd": 3.42,
                "home_over_0.5_odd": 1.25,
                "home_over_1.5_odd": 2.2,
                "home_over_2.5_odd": 4.5,
                "home_over_3.5_odd": 9,
                "home_over_4.5_odd": 17,
                "home_under_0.5_odd": 3.75,
                "home_under_1.5_odd": 1.615,
                "home_under_2.5_odd": 1.167,
                "home_under_3.5_odd": 1.04,
                "home_under_4.5_odd": 1.005,
                "away_over_0.5_odd": 1.667,
                "away_over_1.5_odd": 4.33,
                "away_over_2.5_odd": 9,
                "away_over_3.5_odd": 17,
                "away_under_0.5_odd": 2.1,
                "away_under_1.5_odd": 1.2,
                "away_under_2.5_odd": 1.04,
                "away_under_3.5_odd": 1.005
            },
            {
                "match_id": 639790914,
                "date": "26/07/2025",
                "time": "16:30",
                "home_team": "Sevlievo",
                "away_team": "Hebar Pazardzhik",
                "1_odd": 2.61,
                "draw_odd": 2.96,
                "2_odd": 2.57,
                "1X_odd": 1.39,
                "12_odd": 1.3,
                "X2_odd": 1.38,
                "both_score_odd": 2.16,
                "both_noscore_odd": 1.61,
                "over_0.5_odd": 1.046,
                "over_1.0_odd": 1.1,
                "over_1.5_odd": 1.53,
                "over_2.0_odd": 1.94,
                "over_2.5_odd": 2.59,
                "over_3.0_odd": 4.6,
                "over_3.5_odd": 5.5,
                "over_4.5_odd": 9,
                "over_5.5_odd": 15,
                "over_6.5_odd": 21,
                "under_0.5_odd": 6.7,
                "under_1.0_odd": 5.1,
                "under_1.5_odd": 2.32,
                "under_2.0_odd": 1.7,
                "under_2.5_odd": 1.39,
                "under_3.0_odd": 1.127,
                "under_3.5_odd": 1.082,
                "under_4.5_odd": 1.04,
                "under_5.5_odd": 1.01,
                "under_6.5_odd": 1.002,
                "over_0.75_odd": 1.068,
                "over_1.25_odd": 1.3,
                "over_1.75_odd": 1.66,
                "over_2.25_odd": 2.28,
                "over_2.75_odd": 3.2,
                "under_0.75_odd": 5.9,
                "under_1.25_odd": 2.97,
                "under_1.75_odd": 1.99,
                "under_2.25_odd": 1.5,
                "under_2.75_odd": 1.26,
                "home_handicap_-1.5_odd": 6.4,
                "home_handicap_-1.0_odd": 5.25,
                "home_handicap_0.0_odd": 1.86,
                "home_handicap_1.0_odd": 1.114,
                "home_handicap_1.5_odd": 1.057,
                "away_handicap_1.5_odd": 1.054,
                "away_handicap_1.0_odd": 1.108,
                "away_handicap_0.0_odd": 1.84,
                "away_handicap_-1.0_odd": 5.15,
                "away_handicap_-1.5_odd": 6.3,
                "home_handicap_-0.75_odd": 3.34,
                "home_handicap_-0.25_odd": 2.23,
                "home_handicap_0.25_odd": 1.59,
                "home_handicap_0.75_odd": 1.28,
                "home_handicap_1.25_odd": 1.082,
                "away_handicap_0.75_odd": 1.27,
                "away_handicap_0.25_odd": 1.58,
                "away_handicap_-0.25_odd": 2.21,
                "away_handicap_-0.75_odd": 3.28,
                "away_handicap_-1.25_odd": 5.75,
                "home_over_0.5_odd": 1.43,
                "home_over_1.0_odd": 2.09,
                "home_over_1.5_odd": 3.2,
                "home_over_2.0_odd": 7.8,
                "home_under_0.5_odd": 2.54,
                "home_under_1.0_odd": 1.63,
                "home_under_1.5_odd": 1.27,
                "home_under_2.0_odd": 1.023,
                "away_over_0.5_odd": 1.42,
                "away_over_1.0_odd": 2.05,
                "away_over_1.5_odd": 3.2,
                "away_over_2.0_odd": 7.7,
                "away_under_0.5_odd": 2.57,
                "away_under_1.0_odd": 1.65,
                "away_under_1.5_odd": 1.27,
                "away_under_2.0_odd": 1.026
            },
            {
                "match_id": 639790908,
                "date": "26/07/2025",
                "time": "16:30",
                "home_team": "Sportist Svoge",
                "away_team": "Etar 1924 Veliko Tarnovo",
                "1_odd": 2.42,
                "draw_odd": 3.02,
                "2_odd": 2.74,
                "1X_odd": 1.35,
                "12_odd": 1.29,
                "X2_odd": 1.44,
                "both_score_odd": 1.952,
                "both_noscore_odd": 1.744,
                "over_0.5_odd": 1.055,
                "over_1.0_odd": 1.057,
                "over_1.5_odd": 1.38,
                "over_2.0_odd": 1.7,
                "over_2.5_odd": 2.32,
                "over_3.0_odd": 3.68,
                "over_3.5_odd": 4.55,
                "over_4.0_odd": 9.3,
                "over_4.5_odd": 8.5,
                "over_5.5_odd": 13,
                "over_6.5_odd": 21,
                "under_0.5_odd": 6.82,
                "under_1.0_odd": 6.25,
                "under_1.5_odd": 2.625,
                "under_2.0_odd": 1.94,
                "under_2.5_odd": 1.53,
                "under_3.0_odd": 1.2,
                "under_3.5_odd": 1.129,
                "under_4.0_odd": 1.002,
                "under_4.5_odd": 1.05,
                "under_5.5_odd": 1.012,
                "under_6.5_odd": 1.002,
                "over_1.25_odd": 1.22,
                "over_1.75_odd": 1.5,
                "over_2.25_odd": 1.99,
                "over_2.75_odd": 2.74,
                "over_3.25_odd": 4.15,
                "under_1.25_odd": 3.5,
                "under_1.75_odd": 2.28,
                "under_2.25_odd": 1.66,
                "under_2.75_odd": 1.35,
                "under_3.25_odd": 1.159,
                "home_handicap_-1.5_odd": 5.65,
                "home_handicap_-1.0_odd": 4.55,
                "home_handicap_0.0_odd": 1.75,
                "home_handicap_1.0_odd": 1.095,
                "home_handicap_1.5_odd": 1.044,
                "away_handicap_1.5_odd": 1.077,
                "away_handicap_1.0_odd": 1.146,
                "away_handicap_0.0_odd": 1.96,
                "away_handicap_-1.0_odd": 5.55,
                "away_handicap_-1.5_odd": 6.8,
                "home_handicap_-1.25_odd": 5.1,
                "home_handicap_-0.75_odd": 3.04,
                "home_handicap_-0.25_odd": 2.09,
                "home_handicap_0.25_odd": 1.52,
                "home_handicap_0.75_odd": 1.24,
                "away_handicap_1.25_odd": 1.107,
                "away_handicap_0.75_odd": 1.32,
                "away_handicap_0.25_odd": 1.66,
                "away_handicap_-0.25_odd": 2.36,
                "away_handicap_-0.75_odd": 3.56,
                "home_over_0.5_odd": 1.4,
                "home_over_1.5_odd": 2.75,
                "home_over_2.5_odd": 6.5,
                "home_over_3.5_odd": 12,
                "home_over_4.5_odd": 21,
                "home_under_0.5_odd": 2.75,
                "home_under_1.5_odd": 1.4,
                "home_under_2.5_odd": 1.1,
                "home_under_3.5_odd": 1.015,
                "home_under_4.5_odd": 1.002,
                "away_over_0.5_odd": 1.444,
                "away_over_1.5_odd": 3.25,
                "away_over_2.5_odd": 7.5,
                "away_over_3.5_odd": 13,
                "away_over_4.5_odd": 21,
                "away_under_0.5_odd": 2.625,
                "away_under_1.5_odd": 1.333,
                "away_under_2.5_odd": 1.071,
                "away_under_3.5_odd": 1.012,
                "away_under_4.5_odd": 1.002
            },
            {
                "match_id": 639790905,
                "date": "26/07/2025",
                "time": "18:00",
                "home_team": "Lokomotiv Gorna Oryahovitsa",
                "away_team": "Vihren Sandanski",
                "1_odd": 1.853,
                "draw_odd": 3.25,
                "2_odd": 3.975,
                "1X_odd": 1.173,
                "12_odd": 1.25,
                "X2_odd": 1.78,
                "both_score_odd": 1.97,
                "both_noscore_odd": 1.733,
                "over_0.5_odd": 1.055,
                "over_1.0_odd": 1.057,
                "over_1.5_odd": 1.36,
                "over_2.0_odd": 1.615,
                "over_2.5_odd": 2.18,
                "over_3.0_odd": 3.2,
                "over_3.5_odd": 3.98,
                "over_4.0_odd": 7.3,
                "over_4.5_odd": 7.5,
                "over_5.5_odd": 11,
                "over_6.5_odd": 17,
                "under_0.5_odd": 7.38,
                "under_1.0_odd": 6.25,
                "under_1.5_odd": 2.7,
                "under_2.0_odd": 2.06,
                "under_2.5_odd": 1.6,
                "under_3.0_odd": 1.26,
                "under_3.5_odd": 1.17,
                "under_4.0_odd": 1.033,
                "under_4.5_odd": 1.071,
                "under_5.5_odd": 1.02,
                "under_6.5_odd": 1.005,
                "over_1.25_odd": 1.21,
                "over_1.75_odd": 1.45,
                "over_2.25_odd": 1.88,
                "over_2.75_odd": 2.52,
                "over_3.25_odd": 3.58,
                "under_1.25_odd": 3.58,
                "under_1.75_odd": 2.41,
                "under_2.25_odd": 1.75,
                "under_2.75_odd": 1.41,
                "under_3.25_odd": 1.21,
                "home_handicap_-2.5_odd": 7.7,
                "home_handicap_-2.0_odd": 6.85,
                "home_handicap_-1.5_odd": 3.56,
                "home_handicap_-1.0_odd": 2.77,
                "home_handicap_0.0_odd": 1.35,
                "home_handicap_1.0_odd": 1.015,
                "away_handicap_2.5_odd": 1.025,
                "away_handicap_2.0_odd": 1.049,
                "away_handicap_1.5_odd": 1.24,
                "away_handicap_1.0_odd": 1.39,
                "away_handicap_0.0_odd": 2.84,
                "away_handicap_-1.0_odd": 8.3,
                "home_handicap_-1.75_odd": 4.6,
                "home_handicap_-1.25_odd": 3.22,
                "home_handicap_-0.75_odd": 2.16,
                "home_handicap_-0.25_odd": 1.61,
                "home_handicap_0.25_odd": 1.26,
                "away_handicap_1.75_odd": 1.142,
                "away_handicap_1.25_odd": 1.3,
                "away_handicap_0.75_odd": 1.62,
                "away_handicap_0.25_odd": 2.15,
                "away_handicap_-0.25_odd": 3.28,
                "home_over_0.5_odd": 1.25,
                "home_over_1.5_odd": 2.1,
                "home_over_2.5_odd": 4.5,
                "home_over_3.5_odd": 9,
                "home_over_4.5_odd": 15,
                "home_under_0.5_odd": 3.75,
                "home_under_1.5_odd": 1.667,
                "home_under_2.5_odd": 1.167,
                "home_under_3.5_odd": 1.04,
                "home_under_4.5_odd": 1.01,
                "away_over_0.5_odd": 1.615,
                "away_over_1.5_odd": 4,
                "away_over_2.5_odd": 9,
                "away_over_3.5_odd": 17,
                "away_under_0.5_odd": 2.2,
                "away_under_1.5_odd": 1.222,
                "away_under_2.5_odd": 1.04,
                "away_under_3.5_odd": 1.005
            },
            {
                "match_id": 639790899,
                "date": "27/07/2025",
                "time": "16:30",
                "home_team": "Spartak Pleven",
                "away_team": "CSKA Sofia II",
                "1_odd": 2.395,
                "draw_odd": 3.02,
                "2_odd": 2.858,
                "1X_odd": 1.33,
                "12_odd": 1.29,
                "X2_odd": 1.46,
                "both_score_odd": 1.9,
                "both_noscore_odd": 1.794,
                "over_0.5_odd": 1.064,
                "over_1.0_odd": 1.066,
                "over_1.5_odd": 1.37,
                "over_2.0_odd": 1.65,
                "over_2.5_odd": 2.24,
                "over_3.0_odd": 3.34,
                "over_3.5_odd": 4.1,
                "over_4.0_odd": 7.5,
                "over_4.5_odd": 8,
                "over_5.5_odd": 12,
                "over_6.5_odd": 21,
                "under_0.5_odd": 7.45,
                "under_1.0_odd": 5.95,
                "under_1.5_odd": 2.66,
                "under_2.0_odd": 2,
                "under_2.5_odd": 1.57,
                "under_3.0_odd": 1.24,
                "under_3.5_odd": 1.162,
                "under_4.0_odd": 1.028,
                "under_4.5_odd": 1.062,
                "under_5.5_odd": 1.015,
                "under_6.5_odd": 1.002,
                "over_1.25_odd": 1.22,
                "over_1.75_odd": 1.47,
                "over_2.25_odd": 1.909,
                "over_2.75_odd": 2.56,
                "over_3.25_odd": 3.72,
                "under_1.25_odd": 3.5,
                "under_1.75_odd": 2.35,
                "under_2.25_odd": 1.72,
                "under_2.75_odd": 1.4,
                "under_3.25_odd": 1.195,
                "home_handicap_-1.5_odd": 5.05,
                "home_handicap_-1.0_odd": 4.15,
                "home_handicap_0.0_odd": 1.72,
                "home_handicap_1.0_odd": 1.105,
                "home_handicap_1.5_odd": 1.059,
                "away_handicap_1.5_odd": 1.103,
                "away_handicap_1.0_odd": 1.175,
                "away_handicap_0.0_odd": 2,
                "away_handicap_-1.0_odd": 5.35,
                "away_handicap_-1.5_odd": 6.25,
                "home_handicap_-1.25_odd": 4.6,
                "home_handicap_-0.75_odd": 2.89,
                "home_handicap_-0.25_odd": 2.05,
                "home_handicap_0.25_odd": 1.51,
                "home_handicap_0.75_odd": 1.25,
                "away_handicap_1.25_odd": 1.135,
                "away_handicap_0.75_odd": 1.35,
                "away_handicap_0.25_odd": 1.69,
                "away_handicap_-0.25_odd": 2.39,
                "away_handicap_-0.75_odd": 3.48,
                "home_over_0.5_odd": 1.364,
                "home_over_1.5_odd": 2.625,
                "home_over_2.5_odd": 6,
                "home_over_3.5_odd": 11,
                "home_over_4.5_odd": 21,
                "home_under_0.5_odd": 3,
                "home_under_1.5_odd": 1.444,
                "home_under_2.5_odd": 1.111,
                "home_under_3.5_odd": 1.02,
                "home_under_4.5_odd": 1.002,
                "away_over_0.5_odd": 1.444,
                "away_over_1.5_odd": 3.25,
                "away_over_2.5_odd": 7,
                "away_over_3.5_odd": 13,
                "away_over_4.5_odd": 21,
                "away_under_0.5_odd": 2.625,
                "away_under_1.5_odd": 1.333,
                "away_under_2.5_odd": 1.083,
                "away_under_3.5_odd": 1.012,
                "away_under_4.5_odd": 1.002
            },
            {
                "match_id": 639790917,
                "date": "29/07/2025",
                "time": "16:30",
                "home_team": "Minyor Pernik",
                "away_team": "Belasitsa Petrich",
                "1_odd": 2.3,
                "draw_odd": 2.97,
                "2_odd": 3.05,
                "1X_odd": 1.3,
                "12_odd": 1.3,
                "X2_odd": 1.5,
                "both_score_odd": 2.04,
                "both_noscore_odd": 1.682,
                "over_0.5_odd": 1.048,
                "over_1.0_odd": 1.094,
                "over_1.5_odd": 1.47,
                "over_2.0_odd": 1.81,
                "over_2.5_odd": 2.41,
                "over_3.0_odd": 3.92,
                "over_3.5_odd": 4.75,
                "over_4.5_odd": 8.5,
                "over_5.5_odd": 15,
                "over_6.5_odd": 21,
                "under_0.5_odd": 6.6,
                "under_1.0_odd": 5.25,
                "under_1.5_odd": 2.48,
                "under_2.0_odd": 1.81,
                "under_2.5_odd": 1.45,
                "under_3.0_odd": 1.176,
                "under_3.5_odd": 1.119,
                "under_4.5_odd": 1.05,
                "under_5.5_odd": 1.01,
                "under_6.5_odd": 1.002,
                "over_0.75_odd": 1.067,
                "over_1.25_odd": 1.27,
                "over_1.75_odd": 1.58,
                "over_2.25_odd": 2.1,
                "over_2.75_odd": 2.875,
                "under_0.75_odd": 5.95,
                "under_1.25_odd": 3.14,
                "under_1.75_odd": 2.12,
                "under_2.25_odd": 1.59,
                "under_2.75_odd": 1.32,
                "home_handicap_-1.5_odd": 4.95,
                "home_handicap_-1.0_odd": 3.98,
                "home_handicap_0.0_odd": 1.63,
                "home_handicap_1.0_odd": 1.077,
                "home_handicap_1.5_odd": 1.038,
                "away_handicap_1.5_odd": 1.109,
                "away_handicap_1.0_odd": 1.188,
                "away_handicap_0.0_odd": 2.14,
                "away_handicap_-1.0_odd": 6.1,
                "away_handicap_-1.5_odd": 7.1,
                "home_handicap_-1.25_odd": 4.5,
                "home_handicap_-0.75_odd": 2.8,
                "home_handicap_-0.25_odd": 1.97,
                "home_handicap_0.25_odd": 1.444,
                "home_handicap_0.75_odd": 1.21,
                "away_handicap_1.25_odd": 1.143,
                "away_handicap_0.75_odd": 1.37,
                "away_handicap_0.25_odd": 1.75,
                "away_handicap_-0.25_odd": 2.57,
                "away_handicap_-0.75_odd": 3.84,
                "home_over_0.5_odd": 1.364,
                "home_over_1.5_odd": 2.75,
                "home_over_2.5_odd": 6.5,
                "home_over_3.5_odd": 11,
                "home_over_4.5_odd": 21,
                "home_under_0.5_odd": 3,
                "home_under_1.5_odd": 1.4,
                "home_under_2.5_odd": 1.1,
                "home_under_3.5_odd": 1.02,
                "home_under_4.5_odd": 1.002,
                "away_over_0.5_odd": 1.533,
                "away_over_1.5_odd": 3.5,
                "away_over_2.5_odd": 8.5,
                "away_over_3.5_odd": 15,
                "away_under_0.5_odd": 2.375,
                "away_under_1.5_odd": 1.286,
                "away_under_2.5_odd": 1.05,
                "away_under_3.5_odd": 1.01
            }
        ]
    }
]