[
    {
        "last_updated": "2025-07-24T20:45:24.876079+01:00"
    },
    {
        "tournament_id": 2844265,
        "tournament_name": "Northern Superleague. Women",
        "matches": [
            {
                "match_id": 639681695,
                "date": "25/07/2025",
                "time": "03:00",
                "home_team": "Vancouver Rise (Women)",
                "away_team": "AFC Toronto (Women)",
                "1_odd": 3.435,
                "draw_odd": 3.38,
                "2_odd": 1.96,
                "1X_odd": 1.69,
                "12_odd": 1.23,
                "X2_odd": 1.23,
                "over_0.5_odd": 1.011,
                "over_1.0_odd": 1.011,
                "over_1.5_odd": 1.25,
                "over_2.0_odd": 1.41,
                "over_2.5_odd": 1.88,
                "over_3.0_odd": 2.56,
                "over_3.5_odd": 3.2,
                "over_4.0_odd": 5.65,
                "over_4.5_odd": 5.7,
                "under_0.5_odd": 8.7,
                "under_1.0_odd": 8.6,
                "under_1.5_odd": 3.28,
                "under_2.0_odd": 2.52,
                "under_2.5_odd": 1.81,
                "under_3.0_odd": 1.4,
                "under_3.5_odd": 1.26,
                "under_4.0_odd": 1.078,
                "under_4.5_odd": 1.1,
                "over_1.75_odd": 1.31,
                "over_2.25_odd": 1.64,
                "over_2.75_odd": 2.1,
                "over_3.25_odd": 2.875,
                "over_3.75_odd": 4.05,
                "under_1.75_odd": 2.92,
                "under_2.25_odd": 2.02,
                "under_2.75_odd": 1.59,
                "under_3.25_odd": 1.32,
                "under_3.75_odd": 1.166,
                "home_handicap_-1.5_odd": 8,
                "home_handicap_-1.0_odd": 7,
                "home_handicap_0.0_odd": 2.53,
                "home_handicap_1.0_odd": 1.33,
                "home_handicap_1.5_odd": 1.194,
                "home_handicap_2.0_odd": 1.032,
                "home_handicap_2.5_odd": 1.015,
                "away_handicap_1.5_odd": 1.021,
                "away_handicap_1.0_odd": 1.053,
                "away_handicap_0.0_odd": 1.46,
                "away_handicap_-1.0_odd": 2.93,
                "away_handicap_-1.5_odd": 3.74,
                "away_handicap_-2.0_odd": 7.3,
                "away_handicap_-2.5_odd": 8.3,
                "home_handicap_-0.75_odd": 4.45,
                "home_handicap_-0.25_odd": 2.94,
                "home_handicap_0.25_odd": 2,
                "home_handicap_0.75_odd": 1.54,
                "home_handicap_1.25_odd": 1.25,
                "away_handicap_0.75_odd": 1.162,
                "away_handicap_0.25_odd": 1.35,
                "away_handicap_-0.25_odd": 1.72,
                "away_handicap_-0.75_odd": 2.29,
                "away_handicap_-1.25_odd": 3.34,
                "home_over_1.0_odd": 1.9,
                "home_over_1.5_odd": 2.9,
                "home_over_2.0_odd": 6,
                "home_over_2.5_odd": 7.1,
                "home_under_1.0_odd": 1.8,
                "home_under_1.5_odd": 1.35,
                "home_under_2.0_odd": 1.09,
                "home_under_2.5_odd": 1.06,
                "away_over_1.0_odd": 1.35,
                "away_over_1.5_odd": 1.95,
                "away_over_2.0_odd": 3.2,
                "away_over_2.5_odd": 4.2,
                "away_under_1.0_odd": 3,
                "away_under_1.5_odd": 1.75,
                "away_under_2.0_odd": 1.3,
                "away_under_2.5_odd": 1.19
            },
            {
                "match_id": 638767414,
                "date": "26/07/2025",
                "time": "00:30",
                "home_team": "Ottawa Rapid (Women)",
                "away_team": "Halifax Tides (Women)",
                "1_odd": 1.39,
                "draw_odd": 4.56,
                "2_odd": 5.88,
                "12_odd": 1.11,
                "X2_odd": 2.52,
                "over_2.5_odd": 1.48,
                "over_3.0_odd": 1.81,
                "over_3.5_odd": 2.33,
                "over_4.0_odd": 3.51,
                "under_2.5_odd": 2.39,
                "under_3.0_odd": 1.85,
                "under_3.5_odd": 1.51,
                "under_4.0_odd": 1.24,
                "home_handicap_-1.5_odd": 2.22,
                "home_handicap_-1.0_odd": 1.7,
                "away_handicap_1.5_odd": 1.56,
                "away_handicap_1.0_odd": 1.98,
                "home_over_2.0_odd": 1.79,
                "home_under_2.0_odd": 1.88,
                "away_over_1.0_odd": 2.21,
                "away_under_1.0_odd": 1.56
            },
            {
                "match_id": 638767415,
                "date": "27/07/2025",
                "time": "00:00",
                "home_team": "Montreal Roses (Women)",
                "away_team": "Calgary Wild (Women)",
                "1_odd": 1.91,
                "draw_odd": 3.84,
                "2_odd": 3.055,
                "1X_odd": 1.27,
                "12_odd": 1.16,
                "X2_odd": 1.68,
                "over_2.5_odd": 1.49,
                "over_3.0_odd": 1.81,
                "over_3.5_odd": 2.34,
                "over_4.0_odd": 3.53,
                "under_2.5_odd": 2.38,
                "under_3.0_odd": 1.85,
                "under_3.5_odd": 1.5,
                "under_4.0_odd": 1.24,
                "home_handicap_-1.0_odd": 2.82,
                "home_handicap_0.0_odd": 1.5,
                "away_handicap_1.0_odd": 1.35,
                "away_handicap_0.0_odd": 2.36,
                "home_over_1.5_odd": 1.71,
                "home_under_1.5_odd": 1.97,
                "away_over_1.5_odd": 2.26,
                "away_under_1.5_odd": 1.54
            }
        ]
    },
    {
        "tournament_id": 1924563,
        "tournament_name": "Premier League",
        "matches": [
            {
                "match_id": 638878782,
                "date": "25/07/2025",
                "time": "23:00",
                "home_team": "HFX Wanderers",
                "away_team": "Forge",
                "1_odd": 2.784,
                "draw_odd": 3.24,
                "2_odd": 2.32,
                "1X_odd": 1.49,
                "12_odd": 1.25,
                "X2_odd": 1.35,
                "both_score_odd": 1.72,
                "both_noscore_odd": 1.983,
                "over_0.5_odd": 1.014,
                "over_1.0_odd": 1.016,
                "over_1.5_odd": 1.26,
                "over_2.0_odd": 1.43,
                "over_2.5_odd": 1.93,
                "over_3.0_odd": 2.66,
                "over_3.5_odd": 3.34,
                "over_4.0_odd": 5.9,
                "over_4.5_odd": 7.1,
                "over_5.5_odd": 15,
                "over_6.5_odd": 15,
                "over_7.5_odd": 21,
                "under_0.5_odd": 8.65,
                "under_1.0_odd": 8.3,
                "under_1.5_odd": 3.22,
                "under_2.0_odd": 2.46,
                "under_2.5_odd": 1.77,
                "under_3.0_odd": 1.37,
                "under_3.5_odd": 1.24,
                "under_4.0_odd": 1.069,
                "under_4.5_odd": 1.06,
                "under_5.5_odd": 1.03,
                "under_6.5_odd": 1.01,
                "under_7.5_odd": 1.002,
                "over_1.25_odd": 1.2,
                "over_1.75_odd": 1.33,
                "over_2.25_odd": 1.666,
                "over_2.75_odd": 2.15,
                "over_3.25_odd": 2.97,
                "over_3.75_odd": 4.2,
                "under_1.25_odd": 4,
                "under_1.75_odd": 2.83,
                "under_2.25_odd": 1.98,
                "under_2.75_odd": 1.56,
                "under_3.25_odd": 1.3,
                "under_3.75_odd": 1.154,
                "home_handicap_-2.0_odd": 11.5,
                "home_handicap_-1.5_odd": 6.05,
                "home_handicap_-1.0_odd": 5.1,
                "home_handicap_0.0_odd": 2.02,
                "home_handicap_1.0_odd": 1.198,
                "home_handicap_1.5_odd": 1.117,
                "home_handicap_2.0_odd": 1.03,
                "home_handicap_2.5_odd": 1.02,
                "away_handicap_2.0_odd": 1.01,
                "away_handicap_1.5_odd": 1.064,
                "away_handicap_1.0_odd": 1.115,
                "away_handicap_0.0_odd": 1.71,
                "away_handicap_-1.0_odd": 3.88,
                "away_handicap_-1.5_odd": 4.8,
                "away_handicap_-2.0_odd": 8.7,
                "away_handicap_-2.5_odd": 9.8,
                "home_handicap_-1.25_odd": 5.3,
                "home_handicap_-0.75_odd": 3.42,
                "home_handicap_-0.25_odd": 2.39,
                "home_handicap_0.25_odd": 1.72,
                "home_handicap_0.75_odd": 1.37,
                "home_handicap_1.25_odd": 1.152,
                "away_handicap_1.25_odd": 1.12,
                "away_handicap_0.75_odd": 1.26,
                "away_handicap_0.25_odd": 1.51,
                "away_handicap_-0.25_odd": 2,
                "away_handicap_-0.75_odd": 2.8,
                "away_handicap_-1.25_odd": 4.33,
                "home_over_0.5_odd": 1.364,
                "home_over_1.5_odd": 2.625,
                "home_over_2.5_odd": 5.5,
                "home_over_3.5_odd": 10,
                "home_over_4.5_odd": 17,
                "home_under_0.5_odd": 3,
                "home_under_1.5_odd": 1.444,
                "home_under_2.5_odd": 1.125,
                "home_under_3.5_odd": 1.03,
                "home_under_4.5_odd": 1.005,
                "away_over_0.5_odd": 1.286,
                "away_over_1.5_odd": 2.25,
                "away_over_2.5_odd": 4.5,
                "away_over_3.5_odd": 8.5,
                "away_over_4.5_odd": 15,
                "away_over_5.5_odd": 21,
                "away_under_0.5_odd": 3.5,
                "away_under_1.5_odd": 1.571,
                "away_under_2.5_odd": 1.167,
                "away_under_3.5_odd": 1.05,
                "away_under_4.5_odd": 1.01,
                "away_under_5.5_odd": 1.002
            },
            {
                "match_id": 638878789,
                "date": "26/07/2025",
                "time": "03:00",
                "home_team": "Vancouver Langley",
                "away_team": "Valour Winnipeg",
                "1_odd": 2.29,
                "draw_odd": 2.99,
                "2_odd": 3.05,
                "1X_odd": 1.3,
                "12_odd": 1.3,
                "X2_odd": 1.5,
                "both_score_odd": 1.83,
                "both_noscore_odd": 1.857,
                "over_0.5_odd": 1.048,
                "over_1.0_odd": 1.049,
                "over_1.5_odd": 1.32,
                "over_2.0_odd": 1.55,
                "over_2.5_odd": 2.11,
                "over_3.0_odd": 3.04,
                "over_3.5_odd": 3.76,
                "over_4.0_odd": 6.95,
                "over_4.5_odd": 8,
                "over_5.5_odd": 19,
                "over_6.5_odd": 17,
                "under_0.5_odd": 7.85,
                "under_1.0_odd": 6.55,
                "under_1.5_odd": 2.875,
                "under_2.0_odd": 2.17,
                "under_2.5_odd": 1.64,
                "under_3.0_odd": 1.29,
                "under_3.5_odd": 1.191,
                "under_4.0_odd": 1.04,
                "under_4.5_odd": 1.05,
                "under_5.5_odd": 1.02,
                "under_6.5_odd": 1.005,
                "over_1.25_odd": 1.183,
                "over_1.75_odd": 1.41,
                "over_2.25_odd": 1.81,
                "over_2.75_odd": 2.41,
                "over_3.25_odd": 3.34,
                "over_3.75_odd": 4.7,
                "under_1.25_odd": 3.84,
                "under_1.75_odd": 2.52,
                "under_2.25_odd": 1.81,
                "under_2.75_odd": 1.45,
                "under_3.25_odd": 1.24,
                "under_3.75_odd": 1.15,
                "home_handicap_-2.5_odd": 9.9,
                "home_handicap_-2.0_odd": 8.8,
                "home_handicap_-1.5_odd": 4.75,
                "home_handicap_-1.0_odd": 3.75,
                "home_handicap_0.0_odd": 1.63,
                "home_handicap_1.0_odd": 1.084,
                "home_handicap_1.5_odd": 1.042,
                "away_handicap_2.5_odd": 1.02,
                "away_handicap_2.0_odd": 1.03,
                "away_handicap_1.5_odd": 1.119,
                "away_handicap_1.0_odd": 1.21,
                "away_handicap_0.0_odd": 2.14,
                "away_handicap_-1.0_odd": 5.85,
                "away_handicap_-1.5_odd": 6.9,
                "home_handicap_-1.75_odd": 5.7,
                "home_handicap_-1.25_odd": 4.3,
                "home_handicap_-0.75_odd": 2.76,
                "home_handicap_-0.25_odd": 1.97,
                "home_handicap_0.25_odd": 1.444,
                "home_handicap_0.75_odd": 1.21,
                "away_handicap_1.75_odd": 1.1,
                "away_handicap_1.25_odd": 1.155,
                "away_handicap_0.75_odd": 1.38,
                "away_handicap_0.25_odd": 1.75,
                "away_handicap_-0.25_odd": 2.57,
                "away_handicap_-0.75_odd": 3.84,
                "home_over_0.5_odd": 1.3,
                "home_over_1.5_odd": 2.375,
                "home_over_2.5_odd": 4.5,
                "home_over_3.5_odd": 9,
                "home_over_4.5_odd": 15,
                "home_over_5.5_odd": 21,
                "home_under_0.5_odd": 3.4,
                "home_under_1.5_odd": 1.533,
                "home_under_2.5_odd": 1.167,
                "home_under_3.5_odd": 1.04,
                "home_under_4.5_odd": 1.01,
                "home_under_5.5_odd": 1.002,
                "away_over_0.5_odd": 1.444,
                "away_over_1.5_odd": 3,
                "away_over_2.5_odd": 6.5,
                "away_over_3.5_odd": 10.5,
                "away_over_4.5_odd": 17,
                "away_under_0.5_odd": 2.625,
                "away_under_1.5_odd": 1.364,
                "away_under_2.5_odd": 1.1,
                "away_under_3.5_odd": 1.025,
                "away_under_4.5_odd": 1.005
            },
            {
                "match_id": 638880035,
                "date": "26/07/2025",
                "time": "22:00",
                "home_team": "Cavalry",
                "away_team": "York United",
                "1_odd": 1.54,
                "draw_odd": 3.74,
                "2_odd": 5.47,
                "1X_odd": 1.083,
                "12_odd": 1.189,
                "X2_odd": 2.22,
                "both_score_odd": 1.87,
                "both_noscore_odd": 1.816,
                "over_0.5_odd": 1.001,
                "over_1.0_odd": 1.003,
                "over_1.5_odd": 1.23,
                "over_2.0_odd": 1.38,
                "over_2.5_odd": 1.85,
                "over_3.0_odd": 2.49,
                "over_3.5_odd": 3.14,
                "over_4.0_odd": 5.5,
                "over_4.5_odd": 6.6,
                "over_5.5_odd": 13,
                "over_6.5_odd": 13,
                "over_7.5_odd": 21,
                "under_0.5_odd": 8.9,
                "under_1.0_odd": 9.2,
                "under_1.5_odd": 3.42,
                "under_2.0_odd": 2.625,
                "under_2.5_odd": 1.84,
                "under_3.0_odd": 1.42,
                "under_3.5_odd": 1.27,
                "under_4.0_odd": 1.082,
                "under_4.5_odd": 1.08,
                "under_5.5_odd": 1.03,
                "under_6.5_odd": 1.012,
                "under_7.5_odd": 1.002,
                "over_1.25_odd": 1.19,
                "over_1.75_odd": 1.29,
                "over_2.25_odd": 1.6,
                "over_2.75_odd": 2.07,
                "over_3.25_odd": 2.83,
                "over_3.75_odd": 3.94,
                "under_1.25_odd": 4.2,
                "under_1.75_odd": 3.04,
                "under_2.25_odd": 2.08,
                "under_2.75_odd": 1.61,
                "under_3.25_odd": 1.33,
                "under_3.75_odd": 1.174,
                "home_handicap_-3.5_odd": 11,
                "home_handicap_-3.0_odd": 9.8,
                "home_handicap_-2.5_odd": 5.35,
                "home_handicap_-2.0_odd": 4.45,
                "home_handicap_-1.5_odd": 2.65,
                "home_handicap_-1.0_odd": 2,
                "home_handicap_0.0_odd": 1.169,
                "home_handicap_1.0_odd": 1.02,
                "home_handicap_1.5_odd": 1.01,
                "away_handicap_3.5_odd": 1.01,
                "away_handicap_3.0_odd": 1.02,
                "away_handicap_2.5_odd": 1.089,
                "away_handicap_2.0_odd": 1.144,
                "away_handicap_1.5_odd": 1.41,
                "away_handicap_1.0_odd": 1.72,
                "away_handicap_0.0_odd": 4.25,
                "away_handicap_-1.0_odd": 10.5,
                "away_handicap_-1.5_odd": 11.5,
                "home_handicap_-2.25_odd": 4.8,
                "home_handicap_-1.75_odd": 3.22,
                "home_handicap_-1.25_odd": 2.34,
                "home_handicap_-0.75_odd": 1.72,
                "home_handicap_-0.25_odd": 1.36,
                "home_handicap_0.25_odd": 1.123,
                "away_handicap_2.25_odd": 1.15,
                "away_handicap_1.75_odd": 1.28,
                "away_handicap_1.25_odd": 1.53,
                "away_handicap_0.75_odd": 2,
                "away_handicap_0.25_odd": 2.84,
                "away_handicap_-0.25_odd": 4.8,
                "home_over_0.5_odd": 1.167,
                "home_over_1.5_odd": 1.727,
                "home_over_2.5_odd": 3.25,
                "home_over_3.5_odd": 6,
                "home_over_4.5_odd": 10,
                "home_over_5.5_odd": 15,
                "home_over_6.5_odd": 21,
                "home_under_0.5_odd": 4.5,
                "home_under_1.5_odd": 2,
                "home_under_2.5_odd": 1.333,
                "home_under_3.5_odd": 1.111,
                "home_under_4.5_odd": 1.03,
                "home_under_5.5_odd": 1.01,
                "home_under_6.5_odd": 1.002,
                "away_over_0.5_odd": 1.667,
                "away_over_1.5_odd": 4,
                "away_over_2.5_odd": 8.5,
                "away_over_3.5_odd": 15,
                "away_under_0.5_odd": 2.1,
                "away_under_1.5_odd": 1.222,
                "away_under_2.5_odd": 1.05,
                "away_under_3.5_odd": 1.01
            },
            {
                "match_id": 638878786,
                "date": "27/07/2025",
                "time": "01:00",
                "home_team": "Pacific",
                "away_team": "Atletico Ottawa",
                "1_odd": 3.605,
                "draw_odd": 3.52,
                "2_odd": 1.86,
                "1X_odd": 1.77,
                "12_odd": 1.22,
                "X2_odd": 1.21,
                "both_score_odd": 1.55,
                "both_noscore_odd": 2.27,
                "over_0.5_odd": 1.028,
                "over_1.0_odd": 1.03,
                "over_1.5_odd": 1.18,
                "over_2.0_odd": 1.25,
                "over_2.5_odd": 1.58,
                "over_3.0_odd": 1.95,
                "over_3.5_odd": 2.5,
                "over_4.0_odd": 3.58,
                "over_4.5_odd": 4.3,
                "over_5.0_odd": 7.1,
                "over_5.5_odd": 9,
                "over_6.5_odd": 10.5,
                "over_7.5_odd": 17,
                "under_0.5_odd": 12.4,
                "under_1.0_odd": 9.1,
                "under_1.5_odd": 4.3,
                "under_2.0_odd": 3.28,
                "under_2.5_odd": 2.12,
                "under_3.0_odd": 1.69,
                "under_3.5_odd": 1.46,
                "under_4.0_odd": 1.21,
                "under_4.5_odd": 1.148,
                "under_5.0_odd": 1.036,
                "under_5.5_odd": 1.062,
                "under_6.5_odd": 1.025,
                "under_7.5_odd": 1.005,
                "over_1.75_odd": 1.22,
                "over_2.25_odd": 1.42,
                "over_2.75_odd": 1.727,
                "over_3.25_odd": 2.19,
                "over_3.75_odd": 2.875,
                "over_4.25_odd": 3.95,
                "under_1.75_odd": 3.9,
                "under_2.25_odd": 2.49,
                "under_2.75_odd": 1.9,
                "under_3.25_odd": 1.54,
                "under_3.75_odd": 1.32,
                "under_4.25_odd": 1.173,
                "home_handicap_-1.5_odd": 7,
                "home_handicap_-1.0_odd": 6.2,
                "home_handicap_0.0_odd": 2.64,
                "home_handicap_1.0_odd": 1.45,
                "home_handicap_1.5_odd": 1.29,
                "home_handicap_2.0_odd": 1.096,
                "home_handicap_2.5_odd": 1.065,
                "home_handicap_3.0_odd": 1.01,
                "away_handicap_1.5_odd": 1.039,
                "away_handicap_1.0_odd": 1.059,
                "away_handicap_0.0_odd": 1.4,
                "away_handicap_-1.0_odd": 2.56,
                "away_handicap_-1.5_odd": 3.22,
                "away_handicap_-2.0_odd": 5.35,
                "away_handicap_-2.5_odd": 6,
                "away_handicap_-3.0_odd": 11,
                "home_handicap_-0.75_odd": 4.5,
                "home_handicap_-0.25_odd": 2.98,
                "home_handicap_0.25_odd": 2.11,
                "home_handicap_0.75_odd": 1.65,
                "home_handicap_1.25_odd": 1.36,
                "home_handicap_1.75_odd": 1.192,
                "away_handicap_0.75_odd": 1.16,
                "away_handicap_0.25_odd": 1.31,
                "away_handicap_-0.25_odd": 1.63,
                "away_handicap_-0.75_odd": 2.11,
                "away_handicap_-1.25_odd": 2.89,
                "away_handicap_-1.75_odd": 3.94,
                "home_over_0.5_odd": 1.35,
                "home_over_1.0_odd": 1.77,
                "home_over_1.5_odd": 2.65,
                "home_over_2.0_odd": 4.9,
                "home_over_2.5_odd": 5.9,
                "home_under_0.5_odd": 2.95,
                "home_under_1.0_odd": 1.93,
                "home_under_1.5_odd": 1.42,
                "home_under_2.0_odd": 1.14,
                "home_under_2.5_odd": 1.1,
                "away_over_0.5_odd": 1.13,
                "away_over_1.0_odd": 1.25,
                "away_over_1.5_odd": 1.8,
                "away_over_2.0_odd": 2.55,
                "away_over_2.5_odd": 3.25,
                "away_over_3.0_odd": 5.8,
                "away_over_3.5_odd": 6.6,
                "away_under_0.5_odd": 5,
                "away_under_1.0_odd": 3.55,
                "away_under_1.5_odd": 1.9,
                "away_under_2.0_odd": 1.45,
                "away_under_2.5_odd": 1.3,
                "away_under_3.0_odd": 1.1,
                "away_under_3.5_odd": 1.08
            }
        ]
    },
    {
        "tournament_id": 2401763,
        "tournament_name": "League 1. British Colombia",
        "matches": [
            {
                "match_id": 638222075,
                "date": "26/07/2025",
                "time": "03:30",
                "home_team": "Kamloops United",
                "away_team": "TSS Rowers",
                "1_odd": 4.86,
                "draw_odd": 4.68,
                "2_odd": 1.45,
                "both_score_odd": 1.39,
                "both_noscore_odd": 2.68,
                "over_2.5_odd": 1.29,
                "over_3.0_odd": 1.45,
                "over_3.5_odd": 1.84,
                "over_4.0_odd": 2.44,
                "over_4.5_odd": 3.03,
                "under_2.5_odd": 3.14,
                "under_3.0_odd": 2.48,
                "under_3.5_odd": 1.82,
                "under_4.0_odd": 1.46,
                "under_4.5_odd": 1.31,
                "home_handicap_0.0_odd": 3.87,
                "home_handicap_1.0_odd": 1.88,
                "home_handicap_1.5_odd": 1.53,
                "away_handicap_0.0_odd": 1.2,
                "away_handicap_-1.0_odd": 1.78,
                "away_handicap_-1.5_odd": 2.28,
                "home_over_1.0_odd": 1.6,
                "home_under_1.0_odd": 2.14,
                "away_over_2.5_odd": 2.15,
                "away_under_2.5_odd": 1.59
            },
            {
                "match_id": 638223003,
                "date": "26/07/2025",
                "time": "04:30",
                "home_team": "Burnaby",
                "away_team": "Altitude Vancouver",
                "1_odd": 2.985,
                "draw_odd": 3.6,
                "2_odd": 2.01,
                "1X_odd": 1.61,
                "12_odd": 1.18,
                "X2_odd": 1.28,
                "both_score_odd": 1.58,
                "both_noscore_odd": 2.17,
                "over_2.0_odd": 1.28,
                "over_2.5_odd": 1.67,
                "over_3.0_odd": 2.2,
                "over_3.5_odd": 2.83,
                "under_2.0_odd": 3.21,
                "under_2.5_odd": 2.03,
                "under_3.0_odd": 1.57,
                "under_3.5_odd": 1.35,
                "home_handicap_0.0_odd": 2.25,
                "home_handicap_1.0_odd": 1.29,
                "away_handicap_0.0_odd": 1.54,
                "away_handicap_-1.0_odd": 3.14,
                "home_over_1.0_odd": 1.6,
                "home_under_1.0_odd": 2.14,
                "away_over_1.5_odd": 1.93,
                "away_under_1.5_odd": 1.74
            },
            {
                "match_id": 638223683,
                "date": "26/07/2025",
                "time": "23:00",
                "home_team": "Vancouver Whitecaps III",
                "away_team": "Langley United",
                "1_odd": 7.37,
                "draw_odd": 5.77,
                "2_odd": 1.25,
                "both_score_odd": 1.43,
                "both_noscore_odd": 2.54,
                "over_2.5_odd": 1.22,
                "over_3.0_odd": 1.33,
                "over_3.5_odd": 1.66,
                "over_4.0_odd": 2.08,
                "over_4.5_odd": 2.58,
                "over_5.0_odd": 3.88,
                "under_2.5_odd": 3.66,
                "under_3.0_odd": 2.93,
                "under_3.5_odd": 2.04,
                "under_4.0_odd": 1.64,
                "under_4.5_odd": 1.42,
                "under_5.0_odd": 1.2,
                "home_handicap_1.0_odd": 2.59,
                "home_handicap_1.5_odd": 1.88,
                "home_handicap_2.0_odd": 1.51,
                "away_handicap_-1.0_odd": 1.42,
                "away_handicap_-1.5_odd": 1.78,
                "away_handicap_-2.0_odd": 2.32,
                "home_over_1.0_odd": 1.84,
                "home_under_1.0_odd": 1.82,
                "away_over_2.5_odd": 1.73,
                "away_under_2.5_odd": 1.94
            },
            {
                "match_id": 638224322,
                "date": "27/07/2025",
                "time": "00:30",
                "home_team": "Unity Surrey",
                "away_team": "Nanaimo United",
                "1_odd": 1.69,
                "draw_odd": 4.33,
                "2_odd": 3.49,
                "1X_odd": 1.2,
                "12_odd": 1.12,
                "X2_odd": 1.91,
                "both_score_odd": 1.33,
                "both_noscore_odd": 2.95,
                "over_2.5_odd": 1.29,
                "over_3.0_odd": 1.44,
                "over_3.5_odd": 1.82,
                "over_4.0_odd": 2.4,
                "over_4.5_odd": 2.97,
                "under_2.5_odd": 3.17,
                "under_3.0_odd": 2.51,
                "under_3.5_odd": 1.84,
                "under_4.0_odd": 1.48,
                "under_4.5_odd": 1.32,
                "home_handicap_-1.5_odd": 2.82,
                "home_handicap_-1.0_odd": 2.23,
                "home_handicap_0.0_odd": 1.36,
                "away_handicap_1.5_odd": 1.35,
                "away_handicap_1.0_odd": 1.55,
                "away_handicap_0.0_odd": 2.79,
                "home_over_2.0_odd": 1.79,
                "home_under_2.0_odd": 1.87,
                "away_over_1.5_odd": 2.08,
                "away_under_1.5_odd": 1.64
            }
        ]
    },
    {
        "tournament_id": 829599,
        "tournament_name": "League 1 Ontario",
        "matches": [
            {
                "match_id": 638231204,
                "date": "26/07/2025",
                "time": "23:00",
                "home_team": "Scrosoppi",
                "away_team": "Oakville SC",
                "1_odd": 1.91,
                "draw_odd": 3.84,
                "2_odd": 3.065,
                "1X_odd": 1.27,
                "12_odd": 1.16,
                "X2_odd": 1.68,
                "both_score_odd": 1.46,
                "both_noscore_odd": 2.45,
                "over_2.5_odd": 1.49,
                "over_3.0_odd": 1.81,
                "over_3.5_odd": 2.34,
                "over_4.0_odd": 3.53,
                "under_2.5_odd": 2.38,
                "under_3.0_odd": 1.85,
                "under_3.5_odd": 1.5,
                "under_4.0_odd": 1.23,
                "home_handicap_-1.0_odd": 2.81,
                "home_handicap_0.0_odd": 1.5,
                "away_handicap_1.0_odd": 1.36,
                "away_handicap_0.0_odd": 2.36,
                "home_over_1.5_odd": 1.71,
                "home_under_1.5_odd": 1.97,
                "away_over_1.5_odd": 2.26,
                "away_under_1.5_odd": 1.54
            },
            {
                "match_id": 638232920,
                "date": "27/07/2025",
                "time": "00:30",
                "home_team": "North Toronto Nitros",
                "away_team": "Burlington",
                "1_odd": 3.745,
                "draw_odd": 4.58,
                "2_odd": 1.6,
                "1X_odd": 2.04,
                "12_odd": 1.1,
                "X2_odd": 1.18,
                "both_score_odd": 1.28,
                "both_noscore_odd": 3.21,
                "over_2.5_odd": 1.22,
                "over_3.0_odd": 1.33,
                "over_3.5_odd": 1.66,
                "over_4.0_odd": 2.07,
                "over_4.5_odd": 2.58,
                "over_5.0_odd": 3.86,
                "under_2.5_odd": 3.67,
                "under_3.0_odd": 2.94,
                "under_3.5_odd": 2.04,
                "under_4.0_odd": 1.64,
                "under_4.5_odd": 1.42,
                "under_5.0_odd": 1.2,
                "home_handicap_0.0_odd": 3.03,
                "home_handicap_1.0_odd": 1.66,
                "home_handicap_1.5_odd": 1.42,
                "away_handicap_0.0_odd": 1.31,
                "away_handicap_-1.0_odd": 2.04,
                "away_handicap_-1.5_odd": 2.57,
                "home_over_1.5_odd": 2,
                "home_under_1.5_odd": 1.69,
                "away_over_2.5_odd": 2.15,
                "away_under_2.5_odd": 1.59
            },
            {
                "match_id": 638234657,
                "date": "27/07/2025",
                "time": "01:00",
                "home_team": "St. Catharines Wolves",
                "away_team": "Forest City London",
                "1_odd": 1.69,
                "draw_odd": 4.33,
                "2_odd": 3.49,
                "1X_odd": 1.2,
                "12_odd": 1.12,
                "X2_odd": 1.91,
                "both_score_odd": 1.33,
                "both_noscore_odd": 2.95,
                "over_2.5_odd": 1.29,
                "over_3.0_odd": 1.44,
                "over_3.5_odd": 1.82,
                "over_4.0_odd": 2.4,
                "over_4.5_odd": 2.97,
                "under_2.5_odd": 3.17,
                "under_3.0_odd": 2.51,
                "under_3.5_odd": 1.84,
                "under_4.0_odd": 1.48,
                "under_4.5_odd": 1.32,
                "home_handicap_-1.5_odd": 2.82,
                "home_handicap_-1.0_odd": 2.23,
                "home_handicap_0.0_odd": 1.36,
                "away_handicap_1.5_odd": 1.35,
                "away_handicap_1.0_odd": 1.55,
                "away_handicap_0.0_odd": 2.79,
                "home_over_2.0_odd": 1.79,
                "home_under_2.0_odd": 1.87,
                "away_over_1.5_odd": 2.08,
                "away_under_1.5_odd": 1.64
            },
            {
                "match_id": 638236122,
                "date": "28/07/2025",
                "time": "00:00",
                "home_team": "Sigma Olomouc",
                "away_team": "Simcoe County Rovers",
                "1_odd": 4.86,
                "draw_odd": 4.68,
                "2_odd": 1.45,
                "both_score_odd": 1.39,
                "both_noscore_odd": 2.68,
                "over_2.5_odd": 1.29,
                "over_3.0_odd": 1.45,
                "over_3.5_odd": 1.84,
                "over_4.0_odd": 2.44,
                "over_4.5_odd": 3.03,
                "under_2.5_odd": 3.14,
                "under_3.0_odd": 2.48,
                "under_3.5_odd": 1.82,
                "under_4.0_odd": 1.46,
                "under_4.5_odd": 1.31,
                "home_handicap_0.0_odd": 3.87,
                "home_handicap_1.0_odd": 1.88,
                "home_handicap_1.5_odd": 1.53,
                "away_handicap_0.0_odd": 1.2,
                "away_handicap_-1.0_odd": 1.78,
                "away_handicap_-1.5_odd": 2.28,
                "home_over_1.0_odd": 1.6,
                "home_under_1.0_odd": 2.14,
                "away_over_2.5_odd": 2.15,
                "away_under_2.5_odd": 1.59
            },
            {
                "match_id": 638236882,
                "date": "28/07/2025",
                "time": "00:00",
                "home_team": "Woodbridge Strikers",
                "away_team": "Vaughan Azzurri",
                "1_odd": 1.69,
                "draw_odd": 4.33,
                "2_odd": 3.49,
                "1X_odd": 1.2,
                "12_odd": 1.12,
                "X2_odd": 1.91,
                "both_score_odd": 1.33,
                "both_noscore_odd": 2.95,
                "over_2.5_odd": 1.29,
                "over_3.0_odd": 1.44,
                "over_3.5_odd": 1.82,
                "over_4.0_odd": 2.4,
                "over_4.5_odd": 2.97,
                "under_2.5_odd": 3.17,
                "under_3.0_odd": 2.51,
                "under_3.5_odd": 1.84,
                "under_4.0_odd": 1.48,
                "under_4.5_odd": 1.32,
                "home_handicap_-1.5_odd": 2.82,
                "home_handicap_-1.0_odd": 2.23,
                "home_handicap_0.0_odd": 1.36,
                "away_handicap_1.5_odd": 1.35,
                "away_handicap_1.0_odd": 1.55,
                "away_handicap_0.0_odd": 2.79,
                "home_over_2.0_odd": 1.79,
                "home_under_2.0_odd": 1.87,
                "away_over_1.5_odd": 2.08,
                "away_under_1.5_odd": 1.64
            }
        ]
    },
    {
        "tournament_id": 2873917,
        "tournament_name": "League 1. Quebec",
        "matches": [
            {
                "match_id": 638966335,
                "date": "26/07/2025",
                "time": "01:00",
                "home_team": "AS Blainville",
                "away_team": "Saint Laurent",
                "1_odd": 9.75,
                "draw_odd": 5.1,
                "2_odd": 1.23,
                "both_score_odd": 2.04,
                "both_noscore_odd": 1.66,
                "over_2.0_odd": 1.26,
                "over_2.5_odd": 1.63,
                "over_3.0_odd": 2.12,
                "over_3.5_odd": 2.73,
                "under_2.0_odd": 3.35,
                "under_2.5_odd": 2.08,
                "under_3.0_odd": 1.61,
                "under_3.5_odd": 1.38,
                "over_2.25_odd": 1.441,
                "over_2.75_odd": 1.815,
                "over_3.25_odd": 2.422,
                "over_3.75_odd": 3.32,
                "under_2.25_odd": 2.499,
                "under_2.75_odd": 1.845,
                "under_3.25_odd": 1.467,
                "under_3.75_odd": 1.25,
                "home_handicap_1.0_odd": 2.55,
                "home_handicap_1.5_odd": 1.78,
                "home_handicap_2.0_odd": 1.39,
                "away_handicap_-1.0_odd": 1.43,
                "away_handicap_-1.5_odd": 1.88,
                "away_handicap_-2.0_odd": 2.67,
                "home_handicap_0.75_odd": 2.95,
                "home_handicap_1.25_odd": 2.046,
                "home_handicap_1.75_odd": 1.586,
                "home_handicap_2.25_odd": 1.3,
                "away_handicap_-0.75_odd": 1.329,
                "away_handicap_-1.25_odd": 1.653,
                "away_handicap_-1.75_odd": 2.158,
                "away_handicap_-2.25_odd": 3.03,
                "home_over_0.5_odd": 1.81,
                "home_under_0.5_odd": 1.81,
                "home_over_0.75_odd": 2.27,
                "home_under_0.75_odd": 1.48,
                "away_over_1.5_odd": 1.4,
                "away_over_2.0_odd": 1.73,
                "away_over_2.5_odd": 2.36,
                "away_under_1.5_odd": 2.65,
                "away_under_2.0_odd": 1.94,
                "away_under_2.5_odd": 1.49,
                "away_over_1.25_odd": 1.21,
                "away_over_1.75_odd": 1.52,
                "away_over_2.25_odd": 2.03,
                "away_over_2.75_odd": 2.89,
                "away_under_1.25_odd": 3.51,
                "away_under_1.75_odd": 2.31,
                "away_under_2.25_odd": 1.64,
                "away_under_2.75_odd": 1.35
            },
            {
                "match_id": 638967293,
                "date": "26/07/2025",
                "time": "22:00",
                "home_team": "Celtics Haut-Richelieu",
                "away_team": "Royal-Select de Beauport",
                "1_odd": 4.1,
                "draw_odd": 4.87,
                "2_odd": 1.51,
                "1X_odd": 2.18,
                "X2_odd": 1.15,
                "both_score_odd": 1.24,
                "both_noscore_odd": 3.49,
                "over_3.0_odd": 1.24,
                "over_3.5_odd": 1.52,
                "over_4.0_odd": 1.81,
                "over_4.5_odd": 2.26,
                "over_5.0_odd": 3.16,
                "over_5.5_odd": 3.77,
                "under_3.0_odd": 3.5,
                "under_3.5_odd": 2.3,
                "under_4.0_odd": 1.85,
                "under_4.5_odd": 1.54,
                "under_5.0_odd": 1.29,
                "under_5.5_odd": 1.21,
                "over_3.25_odd": 1.379,
                "over_3.75_odd": 1.641,
                "over_4.25_odd": 2.037,
                "over_4.75_odd": 2.592,
                "over_5.25_odd": 3.47,
                "under_3.25_odd": 2.719,
                "under_3.75_odd": 2.073,
                "under_4.25_odd": 1.664,
                "under_4.75_odd": 1.417,
                "under_5.25_odd": 1.244,
                "home_handicap_0.0_odd": 3.3,
                "home_handicap_1.0_odd": 1.79,
                "home_handicap_1.5_odd": 1.5,
                "home_handicap_2.0_odd": 1.25,
                "away_handicap_0.0_odd": 1.27,
                "away_handicap_-1.0_odd": 1.87,
                "away_handicap_-1.5_odd": 2.35,
                "away_handicap_-2.0_odd": 3.44,
                "home_handicap_-0.25_odd": 3.695,
                "home_handicap_0.25_odd": 2.61,
                "home_handicap_0.75_odd": 2.01,
                "home_handicap_1.25_odd": 1.617,
                "home_handicap_1.75_odd": 1.377,
                "away_handicap_0.25_odd": 1.219,
                "away_handicap_-0.25_odd": 1.4,
                "away_handicap_-0.75_odd": 1.678,
                "away_handicap_-1.25_odd": 2.11,
                "away_handicap_-1.75_odd": 2.744,
                "home_over_1.0_odd": 1.31,
                "home_over_1.5_odd": 1.93,
                "home_over_2.0_odd": 3.15,
                "home_under_1.0_odd": 3.04,
                "home_under_1.5_odd": 1.74,
                "home_under_2.0_odd": 1.29,
                "home_over_1.25_odd": 1.6,
                "home_over_1.75_odd": 2.32,
                "home_under_1.25_odd": 2.08,
                "home_under_1.75_odd": 1.52,
                "away_over_1.5_odd": 1.25,
                "away_over_2.0_odd": 1.43,
                "away_over_2.5_odd": 1.91,
                "away_over_3.0_odd": 2.74,
                "away_over_3.5_odd": 3.49,
                "away_under_1.5_odd": 3.39,
                "away_under_2.0_odd": 2.55,
                "away_under_2.5_odd": 1.76,
                "away_under_3.0_odd": 1.37,
                "away_under_3.5_odd": 1.24,
                "away_over_1.75_odd": 1.3,
                "away_over_2.25_odd": 1.66,
                "away_over_2.75_odd": 2.21,
                "away_over_3.25_odd": 3.14,
                "away_under_1.75_odd": 2.92,
                "away_under_2.25_odd": 2.01,
                "away_under_2.75_odd": 1.57,
                "away_under_3.25_odd": 1.3
            },
            {
                "match_id": 638968362,
                "date": "26/07/2025",
                "time": "23:30",
                "home_team": "Ottawa South United Force",
                "away_team": "Longuey",
                "1_odd": 2.73,
                "draw_odd": 4.12,
                "2_odd": 2,
                "1X_odd": 1.62,
                "12_odd": 1.14,
                "X2_odd": 1.34,
                "both_score_odd": 1.3,
                "both_noscore_odd": 3.1,
                "over_2.5_odd": 1.29,
                "over_3.0_odd": 1.44,
                "over_3.5_odd": 1.83,
                "over_4.0_odd": 2.41,
                "over_4.5_odd": 2.99,
                "under_2.5_odd": 3.16,
                "under_3.0_odd": 2.5,
                "under_3.5_odd": 1.83,
                "under_4.0_odd": 1.47,
                "under_4.5_odd": 1.32,
                "over_2.75_odd": 1.348,
                "over_3.25_odd": 1.639,
                "over_3.75_odd": 2.049,
                "over_4.25_odd": 2.714,
                "over_4.75_odd": 3.63,
                "under_2.75_odd": 2.836,
                "under_3.25_odd": 2.071,
                "under_3.75_odd": 1.647,
                "under_4.25_odd": 1.382,
                "under_4.75_odd": 1.22,
                "home_handicap_0.0_odd": 2.15,
                "home_handicap_1.0_odd": 1.33,
                "home_handicap_1.5_odd": 1.22,
                "away_handicap_0.0_odd": 1.59,
                "away_handicap_-1.0_odd": 2.91,
                "away_handicap_-1.5_odd": 3.62,
                "home_handicap_-0.75_odd": 3.35,
                "home_handicap_-0.25_odd": 2.446,
                "home_handicap_0.25_odd": 1.84,
                "home_handicap_0.75_odd": 1.496,
                "home_handicap_1.25_odd": 1.265,
                "away_handicap_0.75_odd": 1.25,
                "away_handicap_0.25_odd": 1.459,
                "away_handicap_-0.25_odd": 1.8,
                "away_handicap_-0.75_odd": 2.34,
                "away_handicap_-1.25_odd": 3.27,
                "home_over_1.0_odd": 1.25,
                "home_over_1.5_odd": 1.81,
                "home_over_2.0_odd": 2.8,
                "home_under_1.0_odd": 3.42,
                "home_under_1.5_odd": 1.85,
                "home_under_2.0_odd": 1.36,
                "home_over_1.25_odd": 1.53,
                "home_over_1.75_odd": 2.11,
                "home_over_2.25_odd": 3.32,
                "home_under_1.25_odd": 2.28,
                "home_under_1.75_odd": 1.59,
                "home_under_2.25_odd": 1.27,
                "away_over_1.5_odd": 1.55,
                "away_over_2.0_odd": 2.09,
                "away_over_2.5_odd": 2.87,
                "away_under_1.5_odd": 2.24,
                "away_under_2.0_odd": 1.63,
                "away_under_2.5_odd": 1.34,
                "away_over_1.25_odd": 1.34,
                "away_over_1.75_odd": 1.72,
                "away_over_2.25_odd": 2.49,
                "away_over_2.75_odd": 3.68,
                "away_under_1.25_odd": 2.91,
                "away_under_1.75_odd": 1.92,
                "away_under_2.25_odd": 1.45,
                "away_under_2.75_odd": 1.23
            },
            {
                "match_id": 638969136,
                "date": "27/07/2025",
                "time": "23:30",
                "home_team": "Mont-Royal Outremont",
                "away_team": "FC Laval Quebec",
                "1_odd": 2.1,
                "draw_odd": 4.22,
                "2_odd": 2.43,
                "1X_odd": 1.4,
                "12_odd": 1.13,
                "X2_odd": 1.54,
                "both_score_odd": 1.24,
                "both_noscore_odd": 3.51,
                "over_2.5_odd": 1.22,
                "over_3.0_odd": 1.33,
                "over_3.5_odd": 1.66,
                "over_4.0_odd": 2.08,
                "over_4.5_odd": 2.6,
                "over_5.0_odd": 3.91,
                "under_2.5_odd": 3.65,
                "under_3.0_odd": 2.93,
                "under_3.5_odd": 2.03,
                "under_4.0_odd": 1.63,
                "under_4.5_odd": 1.41,
                "under_5.0_odd": 1.19,
                "over_2.75_odd": 1.265,
                "over_3.25_odd": 1.495,
                "over_3.75_odd": 1.826,
                "over_4.25_odd": 2.344,
                "over_4.75_odd": 3.06,
                "under_2.75_odd": 3.3,
                "under_3.25_odd": 2.347,
                "under_3.75_odd": 1.826,
                "under_4.25_odd": 1.499,
                "under_4.75_odd": 1.3,
                "home_handicap_-1.0_odd": 3.15,
                "home_handicap_0.0_odd": 1.71,
                "home_handicap_1.0_odd": 1.19,
                "away_handicap_1.0_odd": 1.29,
                "away_handicap_0.0_odd": 1.97,
                "away_handicap_-1.0_odd": 3.91,
                "home_handicap_-1.25_odd": 3.525,
                "home_handicap_-0.75_odd": 2.51,
                "home_handicap_-0.25_odd": 1.937,
                "home_handicap_0.25_odd": 1.54,
                "home_handicap_0.75_odd": 1.313,
                "away_handicap_1.25_odd": 1.236,
                "away_handicap_0.75_odd": 1.43,
                "away_handicap_0.25_odd": 1.735,
                "away_handicap_-0.25_odd": 2.22,
                "away_handicap_-0.75_odd": 2.988,
                "home_over_1.5_odd": 1.51,
                "home_over_2.0_odd": 2.01,
                "home_over_2.5_odd": 2.76,
                "home_under_1.5_odd": 2.31,
                "home_under_2.0_odd": 1.68,
                "home_under_2.5_odd": 1.37,
                "home_over_1.25_odd": 1.32,
                "home_over_1.75_odd": 1.68,
                "home_over_2.25_odd": 2.39,
                "home_over_2.75_odd": 3.5,
                "home_under_1.25_odd": 3.03,
                "home_under_1.75_odd": 1.98,
                "home_under_2.25_odd": 1.49,
                "home_under_2.75_odd": 1.25,
                "away_over_1.5_odd": 1.62,
                "away_over_2.0_odd": 2.28,
                "away_over_2.5_odd": 3.12,
                "away_under_1.5_odd": 2.1,
                "away_under_2.0_odd": 1.53,
                "away_under_2.5_odd": 1.29,
                "away_over_1.25_odd": 1.39,
                "away_over_1.75_odd": 1.83,
                "away_over_2.25_odd": 2.71,
                "away_under_1.25_odd": 2.68,
                "away_under_1.75_odd": 1.8,
                "away_under_2.25_odd": 1.39
            }
        ]
    }
]