[
    {
        "last_updated": "2025-07-24T20:45:26.877467+01:00"
    },
    {
        "tournament_id": 1909582,
        "tournament_name": "Super League. Statistics Round",
        "matches": [
            {
                "match_id": 639043509,
                "date": "26/07/2025",
                "time": "12:00",
                "home_team": "Home",
                "away_team": "Away",
                "1_odd": 1.07,
                "draw_odd": 22,
                "2_odd": 10.5,
                "1X_odd": 1.01,
                "X2_odd": 6.8,
                "over_22.5_odd": 1.35,
                "over_23.5_odd": 1.48,
                "over_24.5_odd": 1.67,
                "over_25.5_odd": 1.9,
                "over_26.5_odd": 2.23,
                "over_27.5_odd": 2.65,
                "over_28.5_odd": 3.2,
                "under_22.5_odd": 2.9,
                "under_23.5_odd": 2.45,
                "under_24.5_odd": 2.07,
                "under_25.5_odd": 1.8,
                "under_26.5_odd": 1.58,
                "under_27.5_odd": 1.43,
                "under_28.5_odd": 1.3,
                "home_handicap_-9.5_odd": 2.9,
                "home_handicap_-8.5_odd": 2.45,
                "home_handicap_-7.5_odd": 2.07,
                "home_handicap_-6.5_odd": 1.8,
                "home_handicap_-5.5_odd": 1.58,
                "home_handicap_-4.5_odd": 1.43,
                "home_handicap_-3.5_odd": 1.3,
                "away_handicap_9.5_odd": 1.35,
                "away_handicap_8.5_odd": 1.48,
                "away_handicap_7.5_odd": 1.67,
                "away_handicap_6.5_odd": 1.9,
                "away_handicap_5.5_odd": 2.23,
                "away_handicap_4.5_odd": 2.65,
                "away_handicap_3.5_odd": 3.2,
                "home_over_14.5_odd": 1.48,
                "home_over_15.5_odd": 1.75,
                "home_over_16.5_odd": 2.1,
                "home_under_14.5_odd": 2.45,
                "home_under_15.5_odd": 1.95,
                "home_under_16.5_odd": 1.65,
                "away_over_8.5_odd": 1.62,
                "away_over_9.5_odd": 2.03,
                "away_over_10.5_odd": 2.65,
                "away_under_8.5_odd": 2.15,
                "away_under_9.5_odd": 1.7,
                "away_under_10.5_odd": 1.43
            }
        ]
    },
    {
        "tournament_id": 202305,
        "tournament_name": "League One",
        "matches": [
            {
                "match_id": 639737867,
                "date": "26/07/2025",
                "time": "11:00",
                "home_team": "Yanbian Longding",
                "away_team": "Liaoning Tieren",
                "1_odd": 3.48,
                "draw_odd": 3.44,
                "2_odd": 1.92,
                "1X_odd": 1.72,
                "12_odd": 1.222,
                "X2_odd": 1.23,
                "both_score_odd": 1.71,
                "both_noscore_odd": 2.001,
                "over_0.5_odd": 1.02,
                "over_1.0_odd": 1.06,
                "over_1.5_odd": 1.23,
                "over_2.0_odd": 1.38,
                "over_2.5_odd": 1.85,
                "over_3.0_odd": 2.52,
                "over_3.5_odd": 3.2,
                "over_4.0_odd": 5.65,
                "over_4.5_odd": 6.55,
                "over_5.5_odd": 10.5,
                "under_0.5_odd": 10,
                "under_1.0_odd": 7.4,
                "under_1.5_odd": 3.42,
                "under_2.0_odd": 2.625,
                "under_2.5_odd": 1.84,
                "under_3.0_odd": 1.41,
                "under_3.5_odd": 1.26,
                "under_4.0_odd": 1.077,
                "under_4.5_odd": 1.049,
                "under_5.5_odd": 1.02,
                "over_1.25_odd": 1.11,
                "over_1.75_odd": 1.285,
                "over_2.25_odd": 1.6,
                "over_2.75_odd": 2.07,
                "over_3.25_odd": 2.875,
                "over_3.75_odd": 4,
                "over_4.25_odd": 6.1,
                "over_4.75_odd": 8.7,
                "under_1.25_odd": 4.9,
                "under_1.75_odd": 3.05,
                "under_2.25_odd": 2.08,
                "under_2.75_odd": 1.61,
                "under_3.25_odd": 1.32,
                "under_3.75_odd": 1.168,
                "under_4.25_odd": 1.062,
                "under_4.75_odd": 1.009,
                "home_handicap_-1.5_odd": 8.6,
                "home_handicap_-1.0_odd": 7.4,
                "home_handicap_0.0_odd": 2.58,
                "home_handicap_1.0_odd": 1.34,
                "home_handicap_1.5_odd": 1.196,
                "home_handicap_2.0_odd": 1.028,
                "home_handicap_2.5_odd": 1.01,
                "away_handicap_1.5_odd": 1.012,
                "away_handicap_1.0_odd": 1.045,
                "away_handicap_0.0_odd": 1.444,
                "away_handicap_-1.0_odd": 2.89,
                "away_handicap_-1.5_odd": 3.72,
                "away_handicap_-2.0_odd": 7.5,
                "away_handicap_-2.5_odd": 8.7,
                "home_handicap_-1.25_odd": 8,
                "home_handicap_-0.75_odd": 4.55,
                "home_handicap_-0.25_odd": 3.02,
                "home_handicap_0.25_odd": 2.05,
                "home_handicap_0.75_odd": 1.56,
                "home_handicap_1.25_odd": 1.26,
                "home_handicap_1.75_odd": 1.112,
                "home_handicap_2.25_odd": 1.018,
                "away_handicap_1.25_odd": 1.027,
                "away_handicap_0.75_odd": 1.153,
                "away_handicap_0.25_odd": 1.333,
                "away_handicap_-0.25_odd": 1.69,
                "away_handicap_-0.75_odd": 2.24,
                "away_handicap_-1.25_odd": 3.28,
                "away_handicap_-1.75_odd": 4.85,
                "away_handicap_-2.25_odd": 8.1,
                "home_over_0.5_odd": 1.4,
                "home_over_1.0_odd": 1.87,
                "home_over_1.5_odd": 2.8,
                "home_over_2.0_odd": 6,
                "home_over_2.5_odd": 7.6,
                "home_under_0.5_odd": 2.7,
                "home_under_1.0_odd": 1.83,
                "home_under_1.5_odd": 1.38,
                "home_under_2.0_odd": 1.09,
                "home_under_2.5_odd": 1.05,
                "home_over_0.75_odd": 1.54,
                "home_over_1.25_odd": 2.45,
                "home_over_1.75_odd": 3.98,
                "home_under_0.75_odd": 2.25,
                "home_under_1.25_odd": 1.46,
                "home_under_1.75_odd": 1.171,
                "away_over_0.5_odd": 1.19,
                "away_over_1.0_odd": 1.35,
                "away_over_1.5_odd": 1.96,
                "away_over_2.5_odd": 4.1,
                "away_over_3.5_odd": 9.7,
                "away_under_0.5_odd": 4.2,
                "away_under_1.0_odd": 3,
                "away_under_1.5_odd": 1.75,
                "away_under_2.5_odd": 1.2,
                "away_under_3.5_odd": 1.02,
                "away_over_0.75_odd": 1.21,
                "away_over_1.25_odd": 1.66,
                "away_over_1.75_odd": 2.375,
                "away_over_2.25_odd": 3.8,
                "away_under_0.75_odd": 3.58,
                "away_under_1.25_odd": 2.04,
                "away_under_1.75_odd": 1.49,
                "away_under_2.25_odd": 1.188
            },
            {
                "match_id": 639737864,
                "date": "26/07/2025",
                "time": "12:00",
                "home_team": "Shaanxi Union",
                "away_team": "Foshan Nanshi",
                "1_odd": 1.49,
                "draw_odd": 3.96,
                "2_odd": 5.7,
                "1X_odd": 1.079,
                "12_odd": 1.168,
                "X2_odd": 2.31,
                "both_score_odd": 1.83,
                "both_noscore_odd": 1.857,
                "over_0.5_odd": 1.01,
                "over_1.0_odd": 1.05,
                "over_1.5_odd": 1.2,
                "over_2.0_odd": 1.33,
                "over_2.5_odd": 1.77,
                "over_3.0_odd": 2.3,
                "over_3.5_odd": 2.92,
                "over_4.0_odd": 4.85,
                "over_4.5_odd": 5.6,
                "over_5.5_odd": 10,
                "under_0.5_odd": 10.5,
                "under_1.0_odd": 7.8,
                "under_1.5_odd": 3.68,
                "under_2.0_odd": 2.83,
                "under_2.5_odd": 1.93,
                "under_3.0_odd": 1.49,
                "under_3.5_odd": 1.31,
                "under_4.0_odd": 1.113,
                "under_4.5_odd": 1.079,
                "under_5.5_odd": 1.03,
                "over_1.25_odd": 1.098,
                "over_1.75_odd": 1.26,
                "over_2.25_odd": 1.53,
                "over_2.75_odd": 1.94,
                "over_3.25_odd": 2.59,
                "over_3.75_odd": 3.5,
                "over_4.25_odd": 5.2,
                "over_4.75_odd": 7.2,
                "under_1.25_odd": 5.15,
                "under_1.75_odd": 3.22,
                "under_2.25_odd": 2.21,
                "under_2.75_odd": 1.7,
                "under_3.25_odd": 1.39,
                "under_3.75_odd": 1.22,
                "under_4.25_odd": 1.095,
                "under_4.75_odd": 1.034,
                "home_handicap_-3.5_odd": 9.5,
                "home_handicap_-3.0_odd": 8.5,
                "home_handicap_-2.5_odd": 4.8,
                "home_handicap_-2.0_odd": 4,
                "home_handicap_-1.5_odd": 2.49,
                "home_handicap_-1.0_odd": 1.88,
                "home_handicap_0.0_odd": 1.162,
                "home_handicap_1.0_odd": 1.02,
                "home_handicap_1.5_odd": 1.01,
                "away_handicap_3.5_odd": 1.03,
                "away_handicap_3.0_odd": 1.04,
                "away_handicap_2.5_odd": 1.115,
                "away_handicap_2.0_odd": 1.178,
                "away_handicap_1.5_odd": 1.46,
                "away_handicap_1.0_odd": 1.82,
                "away_handicap_0.0_odd": 4.3,
                "away_handicap_-1.0_odd": 10,
                "away_handicap_-1.5_odd": 11,
                "home_handicap_-2.75_odd": 6.25,
                "home_handicap_-2.25_odd": 4.4,
                "home_handicap_-1.75_odd": 2.98,
                "home_handicap_-1.25_odd": 2.2,
                "home_handicap_-0.75_odd": 1.65,
                "home_handicap_-0.25_odd": 1.333,
                "home_handicap_0.25_odd": 1.121,
                "home_handicap_0.75_odd": 1.032,
                "away_handicap_2.75_odd": 1.058,
                "away_handicap_2.25_odd": 1.141,
                "away_handicap_1.75_odd": 1.32,
                "away_handicap_1.25_odd": 1.6,
                "away_handicap_0.75_odd": 2.11,
                "away_handicap_0.25_odd": 2.97,
                "away_handicap_-0.25_odd": 4.85,
                "away_handicap_-0.75_odd": 7.4,
                "home_over_0.5_odd": 1.11,
                "home_over_1.5_odd": 1.64,
                "home_over_2.5_odd": 3,
                "home_over_3.5_odd": 6.5,
                "home_under_0.5_odd": 5.6,
                "home_under_1.5_odd": 2.12,
                "home_under_2.5_odd": 1.33,
                "home_under_3.5_odd": 1.08,
                "home_over_0.75_odd": 1.103,
                "home_over_1.25_odd": 1.39,
                "home_over_1.75_odd": 1.83,
                "home_over_2.25_odd": 2.59,
                "home_under_0.75_odd": 5.05,
                "home_under_1.25_odd": 2.67,
                "home_under_1.75_odd": 1.83,
                "home_under_2.25_odd": 1.39,
                "away_over_0.5_odd": 1.59,
                "away_over_1.0_odd": 2.45,
                "away_over_1.5_odd": 3.7,
                "away_over_2.0_odd": 9.4,
                "away_over_2.5_odd": 11.5,
                "away_under_0.5_odd": 2.2,
                "away_under_1.0_odd": 1.49,
                "away_under_1.5_odd": 1.24,
                "away_under_2.0_odd": 1.03,
                "away_under_2.5_odd": 1.01,
                "away_over_0.75_odd": 1.87,
                "away_over_1.25_odd": 3.34,
                "away_over_1.75_odd": 5.7,
                "away_under_0.75_odd": 1.79,
                "away_under_1.25_odd": 1.26,
                "away_under_1.75_odd": 1.076
            },
            {
                "match_id": 639737870,
                "date": "26/07/2025",
                "time": "12:30",
                "home_team": "Chongqing Tongliangloong",
                "away_team": "Shenzhen Juniors",
                "1_odd": 1.094,
                "draw_odd": 7.1,
                "2_odd": 18,
                "1X_odd": 1.01,
                "12_odd": 1.033,
                "X2_odd": 5.15,
                "both_score_odd": 2.16,
                "both_noscore_odd": 1.61,
                "over_0.5_odd": 1.01,
                "over_1.5_odd": 1.07,
                "over_2.0_odd": 1.113,
                "over_2.5_odd": 1.37,
                "over_3.0_odd": 1.57,
                "over_3.5_odd": 2,
                "over_4.0_odd": 2.66,
                "over_4.5_odd": 3.2,
                "over_5.0_odd": 5.3,
                "over_5.5_odd": 6,
                "under_0.5_odd": 16,
                "under_1.5_odd": 5.85,
                "under_2.0_odd": 4.85,
                "under_2.5_odd": 2.66,
                "under_3.0_odd": 2.14,
                "under_3.5_odd": 1.71,
                "under_4.0_odd": 1.37,
                "under_4.5_odd": 1.26,
                "under_5.0_odd": 1.092,
                "under_5.5_odd": 1.065,
                "over_1.75_odd": 1.089,
                "over_2.25_odd": 1.24,
                "over_2.75_odd": 1.45,
                "over_3.25_odd": 1.78,
                "over_3.75_odd": 2.24,
                "over_4.25_odd": 2.97,
                "over_4.75_odd": 3.96,
                "over_5.25_odd": 5.65,
                "under_1.75_odd": 5.35,
                "under_2.25_odd": 3.34,
                "under_2.75_odd": 2.41,
                "under_3.25_odd": 1.84,
                "under_3.75_odd": 1.52,
                "under_4.25_odd": 1.3,
                "under_4.75_odd": 1.172,
                "under_5.25_odd": 1.077,
                "home_handicap_-5.0_odd": 11.5,
                "home_handicap_-4.5_odd": 6.85,
                "home_handicap_-4.0_odd": 6.05,
                "home_handicap_-3.5_odd": 3.5,
                "home_handicap_-3.0_odd": 2.93,
                "home_handicap_-2.5_odd": 2.14,
                "home_handicap_-2.0_odd": 1.71,
                "home_handicap_-1.5_odd": 1.45,
                "home_handicap_-1.0_odd": 1.159,
                "home_handicap_0.0_odd": 1.03,
                "away_handicap_5.0_odd": 1.01,
                "away_handicap_4.5_odd": 1.042,
                "away_handicap_4.0_odd": 1.063,
                "away_handicap_3.5_odd": 1.22,
                "away_handicap_3.0_odd": 1.32,
                "away_handicap_2.5_odd": 1.615,
                "away_handicap_2.0_odd": 2.02,
                "away_handicap_1.5_odd": 2.52,
                "away_handicap_1.0_odd": 4.25,
                "away_handicap_0.0_odd": 9.1,
                "home_handicap_-3.75_odd": 4.45,
                "home_handicap_-3.25_odd": 3.22,
                "home_handicap_-2.75_odd": 2.43,
                "home_handicap_-2.25_odd": 1.93,
                "home_handicap_-1.75_odd": 1.56,
                "home_handicap_-1.25_odd": 1.31,
                "home_handicap_-0.75_odd": 1.122,
                "home_handicap_-0.25_odd": 1.029,
                "away_handicap_3.75_odd": 1.137,
                "away_handicap_3.25_odd": 1.26,
                "away_handicap_2.75_odd": 1.47,
                "away_handicap_2.25_odd": 1.78,
                "away_handicap_1.75_odd": 2.27,
                "away_handicap_1.25_odd": 3.04,
                "away_handicap_0.75_odd": 4.7,
                "away_handicap_0.25_odd": 7.5,
                "home_over_1.5_odd": 1.21,
                "home_over_2.5_odd": 1.74,
                "home_over_3.5_odd": 2.85,
                "home_over_4.5_odd": 5.2,
                "home_over_5.5_odd": 10.5,
                "home_under_1.5_odd": 3.9,
                "home_under_2.5_odd": 1.97,
                "home_under_3.5_odd": 1.37,
                "home_under_4.5_odd": 1.12,
                "home_under_5.5_odd": 1.02,
                "home_over_1.75_odd": 1.23,
                "home_over_2.25_odd": 1.5,
                "home_over_2.75_odd": 1.86,
                "home_over_3.25_odd": 2.42,
                "home_under_1.75_odd": 3.42,
                "home_under_2.25_odd": 2.35,
                "home_under_2.75_odd": 1.8,
                "home_under_3.25_odd": 1.444,
                "away_over_0.5_odd": 1.94,
                "away_over_1.0_odd": 3.7,
                "away_over_1.5_odd": 5.3,
                "away_under_0.5_odd": 1.77,
                "away_under_1.0_odd": 1.23,
                "away_under_1.5_odd": 1.12,
                "away_over_0.75_odd": 2.71,
                "away_over_1.25_odd": 6.35,
                "away_under_0.75_odd": 1.38,
                "away_under_1.25_odd": 1.069
            },
            {
                "match_id": 639738500,
                "date": "26/07/2025",
                "time": "12:30",
                "home_team": "Shijiazhuang Gongfu",
                "away_team": "Shanghai Jiading",
                "1_odd": 1.54,
                "draw_odd": 3.75,
                "2_odd": 5.46,
                "1X_odd": 1.083,
                "12_odd": 1.188,
                "X2_odd": 2.22,
                "both_score_odd": 1.95,
                "both_noscore_odd": 1.75,
                "over_0.5_odd": 1.004,
                "over_1.0_odd": 1.023,
                "over_1.5_odd": 1.27,
                "over_2.0_odd": 1.44,
                "over_2.5_odd": 1.92,
                "over_3.0_odd": 2.625,
                "over_3.5_odd": 3.28,
                "over_4.0_odd": 5.65,
                "over_4.5_odd": 6.4,
                "over_5.5_odd": 11,
                "under_0.5_odd": 9.1,
                "under_1.0_odd": 7.8,
                "under_1.5_odd": 3.14,
                "under_2.0_odd": 2.43,
                "under_2.5_odd": 1.78,
                "under_3.0_odd": 1.38,
                "under_3.5_odd": 1.25,
                "under_4.0_odd": 1.078,
                "under_4.5_odd": 1.054,
                "under_5.5_odd": 1.02,
                "over_0.75_odd": 1.012,
                "over_1.25_odd": 1.143,
                "over_1.75_odd": 1.333,
                "over_2.25_odd": 1.666,
                "over_2.75_odd": 2.15,
                "over_3.25_odd": 2.92,
                "over_3.75_odd": 4.1,
                "over_4.25_odd": 6,
                "under_0.75_odd": 8.5,
                "under_1.25_odd": 4.33,
                "under_1.75_odd": 2.81,
                "under_2.25_odd": 1.98,
                "under_2.75_odd": 1.56,
                "under_3.25_odd": 1.31,
                "under_3.75_odd": 1.162,
                "under_4.25_odd": 1.065,
                "home_handicap_-3.5_odd": 10.5,
                "home_handicap_-3.0_odd": 9.6,
                "home_handicap_-2.5_odd": 5.05,
                "home_handicap_-2.0_odd": 4.3,
                "home_handicap_-1.5_odd": 2.61,
                "home_handicap_-1.0_odd": 1.97,
                "home_handicap_0.0_odd": 1.174,
                "home_handicap_1.0_odd": 1.02,
                "home_handicap_1.5_odd": 1.01,
                "away_handicap_3.5_odd": 1.01,
                "away_handicap_3.0_odd": 1.02,
                "away_handicap_2.5_odd": 1.102,
                "away_handicap_2.0_odd": 1.155,
                "away_handicap_1.5_odd": 1.42,
                "away_handicap_1.0_odd": 1.75,
                "away_handicap_0.0_odd": 4.15,
                "away_handicap_-1.0_odd": 10,
                "away_handicap_-1.5_odd": 11,
                "home_handicap_-2.75_odd": 6.55,
                "home_handicap_-2.25_odd": 4.65,
                "home_handicap_-1.75_odd": 3.15,
                "home_handicap_-1.25_odd": 2.3,
                "home_handicap_-0.75_odd": 1.7,
                "home_handicap_-0.25_odd": 1.36,
                "home_handicap_0.25_odd": 1.131,
                "home_handicap_0.75_odd": 1.039,
                "away_handicap_2.75_odd": 1.049,
                "away_handicap_2.25_odd": 1.123,
                "away_handicap_1.75_odd": 1.29,
                "away_handicap_1.25_odd": 1.55,
                "away_handicap_0.75_odd": 2.03,
                "away_handicap_0.25_odd": 2.84,
                "away_handicap_-0.25_odd": 4.65,
                "away_handicap_-0.75_odd": 7,
                "home_over_0.5_odd": 1.14,
                "home_over_1.5_odd": 1.75,
                "home_over_2.5_odd": 3.4,
                "home_over_3.5_odd": 7.5,
                "home_under_0.5_odd": 5,
                "home_under_1.5_odd": 1.97,
                "home_under_2.5_odd": 1.28,
                "home_under_3.5_odd": 1.05,
                "home_over_0.75_odd": 1.143,
                "home_over_1.25_odd": 1.48,
                "home_over_1.75_odd": 1.98,
                "home_over_2.25_odd": 2.875,
                "home_under_0.75_odd": 4.33,
                "home_under_1.25_odd": 2.4,
                "home_under_1.75_odd": 1.7,
                "home_under_2.25_odd": 1.32,
                "away_over_0.5_odd": 1.64,
                "away_over_1.0_odd": 2.65,
                "away_over_1.5_odd": 3.9,
                "away_over_2.0_odd": 10.5,
                "away_under_0.5_odd": 2.1,
                "away_under_1.0_odd": 1.43,
                "away_under_1.5_odd": 1.21,
                "away_under_2.0_odd": 1.01,
                "away_over_0.75_odd": 2,
                "away_over_1.25_odd": 3.65,
                "away_over_1.75_odd": 6.1,
                "away_under_0.75_odd": 1.69,
                "away_under_1.25_odd": 1.22,
                "away_under_1.75_odd": 1.062
            },
            {
                "match_id": 639815315,
                "date": "27/07/2025",
                "time": "12:00",
                "home_team": "Dalian Kun City",
                "away_team": "Qingdao Red Lions",
                "1_odd": 1.43,
                "draw_odd": 4.15,
                "2_odd": 6.28,
                "1X_odd": 1.06,
                "12_odd": 1.152,
                "X2_odd": 2.48,
                "both_score_odd": 1.86,
                "both_noscore_odd": 1.826,
                "over_0.5_odd": 1.01,
                "over_1.0_odd": 1.05,
                "over_1.5_odd": 1.2,
                "over_2.0_odd": 1.32,
                "over_2.5_odd": 1.74,
                "over_3.0_odd": 2.24,
                "over_3.5_odd": 2.83,
                "over_4.0_odd": 4.55,
                "over_4.5_odd": 5.25,
                "over_5.5_odd": 9.5,
                "under_0.5_odd": 11,
                "under_1.0_odd": 8,
                "under_1.5_odd": 3.68,
                "under_2.0_odd": 2.875,
                "under_2.5_odd": 1.96,
                "under_3.0_odd": 1.52,
                "under_3.5_odd": 1.33,
                "under_4.0_odd": 1.13,
                "under_4.5_odd": 1.093,
                "under_5.5_odd": 1.04,
                "over_1.25_odd": 1.101,
                "over_1.75_odd": 1.25,
                "over_2.25_odd": 1.52,
                "over_2.75_odd": 1.9,
                "over_3.25_odd": 2.52,
                "over_3.75_odd": 3.42,
                "over_4.25_odd": 4.9,
                "over_4.75_odd": 6.65,
                "under_1.25_odd": 5.1,
                "under_1.75_odd": 3.28,
                "under_2.25_odd": 2.24,
                "under_2.75_odd": 1.727,
                "under_3.25_odd": 1.41,
                "under_3.75_odd": 1.23,
                "under_4.25_odd": 1.11,
                "under_4.75_odd": 1.047,
                "home_handicap_-3.5_odd": 8.6,
                "home_handicap_-3.0_odd": 7.8,
                "home_handicap_-2.5_odd": 4.25,
                "home_handicap_-2.0_odd": 3.5,
                "home_handicap_-1.5_odd": 2.31,
                "home_handicap_-1.0_odd": 1.77,
                "home_handicap_0.0_odd": 1.134,
                "home_handicap_1.0_odd": 1.01,
                "away_handicap_3.5_odd": 1.011,
                "away_handicap_3.0_odd": 1.023,
                "away_handicap_2.5_odd": 1.151,
                "away_handicap_2.0_odd": 1.23,
                "away_handicap_1.5_odd": 1.53,
                "away_handicap_1.0_odd": 1.94,
                "away_handicap_0.0_odd": 4.75,
                "away_handicap_-1.0_odd": 11,
                "home_handicap_-2.75_odd": 5.4,
                "home_handicap_-2.25_odd": 3.86,
                "home_handicap_-1.75_odd": 2.72,
                "home_handicap_-1.25_odd": 2.05,
                "home_handicap_-0.75_odd": 1.57,
                "home_handicap_-0.25_odd": 1.29,
                "home_handicap_0.25_odd": 1.102,
                "home_handicap_0.75_odd": 1.025,
                "away_handicap_2.75_odd": 1.087,
                "away_handicap_2.25_odd": 1.182,
                "away_handicap_1.75_odd": 1.38,
                "away_handicap_1.25_odd": 1.69,
                "away_handicap_0.75_odd": 2.25,
                "away_handicap_0.25_odd": 3.22,
                "away_handicap_-0.25_odd": 5.25,
                "away_handicap_-0.75_odd": 7.7,
                "home_over_0.5_odd": 1.1,
                "home_over_1.5_odd": 1.59,
                "home_over_2.5_odd": 2.85,
                "home_over_3.5_odd": 6,
                "home_under_0.5_odd": 6,
                "home_under_1.5_odd": 2.22,
                "home_under_2.5_odd": 1.37,
                "home_under_3.5_odd": 1.09,
                "home_over_1.25_odd": 1.34,
                "home_over_1.75_odd": 1.75,
                "home_over_2.25_odd": 2.42,
                "home_over_2.75_odd": 3.42,
                "home_under_1.25_odd": 2.78,
                "home_under_1.75_odd": 1.92,
                "home_under_2.25_odd": 1.47,
                "home_under_2.75_odd": 1.23,
                "away_over_0.5_odd": 1.62,
                "away_over_1.0_odd": 2.55,
                "away_over_1.5_odd": 3.8,
                "away_over_2.0_odd": 10,
                "away_under_0.5_odd": 2.15,
                "away_under_1.0_odd": 1.45,
                "away_under_1.5_odd": 1.22,
                "away_under_2.0_odd": 1.02,
                "away_over_0.75_odd": 1.97,
                "away_over_1.25_odd": 3.56,
                "away_over_1.75_odd": 5.9,
                "away_under_0.75_odd": 1.71,
                "away_under_1.25_odd": 1.23,
                "away_under_1.75_odd": 1.068
            },
            {
                "match_id": 639815312,
                "date": "27/07/2025",
                "time": "12:30",
                "home_team": "Guangdong GZ-Power",
                "away_team": "Jiangxi Dingnan United",
                "1_odd": 1.3,
                "draw_odd": 4.9,
                "2_odd": 7.95,
                "1X_odd": 1.022,
                "12_odd": 1.105,
                "X2_odd": 3,
                "both_score_odd": 1.87,
                "both_noscore_odd": 1.816,
                "over_0.5_odd": 1.01,
                "over_1.0_odd": 1.03,
                "over_1.5_odd": 1.151,
                "over_2.0_odd": 1.23,
                "over_2.5_odd": 1.58,
                "over_3.0_odd": 1.909,
                "over_3.5_odd": 2.41,
                "over_4.0_odd": 3.58,
                "over_4.5_odd": 4.2,
                "over_5.0_odd": 7.1,
                "over_5.5_odd": 7.6,
                "under_0.5_odd": 13,
                "under_1.0_odd": 9.3,
                "under_1.5_odd": 4.25,
                "under_2.0_odd": 3.42,
                "under_2.5_odd": 2.22,
                "under_3.0_odd": 1.72,
                "under_3.5_odd": 1.45,
                "under_4.0_odd": 1.21,
                "under_4.5_odd": 1.154,
                "under_5.0_odd": 1.038,
                "under_5.5_odd": 1.027,
                "over_1.25_odd": 1.071,
                "over_1.75_odd": 1.184,
                "over_2.25_odd": 1.4,
                "over_2.75_odd": 1.7,
                "over_3.25_odd": 2.15,
                "over_3.75_odd": 2.83,
                "over_4.25_odd": 3.88,
                "over_4.75_odd": 5.2,
                "under_1.25_odd": 5.8,
                "under_1.75_odd": 3.84,
                "under_2.25_odd": 2.56,
                "under_2.75_odd": 1.94,
                "under_3.25_odd": 1.56,
                "under_3.75_odd": 1.33,
                "under_4.25_odd": 1.179,
                "under_4.75_odd": 1.096,
                "home_handicap_-3.5_odd": 5.95,
                "home_handicap_-3.0_odd": 5.3,
                "home_handicap_-2.5_odd": 3.22,
                "home_handicap_-2.0_odd": 2.61,
                "home_handicap_-1.5_odd": 1.93,
                "home_handicap_-1.0_odd": 1.48,
                "home_handicap_0.0_odd": 1.068,
                "away_handicap_3.5_odd": 1.067,
                "away_handicap_3.0_odd": 1.091,
                "away_handicap_2.5_odd": 1.27,
                "away_handicap_2.0_odd": 1.42,
                "away_handicap_1.5_odd": 1.78,
                "away_handicap_1.0_odd": 2.43,
                "away_handicap_0.0_odd": 5.95,
                "home_handicap_-3.25_odd": 5.65,
                "home_handicap_-2.75_odd": 3.9,
                "home_handicap_-2.25_odd": 2.93,
                "home_handicap_-1.75_odd": 2.2,
                "home_handicap_-1.25_odd": 1.72,
                "home_handicap_-0.75_odd": 1.37,
                "home_handicap_-0.25_odd": 1.181,
                "home_handicap_0.75_odd": 1.005,
                "away_handicap_3.25_odd": 1.078,
                "away_handicap_2.75_odd": 1.178,
                "away_handicap_2.25_odd": 1.33,
                "away_handicap_1.75_odd": 1.6,
                "away_handicap_1.25_odd": 2,
                "away_handicap_0.75_odd": 2.76,
                "away_handicap_0.25_odd": 3.96,
                "away_handicap_-0.75_odd": 9,
                "home_over_0.5_odd": 1.06,
                "home_over_1.5_odd": 1.43,
                "home_over_2.5_odd": 2.4,
                "home_over_3.5_odd": 4.6,
                "home_over_4.5_odd": 9.7,
                "home_under_0.5_odd": 7.5,
                "home_under_1.5_odd": 2.65,
                "home_under_2.5_odd": 1.51,
                "home_under_3.5_odd": 1.16,
                "home_under_4.5_odd": 1.02,
                "home_over_1.25_odd": 1.23,
                "home_over_1.75_odd": 1.51,
                "home_over_2.25_odd": 1.97,
                "home_over_2.75_odd": 2.625,
                "home_under_1.25_odd": 3.42,
                "home_under_1.75_odd": 2.32,
                "home_under_2.25_odd": 1.71,
                "home_under_2.75_odd": 1.38,
                "away_over_0.5_odd": 1.67,
                "away_over_1.0_odd": 2.7,
                "away_over_1.5_odd": 4,
                "away_over_2.0_odd": 11,
                "away_under_0.5_odd": 2.07,
                "away_under_1.0_odd": 1.4,
                "away_under_1.5_odd": 1.2,
                "away_under_2.0_odd": 1.01,
                "away_over_0.75_odd": 2.07,
                "away_over_1.25_odd": 3.88,
                "away_over_1.75_odd": 6.2,
                "away_under_0.75_odd": 1.64,
                "away_under_1.25_odd": 1.197,
                "away_under_1.75_odd": 1.059
            },
            {
                "match_id": 639815850,
                "date": "27/07/2025",
                "time": "12:30",
                "home_team": "Guangxi Pingguo",
                "away_team": "Suzhou Dongwu",
                "1_odd": 3.505,
                "draw_odd": 3.26,
                "2_odd": 1.972,
                "1X_odd": 1.68,
                "12_odd": 1.25,
                "X2_odd": 1.222,
                "both_score_odd": 1.85,
                "both_noscore_odd": 1.836,
                "over_0.5_odd": 1.024,
                "over_1.0_odd": 1.025,
                "over_1.5_odd": 1.3,
                "over_2.0_odd": 1.53,
                "over_2.5_odd": 2.08,
                "over_3.0_odd": 3.04,
                "over_3.5_odd": 3.84,
                "over_4.0_odd": 7.3,
                "over_4.5_odd": 8.3,
                "over_5.5_odd": 12,
                "under_0.5_odd": 8.25,
                "under_1.0_odd": 7.7,
                "under_1.5_odd": 2.97,
                "under_2.0_odd": 2.21,
                "under_2.5_odd": 1.66,
                "under_3.0_odd": 1.29,
                "under_3.5_odd": 1.184,
                "under_4.0_odd": 1.033,
                "under_4.5_odd": 1.016,
                "under_5.5_odd": 1.02,
                "over_0.75_odd": 1.011,
                "over_1.25_odd": 1.162,
                "over_1.75_odd": 1.39,
                "over_2.25_odd": 1.79,
                "over_2.75_odd": 2.375,
                "over_3.25_odd": 3.42,
                "over_3.75_odd": 4.9,
                "over_4.25_odd": 7.8,
                "under_0.75_odd": 8.6,
                "under_1.25_odd": 4.1,
                "under_1.75_odd": 2.59,
                "under_2.25_odd": 1.83,
                "under_2.75_odd": 1.46,
                "under_3.25_odd": 1.23,
                "under_3.75_odd": 1.109,
                "under_4.25_odd": 1.024,
                "home_handicap_-1.5_odd": 9,
                "home_handicap_-1.0_odd": 7.8,
                "home_handicap_0.0_odd": 2.56,
                "home_handicap_1.0_odd": 1.3,
                "home_handicap_1.5_odd": 1.17,
                "home_handicap_2.0_odd": 1.012,
                "home_handicap_2.5_odd": 1.04,
                "away_handicap_1.5_odd": 1.006,
                "away_handicap_1.0_odd": 1.037,
                "away_handicap_0.0_odd": 1.45,
                "away_handicap_-1.0_odd": 3.1,
                "away_handicap_-1.5_odd": 4,
                "away_handicap_-2.0_odd": 8.5,
                "away_handicap_-2.5_odd": 8.1,
                "home_handicap_-1.25_odd": 8.4,
                "home_handicap_-0.75_odd": 4.65,
                "home_handicap_-0.25_odd": 3.02,
                "home_handicap_0.25_odd": 2,
                "home_handicap_0.75_odd": 1.52,
                "home_handicap_1.25_odd": 1.23,
                "home_handicap_1.75_odd": 1.091,
                "home_handicap_2.25_odd": 1.004,
                "away_handicap_1.25_odd": 1.02,
                "away_handicap_0.75_odd": 1.147,
                "away_handicap_0.25_odd": 1.333,
                "away_handicap_-0.25_odd": 1.727,
                "away_handicap_-0.75_odd": 2.33,
                "away_handicap_-1.25_odd": 3.5,
                "away_handicap_-1.75_odd": 5.3,
                "away_handicap_-2.25_odd": 9.1,
                "home_over_0.5_odd": 1.47,
                "home_over_1.0_odd": 2.07,
                "home_over_1.5_odd": 3.1,
                "home_over_2.0_odd": 7.2,
                "home_over_2.5_odd": 9,
                "home_under_0.5_odd": 2.5,
                "home_under_1.0_odd": 1.67,
                "home_under_1.5_odd": 1.32,
                "home_under_2.0_odd": 1.06,
                "home_under_2.5_odd": 1.03,
                "home_over_0.75_odd": 1.65,
                "home_over_1.25_odd": 2.75,
                "home_over_1.75_odd": 4.55,
                "home_under_0.75_odd": 2.05,
                "home_under_1.25_odd": 1.37,
                "home_under_1.75_odd": 1.129,
                "away_over_0.5_odd": 1.24,
                "away_over_1.0_odd": 1.46,
                "away_over_1.5_odd": 2.16,
                "away_over_2.5_odd": 4.8,
                "away_under_0.5_odd": 3.7,
                "away_under_1.0_odd": 2.55,
                "away_under_1.5_odd": 1.62,
                "away_under_2.5_odd": 1.14,
                "away_over_0.75_odd": 1.27,
                "away_over_1.25_odd": 1.81,
                "away_over_1.75_odd": 2.67,
                "away_over_2.25_odd": 4.5,
                "away_under_0.75_odd": 3.14,
                "away_under_1.25_odd": 1.85,
                "away_under_1.75_odd": 1.39,
                "away_under_2.25_odd": 1.134
            },
            {
                "match_id": 639815309,
                "date": "27/07/2025",
                "time": "12:30",
                "home_team": "Nantong Zhiyun",
                "away_team": "Nanjing City",
                "1_odd": 1.6,
                "draw_odd": 3.78,
                "2_odd": 4.765,
                "1X_odd": 1.116,
                "12_odd": 1.185,
                "X2_odd": 2.11,
                "both_score_odd": 1.77,
                "both_noscore_odd": 1.919,
                "over_0.5_odd": 1.01,
                "over_1.0_odd": 1.012,
                "over_1.5_odd": 1.22,
                "over_2.0_odd": 1.34,
                "over_2.5_odd": 1.76,
                "over_3.0_odd": 2.26,
                "over_3.5_odd": 2.83,
                "over_4.0_odd": 4.5,
                "over_4.5_odd": 5.15,
                "over_5.0_odd": 8.9,
                "over_5.5_odd": 10,
                "under_0.5_odd": 11,
                "under_1.0_odd": 8.5,
                "under_1.5_odd": 3.5,
                "under_2.0_odd": 2.78,
                "under_2.5_odd": 1.94,
                "under_3.0_odd": 1.51,
                "under_3.5_odd": 1.33,
                "under_4.0_odd": 1.132,
                "under_4.5_odd": 1.097,
                "under_5.0_odd": 1.007,
                "under_5.5_odd": 1.03,
                "over_0.75_odd": 1.004,
                "over_1.25_odd": 1.113,
                "over_1.75_odd": 1.27,
                "over_2.25_odd": 1.533,
                "over_2.75_odd": 1.92,
                "over_3.25_odd": 2.56,
                "over_3.75_odd": 3.42,
                "over_4.25_odd": 4.85,
                "under_0.75_odd": 9.1,
                "under_1.25_odd": 4.85,
                "under_1.75_odd": 3.14,
                "under_2.25_odd": 2.21,
                "under_2.75_odd": 1.71,
                "under_3.25_odd": 1.4,
                "under_3.75_odd": 1.23,
                "under_4.25_odd": 1.113,
                "home_handicap_-3.5_odd": 10.5,
                "home_handicap_-3.0_odd": 9.1,
                "home_handicap_-2.5_odd": 5,
                "home_handicap_-2.0_odd": 4.3,
                "home_handicap_-1.5_odd": 2.65,
                "home_handicap_-1.0_odd": 2.06,
                "home_handicap_0.0_odd": 1.23,
                "home_handicap_1.0_odd": 1.004,
                "home_handicap_1.5_odd": 1.02,
                "away_handicap_3.5_odd": 1.02,
                "away_handicap_3.0_odd": 1.004,
                "away_handicap_2.5_odd": 1.106,
                "away_handicap_2.0_odd": 1.155,
                "away_handicap_1.5_odd": 1.41,
                "away_handicap_1.0_odd": 1.68,
                "away_handicap_0.0_odd": 3.58,
                "away_handicap_-1.0_odd": 9.1,
                "away_handicap_-1.5_odd": 9.9,
                "home_handicap_-2.75_odd": 6.35,
                "home_handicap_-2.25_odd": 4.65,
                "home_handicap_-1.75_odd": 3.22,
                "home_handicap_-1.25_odd": 2.375,
                "home_handicap_-0.75_odd": 1.77,
                "home_handicap_-0.25_odd": 1.42,
                "home_handicap_0.25_odd": 1.176,
                "home_handicap_0.75_odd": 1.071,
                "away_handicap_2.75_odd": 1.055,
                "away_handicap_2.25_odd": 1.125,
                "away_handicap_1.75_odd": 1.28,
                "away_handicap_1.25_odd": 1.52,
                "away_handicap_0.75_odd": 1.94,
                "away_handicap_0.25_odd": 2.61,
                "away_handicap_-0.25_odd": 4.05,
                "away_handicap_-0.75_odd": 5.85,
                "home_over_0.5_odd": 1.11,
                "home_over_1.0_odd": 1.193,
                "home_over_1.5_odd": 1.68,
                "home_over_2.0_odd": 2.31,
                "home_over_2.5_odd": 3.05,
                "home_over_3.0_odd": 5.55,
                "home_under_0.5_odd": 5.2,
                "home_under_1.0_odd": 3.82,
                "home_under_1.5_odd": 2.01,
                "home_under_2.0_odd": 1.5,
                "home_under_2.5_odd": 1.285,
                "home_under_3.0_odd": 1.081,
                "home_over_0.75_odd": 1.135,
                "home_over_1.25_odd": 1.44,
                "home_over_1.75_odd": 1.89,
                "home_over_2.25_odd": 2.69,
                "home_under_0.75_odd": 4.45,
                "home_under_1.25_odd": 2.51,
                "home_under_1.75_odd": 1.77,
                "home_under_2.25_odd": 1.363,
                "away_over_0.5_odd": 1.52,
                "away_over_1.0_odd": 2.32,
                "away_over_1.5_odd": 3.5,
                "away_over_2.0_odd": 8,
                "away_over_2.5_odd": 9,
                "away_under_0.5_odd": 2.3,
                "away_under_1.0_odd": 1.51,
                "away_under_1.5_odd": 1.23,
                "away_under_2.0_odd": 1.02,
                "away_under_2.5_odd": 1.005,
                "away_over_0.75_odd": 1.76,
                "away_over_1.25_odd": 2.93,
                "away_over_1.75_odd": 4.7,
                "away_under_0.75_odd": 1.909,
                "away_under_1.25_odd": 1.33,
                "away_under_1.75_odd": 1.122
            }
        ]
    },
    {
        "tournament_id": 58043,
        "tournament_name": "Super League",
        "matches": [
            {
                "match_id": 638544147,
                "date": "26/07/2025",
                "time": "12:00",
                "home_team": "Shanghai Port",
                "away_team": "Qingdao West Coast",
                "1_odd": 1.307,
                "draw_odd": 6.05,
                "2_odd": 8.5,
                "1X_odd": 1.056,
                "12_odd": 1.127,
                "X2_odd": 3.46,
                "both_score_odd": 1.57,
                "both_noscore_odd": 2.281,
                "over_0.5_odd": 1.01,
                "over_1.0_odd": 1.02,
                "over_1.5_odd": 1.045,
                "over_2.0_odd": 1.071,
                "over_2.5_odd": 1.28,
                "over_3.0_odd": 1.43,
                "over_3.5_odd": 1.856,
                "over_4.0_odd": 2.26,
                "over_4.5_odd": 2.71,
                "over_5.0_odd": 4.05,
                "over_5.5_odd": 4.65,
                "over_6.0_odd": 7.7,
                "over_6.5_odd": 10,
                "over_7.5_odd": 19,
                "over_8.5_odd": 34,
                "under_0.5_odd": 21,
                "under_1.0_odd": 15,
                "under_1.5_odd": 6.75,
                "under_2.0_odd": 5.8,
                "under_2.5_odd": 3.1,
                "under_3.0_odd": 2.55,
                "under_3.5_odd": 1.967,
                "under_4.0_odd": 1.54,
                "under_4.5_odd": 1.36,
                "under_5.0_odd": 1.165,
                "under_5.5_odd": 1.124,
                "under_6.0_odd": 1.025,
                "under_6.5_odd": 1.062,
                "under_7.5_odd": 1.02,
                "under_8.5_odd": 1.005,
                "over_1.75_odd": 1.057,
                "over_2.25_odd": 1.175,
                "over_2.75_odd": 1.348,
                "over_3.25_odd": 1.676,
                "over_3.75_odd": 1.961,
                "over_4.25_odd": 2.465,
                "over_4.75_odd": 3.2,
                "over_5.25_odd": 4.35,
                "under_1.75_odd": 6.25,
                "under_2.25_odd": 3.955,
                "under_2.75_odd": 2.858,
                "under_3.25_odd": 2.22,
                "under_3.75_odd": 1.719,
                "under_4.25_odd": 1.431,
                "under_4.75_odd": 1.261,
                "under_5.25_odd": 1.143,
                "home_handicap_-4.5_odd": 8.7,
                "home_handicap_-4.0_odd": 8.1,
                "home_handicap_-3.5_odd": 4.7,
                "home_handicap_-3.0_odd": 4.05,
                "home_handicap_-2.5_odd": 2.66,
                "home_handicap_-2.0_odd": 2.18,
                "home_handicap_-1.5_odd": 1.8,
                "home_handicap_-1.0_odd": 1.37,
                "home_handicap_0.0_odd": 1.059,
                "away_handicap_4.5_odd": 1.01,
                "away_handicap_4.0_odd": 1.019,
                "away_handicap_3.5_odd": 1.122,
                "away_handicap_3.0_odd": 1.166,
                "away_handicap_2.5_odd": 1.37,
                "away_handicap_2.0_odd": 1.57,
                "away_handicap_1.5_odd": 2.034,
                "away_handicap_1.0_odd": 2.73,
                "away_handicap_0.0_odd": 6.25,
                "home_handicap_-3.75_odd": 5.81,
                "home_handicap_-3.25_odd": 4.35,
                "home_handicap_-2.75_odd": 3.14,
                "home_handicap_-2.25_odd": 2.413,
                "home_handicap_-1.75_odd": 1.985,
                "home_handicap_-1.25_odd": 1.55,
                "home_handicap_-0.75_odd": 1.3,
                "home_handicap_-0.25_odd": 1.147,
                "away_handicap_3.75_odd": 1.073,
                "away_handicap_3.25_odd": 1.143,
                "away_handicap_2.75_odd": 1.27,
                "away_handicap_2.25_odd": 1.468,
                "away_handicap_1.75_odd": 1.84,
                "away_handicap_1.25_odd": 2.216,
                "away_handicap_0.75_odd": 3.02,
                "away_handicap_0.25_odd": 4.3,
                "home_over_0.5_odd": 1.005,
                "home_over_1.5_odd": 1.22,
                "home_over_2.0_odd": 1.36,
                "home_over_2.5_odd": 1.79,
                "home_over_3.0_odd": 2.375,
                "home_over_3.5_odd": 2.92,
                "home_over_4.0_odd": 4.8,
                "home_under_0.5_odd": 11.5,
                "home_under_1.5_odd": 3.58,
                "home_under_2.0_odd": 2.84,
                "home_under_2.5_odd": 1.92,
                "home_under_3.0_odd": 1.5,
                "home_under_3.5_odd": 1.32,
                "home_under_4.0_odd": 1.116,
                "home_over_1.75_odd": 1.28,
                "home_over_2.25_odd": 1.58,
                "home_over_2.75_odd": 2,
                "home_over_3.25_odd": 2.64,
                "home_under_1.75_odd": 3.2,
                "home_under_2.25_odd": 2.23,
                "home_under_2.75_odd": 1.72,
                "home_under_3.25_odd": 1.4,
                "away_over_0.5_odd": 1.49,
                "away_over_1.0_odd": 2.21,
                "away_over_1.5_odd": 3.34,
                "away_over_2.0_odd": 7.8,
                "away_over_2.5_odd": 9,
                "away_under_0.5_odd": 2.44,
                "away_under_1.0_odd": 1.59,
                "away_under_1.5_odd": 1.27,
                "away_under_2.0_odd": 1.03,
                "away_under_2.5_odd": 1.006,
                "away_over_0.75_odd": 1.7,
                "away_over_1.25_odd": 2.8,
                "away_over_1.75_odd": 4.55,
                "away_over_2.25_odd": 8.4,
                "away_under_0.75_odd": 2.03,
                "away_under_1.25_odd": 1.38,
                "away_under_1.75_odd": 1.146,
                "away_under_2.25_odd": 1.05
            },
            {
                "match_id": 638548792,
                "date": "26/07/2025",
                "time": "12:35",
                "home_team": "Chengdu Rongcheng",
                "away_team": "Beijing Guoan",
                "1_odd": 2.104,
                "draw_odd": 3.675,
                "2_odd": 3.33,
                "1X_odd": 1.329,
                "12_odd": 1.281,
                "X2_odd": 1.732,
                "both_score_odd": 1.47,
                "both_noscore_odd": 2.529,
                "over_0.5_odd": 1.019,
                "over_1.0_odd": 1.02,
                "over_1.5_odd": 1.118,
                "over_2.0_odd": 1.188,
                "over_2.5_odd": 1.5,
                "over_3.0_odd": 1.833,
                "over_3.5_odd": 2.409,
                "over_4.0_odd": 3.35,
                "over_4.5_odd": 4,
                "over_5.0_odd": 6.85,
                "over_5.5_odd": 7.5,
                "over_6.5_odd": 17,
                "over_7.5_odd": 34,
                "under_0.5_odd": 14.3,
                "under_1.0_odd": 11,
                "under_1.5_odd": 4.75,
                "under_2.0_odd": 3.8,
                "under_2.5_odd": 2.29,
                "under_3.0_odd": 1.833,
                "under_3.5_odd": 1.582,
                "under_4.0_odd": 1.26,
                "under_4.5_odd": 1.17,
                "under_5.0_odd": 1.042,
                "under_5.5_odd": 1.028,
                "under_6.5_odd": 1.025,
                "under_7.5_odd": 1.005,
                "over_1.75_odd": 1.146,
                "over_2.25_odd": 1.353,
                "over_2.75_odd": 1.65,
                "over_3.25_odd": 2.159,
                "over_3.75_odd": 2.675,
                "over_4.25_odd": 3.655,
                "over_4.75_odd": 4.95,
                "over_5.25_odd": 7.19,
                "under_1.75_odd": 4.295,
                "under_2.25_odd": 2.746,
                "under_2.75_odd": 2.062,
                "under_3.25_odd": 1.712,
                "under_3.75_odd": 1.392,
                "under_4.25_odd": 1.203,
                "under_4.75_odd": 1.106,
                "under_5.25_odd": 1.034,
                "home_handicap_-3.0_odd": 12.5,
                "home_handicap_-2.5_odd": 7.2,
                "home_handicap_-2.0_odd": 6.4,
                "home_handicap_-1.5_odd": 3.5,
                "home_handicap_-1.0_odd": 2.84,
                "home_handicap_0.0_odd": 1.53,
                "home_handicap_1.0_odd": 1.081,
                "home_handicap_1.5_odd": 1.049,
                "home_handicap_2.0_odd": 1.01,
                "home_handicap_2.5_odd": 1.01,
                "away_handicap_3.0_odd": 1.01,
                "away_handicap_2.5_odd": 1.034,
                "away_handicap_2.0_odd": 1.053,
                "away_handicap_1.5_odd": 1.22,
                "away_handicap_1.0_odd": 1.333,
                "away_handicap_0.0_odd": 2.42,
                "away_handicap_-1.0_odd": 5.65,
                "away_handicap_-1.5_odd": 6.55,
                "away_handicap_-2.0_odd": 12.5,
                "away_handicap_-2.5_odd": 13.5,
                "home_handicap_-1.75_odd": 4.495,
                "home_handicap_-1.25_odd": 3.15,
                "home_handicap_-0.75_odd": 2.394,
                "home_handicap_-0.25_odd": 1.821,
                "home_handicap_0.25_odd": 1.38,
                "home_handicap_0.75_odd": 1.183,
                "home_handicap_1.25_odd": 1.062,
                "home_handicap_1.75_odd": 1.01,
                "away_handicap_1.75_odd": 1.133,
                "away_handicap_1.25_odd": 1.274,
                "away_handicap_0.75_odd": 1.589,
                "away_handicap_0.25_odd": 2.008,
                "away_handicap_-0.25_odd": 2.74,
                "away_handicap_-0.75_odd": 3.895,
                "away_handicap_-1.25_odd": 6.09,
                "away_handicap_-1.75_odd": 12.4,
                "home_over_0.5_odd": 1.123,
                "home_over_1.0_odd": 1.222,
                "home_over_1.5_odd": 1.75,
                "home_over_2.0_odd": 2.53,
                "home_over_2.5_odd": 3.34,
                "home_over_3.0_odd": 6.45,
                "home_over_3.5_odd": 7.5,
                "home_under_0.5_odd": 5.25,
                "home_under_1.0_odd": 3.72,
                "home_under_1.5_odd": 1.96,
                "home_under_2.0_odd": 1.444,
                "home_under_2.5_odd": 1.25,
                "home_under_3.0_odd": 1.052,
                "home_under_3.5_odd": 1.029,
                "home_over_0.75_odd": 1.153,
                "home_over_1.25_odd": 1.49,
                "home_over_1.75_odd": 2.02,
                "home_over_2.25_odd": 2.93,
                "home_under_0.75_odd": 4.45,
                "home_under_1.25_odd": 2.44,
                "home_under_1.75_odd": 1.71,
                "home_under_2.25_odd": 1.33,
                "away_over_0.5_odd": 1.25,
                "away_over_1.0_odd": 1.51,
                "away_over_1.5_odd": 2.29,
                "away_over_2.0_odd": 4.2,
                "away_over_2.5_odd": 5.3,
                "away_under_0.5_odd": 3.55,
                "away_under_1.0_odd": 2.35,
                "away_under_1.5_odd": 1.55,
                "away_under_2.0_odd": 1.179,
                "away_under_2.5_odd": 1.099,
                "away_over_0.75_odd": 1.33,
                "away_over_1.25_odd": 1.9,
                "away_over_1.75_odd": 2.84,
                "away_over_2.25_odd": 4.75,
                "away_under_0.75_odd": 2.93,
                "away_under_1.25_odd": 1.8,
                "away_under_1.75_odd": 1.37,
                "away_under_2.25_odd": 1.133
            },
            {
                "match_id": 638555538,
                "date": "26/07/2025",
                "time": "13:00",
                "home_team": "Yunnan Yukun",
                "away_team": "Shenzhen Peng City",
                "1_odd": 1.779,
                "draw_odd": 3.94,
                "2_odd": 4.32,
                "1X_odd": 1.218,
                "12_odd": 1.251,
                "X2_odd": 2.039,
                "both_score_odd": 1.66,
                "both_noscore_odd": 2.116,
                "over_0.5_odd": 1.001,
                "over_1.0_odd": 1.002,
                "over_1.5_odd": 1.184,
                "over_2.0_odd": 1.3,
                "over_2.5_odd": 1.736,
                "over_3.0_odd": 2.12,
                "over_3.5_odd": 2.63,
                "over_4.0_odd": 4.05,
                "over_4.5_odd": 4.7,
                "over_5.0_odd": 8,
                "over_5.5_odd": 8.5,
                "over_6.5_odd": 21,
                "over_7.5_odd": 50,
                "under_0.5_odd": 11.8,
                "under_1.0_odd": 9.3,
                "under_1.5_odd": 3.85,
                "under_2.0_odd": 3.1,
                "under_2.5_odd": 2.122,
                "under_3.0_odd": 1.615,
                "under_3.5_odd": 1.38,
                "under_4.0_odd": 1.166,
                "under_4.5_odd": 1.122,
                "under_5.0_odd": 1.02,
                "under_5.5_odd": 1.012,
                "under_6.5_odd": 1.015,
                "under_7.5_odd": 1.002,
                "over_1.25_odd": 1.094,
                "over_1.75_odd": 1.248,
                "over_2.25_odd": 1.545,
                "over_2.75_odd": 1.915,
                "over_3.25_odd": 2.357,
                "over_3.75_odd": 3.08,
                "over_4.25_odd": 4.395,
                "over_4.75_odd": 5.8,
                "under_1.25_odd": 5.25,
                "under_1.75_odd": 3.44,
                "under_2.25_odd": 2.5,
                "under_2.75_odd": 1.905,
                "under_3.25_odd": 1.469,
                "under_3.75_odd": 1.281,
                "under_4.25_odd": 1.141,
                "under_4.75_odd": 1.072,
                "home_handicap_-3.5_odd": 12,
                "home_handicap_-3.0_odd": 11,
                "home_handicap_-2.5_odd": 5.45,
                "home_handicap_-2.0_odd": 4.75,
                "home_handicap_-1.5_odd": 2.86,
                "home_handicap_-1.0_odd": 2.31,
                "home_handicap_0.0_odd": 1.3,
                "home_handicap_1.0_odd": 1.029,
                "home_handicap_1.5_odd": 1.015,
                "away_handicap_3.5_odd": 1.01,
                "away_handicap_3.0_odd": 1.02,
                "away_handicap_2.5_odd": 1.085,
                "away_handicap_2.0_odd": 1.118,
                "away_handicap_1.5_odd": 1.34,
                "away_handicap_1.0_odd": 1.58,
                "away_handicap_0.0_odd": 3.02,
                "away_handicap_-1.0_odd": 7.5,
                "away_handicap_-1.5_odd": 8.3,
                "home_handicap_-2.75_odd": 6.95,
                "home_handicap_-2.25_odd": 5.1,
                "home_handicap_-1.75_odd": 3.475,
                "home_handicap_-1.25_odd": 2.618,
                "home_handicap_-0.75_odd": 1.974,
                "home_handicap_-0.25_odd": 1.494,
                "home_handicap_0.25_odd": 1.23,
                "home_handicap_0.75_odd": 1.107,
                "away_handicap_2.75_odd": 1.04,
                "away_handicap_2.25_odd": 1.1,
                "away_handicap_1.75_odd": 1.237,
                "away_handicap_1.25_odd": 1.462,
                "away_handicap_0.75_odd": 1.85,
                "away_handicap_0.25_odd": 2.32,
                "away_handicap_-0.25_odd": 3.42,
                "away_handicap_-0.75_odd": 4.945,
                "home_over_0.5_odd": 1.124,
                "home_over_1.0_odd": 1.22,
                "home_over_1.5_odd": 1.71,
                "home_over_2.0_odd": 2.4,
                "home_over_2.5_odd": 3.14,
                "home_over_3.0_odd": 5.7,
                "home_over_3.5_odd": 6.5,
                "home_under_0.5_odd": 5.2,
                "home_under_1.0_odd": 3.74,
                "home_under_1.5_odd": 2.02,
                "home_under_2.0_odd": 1.49,
                "home_under_2.5_odd": 1.28,
                "home_under_3.0_odd": 1.076,
                "home_under_3.5_odd": 1.051,
                "home_over_0.75_odd": 1.151,
                "home_over_1.25_odd": 1.47,
                "home_over_1.75_odd": 1.95,
                "home_over_2.25_odd": 2.78,
                "home_under_0.75_odd": 4.45,
                "home_under_1.25_odd": 2.49,
                "home_under_1.75_odd": 1.76,
                "home_under_2.25_odd": 1.363,
                "away_over_0.5_odd": 1.42,
                "away_over_1.0_odd": 1.96,
                "away_over_1.5_odd": 2.98,
                "away_over_2.0_odd": 6.3,
                "away_over_2.5_odd": 7.3,
                "away_under_0.5_odd": 2.65,
                "away_under_1.0_odd": 1.75,
                "away_under_1.5_odd": 1.33,
                "away_under_2.0_odd": 1.063,
                "away_under_2.5_odd": 1.033,
                "away_over_0.75_odd": 1.59,
                "away_over_1.25_odd": 2.49,
                "away_over_1.75_odd": 3.9,
                "away_over_2.25_odd": 7.5,
                "away_under_0.75_odd": 2.21,
                "away_under_1.25_odd": 1.47,
                "away_under_1.75_odd": 1.195,
                "away_under_2.25_odd": 1.07
            },
            {
                "match_id": 638890333,
                "date": "27/07/2025",
                "time": "12:00",
                "home_team": "Changchun Yatai",
                "away_team": "Dalian Yingbo",
                "1_odd": 2.969,
                "draw_odd": 3.375,
                "2_odd": 2.415,
                "1X_odd": 1.566,
                "12_odd": 1.322,
                "X2_odd": 1.397,
                "both_score_odd": 1.76,
                "both_noscore_odd": 1.973,
                "over_0.5_odd": 1.013,
                "over_1.0_odd": 1.015,
                "over_1.5_odd": 1.27,
                "over_2.0_odd": 1.48,
                "over_2.5_odd": 2.039,
                "over_3.0_odd": 2.8,
                "over_3.5_odd": 3.52,
                "over_4.0_odd": 6.4,
                "over_4.5_odd": 7.4,
                "over_5.0_odd": 11.5,
                "over_5.5_odd": 14.5,
                "over_6.5_odd": 29,
                "under_0.5_odd": 8.95,
                "under_1.0_odd": 8.3,
                "under_1.5_odd": 3.15,
                "under_2.0_odd": 2.4,
                "under_2.5_odd": 1.796,
                "under_3.0_odd": 1.36,
                "under_3.5_odd": 1.22,
                "under_4.0_odd": 1.053,
                "under_4.5_odd": 1.031,
                "under_5.0_odd": 1.02,
                "under_5.5_odd": 1.03,
                "under_6.5_odd": 1.007,
                "over_0.75_odd": 1.01,
                "over_1.25_odd": 1.139,
                "over_1.75_odd": 1.357,
                "over_2.25_odd": 1.792,
                "over_2.75_odd": 2.354,
                "over_3.25_odd": 3.135,
                "over_3.75_odd": 4.445,
                "over_4.25_odd": 6.9,
                "under_0.75_odd": 8.6,
                "under_1.25_odd": 4.395,
                "under_1.75_odd": 2.814,
                "under_2.25_odd": 2.044,
                "under_2.75_odd": 1.607,
                "under_3.25_odd": 1.274,
                "under_3.75_odd": 1.135,
                "under_4.25_odd": 1.041,
                "home_handicap_-2.0_odd": 12.5,
                "home_handicap_-1.5_odd": 6.6,
                "home_handicap_-1.0_odd": 5.45,
                "home_handicap_0.0_odd": 2.129,
                "home_handicap_1.0_odd": 1.185,
                "home_handicap_1.5_odd": 1.11,
                "home_handicap_2.0_odd": 1.04,
                "home_handicap_2.5_odd": 1.03,
                "away_handicap_2.0_odd": 1.01,
                "away_handicap_1.5_odd": 1.048,
                "away_handicap_1.0_odd": 1.09,
                "away_handicap_0.0_odd": 1.732,
                "away_handicap_-1.0_odd": 3.88,
                "away_handicap_-1.5_odd": 4.9,
                "away_handicap_-2.0_odd": 9.3,
                "away_handicap_-2.5_odd": 10.5,
                "home_handicap_-1.75_odd": 8.6,
                "home_handicap_-1.25_odd": 6.02,
                "home_handicap_-0.75_odd": 3.54,
                "home_handicap_-0.25_odd": 2.516,
                "home_handicap_0.25_odd": 1.734,
                "home_handicap_0.75_odd": 1.353,
                "home_handicap_1.25_odd": 1.139,
                "home_handicap_1.75_odd": 1.052,
                "away_handicap_1.75_odd": 1.01,
                "away_handicap_1.25_odd": 1.069,
                "away_handicap_0.75_odd": 1.23,
                "away_handicap_0.25_odd": 1.539,
                "away_handicap_-0.25_odd": 2.008,
                "away_handicap_-0.75_odd": 2.757,
                "away_handicap_-1.25_odd": 4.395,
                "away_handicap_-1.75_odd": 8.45,
                "home_over_0.5_odd": 1.36,
                "home_over_1.0_odd": 1.75,
                "home_over_1.5_odd": 2.65,
                "home_over_2.0_odd": 5.5,
                "home_over_2.5_odd": 7,
                "home_under_0.5_odd": 3,
                "home_under_1.0_odd": 1.96,
                "home_under_1.5_odd": 1.45,
                "home_under_2.0_odd": 1.13,
                "home_under_2.5_odd": 1.08,
                "home_over_0.75_odd": 1.47,
                "home_over_1.25_odd": 2.25,
                "home_over_1.75_odd": 3.48,
                "home_over_2.25_odd": 6.2,
                "home_under_0.75_odd": 2.49,
                "home_under_1.25_odd": 1.57,
                "home_under_1.75_odd": 1.24,
                "home_under_2.25_odd": 1.1,
                "away_over_0.5_odd": 1.28,
                "away_over_1.0_odd": 1.55,
                "away_over_1.5_odd": 2.3,
                "away_over_2.5_odd": 5.6,
                "away_under_0.5_odd": 3.5,
                "away_under_1.0_odd": 2.3,
                "away_under_1.5_odd": 1.57,
                "away_under_2.5_odd": 1.12,
                "away_over_0.75_odd": 1.35,
                "away_over_1.25_odd": 1.95,
                "away_over_1.75_odd": 2.93,
                "away_over_2.25_odd": 5.05,
                "away_under_0.75_odd": 2.93,
                "away_under_1.25_odd": 1.76,
                "away_under_1.75_odd": 1.33,
                "away_under_2.25_odd": 1.102
            },
            {
                "match_id": 638809049,
                "date": "27/07/2025",
                "time": "12:00",
                "home_team": "Qingdao Hainiu",
                "away_team": "Tianjin Tiger",
                "1_odd": 3.13,
                "draw_odd": 3.535,
                "2_odd": 2.247,
                "1X_odd": 1.646,
                "12_odd": 1.299,
                "X2_odd": 1.364,
                "both_score_odd": 1.68,
                "both_noscore_odd": 2.084,
                "over_0.5_odd": 1.009,
                "over_1.0_odd": 1.011,
                "over_1.5_odd": 1.23,
                "over_2.0_odd": 1.38,
                "over_2.5_odd": 1.885,
                "over_3.0_odd": 2.43,
                "over_3.5_odd": 2.98,
                "over_4.0_odd": 5,
                "over_4.5_odd": 5.7,
                "over_5.0_odd": 9.8,
                "over_5.5_odd": 12,
                "over_6.5_odd": 26,
                "over_7.5_odd": 50,
                "under_0.5_odd": 10.3,
                "under_1.0_odd": 8.6,
                "under_1.5_odd": 3.44,
                "under_2.0_odd": 2.72,
                "under_2.5_odd": 1.935,
                "under_3.0_odd": 1.47,
                "under_3.5_odd": 1.3,
                "under_4.0_odd": 1.105,
                "under_4.5_odd": 1.075,
                "under_5.0_odd": 1.03,
                "under_5.5_odd": 1.01,
                "under_6.5_odd": 1.01,
                "under_7.5_odd": 1.002,
                "over_0.75_odd": 1.01,
                "over_1.25_odd": 1.119,
                "over_1.75_odd": 1.296,
                "over_2.25_odd": 1.67,
                "over_2.75_odd": 2.115,
                "over_3.25_odd": 2.702,
                "over_3.75_odd": 3.7,
                "over_4.25_odd": 5.35,
                "under_0.75_odd": 8.65,
                "under_1.25_odd": 4.75,
                "under_1.75_odd": 3.115,
                "under_2.25_odd": 2.23,
                "under_2.75_odd": 1.741,
                "under_3.25_odd": 1.361,
                "under_3.75_odd": 1.198,
                "under_4.25_odd": 1.088,
                "home_handicap_-2.5_odd": 13,
                "home_handicap_-2.0_odd": 12,
                "home_handicap_-1.5_odd": 6.25,
                "home_handicap_-1.0_odd": 5.35,
                "home_handicap_0.0_odd": 2.23,
                "home_handicap_1.0_odd": 1.26,
                "home_handicap_1.5_odd": 1.161,
                "home_handicap_2.0_odd": 1.021,
                "home_handicap_2.5_odd": 1.008,
                "away_handicap_2.5_odd": 1.01,
                "away_handicap_2.0_odd": 1.01,
                "away_handicap_1.5_odd": 1.057,
                "away_handicap_1.0_odd": 1.094,
                "away_handicap_0.0_odd": 1.62,
                "away_handicap_-1.0_odd": 3.24,
                "away_handicap_-1.5_odd": 4.1,
                "away_handicap_-2.0_odd": 7.9,
                "away_handicap_-2.5_odd": 8.8,
                "home_handicap_-1.75_odd": 8.25,
                "home_handicap_-1.25_odd": 5.82,
                "home_handicap_-0.75_odd": 3.62,
                "home_handicap_-0.25_odd": 2.587,
                "home_handicap_0.25_odd": 1.894,
                "home_handicap_0.75_odd": 1.432,
                "home_handicap_1.25_odd": 1.198,
                "home_handicap_1.75_odd": 1.09,
                "away_handicap_1.75_odd": 1.015,
                "away_handicap_1.25_odd": 1.076,
                "away_handicap_0.75_odd": 1.22,
                "away_handicap_0.25_odd": 1.472,
                "away_handicap_-0.25_odd": 1.926,
                "away_handicap_-0.75_odd": 2.476,
                "away_handicap_-1.25_odd": 3.695,
                "away_handicap_-1.75_odd": 5.29,
                "home_over_0.5_odd": 1.32,
                "home_over_1.0_odd": 1.65,
                "home_over_1.5_odd": 2.48,
                "home_over_2.0_odd": 4.9,
                "home_over_2.5_odd": 6.3,
                "home_under_0.5_odd": 3.2,
                "home_under_1.0_odd": 2.1,
                "home_under_1.5_odd": 1.5,
                "home_under_2.0_odd": 1.16,
                "home_under_2.5_odd": 1.1,
                "home_over_0.75_odd": 1.45,
                "home_over_1.25_odd": 2.17,
                "home_over_1.75_odd": 3.28,
                "home_over_2.25_odd": 5.6,
                "home_over_2.75_odd": 8.5,
                "home_under_0.75_odd": 2.55,
                "home_under_1.25_odd": 1.61,
                "home_under_1.75_odd": 1.27,
                "home_under_2.25_odd": 1.12,
                "home_under_2.75_odd": 1.012,
                "away_over_0.5_odd": 1.24,
                "away_over_1.0_odd": 1.44,
                "away_over_1.5_odd": 2.13,
                "away_over_2.5_odd": 4.8,
                "away_over_3.5_odd": 12,
                "away_under_0.5_odd": 3.8,
                "away_under_1.0_odd": 2.6,
                "away_under_1.5_odd": 1.66,
                "away_under_2.5_odd": 1.16,
                "away_under_3.5_odd": 1.01,
                "away_over_0.75_odd": 1.27,
                "away_over_1.25_odd": 1.77,
                "away_over_1.75_odd": 2.55,
                "away_over_2.25_odd": 4.05,
                "away_under_0.75_odd": 3.28,
                "away_under_1.25_odd": 1.94,
                "away_under_1.75_odd": 1.45,
                "away_under_2.25_odd": 1.182
            },
            {
                "match_id": 638814741,
                "date": "27/07/2025",
                "time": "12:35",
                "home_team": "Shanghai Shenhua",
                "away_team": "Henan",
                "1_odd": 1.404,
                "draw_odd": 4.83,
                "2_odd": 7.8,
                "1X_odd": 1.078,
                "12_odd": 1.182,
                "X2_odd": 2.939,
                "both_score_odd": 1.82,
                "both_noscore_odd": 1.902,
                "over_0.5_odd": 1.028,
                "over_1.0_odd": 1.03,
                "over_1.5_odd": 1.145,
                "over_2.0_odd": 1.24,
                "over_2.5_odd": 1.635,
                "over_3.0_odd": 1.92,
                "over_3.5_odd": 2.39,
                "over_4.0_odd": 3.5,
                "over_4.5_odd": 4.2,
                "over_5.0_odd": 7.2,
                "over_5.5_odd": 7.9,
                "over_6.5_odd": 19,
                "over_7.5_odd": 34,
                "under_0.5_odd": 13.4,
                "under_1.0_odd": 10,
                "under_1.5_odd": 4.33,
                "under_2.0_odd": 3.5,
                "under_2.5_odd": 2.295,
                "under_3.0_odd": 1.75,
                "under_3.5_odd": 1.46,
                "under_4.0_odd": 1.22,
                "under_4.5_odd": 1.152,
                "under_5.0_odd": 1.034,
                "under_5.5_odd": 1.022,
                "under_6.5_odd": 1.02,
                "under_7.5_odd": 1.005,
                "over_1.25_odd": 1.066,
                "over_1.75_odd": 1.191,
                "over_2.25_odd": 1.463,
                "over_2.75_odd": 1.784,
                "over_3.25_odd": 2.159,
                "over_3.75_odd": 2.812,
                "over_4.25_odd": 3.895,
                "over_4.75_odd": 5.24,
                "under_1.25_odd": 6,
                "under_1.75_odd": 3.96,
                "under_2.25_odd": 2.75,
                "under_2.75_odd": 2.054,
                "under_3.25_odd": 1.562,
                "under_3.75_odd": 1.334,
                "under_4.25_odd": 1.177,
                "under_4.75_odd": 1.092,
                "home_handicap_-4.0_odd": 13,
                "home_handicap_-3.5_odd": 6.6,
                "home_handicap_-3.0_odd": 5.9,
                "home_handicap_-2.5_odd": 3.42,
                "home_handicap_-2.0_odd": 2.82,
                "home_handicap_-1.5_odd": 2.099,
                "home_handicap_-1.0_odd": 1.56,
                "home_handicap_0.0_odd": 1.081,
                "away_handicap_4.0_odd": 1.01,
                "away_handicap_3.5_odd": 1.048,
                "away_handicap_3.0_odd": 1.069,
                "away_handicap_2.5_odd": 1.23,
                "away_handicap_2.0_odd": 1.35,
                "away_handicap_1.5_odd": 1.752,
                "away_handicap_1.0_odd": 2.2,
                "away_handicap_0.0_odd": 5.55,
                "home_handicap_-3.25_odd": 6.25,
                "home_handicap_-2.75_odd": 4.29,
                "home_handicap_-2.25_odd": 3.14,
                "home_handicap_-1.75_odd": 2.413,
                "home_handicap_-1.25_odd": 1.791,
                "home_handicap_-0.75_odd": 1.42,
                "home_handicap_-0.25_odd": 1.21,
                "home_handicap_0.25_odd": 1.072,
                "away_handicap_3.25_odd": 1.058,
                "away_handicap_2.75_odd": 1.146,
                "away_handicap_2.25_odd": 1.287,
                "away_handicap_1.75_odd": 1.581,
                "away_handicap_1.25_odd": 1.861,
                "away_handicap_0.75_odd": 2.52,
                "away_handicap_0.25_odd": 3.58,
                "away_handicap_-0.25_odd": 5.85,
                "home_over_0.5_odd": 1.07,
                "home_over_1.5_odd": 1.45,
                "home_over_2.5_odd": 2.45,
                "home_over_3.5_odd": 4.8,
                "home_over_4.5_odd": 10.5,
                "home_under_0.5_odd": 7.6,
                "home_under_1.5_odd": 2.65,
                "home_under_2.5_odd": 1.51,
                "home_under_3.5_odd": 1.16,
                "home_under_4.5_odd": 1.03,
                "home_over_1.25_odd": 1.26,
                "home_over_1.75_odd": 1.56,
                "home_over_2.25_odd": 2.06,
                "home_over_2.75_odd": 2.78,
                "home_under_1.25_odd": 3.34,
                "home_under_1.75_odd": 2.27,
                "home_under_2.25_odd": 1.68,
                "home_under_2.75_odd": 1.363,
                "away_over_0.5_odd": 1.65,
                "away_over_1.0_odd": 2.65,
                "away_over_1.5_odd": 3.9,
                "away_over_2.0_odd": 11,
                "away_over_2.5_odd": 13,
                "away_under_0.5_odd": 2.15,
                "away_under_1.0_odd": 1.42,
                "away_under_1.5_odd": 1.23,
                "away_under_2.0_odd": 1.02,
                "away_under_2.5_odd": 1.01,
                "away_over_0.75_odd": 1.98,
                "away_over_1.25_odd": 3.55,
                "away_over_1.75_odd": 5.95,
                "away_under_0.75_odd": 1.74,
                "away_under_1.25_odd": 1.25,
                "away_under_1.75_odd": 1.08
            },
            {
                "match_id": 638814738,
                "date": "27/07/2025",
                "time": "12:35",
                "home_team": "Zhejiang Professional",
                "away_team": "Wuhan Three Towns",
                "1_odd": 1.627,
                "draw_odd": 4.475,
                "2_odd": 4.78,
                "1X_odd": 1.186,
                "12_odd": 1.206,
                "X2_odd": 2.282,
                "both_score_odd": 1.5,
                "both_noscore_odd": 2.446,
                "over_0.5_odd": 1.008,
                "over_1.0_odd": 1.01,
                "over_1.5_odd": 1.08,
                "over_2.0_odd": 1.132,
                "over_2.5_odd": 1.41,
                "over_3.0_odd": 1.69,
                "over_3.5_odd": 2.242,
                "over_4.0_odd": 3.04,
                "over_4.5_odd": 3.6,
                "over_5.0_odd": 6.25,
                "over_5.5_odd": 7.1,
                "over_6.5_odd": 15,
                "over_7.5_odd": 29,
                "over_8.5_odd": 50,
                "under_0.5_odd": 15.5,
                "under_1.0_odd": 12,
                "under_1.5_odd": 5.55,
                "under_2.0_odd": 4.5,
                "under_2.5_odd": 2.53,
                "under_3.0_odd": 2,
                "under_3.5_odd": 1.664,
                "under_4.0_odd": 1.31,
                "under_4.5_odd": 1.21,
                "under_5.0_odd": 1.057,
                "under_5.5_odd": 1.037,
                "under_6.5_odd": 1.03,
                "under_7.5_odd": 1.007,
                "under_8.5_odd": 1.002,
                "over_1.75_odd": 1.102,
                "over_2.25_odd": 1.272,
                "over_2.75_odd": 1.529,
                "over_3.25_odd": 1.991,
                "over_3.75_odd": 2.447,
                "over_4.25_odd": 3.33,
                "over_4.75_odd": 4.54,
                "over_5.25_odd": 6.7,
                "under_1.75_odd": 5.04,
                "under_2.25_odd": 3.14,
                "under_2.75_odd": 2.284,
                "under_3.25_odd": 1.835,
                "under_3.75_odd": 1.462,
                "under_4.25_odd": 1.243,
                "under_4.75_odd": 1.129,
                "under_5.25_odd": 1.046,
                "home_handicap_-3.5_odd": 9.1,
                "home_handicap_-3.0_odd": 9.2,
                "home_handicap_-2.5_odd": 4.75,
                "home_handicap_-2.0_odd": 3.94,
                "home_handicap_-1.5_odd": 2.49,
                "home_handicap_-1.0_odd": 2,
                "home_handicap_0.0_odd": 1.22,
                "home_handicap_1.0_odd": 1.06,
                "home_handicap_1.5_odd": 1.04,
                "away_handicap_3.5_odd": 1.04,
                "away_handicap_3.0_odd": 1.003,
                "away_handicap_2.5_odd": 1.119,
                "away_handicap_2.0_odd": 1.175,
                "away_handicap_1.5_odd": 1.44,
                "away_handicap_1.0_odd": 1.77,
                "away_handicap_0.0_odd": 3.54,
                "away_handicap_-1.0_odd": 8.2,
                "away_handicap_-1.5_odd": 9.2,
                "home_handicap_-2.75_odd": 6.15,
                "home_handicap_-2.25_odd": 4.33,
                "home_handicap_-1.75_odd": 2.967,
                "home_handicap_-1.25_odd": 2.32,
                "home_handicap_-0.75_odd": 1.78,
                "home_handicap_-0.25_odd": 1.381,
                "home_handicap_0.25_odd": 1.176,
                "home_handicap_0.75_odd": 1.07,
                "away_handicap_2.75_odd": 1.062,
                "away_handicap_2.25_odd": 1.144,
                "away_handicap_1.75_odd": 1.317,
                "away_handicap_1.25_odd": 1.623,
                "away_handicap_0.75_odd": 2.061,
                "away_handicap_0.25_odd": 2.644,
                "away_handicap_-0.25_odd": 3.94,
                "away_handicap_-0.75_odd": 7.6,
                "home_over_0.5_odd": 1.049,
                "home_over_1.0_odd": 1.079,
                "home_over_1.5_odd": 1.46,
                "home_over_2.0_odd": 1.86,
                "home_over_2.5_odd": 2.53,
                "home_over_3.0_odd": 4.25,
                "home_over_3.5_odd": 5.2,
                "home_under_0.5_odd": 7.8,
                "home_under_1.0_odd": 5.8,
                "home_under_1.5_odd": 2.49,
                "home_under_2.0_odd": 1.84,
                "home_under_2.5_odd": 1.444,
                "home_under_3.0_odd": 1.157,
                "home_under_3.5_odd": 1.096,
                "home_over_1.25_odd": 1.27,
                "home_over_1.75_odd": 1.615,
                "home_over_2.25_odd": 2.19,
                "home_over_2.75_odd": 3.08,
                "home_under_1.25_odd": 3.28,
                "home_under_1.75_odd": 2.17,
                "home_under_2.25_odd": 1.6,
                "home_under_2.75_odd": 1.3,
                "away_over_0.5_odd": 1.34,
                "away_over_1.0_odd": 1.78,
                "away_over_1.5_odd": 2.76,
                "away_over_2.0_odd": 5.95,
                "away_over_2.5_odd": 7.4,
                "away_under_0.5_odd": 2.98,
                "away_under_1.0_odd": 1.93,
                "away_under_1.5_odd": 1.38,
                "away_under_2.0_odd": 1.074,
                "away_under_2.5_odd": 1.03,
                "away_over_0.75_odd": 1.48,
                "away_over_1.25_odd": 2.27,
                "away_over_1.75_odd": 3.56,
                "away_over_2.25_odd": 6.2,
                "away_under_0.75_odd": 2.47,
                "away_under_1.25_odd": 1.56,
                "away_under_1.75_odd": 1.23,
                "away_under_2.25_odd": 1.1
            },
            {
                "match_id": 638821572,
                "date": "27/07/2025",
                "time": "13:00",
                "home_team": "Shandong Taishan",
                "away_team": "Meizhou Hakka",
                "1_odd": 1.383,
                "draw_odd": 5.59,
                "2_odd": 6.86,
                "1X_odd": 1.102,
                "12_odd": 1.144,
                "X2_odd": 3.03,
                "both_score_odd": 1.45,
                "both_noscore_odd": 2.591,
                "over_0.5_odd": 1.01,
                "over_1.0_odd": 1.02,
                "over_1.5_odd": 1.039,
                "over_2.0_odd": 1.059,
                "over_2.5_odd": 1.25,
                "over_3.0_odd": 1.37,
                "over_3.5_odd": 1.757,
                "over_4.0_odd": 2.07,
                "over_4.5_odd": 2.47,
                "over_5.0_odd": 3.5,
                "over_5.5_odd": 4.1,
                "over_6.0_odd": 6.45,
                "over_6.5_odd": 8,
                "over_7.5_odd": 17,
                "over_8.5_odd": 29,
                "over_9.5_odd": 50,
                "under_0.5_odd": 23,
                "under_1.0_odd": 16,
                "under_1.5_odd": 7,
                "under_2.0_odd": 6.2,
                "under_2.5_odd": 3.28,
                "under_3.0_odd": 2.76,
                "under_3.5_odd": 2.092,
                "under_4.0_odd": 1.64,
                "under_4.5_odd": 1.43,
                "under_5.0_odd": 1.22,
                "under_5.5_odd": 1.162,
                "under_6.0_odd": 1.052,
                "under_6.5_odd": 1.083,
                "under_7.5_odd": 1.025,
                "under_8.5_odd": 1.007,
                "under_9.5_odd": 1.002,
                "over_1.75_odd": 1.048,
                "over_2.25_odd": 1.15,
                "over_2.75_odd": 1.307,
                "over_3.25_odd": 1.597,
                "over_3.75_odd": 1.919,
                "over_4.25_odd": 2.258,
                "over_4.75_odd": 2.875,
                "over_5.25_odd": 3.82,
                "under_1.75_odd": 6.6,
                "under_2.25_odd": 4.245,
                "under_2.75_odd": 3.055,
                "under_3.25_odd": 2.375,
                "under_3.75_odd": 1.901,
                "under_4.25_odd": 1.512,
                "under_4.75_odd": 1.32,
                "under_5.25_odd": 1.186,
                "home_handicap_-4.5_odd": 8.7,
                "home_handicap_-4.0_odd": 8.3,
                "home_handicap_-3.5_odd": 4.95,
                "home_handicap_-3.0_odd": 4.35,
                "home_handicap_-2.5_odd": 2.83,
                "home_handicap_-2.0_odd": 2.38,
                "home_handicap_-1.5_odd": 1.925,
                "home_handicap_-1.0_odd": 1.48,
                "home_handicap_0.0_odd": 1.103,
                "home_handicap_1.0_odd": 1.02,
                "home_handicap_1.5_odd": 1.02,
                "away_handicap_4.5_odd": 1.009,
                "away_handicap_4.0_odd": 1.016,
                "away_handicap_3.5_odd": 1.107,
                "away_handicap_3.0_odd": 1.142,
                "away_handicap_2.5_odd": 1.33,
                "away_handicap_2.0_odd": 1.48,
                "away_handicap_1.5_odd": 1.895,
                "away_handicap_1.0_odd": 2.38,
                "away_handicap_0.0_odd": 5.05,
                "away_handicap_-1.0_odd": 11,
                "away_handicap_-1.5_odd": 12,
                "home_handicap_-3.25_odd": 4.65,
                "home_handicap_-2.75_odd": 3.34,
                "home_handicap_-2.25_odd": 2.632,
                "home_handicap_-1.75_odd": 2.134,
                "home_handicap_-1.25_odd": 1.737,
                "home_handicap_-0.75_odd": 1.38,
                "home_handicap_-0.25_odd": 1.211,
                "home_handicap_0.25_odd": 1.093,
                "away_handicap_3.25_odd": 1.123,
                "away_handicap_2.75_odd": 1.241,
                "away_handicap_2.25_odd": 1.397,
                "away_handicap_1.75_odd": 1.728,
                "away_handicap_1.25_odd": 2.121,
                "away_handicap_0.75_odd": 2.65,
                "away_handicap_0.25_odd": 3.58,
                "away_handicap_-0.25_odd": 5.25,
                "home_over_0.5_odd": 1.03,
                "home_over_1.0_odd": 1.08,
                "home_over_1.5_odd": 1.3,
                "home_over_2.0_odd": 1.45,
                "home_over_2.5_odd": 1.85,
                "home_over_3.0_odd": 2.45,
                "home_over_3.5_odd": 3,
                "home_over_4.0_odd": 4.9,
                "home_over_4.5_odd": 5.6,
                "home_under_0.5_odd": 13,
                "home_under_1.0_odd": 8,
                "home_under_1.5_odd": 3.45,
                "home_under_2.0_odd": 2.75,
                "home_under_2.5_odd": 1.95,
                "home_under_3.0_odd": 1.55,
                "home_under_3.5_odd": 1.4,
                "home_under_4.0_odd": 1.18,
                "home_under_4.5_odd": 1.14,
                "home_over_1.75_odd": 1.285,
                "home_over_2.25_odd": 1.59,
                "home_over_2.75_odd": 2.02,
                "home_over_3.25_odd": 2.67,
                "home_under_1.75_odd": 3.18,
                "home_under_2.25_odd": 2.21,
                "home_under_2.75_odd": 1.71,
                "home_under_3.25_odd": 1.39,
                "away_over_0.5_odd": 1.45,
                "away_over_1.0_odd": 2.08,
                "away_over_1.5_odd": 3.1,
                "away_over_2.0_odd": 6.4,
                "away_over_2.5_odd": 7.6,
                "away_under_0.5_odd": 2.75,
                "away_under_1.0_odd": 1.75,
                "away_under_1.5_odd": 1.37,
                "away_under_2.0_odd": 1.12,
                "away_under_2.5_odd": 1.09,
                "away_over_0.75_odd": 1.52,
                "away_over_1.25_odd": 2.29,
                "away_over_1.75_odd": 3.48,
                "away_over_2.25_odd": 6,
                "away_over_2.75_odd": 8.7,
                "away_under_0.75_odd": 2.36,
                "away_under_1.25_odd": 1.55,
                "away_under_1.75_odd": 1.24,
                "away_under_2.25_odd": 1.1,
                "away_under_2.75_odd": 1.01
            },
            {
                "match_id": 638981801,
                "date": "26/07/2025",
                "time": "12:00",
                "home_team": "Home",
                "away_team": "Away",
                "1_odd": 1.19,
                "draw_odd": 9.4,
                "2_odd": 6.98,
                "1X_odd": 1.07,
                "12_odd": 1.03,
                "X2_odd": 4.3,
                "over_7.5_odd": 1.28,
                "over_8.5_odd": 1.49,
                "over_9.5_odd": 1.831,
                "over_10.5_odd": 2.2,
                "over_11.5_odd": 2.8,
                "under_7.5_odd": 3.3,
                "under_8.5_odd": 2.44,
                "under_9.5_odd": 1.996,
                "under_10.5_odd": 1.59,
                "under_11.5_odd": 1.38,
                "home_handicap_-5.5_odd": 3.7,
                "home_handicap_-4.5_odd": 2.7,
                "home_handicap_-3.5_odd": 2.09,
                "home_handicap_-2.5_odd": 1.6,
                "home_handicap_-1.5_odd": 1.33,
                "away_handicap_5.5_odd": 1.24,
                "away_handicap_4.5_odd": 1.41,
                "away_handicap_3.5_odd": 1.759,
                "away_handicap_2.5_odd": 2.2,
                "away_handicap_1.5_odd": 3,
                "home_over_5.5_odd": 1.56,
                "home_over_6.5_odd": 2,
                "home_under_5.5_odd": 2.28,
                "home_under_6.5_odd": 1.73,
                "away_over_2.5_odd": 1.45,
                "away_over_3.5_odd": 2,
                "away_under_2.5_odd": 2.55,
                "away_under_3.5_odd": 1.72
            },
            {
                "match_id": 638981802,
                "date": "27/07/2025",
                "time": "12:00",
                "home_team": "Home",
                "away_team": "Away",
                "1_odd": 1.2,
                "draw_odd": 11,
                "2_odd": 6.06,
                "1X_odd": 1.09,
                "X2_odd": 4.2,
                "over_13.5_odd": 1.44,
                "over_14.5_odd": 1.63,
                "over_15.5_odd": 1.979,
                "over_16.5_odd": 2.3,
                "over_17.5_odd": 2.75,
                "under_13.5_odd": 2.6,
                "under_14.5_odd": 2.13,
                "under_15.5_odd": 1.845,
                "under_16.5_odd": 1.55,
                "under_17.5_odd": 1.39,
                "home_handicap_-5.5_odd": 2.7,
                "home_handicap_-4.5_odd": 2.15,
                "home_handicap_-3.5_odd": 1.817,
                "home_handicap_-2.5_odd": 1.49,
                "home_handicap_-1.5_odd": 1.3,
                "away_handicap_5.5_odd": 1.41,
                "away_handicap_4.5_odd": 1.62,
                "away_handicap_3.5_odd": 2.013,
                "away_handicap_2.5_odd": 2.43,
                "away_handicap_1.5_odd": 3.2,
                "home_over_8.5_odd": 1.58,
                "home_over_9.5_odd": 1.93,
                "home_under_8.5_odd": 2.23,
                "home_under_9.5_odd": 1.77,
                "away_over_5.5_odd": 1.7,
                "away_over_6.5_odd": 2.24,
                "away_under_5.5_odd": 2.03,
                "away_under_6.5_odd": 1.58
            }
        ]
    }
]