[
    {
        "last_updated": "2025-07-24T20:45:13.686896+01:00"
    },
    {
        "tournament_id": 150983,
        "tournament_name": "Copa Colombia",
        "matches": [
            {
                "match_id": 639681643,
                "date": "30/07/2025",
                "time": "21:00",
                "home_team": "Patriotas",
                "away_team": "Once Caldas",
                "1_odd": 6.76,
                "draw_odd": 3.8,
                "2_odd": 1.51,
                "1X_odd": 2.4,
                "12_odd": 1.22,
                "X2_odd": 1.07,
                "both_score_odd": 2.05,
                "both_noscore_odd": 1.703,
                "over_0.5_odd": 1.03,
                "over_1.0_odd": 1.07,
                "over_1.5_odd": 1.29,
                "over_2.0_odd": 1.47,
                "over_2.5_odd": 1.92,
                "over_3.0_odd": 2.6,
                "over_3.5_odd": 3.2,
                "over_4.0_odd": 5.2,
                "over_4.5_odd": 6.5,
                "over_5.5_odd": 13,
                "under_0.5_odd": 9.2,
                "under_1.0_odd": 6.7,
                "under_1.5_odd": 3.3,
                "under_2.0_odd": 2.5,
                "under_2.5_odd": 1.79,
                "under_3.0_odd": 1.44,
                "under_3.5_odd": 1.3,
                "under_4.0_odd": 1.13,
                "under_4.5_odd": 1.08,
                "under_5.5_odd": 1.03,
                "over_1.25_odd": 1.18,
                "over_1.75_odd": 1.36,
                "over_2.25_odd": 1.69,
                "over_2.75_odd": 2.17,
                "over_3.25_odd": 2.9,
                "over_3.75_odd": 3.9,
                "under_1.25_odd": 4.2,
                "under_1.75_odd": 2.9,
                "under_2.25_odd": 2.04,
                "under_2.75_odd": 1.61,
                "under_3.25_odd": 1.36,
                "under_3.75_odd": 1.22,
                "home_handicap_0.0_odd": 5.1,
                "home_handicap_1.0_odd": 1.87,
                "home_handicap_1.5_odd": 1.52,
                "home_handicap_2.0_odd": 1.23,
                "home_handicap_2.5_odd": 1.16,
                "home_handicap_3.0_odd": 1.04,
                "home_handicap_3.5_odd": 1.03,
                "away_handicap_0.0_odd": 1.13,
                "away_handicap_-1.0_odd": 1.83,
                "away_handicap_-1.5_odd": 2.37,
                "away_handicap_-2.0_odd": 3.7,
                "away_handicap_-2.5_odd": 4.5,
                "away_handicap_-3.0_odd": 8.3,
                "away_handicap_-3.5_odd": 9.3,
                "home_handicap_0.25_odd": 3.1,
                "home_handicap_0.75_odd": 2.16,
                "home_handicap_1.25_odd": 1.65,
                "home_handicap_1.75_odd": 1.38,
                "home_handicap_2.25_odd": 1.19,
                "home_handicap_2.75_odd": 1.1,
                "away_handicap_-0.25_odd": 1.31,
                "away_handicap_-0.75_odd": 1.62,
                "away_handicap_-1.25_odd": 2.1,
                "away_handicap_-1.75_odd": 2.8,
                "away_handicap_-2.25_odd": 4.1,
                "away_handicap_-2.75_odd": 5.7,
                "home_over_0.5_odd": 1.74,
                "home_over_1.0_odd": 3,
                "home_over_1.5_odd": 4.3,
                "home_under_0.5_odd": 1.97,
                "home_under_1.0_odd": 1.35,
                "home_under_1.5_odd": 1.18,
                "home_over_1.25_odd": 3.6,
                "home_under_1.25_odd": 1.24,
                "away_over_0.5_odd": 1.12,
                "away_over_1.5_odd": 1.67,
                "away_over_2.5_odd": 3.1,
                "away_over_3.5_odd": 6.8,
                "away_under_0.5_odd": 5.4,
                "away_under_1.5_odd": 2.08,
                "away_under_2.5_odd": 1.31,
                "away_under_3.5_odd": 1.07
            }
        ]
    },
    {
        "tournament_id": 214149,
        "tournament_name": "Categoría Primera B",
        "matches": [
            {
                "match_id": 639696474,
                "date": "25/07/2025",
                "time": "22:00",
                "home_team": "Boca Juniors De Cali",
                "away_team": "Internacional Palmira",
                "1_odd": 3.51,
                "draw_odd": 3.28,
                "2_odd": 2.03,
                "1X_odd": 1.7,
                "12_odd": 1.28,
                "X2_odd": 1.25,
                "both_score_odd": 1.85,
                "both_noscore_odd": 1.836,
                "over_0.5_odd": 1.026,
                "over_1.0_odd": 1.052,
                "over_1.5_odd": 1.33,
                "over_2.0_odd": 1.55,
                "over_2.5_odd": 2.09,
                "over_3.0_odd": 2.92,
                "over_3.5_odd": 3.58,
                "over_4.0_odd": 6.3,
                "over_4.5_odd": 7,
                "over_5.5_odd": 19,
                "under_0.5_odd": 7.7,
                "under_1.0_odd": 6.45,
                "under_1.5_odd": 2.83,
                "under_2.0_odd": 2.17,
                "under_2.5_odd": 1.666,
                "under_3.0_odd": 1.31,
                "under_3.5_odd": 1.21,
                "under_4.0_odd": 1.056,
                "under_4.5_odd": 1.039,
                "under_5.5_odd": 1.02,
                "over_0.75_odd": 1.037,
                "over_1.25_odd": 1.189,
                "over_1.75_odd": 1.41,
                "over_2.25_odd": 1.81,
                "over_2.75_odd": 2.375,
                "over_3.25_odd": 3.28,
                "over_3.75_odd": 4.55,
                "over_4.25_odd": 6.65,
                "under_0.75_odd": 7.1,
                "under_1.25_odd": 3.78,
                "under_1.75_odd": 2.52,
                "under_2.25_odd": 1.82,
                "under_2.75_odd": 1.47,
                "under_3.25_odd": 1.25,
                "under_3.75_odd": 1.13,
                "under_4.25_odd": 1.047,
                "home_handicap_-1.5_odd": 7.5,
                "home_handicap_-1.0_odd": 6.55,
                "home_handicap_0.0_odd": 2.52,
                "home_handicap_1.0_odd": 1.31,
                "home_handicap_1.5_odd": 1.192,
                "home_handicap_2.0_odd": 1.037,
                "home_handicap_2.5_odd": 1.022,
                "away_handicap_1.5_odd": 1.029,
                "away_handicap_1.0_odd": 1.05,
                "away_handicap_0.0_odd": 1.47,
                "away_handicap_-1.0_odd": 2.92,
                "away_handicap_-1.5_odd": 3.75,
                "away_handicap_-2.0_odd": 7.1,
                "away_handicap_-2.5_odd": 7.9,
                "home_handicap_-1.25_odd": 7,
                "home_handicap_-0.75_odd": 4.25,
                "home_handicap_-0.25_odd": 2.86,
                "home_handicap_0.25_odd": 1.95,
                "home_handicap_0.75_odd": 1.51,
                "home_handicap_1.25_odd": 1.24,
                "home_handicap_1.75_odd": 1.115,
                "home_handicap_2.25_odd": 1.029,
                "away_handicap_1.25_odd": 1.039,
                "away_handicap_0.75_odd": 1.151,
                "away_handicap_0.25_odd": 1.33,
                "away_handicap_-0.25_odd": 1.7,
                "away_handicap_-0.75_odd": 2.26,
                "away_handicap_-1.25_odd": 3.34,
                "away_handicap_-1.75_odd": 4.8,
                "away_handicap_-2.25_odd": 7.5,
                "home_over_0.5_odd": 1.47,
                "home_over_1.0_odd": 2.08,
                "home_over_1.5_odd": 3.1,
                "home_over_2.0_odd": 7.3,
                "home_over_2.5_odd": 9,
                "home_under_0.5_odd": 2.48,
                "home_under_1.0_odd": 1.67,
                "home_under_1.5_odd": 1.31,
                "home_under_2.0_odd": 1.06,
                "home_under_2.5_odd": 1.03,
                "home_over_0.75_odd": 1.66,
                "home_over_1.25_odd": 2.67,
                "home_under_0.75_odd": 2.04,
                "home_under_1.25_odd": 1.39,
                "away_over_0.5_odd": 1.23,
                "away_over_1.0_odd": 1.43,
                "away_over_1.5_odd": 2.1,
                "away_over_2.5_odd": 4.7,
                "away_over_3.5_odd": 11,
                "away_under_0.5_odd": 3.8,
                "away_under_1.0_odd": 2.65,
                "away_under_1.5_odd": 1.65,
                "away_under_2.5_odd": 1.15,
                "away_under_3.5_odd": 1.01,
                "away_over_1.25_odd": 1.82,
                "away_over_1.75_odd": 2.64,
                "away_under_1.25_odd": 1.84,
                "away_under_1.75_odd": 1.4
            },
            {
                "match_id": 639663225,
                "date": "26/07/2025",
                "time": "00:00",
                "home_team": "Atletico Huila",
                "away_team": "Tigres Futbol Club",
                "1_odd": 1.61,
                "draw_odd": 3.32,
                "2_odd": 6.23,
                "1X_odd": 1.077,
                "12_odd": 1.27,
                "X2_odd": 2.18,
                "both_score_odd": 2.67,
                "both_noscore_odd": 1.406,
                "over_0.5_odd": 1.06,
                "over_1.0_odd": 1.121,
                "over_1.5_odd": 1.5,
                "over_2.0_odd": 1.94,
                "over_2.5_odd": 2.67,
                "over_3.0_odd": 4.55,
                "over_3.5_odd": 5.45,
                "over_4.0_odd": 8.7,
                "over_4.5_odd": 11,
                "over_5.5_odd": 34,
                "under_0.5_odd": 6.15,
                "under_1.0_odd": 4.7,
                "under_1.5_odd": 2.28,
                "under_2.0_odd": 1.7,
                "under_2.5_odd": 1.42,
                "under_3.0_odd": 1.131,
                "under_3.5_odd": 1.084,
                "under_4.0_odd": 1.03,
                "under_4.5_odd": 1.01,
                "under_5.5_odd": 1.01,
                "over_0.75_odd": 1.086,
                "over_1.25_odd": 1.31,
                "over_1.75_odd": 1.66,
                "over_2.25_odd": 2.29,
                "over_2.75_odd": 3.24,
                "over_3.25_odd": 5,
                "over_3.75_odd": 7.3,
                "under_0.75_odd": 5.4,
                "under_1.25_odd": 2.92,
                "under_1.75_odd": 1.99,
                "under_2.25_odd": 1.5,
                "under_2.75_odd": 1.26,
                "under_3.25_odd": 1.105,
                "under_3.75_odd": 1.032,
                "home_handicap_-2.5_odd": 6.3,
                "home_handicap_-2.0_odd": 5.25,
                "home_handicap_-1.5_odd": 2.83,
                "home_handicap_-1.0_odd": 2.15,
                "home_handicap_0.0_odd": 1.133,
                "away_handicap_2.5_odd": 1.056,
                "away_handicap_2.0_odd": 1.093,
                "away_handicap_1.5_odd": 1.33,
                "away_handicap_1.0_odd": 1.63,
                "away_handicap_0.0_odd": 4.5,
                "home_handicap_-2.75_odd": 8.7,
                "home_handicap_-2.25_odd": 5.8,
                "home_handicap_-1.75_odd": 3.58,
                "home_handicap_-1.25_odd": 2.49,
                "home_handicap_-0.75_odd": 1.76,
                "home_handicap_-0.25_odd": 1.35,
                "home_handicap_0.25_odd": 1.091,
                "home_handicap_0.75_odd": 1.007,
                "away_handicap_2.75_odd": 1.01,
                "away_handicap_2.25_odd": 1.072,
                "away_handicap_1.75_odd": 1.21,
                "away_handicap_1.25_odd": 1.43,
                "away_handicap_0.75_odd": 1.88,
                "away_handicap_0.25_odd": 2.74,
                "away_handicap_-0.25_odd": 5.3,
                "away_handicap_-0.75_odd": 8.9,
                "home_over_0.5_odd": 1.21,
                "home_over_1.0_odd": 1.4,
                "home_over_1.5_odd": 2.07,
                "home_over_2.5_odd": 4.5,
                "home_over_3.5_odd": 10.5,
                "home_under_0.5_odd": 3.9,
                "home_under_1.0_odd": 2.7,
                "home_under_1.5_odd": 1.68,
                "home_under_2.5_odd": 1.17,
                "home_under_3.5_odd": 1.01,
                "home_over_1.25_odd": 1.78,
                "home_over_1.75_odd": 2.54,
                "home_under_1.25_odd": 1.88,
                "home_under_1.75_odd": 1.43,
                "away_over_0.5_odd": 2.04,
                "away_over_1.0_odd": 4.2,
                "away_over_1.5_odd": 6,
                "away_under_0.5_odd": 1.69,
                "away_under_1.0_odd": 1.19,
                "away_under_1.5_odd": 1.09,
                "away_over_0.75_odd": 2.78,
                "away_over_1.25_odd": 6.45,
                "away_under_0.75_odd": 1.363,
                "away_under_1.25_odd": 1.066
            },
            {
                "match_id": 639855960,
                "date": "26/07/2025",
                "time": "20:00",
                "home_team": "Real Cundinamarca",
                "away_team": "Real Santander",
                "1_odd": 1.64,
                "draw_odd": 3.5,
                "2_odd": 5.34,
                "1X_odd": 1.109,
                "12_odd": 1.25,
                "X2_odd": 2.12,
                "both_score_odd": 2,
                "both_noscore_odd": 1.712,
                "over_0.5_odd": 1.006,
                "over_1.0_odd": 1.033,
                "over_1.5_odd": 1.3,
                "over_2.0_odd": 1.52,
                "over_2.5_odd": 2.07,
                "over_3.0_odd": 2.97,
                "over_3.5_odd": 3.74,
                "over_4.0_odd": 7.1,
                "over_4.5_odd": 8,
                "over_5.5_odd": 12,
                "under_0.5_odd": 9,
                "under_1.0_odd": 7.3,
                "under_1.5_odd": 2.97,
                "under_2.0_odd": 2.24,
                "under_2.5_odd": 1.68,
                "under_3.0_odd": 1.3,
                "under_3.5_odd": 1.193,
                "under_4.0_odd": 1.038,
                "under_4.5_odd": 1.02,
                "under_5.5_odd": 1.02,
                "over_0.75_odd": 1.017,
                "over_1.25_odd": 1.165,
                "over_1.75_odd": 1.39,
                "over_2.25_odd": 1.78,
                "over_2.75_odd": 2.375,
                "over_3.25_odd": 3.34,
                "over_3.75_odd": 4.8,
                "over_4.25_odd": 7.5,
                "under_0.75_odd": 8.2,
                "under_1.25_odd": 4.05,
                "under_1.75_odd": 2.59,
                "under_2.25_odd": 1.85,
                "under_2.75_odd": 1.47,
                "under_3.25_odd": 1.24,
                "under_3.75_odd": 1.116,
                "under_4.25_odd": 1.029,
                "home_handicap_-3.5_odd": 11.5,
                "home_handicap_-3.0_odd": 10.5,
                "home_handicap_-2.5_odd": 6.25,
                "home_handicap_-2.0_odd": 5.25,
                "home_handicap_-1.5_odd": 2.875,
                "home_handicap_-1.0_odd": 2.21,
                "home_handicap_0.0_odd": 1.182,
                "home_handicap_1.0_odd": 1.02,
                "home_handicap_1.5_odd": 1.01,
                "away_handicap_3.5_odd": 1.01,
                "away_handicap_3.0_odd": 1.01,
                "away_handicap_2.5_odd": 1.058,
                "away_handicap_2.0_odd": 1.094,
                "away_handicap_1.5_odd": 1.32,
                "away_handicap_1.0_odd": 1.6,
                "away_handicap_0.0_odd": 3.85,
                "away_handicap_-1.0_odd": 9.8,
                "away_handicap_-1.5_odd": 11,
                "home_handicap_-2.75_odd": 8.5,
                "home_handicap_-2.25_odd": 5.75,
                "home_handicap_-1.75_odd": 3.58,
                "home_handicap_-1.25_odd": 2.52,
                "home_handicap_-0.75_odd": 1.8,
                "home_handicap_-0.25_odd": 1.39,
                "home_handicap_0.25_odd": 1.132,
                "home_handicap_0.75_odd": 1.033,
                "away_handicap_2.75_odd": 1.012,
                "away_handicap_2.25_odd": 1.074,
                "away_handicap_1.75_odd": 1.21,
                "away_handicap_1.25_odd": 1.42,
                "away_handicap_0.75_odd": 1.83,
                "away_handicap_0.25_odd": 2.59,
                "away_handicap_-0.25_odd": 4.5,
                "away_handicap_-0.75_odd": 7.3,
                "home_over_0.5_odd": 1.15,
                "home_over_1.5_odd": 1.81,
                "home_over_2.5_odd": 3.6,
                "home_over_3.5_odd": 8.2,
                "home_under_0.5_odd": 4.7,
                "home_under_1.5_odd": 1.9,
                "home_under_2.5_odd": 1.24,
                "home_under_3.5_odd": 1.04,
                "home_over_1.25_odd": 1.58,
                "home_over_1.75_odd": 2.19,
                "home_under_1.25_odd": 2.17,
                "home_under_1.75_odd": 1.57,
                "away_over_0.5_odd": 1.62,
                "away_over_1.0_odd": 2.55,
                "away_over_1.5_odd": 3.8,
                "away_over_2.0_odd": 10,
                "away_under_0.5_odd": 2.15,
                "away_under_1.0_odd": 1.45,
                "away_under_1.5_odd": 1.22,
                "away_under_2.0_odd": 1.02,
                "away_over_0.75_odd": 2.01,
                "away_over_1.25_odd": 3.84,
                "away_under_0.75_odd": 1.68,
                "away_under_1.25_odd": 1.2
            }
        ]
    },
    {
        "tournament_id": 1641243,
        "tournament_name": "Colombia Super Cup U20",
        "matches": [
            {
                "match_id": 639854796,
                "date": "25/07/2025",
                "time": "12:00",
                "home_team": "Union Magdalena U20",
                "away_team": "Darsena U20",
                "1_odd": 1.091,
                "draw_odd": 9,
                "2_odd": 17,
                "1X_odd": 1.005,
                "12_odd": 1.04,
                "X2_odd": 7,
                "over_2.5_odd": 1.2,
                "under_2.5_odd": 4.33,
                "home_handicap_-3.0_odd": 1.975,
                "home_handicap_0.0_odd": 1.025,
                "away_handicap_3.0_odd": 1.825,
                "away_handicap_0.0_odd": 10.5
            },
            {
                "match_id": 639800918,
                "date": "25/07/2025",
                "time": "15:00",
                "home_team": "Cucuta Deportivo U20",
                "away_team": "Alianza Vallenata U20",
                "1_odd": 1.31,
                "draw_odd": 5,
                "2_odd": 6.83,
                "1X_odd": 1.071,
                "12_odd": 1.111,
                "X2_odd": 3,
                "both_score_odd": 1.943,
                "both_noscore_odd": 1.859,
                "over_2.5_odd": 1.571,
                "over_3.0_odd": 1.875,
                "under_2.5_odd": 2.35,
                "under_3.0_odd": 1.925,
                "home_handicap_-1.5_odd": 1.85,
                "home_handicap_0.0_odd": 1.125,
                "away_handicap_1.5_odd": 1.95,
                "away_handicap_0.0_odd": 5.5
            },
            {
                "match_id": 639789458,
                "date": "25/07/2025",
                "time": "16:00",
                "home_team": "Junior de Barranquilla U20",
                "away_team": "Jaguares de Cordoba U20",
                "1_odd": 1.39,
                "draw_odd": 4.5,
                "2_odd": 6.02,
                "1X_odd": 1.1,
                "12_odd": 1.125,
                "X2_odd": 2.75,
                "both_score_odd": 1.795,
                "both_noscore_odd": 2.018,
                "over_2.5_odd": 1.533,
                "over_3.0_odd": 1.825,
                "under_2.5_odd": 2.375,
                "under_3.0_odd": 1.975,
                "home_handicap_0.0_odd": 1.167,
                "away_handicap_0.0_odd": 4.5,
                "home_handicap_-1.25_odd": 1.8,
                "away_handicap_1.25_odd": 2
            },
            {
                "match_id": 639789460,
                "date": "25/07/2025",
                "time": "16:00",
                "home_team": "Leones U20",
                "away_team": "Envigado U20",
                "1_odd": 3.07,
                "draw_odd": 3.25,
                "2_odd": 2.12,
                "1X_odd": 1.6,
                "12_odd": 1.25,
                "X2_odd": 1.3,
                "both_score_odd": 1.576,
                "both_noscore_odd": 2.357,
                "over_2.5_odd": 1.615,
                "over_3.0_odd": 1.975,
                "under_2.5_odd": 2.25,
                "under_3.0_odd": 1.825,
                "home_handicap_0.0_odd": 2.25,
                "away_handicap_0.0_odd": 1.571,
                "home_handicap_0.25_odd": 1.925,
                "away_handicap_-0.25_odd": 1.875
            },
            {
                "match_id": 639800923,
                "date": "25/07/2025",
                "time": "18:00",
                "home_team": "Llaneros U20",
                "away_team": "Once Caldas U20",
                "1_odd": 2.831,
                "draw_odd": 3.25,
                "2_odd": 2.37,
                "1X_odd": 1.571,
                "12_odd": 1.333,
                "X2_odd": 1.4,
                "both_score_odd": 1.801,
                "both_noscore_odd": 2.01,
                "over_2.5_odd": 1.95,
                "under_2.5_odd": 1.85,
                "home_handicap_0.0_odd": 2,
                "away_handicap_0.0_odd": 1.727,
                "home_handicap_0.25_odd": 1.75,
                "away_handicap_-0.25_odd": 2.05
            }
        ]
    },
    {
        "tournament_id": 214147,
        "tournament_name": "Categoria Primera A",
        "matches": [
            {
                "match_id": 638926745,
                "date": "25/07/2025",
                "time": "00:00",
                "home_team": "Independiente Medellin",
                "away_team": "Envigado",
                "1_odd": 1.23,
                "draw_odd": 5.65,
                "2_odd": 14.1,
                "1X_odd": 1.004,
                "12_odd": 1.128,
                "X2_odd": 4.1,
                "both_score_odd": 2.58,
                "both_noscore_odd": 1.453,
                "over_0.5_odd": 1.01,
                "over_1.0_odd": 1.04,
                "over_1.5_odd": 1.2,
                "over_2.0_odd": 1.34,
                "over_2.5_odd": 1.78,
                "over_3.0_odd": 2.27,
                "over_3.5_odd": 2.84,
                "over_4.0_odd": 4.6,
                "over_4.5_odd": 5.3,
                "over_5.0_odd": 8.3,
                "over_5.5_odd": 10.5,
                "over_6.5_odd": 29,
                "over_7.5_odd": 50,
                "under_0.5_odd": 11,
                "under_1.0_odd": 8.2,
                "under_1.5_odd": 3.7,
                "under_2.0_odd": 2.89,
                "under_2.5_odd": 2,
                "under_3.0_odd": 1.533,
                "under_3.5_odd": 1.33,
                "under_4.0_odd": 1.127,
                "under_4.5_odd": 1.09,
                "under_5.0_odd": 1.04,
                "under_5.5_odd": 1.02,
                "under_6.5_odd": 1.007,
                "under_7.5_odd": 1.002,
                "over_1.25_odd": 1.099,
                "over_1.75_odd": 1.26,
                "over_2.25_odd": 1.55,
                "over_2.75_odd": 1.93,
                "over_3.25_odd": 2.54,
                "over_3.75_odd": 3.42,
                "over_4.25_odd": 4.95,
                "over_4.75_odd": 6.8,
                "under_1.25_odd": 5.1,
                "under_1.75_odd": 3.28,
                "under_2.25_odd": 2.27,
                "under_2.75_odd": 1.76,
                "under_3.25_odd": 1.42,
                "under_3.75_odd": 1.23,
                "under_4.25_odd": 1.107,
                "under_4.75_odd": 1.043,
                "home_handicap_-4.5_odd": 10.5,
                "home_handicap_-4.0_odd": 9.5,
                "home_handicap_-3.5_odd": 5.3,
                "home_handicap_-3.0_odd": 4.55,
                "home_handicap_-2.5_odd": 2.74,
                "home_handicap_-2.0_odd": 2.18,
                "home_handicap_-1.5_odd": 1.727,
                "home_handicap_-1.0_odd": 1.29,
                "home_handicap_0.0_odd": 1.02,
                "away_handicap_4.5_odd": 1.02,
                "away_handicap_4.0_odd": 1.02,
                "away_handicap_3.5_odd": 1.091,
                "away_handicap_3.0_odd": 1.131,
                "away_handicap_2.5_odd": 1.35,
                "away_handicap_2.0_odd": 1.57,
                "away_handicap_1.5_odd": 2.05,
                "away_handicap_1.0_odd": 3.125,
                "away_handicap_0.0_odd": 10.5,
                "home_handicap_-3.75_odd": 6.85,
                "home_handicap_-3.25_odd": 4.9,
                "home_handicap_-2.75_odd": 3.34,
                "home_handicap_-2.25_odd": 2.46,
                "home_handicap_-1.75_odd": 1.87,
                "home_handicap_-1.25_odd": 1.5,
                "home_handicap_-0.75_odd": 1.222,
                "home_handicap_-0.25_odd": 1.078,
                "away_handicap_3.75_odd": 1.042,
                "away_handicap_3.25_odd": 1.109,
                "away_handicap_2.75_odd": 1.24,
                "away_handicap_2.25_odd": 1.44,
                "away_handicap_1.75_odd": 1.8,
                "away_handicap_1.25_odd": 2.36,
                "away_handicap_0.75_odd": 3.54,
                "away_handicap_0.25_odd": 5.65,
                "home_over_0.5_odd": 1.05,
                "home_over_1.5_odd": 1.39,
                "home_over_2.5_odd": 2.27,
                "home_over_3.5_odd": 4.2,
                "home_over_4.5_odd": 8.8,
                "home_under_0.5_odd": 8,
                "home_under_1.5_odd": 2.75,
                "home_under_2.5_odd": 1.56,
                "home_under_3.5_odd": 1.18,
                "home_under_4.5_odd": 1.03,
                "home_over_1.25_odd": 1.23,
                "home_over_1.75_odd": 1.51,
                "home_over_2.25_odd": 1.96,
                "home_over_2.75_odd": 2.6,
                "home_under_1.25_odd": 3.56,
                "home_under_1.75_odd": 2.39,
                "home_under_2.25_odd": 1.75,
                "home_under_2.75_odd": 1.41,
                "away_over_0.5_odd": 2.2,
                "away_over_1.0_odd": 4.8,
                "away_over_1.5_odd": 6.7,
                "away_under_0.5_odd": 1.6,
                "away_under_1.0_odd": 1.15,
                "away_under_1.5_odd": 1.07,
                "away_over_0.75_odd": 3.26,
                "away_over_1.25_odd": 5.8,
                "away_under_0.75_odd": 1.29,
                "away_under_1.25_odd": 1.1
            },
            {
                "match_id": 638945019,
                "date": "25/07/2025",
                "time": "02:10",
                "home_team": "Deportivo Cali",
                "away_team": "Fortaleza Zipaquira",
                "1_odd": 2.08,
                "draw_odd": 2.98,
                "2_odd": 4.085,
                "1X_odd": 1.22,
                "12_odd": 1.38,
                "X2_odd": 1.73,
                "both_score_odd": 2.17,
                "both_noscore_odd": 1.628,
                "over_0.5_odd": 1.068,
                "over_1.0_odd": 1.12,
                "over_1.5_odd": 1.47,
                "over_2.0_odd": 1.87,
                "over_2.5_odd": 2.58,
                "over_3.0_odd": 4.1,
                "over_3.5_odd": 4.8,
                "over_4.0_odd": 9.1,
                "over_4.5_odd": 11,
                "over_5.5_odd": 21,
                "under_0.5_odd": 5.9,
                "under_1.0_odd": 4.7,
                "under_1.5_odd": 2.36,
                "under_2.0_odd": 1.8,
                "under_2.5_odd": 1.48,
                "under_3.0_odd": 1.182,
                "under_3.5_odd": 1.118,
                "under_4.0_odd": 1.004,
                "under_4.5_odd": 1.01,
                "under_5.5_odd": 1.01,
                "over_0.75_odd": 1.09,
                "over_1.25_odd": 1.3,
                "over_1.75_odd": 1.615,
                "over_2.25_odd": 2.21,
                "over_2.75_odd": 3.04,
                "over_3.25_odd": 4.45,
                "over_3.75_odd": 6.15,
                "under_0.75_odd": 5.3,
                "under_1.25_odd": 2.97,
                "under_1.75_odd": 2.09,
                "under_2.25_odd": 1.58,
                "under_2.75_odd": 1.32,
                "under_3.25_odd": 1.146,
                "under_3.75_odd": 1.061,
                "home_handicap_-2.5_odd": 8.8,
                "home_handicap_-2.0_odd": 7.9,
                "home_handicap_-1.5_odd": 3.94,
                "home_handicap_-1.0_odd": 3.06,
                "home_handicap_0.0_odd": 1.41,
                "home_handicap_1.0_odd": 1.015,
                "home_handicap_1.5_odd": 1.03,
                "away_handicap_2.5_odd": 1.008,
                "away_handicap_2.0_odd": 1.021,
                "away_handicap_1.5_odd": 1.174,
                "away_handicap_1.0_odd": 1.29,
                "away_handicap_0.0_odd": 2.8,
                "away_handicap_-1.0_odd": 8.6,
                "away_handicap_-1.5_odd": 9.4,
                "home_handicap_-2.25_odd": 8.4,
                "home_handicap_-1.75_odd": 5.15,
                "home_handicap_-1.25_odd": 3.5,
                "home_handicap_-0.75_odd": 2.33,
                "home_handicap_-0.25_odd": 1.69,
                "home_handicap_0.25_odd": 1.27,
                "home_handicap_0.75_odd": 1.109,
                "home_handicap_1.25_odd": 1.005,
                "away_handicap_2.25_odd": 1.014,
                "away_handicap_1.75_odd": 1.098,
                "away_handicap_1.25_odd": 1.22,
                "away_handicap_0.75_odd": 1.5,
                "away_handicap_0.25_odd": 2.01,
                "away_handicap_-0.25_odd": 3.3,
                "away_handicap_-0.75_odd": 5.15,
                "away_handicap_-1.25_odd": 9,
                "home_over_0.5_odd": 1.3,
                "home_over_1.0_odd": 1.62,
                "home_over_1.5_odd": 2.44,
                "home_over_2.5_odd": 5.9,
                "home_under_0.5_odd": 3.2,
                "home_under_1.0_odd": 2.16,
                "home_under_1.5_odd": 1.49,
                "home_under_2.5_odd": 1.1,
                "home_over_0.75_odd": 1.41,
                "home_over_1.25_odd": 2.04,
                "home_over_1.75_odd": 3.04,
                "home_over_2.75_odd": 7.5,
                "home_under_0.75_odd": 2.69,
                "home_under_1.25_odd": 1.69,
                "home_under_1.75_odd": 1.31,
                "home_under_2.75_odd": 1.029,
                "away_over_0.5_odd": 1.66,
                "away_over_1.0_odd": 2.75,
                "away_over_1.5_odd": 4.1,
                "away_over_2.0_odd": 11,
                "away_under_0.5_odd": 2.1,
                "away_under_1.0_odd": 1.4,
                "away_under_1.5_odd": 1.19,
                "away_under_2.0_odd": 1.01,
                "away_over_0.75_odd": 1.98,
                "away_over_1.25_odd": 3.55,
                "away_over_1.75_odd": 5.95,
                "away_under_0.75_odd": 1.74,
                "away_under_1.25_odd": 1.25,
                "away_under_1.75_odd": 1.081
            },
            {
                "match_id": 639440428,
                "date": "26/07/2025",
                "time": "00:20",
                "home_team": "Deportes Tolima",
                "away_team": "Deportivo Pereira",
                "1_odd": 2.06,
                "draw_odd": 3.2,
                "2_odd": 3.805,
                "1X_odd": 1.25,
                "12_odd": 1.333,
                "X2_odd": 1.75,
                "both_score_odd": 1.95,
                "both_noscore_odd": 1.779,
                "over_0.5_odd": 1.027,
                "over_1.0_odd": 1.06,
                "over_1.5_odd": 1.36,
                "over_2.0_odd": 1.64,
                "over_2.5_odd": 2.26,
                "over_3.0_odd": 3.35,
                "over_3.5_odd": 4.1,
                "over_4.0_odd": 7.7,
                "over_4.5_odd": 8.5,
                "over_5.5_odd": 17,
                "over_6.5_odd": 50,
                "under_0.5_odd": 7.6,
                "under_1.0_odd": 6.15,
                "under_1.5_odd": 2.71,
                "under_2.0_odd": 2.08,
                "under_2.5_odd": 1.61,
                "under_3.0_odd": 1.26,
                "under_3.5_odd": 1.165,
                "under_4.0_odd": 1.025,
                "under_4.5_odd": 1.012,
                "under_5.5_odd": 1.015,
                "under_6.5_odd": 1.002,
                "over_0.75_odd": 1.041,
                "over_1.25_odd": 1.21,
                "over_1.75_odd": 1.47,
                "over_2.25_odd": 1.93,
                "over_2.75_odd": 2.58,
                "over_3.25_odd": 3.68,
                "over_3.75_odd": 5.25,
                "over_4.25_odd": 8.1,
                "under_0.75_odd": 6.9,
                "under_1.25_odd": 3.58,
                "under_1.75_odd": 2.39,
                "under_2.25_odd": 1.76,
                "under_2.75_odd": 1.43,
                "under_3.25_odd": 1.21,
                "under_3.75_odd": 1.094,
                "under_4.25_odd": 1.018,
                "home_handicap_-2.5_odd": 9,
                "home_handicap_-2.0_odd": 8,
                "home_handicap_-1.5_odd": 3.92,
                "home_handicap_-1.0_odd": 3.02,
                "home_handicap_0.0_odd": 1.444,
                "home_handicap_1.0_odd": 1.024,
                "home_handicap_1.5_odd": 1.004,
                "away_handicap_2.5_odd": 1.005,
                "away_handicap_2.0_odd": 1.02,
                "away_handicap_1.5_odd": 1.176,
                "away_handicap_1.0_odd": 1.3,
                "away_handicap_0.0_odd": 2.67,
                "away_handicap_-1.0_odd": 8,
                "away_handicap_-1.5_odd": 9.1,
                "home_handicap_-2.25_odd": 8.5,
                "home_handicap_-1.75_odd": 5.15,
                "home_handicap_-1.25_odd": 3.48,
                "home_handicap_-0.75_odd": 2.31,
                "home_handicap_-0.25_odd": 1.7,
                "home_handicap_0.25_odd": 1.3,
                "home_handicap_0.75_odd": 1.126,
                "home_handicap_1.25_odd": 1.012,
                "away_handicap_2.25_odd": 1.012,
                "away_handicap_1.75_odd": 1.098,
                "away_handicap_1.25_odd": 1.222,
                "away_handicap_0.75_odd": 1.51,
                "away_handicap_0.25_odd": 2,
                "away_handicap_-0.25_odd": 3.125,
                "away_handicap_-0.75_odd": 4.8,
                "away_handicap_-1.25_odd": 8.5,
                "home_over_0.5_odd": 1.25,
                "home_over_1.0_odd": 1.49,
                "home_over_1.5_odd": 2.2,
                "home_over_2.5_odd": 5.1,
                "home_under_0.5_odd": 3.5,
                "home_under_1.0_odd": 2.44,
                "home_under_1.5_odd": 1.59,
                "home_under_2.5_odd": 1.13,
                "home_over_0.75_odd": 1.32,
                "home_over_1.25_odd": 1.88,
                "home_over_1.75_odd": 2.8,
                "home_over_2.25_odd": 4.65,
                "home_under_0.75_odd": 2.98,
                "home_under_1.25_odd": 1.82,
                "home_under_1.75_odd": 1.38,
                "home_under_2.25_odd": 1.139,
                "away_over_0.5_odd": 1.54,
                "away_over_1.0_odd": 2.28,
                "away_over_1.5_odd": 3.4,
                "away_over_2.0_odd": 8.6,
                "away_over_2.5_odd": 10.5,
                "away_under_0.5_odd": 2.32,
                "away_under_1.0_odd": 1.56,
                "away_under_1.5_odd": 1.27,
                "away_under_2.0_odd": 1.04,
                "away_under_2.5_odd": 1.01,
                "away_over_0.75_odd": 1.77,
                "away_over_1.25_odd": 3.04,
                "away_over_1.75_odd": 5.05,
                "away_over_2.25_odd": 9.6,
                "away_under_0.75_odd": 1.94,
                "away_under_1.25_odd": 1.33,
                "away_under_1.75_odd": 1.118,
                "away_under_2.25_odd": 1.02
            },
            {
                "match_id": 639440745,
                "date": "26/07/2025",
                "time": "02:30",
                "home_team": "Club Atletico Nacional SA",
                "away_team": "Club Independiente Santa Fe",
                "1_odd": 1.56,
                "draw_odd": 4.05,
                "2_odd": 5.8,
                "1X_odd": 1.116,
                "12_odd": 1.23,
                "X2_odd": 2.42,
                "both_score_odd": 1.9,
                "both_noscore_odd": 1.82,
                "over_0.5_odd": 1.004,
                "over_1.0_odd": 1.006,
                "over_1.5_odd": 1.23,
                "over_2.0_odd": 1.39,
                "over_2.5_odd": 1.88,
                "over_3.0_odd": 2.46,
                "over_3.5_odd": 3.1,
                "over_4.0_odd": 5.25,
                "over_4.5_odd": 6.05,
                "over_5.0_odd": 9.2,
                "over_5.5_odd": 11.5,
                "over_6.5_odd": 29,
                "over_7.5_odd": 50,
                "under_0.5_odd": 9.8,
                "under_1.0_odd": 9,
                "under_1.5_odd": 3.44,
                "under_2.0_odd": 2.68,
                "under_2.5_odd": 1.89,
                "under_3.0_odd": 1.46,
                "under_3.5_odd": 1.28,
                "under_4.0_odd": 1.094,
                "under_4.5_odd": 1.064,
                "under_5.0_odd": 1.03,
                "under_5.5_odd": 1.03,
                "under_6.5_odd": 1.007,
                "under_7.5_odd": 1.002,
                "over_1.25_odd": 1.116,
                "over_1.75_odd": 1.3,
                "over_2.25_odd": 1.615,
                "over_2.75_odd": 2.07,
                "over_3.25_odd": 2.76,
                "over_3.75_odd": 3.82,
                "over_4.25_odd": 5.65,
                "over_4.75_odd": 7.8,
                "under_1.25_odd": 4.8,
                "under_1.75_odd": 3.04,
                "under_2.25_odd": 2.14,
                "under_2.75_odd": 1.66,
                "under_3.25_odd": 1.36,
                "under_3.75_odd": 1.186,
                "under_4.25_odd": 1.078,
                "under_4.75_odd": 1.023,
                "home_handicap_-3.5_odd": 10,
                "home_handicap_-3.0_odd": 9,
                "home_handicap_-2.5_odd": 4.9,
                "home_handicap_-2.0_odd": 4.1,
                "home_handicap_-1.5_odd": 2.49,
                "home_handicap_-1.0_odd": 1.94,
                "home_handicap_0.0_odd": 1.15,
                "home_handicap_1.0_odd": 1.02,
                "home_handicap_1.5_odd": 1.01,
                "away_handicap_3.5_odd": 1.02,
                "away_handicap_3.0_odd": 1.03,
                "away_handicap_2.5_odd": 1.109,
                "away_handicap_2.0_odd": 1.163,
                "away_handicap_1.5_odd": 1.44,
                "away_handicap_1.0_odd": 1.82,
                "away_handicap_0.0_odd": 4.3,
                "away_handicap_-1.0_odd": 10,
                "away_handicap_-1.5_odd": 11,
                "home_handicap_-2.75_odd": 6.4,
                "home_handicap_-2.25_odd": 4.5,
                "home_handicap_-1.75_odd": 3.02,
                "home_handicap_-1.25_odd": 2.21,
                "home_handicap_-0.75_odd": 1.65,
                "home_handicap_-0.25_odd": 1.33,
                "home_handicap_0.25_odd": 1.117,
                "home_handicap_0.75_odd": 1.028,
                "away_handicap_2.75_odd": 1.053,
                "away_handicap_2.25_odd": 1.133,
                "away_handicap_1.75_odd": 1.3,
                "away_handicap_1.25_odd": 1.57,
                "away_handicap_0.75_odd": 2.07,
                "away_handicap_0.25_odd": 2.91,
                "away_handicap_-0.25_odd": 4.75,
                "away_handicap_-0.75_odd": 7.5,
                "home_over_0.5_odd": 1.12,
                "home_over_1.5_odd": 1.68,
                "home_over_2.5_odd": 3.2,
                "home_over_3.5_odd": 6.9,
                "home_under_0.5_odd": 5.3,
                "home_under_1.5_odd": 2.05,
                "home_under_2.5_odd": 1.31,
                "home_under_3.5_odd": 1.07,
                "home_over_0.75_odd": 1.128,
                "home_over_1.25_odd": 1.44,
                "home_over_1.75_odd": 1.9,
                "home_over_2.25_odd": 2.71,
                "home_under_0.75_odd": 4.85,
                "home_under_1.25_odd": 2.58,
                "home_under_1.75_odd": 1.8,
                "home_under_2.25_odd": 1.38,
                "away_over_0.5_odd": 1.61,
                "away_over_1.0_odd": 2.5,
                "away_over_1.5_odd": 3.7,
                "away_over_2.0_odd": 9.8,
                "away_under_0.5_odd": 2.18,
                "away_under_1.0_odd": 1.47,
                "away_under_1.5_odd": 1.23,
                "away_under_2.0_odd": 1.02,
                "away_over_0.75_odd": 1.96,
                "away_over_1.25_odd": 3.64,
                "away_over_1.75_odd": 6.15,
                "away_under_0.75_odd": 1.75,
                "away_under_1.25_odd": 1.24,
                "away_under_1.75_odd": 1.074
            },
            {
                "match_id": 639645342,
                "date": "26/07/2025",
                "time": "22:00",
                "home_team": "Boyaca Chico",
                "away_team": "Deportivo Pasto",
                "1_odd": 2.5,
                "draw_odd": 3.02,
                "2_odd": 3.025,
                "1X_odd": 1.37,
                "12_odd": 1.37,
                "X2_odd": 1.52,
                "both_score_odd": 2.12,
                "both_noscore_odd": 1.657,
                "over_0.5_odd": 1.056,
                "over_1.0_odd": 1.117,
                "over_1.5_odd": 1.53,
                "over_2.0_odd": 1.89,
                "over_2.5_odd": 2.5,
                "over_3.0_odd": 4.15,
                "over_3.5_odd": 4.95,
                "over_4.0_odd": 8.4,
                "over_4.5_odd": 10.5,
                "over_5.5_odd": 21,
                "under_0.5_odd": 6.35,
                "under_1.0_odd": 5.1,
                "under_1.5_odd": 2.44,
                "under_2.0_odd": 1.78,
                "under_2.5_odd": 1.42,
                "under_3.0_odd": 1.157,
                "under_3.5_odd": 1.106,
                "under_4.0_odd": 1.04,
                "under_4.5_odd": 1.01,
                "under_5.5_odd": 1.01,
                "over_0.75_odd": 1.082,
                "over_1.25_odd": 1.31,
                "over_1.75_odd": 1.65,
                "over_2.25_odd": 2.19,
                "over_2.75_odd": 3.04,
                "over_3.25_odd": 4.6,
                "over_3.75_odd": 6.45,
                "under_0.75_odd": 5.75,
                "under_1.25_odd": 3.1,
                "under_1.75_odd": 2.08,
                "under_2.25_odd": 1.56,
                "under_2.75_odd": 1.29,
                "under_3.25_odd": 1.128,
                "under_3.75_odd": 1.052,
                "home_handicap_-2.5_odd": 11.5,
                "home_handicap_-2.0_odd": 10.5,
                "home_handicap_-1.5_odd": 5.3,
                "home_handicap_-1.0_odd": 4.25,
                "home_handicap_0.0_odd": 1.72,
                "home_handicap_1.0_odd": 1.079,
                "home_handicap_1.5_odd": 1.044,
                "away_handicap_2.5_odd": 1.01,
                "away_handicap_2.0_odd": 1.02,
                "away_handicap_1.5_odd": 1.092,
                "away_handicap_1.0_odd": 1.154,
                "away_handicap_0.0_odd": 2.06,
                "away_handicap_-1.0_odd": 5.7,
                "away_handicap_-1.5_odd": 6.75,
                "home_handicap_-1.75_odd": 7.1,
                "home_handicap_-1.25_odd": 4.75,
                "home_handicap_-0.75_odd": 2.91,
                "home_handicap_-0.25_odd": 2.02,
                "home_handicap_0.25_odd": 1.47,
                "home_handicap_0.75_odd": 1.22,
                "home_handicap_1.25_odd": 1.058,
                "home_handicap_1.75_odd": 1.003,
                "away_handicap_1.75_odd": 1.037,
                "away_handicap_1.25_odd": 1.117,
                "away_handicap_0.75_odd": 1.33,
                "away_handicap_0.25_odd": 1.68,
                "away_handicap_-0.25_odd": 2.44,
                "away_handicap_-0.75_odd": 3.62,
                "away_handicap_-1.25_odd": 6.25,
                "away_handicap_-1.75_odd": 9.2,
                "home_over_0.5_odd": 1.39,
                "home_over_1.0_odd": 1.83,
                "home_over_1.5_odd": 2.75,
                "home_over_2.0_odd": 5.8,
                "home_over_2.5_odd": 7.3,
                "home_under_0.5_odd": 2.8,
                "home_under_1.0_odd": 1.87,
                "home_under_1.5_odd": 1.39,
                "home_under_2.0_odd": 1.1,
                "home_under_2.5_odd": 1.06,
                "home_over_0.75_odd": 1.54,
                "home_over_1.25_odd": 2.41,
                "home_over_1.75_odd": 3.74,
                "home_over_2.25_odd": 6.5,
                "home_under_0.75_odd": 2.32,
                "home_under_1.25_odd": 1.5,
                "home_under_1.75_odd": 1.21,
                "home_under_2.25_odd": 1.08,
                "away_over_0.5_odd": 1.48,
                "away_over_1.0_odd": 2.12,
                "away_over_1.5_odd": 3.2,
                "away_over_2.0_odd": 7.5,
                "away_over_2.5_odd": 9.2,
                "away_under_0.5_odd": 2.46,
                "away_under_1.0_odd": 1.64,
                "away_under_1.5_odd": 1.3,
                "away_under_2.0_odd": 1.06,
                "away_under_2.5_odd": 1.03,
                "away_over_0.75_odd": 1.7,
                "away_over_1.25_odd": 2.8,
                "away_over_1.75_odd": 4.55,
                "away_over_2.25_odd": 8.3,
                "away_under_0.75_odd": 2.03,
                "away_under_1.25_odd": 1.38,
                "away_under_1.75_odd": 1.144,
                "away_under_2.25_odd": 1.04
            },
            {
                "match_id": 639656267,
                "date": "27/07/2025",
                "time": "00:10",
                "home_team": "Once Caldas",
                "away_team": "Junior de Barranquilla",
                "1_odd": 2.26,
                "draw_odd": 3.2,
                "2_odd": 3.285,
                "1X_odd": 1.32,
                "12_odd": 1.333,
                "X2_odd": 1.62,
                "both_score_odd": 2,
                "both_noscore_odd": 1.738,
                "over_0.5_odd": 1.028,
                "over_1.0_odd": 1.067,
                "over_1.5_odd": 1.39,
                "over_2.0_odd": 1.727,
                "over_2.5_odd": 2.375,
                "over_3.0_odd": 3.68,
                "over_3.5_odd": 4.5,
                "over_4.0_odd": 8.7,
                "over_4.5_odd": 9.9,
                "over_5.5_odd": 19,
                "over_6.5_odd": 50,
                "under_0.5_odd": 7.5,
                "under_1.0_odd": 5.95,
                "under_1.5_odd": 2.6,
                "under_2.0_odd": 1.95,
                "under_2.5_odd": 1.56,
                "under_3.0_odd": 1.22,
                "under_3.5_odd": 1.136,
                "under_4.0_odd": 1.009,
                "under_4.5_odd": 1.02,
                "under_5.5_odd": 1.01,
                "under_6.5_odd": 1.002,
                "over_0.75_odd": 1.045,
                "over_1.25_odd": 1.23,
                "over_1.75_odd": 1.52,
                "over_2.25_odd": 2.02,
                "over_2.75_odd": 2.77,
                "over_3.25_odd": 4.1,
                "over_3.75_odd": 5.8,
                "under_0.75_odd": 6.75,
                "under_1.25_odd": 3.42,
                "under_1.75_odd": 2.27,
                "under_2.25_odd": 1.69,
                "under_2.75_odd": 1.38,
                "under_3.25_odd": 1.171,
                "under_3.75_odd": 1.072,
                "home_handicap_-2.5_odd": 10,
                "home_handicap_-2.0_odd": 8.9,
                "home_handicap_-1.5_odd": 4.65,
                "home_handicap_-1.0_odd": 3.54,
                "home_handicap_0.0_odd": 1.58,
                "home_handicap_1.0_odd": 1.052,
                "home_handicap_1.5_odd": 1.023,
                "away_handicap_2.5_odd": 1.02,
                "away_handicap_2.0_odd": 1.03,
                "away_handicap_1.5_odd": 1.124,
                "away_handicap_1.0_odd": 1.22,
                "away_handicap_0.0_odd": 2.31,
                "away_handicap_-1.0_odd": 6.6,
                "away_handicap_-1.5_odd": 7.8,
                "home_handicap_-1.75_odd": 6.25,
                "home_handicap_-1.25_odd": 4.15,
                "home_handicap_-0.75_odd": 2.59,
                "home_handicap_-0.25_odd": 1.85,
                "home_handicap_0.25_odd": 1.39,
                "home_handicap_0.75_odd": 1.174,
                "home_handicap_1.25_odd": 1.035,
                "away_handicap_1.75_odd": 1.058,
                "away_handicap_1.25_odd": 1.159,
                "away_handicap_0.75_odd": 1.41,
                "away_handicap_0.25_odd": 1.82,
                "away_handicap_-0.25_odd": 2.7,
                "away_handicap_-0.75_odd": 4.1,
                "away_handicap_-1.25_odd": 7.2,
                "home_over_0.5_odd": 1.32,
                "home_over_1.0_odd": 1.65,
                "home_over_1.5_odd": 2.47,
                "home_over_2.5_odd": 6.3,
                "home_under_0.5_odd": 3.1,
                "home_under_1.0_odd": 2.1,
                "home_under_1.5_odd": 1.48,
                "home_under_2.5_odd": 1.08,
                "home_over_0.75_odd": 1.42,
                "home_over_1.25_odd": 2.09,
                "home_over_1.75_odd": 3.2,
                "home_over_2.75_odd": 8.7,
                "home_under_0.75_odd": 2.65,
                "home_under_1.25_odd": 1.66,
                "home_under_1.75_odd": 1.28,
                "home_under_2.75_odd": 1.01,
                "away_over_0.5_odd": 1.51,
                "away_over_1.0_odd": 2.18,
                "away_over_1.5_odd": 3.3,
                "away_over_2.0_odd": 8.1,
                "away_over_2.5_odd": 10,
                "away_under_0.5_odd": 2.4,
                "away_under_1.0_odd": 1.61,
                "away_under_1.5_odd": 1.29,
                "away_under_2.0_odd": 1.04,
                "away_under_2.5_odd": 1.02,
                "away_over_0.75_odd": 1.7,
                "away_over_1.25_odd": 2.84,
                "away_over_1.75_odd": 4.65,
                "away_under_0.75_odd": 2.03,
                "away_under_1.25_odd": 1.37,
                "away_under_1.75_odd": 1.138
            },
            {
                "match_id": 639440742,
                "date": "27/07/2025",
                "time": "02:20",
                "home_team": "America de Cali",
                "away_team": "Aguilas Doradas",
                "1_odd": 1.58,
                "draw_odd": 3.64,
                "2_odd": 6.51,
                "1X_odd": 1.093,
                "12_odd": 1.27,
                "X2_odd": 2.375,
                "both_score_odd": 2.49,
                "both_noscore_odd": 1.483,
                "over_0.5_odd": 1.03,
                "over_1.0_odd": 1.076,
                "over_1.5_odd": 1.43,
                "over_2.0_odd": 1.83,
                "over_2.5_odd": 2.52,
                "over_3.0_odd": 4.15,
                "over_3.5_odd": 5.05,
                "over_4.0_odd": 7.9,
                "over_4.5_odd": 10,
                "over_5.5_odd": 20,
                "under_0.5_odd": 7.4,
                "under_1.0_odd": 5.7,
                "under_1.5_odd": 2.47,
                "under_2.0_odd": 1.833,
                "under_2.5_odd": 1.5,
                "under_3.0_odd": 1.175,
                "under_3.5_odd": 1.105,
                "under_4.0_odd": 1.05,
                "under_4.5_odd": 1.02,
                "under_5.5_odd": 1.01,
                "over_0.75_odd": 1.049,
                "over_1.25_odd": 1.26,
                "over_1.75_odd": 1.58,
                "over_2.25_odd": 2.15,
                "over_2.75_odd": 2.99,
                "over_3.25_odd": 4.6,
                "over_3.75_odd": 6.7,
                "under_0.75_odd": 6.55,
                "under_1.25_odd": 3.22,
                "under_1.75_odd": 2.15,
                "under_2.25_odd": 1.61,
                "under_2.75_odd": 1.33,
                "under_3.25_odd": 1.136,
                "under_3.75_odd": 1.046,
                "home_handicap_-3.0_odd": 10.5,
                "home_handicap_-2.5_odd": 6.25,
                "home_handicap_-2.0_odd": 5.15,
                "home_handicap_-1.5_odd": 2.77,
                "home_handicap_-1.0_odd": 2.06,
                "home_handicap_0.0_odd": 1.118,
                "away_handicap_3.0_odd": 1.01,
                "away_handicap_2.5_odd": 1.058,
                "away_handicap_2.0_odd": 1.097,
                "away_handicap_1.5_odd": 1.36,
                "away_handicap_1.0_odd": 1.72,
                "away_handicap_0.0_odd": 4.85,
                "home_handicap_-2.75_odd": 8.6,
                "home_handicap_-2.25_odd": 5.7,
                "home_handicap_-1.75_odd": 3.46,
                "home_handicap_-1.25_odd": 2.42,
                "home_handicap_-0.75_odd": 1.7,
                "home_handicap_-0.25_odd": 1.32,
                "home_handicap_0.25_odd": 1.094,
                "away_handicap_2.75_odd": 1.011,
                "away_handicap_2.25_odd": 1.075,
                "away_handicap_1.75_odd": 1.23,
                "away_handicap_1.25_odd": 1.48,
                "away_handicap_0.75_odd": 2,
                "away_handicap_0.25_odd": 2.96,
                "away_handicap_-0.25_odd": 5.25,
                "home_over_0.5_odd": 1.18,
                "home_over_1.0_odd": 1.34,
                "home_over_1.5_odd": 1.94,
                "home_over_2.5_odd": 4,
                "home_over_3.5_odd": 9.5,
                "home_under_0.5_odd": 4.2,
                "home_under_1.0_odd": 3,
                "home_under_1.5_odd": 1.77,
                "home_under_2.5_odd": 1.2,
                "home_under_3.5_odd": 1.03,
                "home_over_0.75_odd": 1.22,
                "home_over_1.25_odd": 1.68,
                "home_over_1.75_odd": 2.39,
                "home_over_2.25_odd": 3.74,
                "home_under_0.75_odd": 3.65,
                "home_under_1.25_odd": 2.06,
                "home_under_1.75_odd": 1.51,
                "home_under_2.25_odd": 1.21,
                "away_over_0.5_odd": 2.02,
                "away_over_1.0_odd": 4.1,
                "away_over_1.5_odd": 5.8,
                "away_under_0.5_odd": 1.71,
                "away_under_1.0_odd": 1.2,
                "away_under_1.5_odd": 1.1,
                "away_over_0.75_odd": 2.65,
                "away_over_1.25_odd": 6.1,
                "away_over_1.75_odd": 11,
                "away_under_0.75_odd": 1.42,
                "away_under_1.25_odd": 1.09,
                "away_under_1.75_odd": 1.003
            },
            {
                "match_id": 639814651,
                "date": "27/07/2025",
                "time": "22:00",
                "home_team": "Envigado",
                "away_team": "La Equidad",
                "1_odd": 2.03,
                "draw_odd": 3.3,
                "2_odd": 3.765,
                "1X_odd": 1.26,
                "12_odd": 1.32,
                "X2_odd": 1.77,
                "both_score_odd": 2.02,
                "both_noscore_odd": 1.724,
                "over_0.5_odd": 1.016,
                "over_1.0_odd": 1.052,
                "over_1.5_odd": 1.37,
                "over_2.0_odd": 1.69,
                "over_2.5_odd": 2.33,
                "over_3.0_odd": 3.58,
                "over_3.5_odd": 4.45,
                "over_4.0_odd": 9,
                "over_4.5_odd": 8.9,
                "under_0.5_odd": 8.3,
                "under_1.0_odd": 6.45,
                "under_1.5_odd": 2.67,
                "under_2.0_odd": 2,
                "under_2.5_odd": 1.58,
                "under_3.0_odd": 1.23,
                "under_3.5_odd": 1.137,
                "under_4.0_odd": 1.006,
                "under_4.5_odd": 1.03,
                "over_0.75_odd": 1.031,
                "over_1.25_odd": 1.21,
                "over_1.75_odd": 1.49,
                "over_2.25_odd": 1.98,
                "over_2.75_odd": 2.73,
                "over_3.25_odd": 4.05,
                "over_3.75_odd": 5.8,
                "under_0.75_odd": 7.4,
                "under_1.25_odd": 3.58,
                "under_1.75_odd": 2.34,
                "under_2.25_odd": 1.72,
                "under_2.75_odd": 1.39,
                "under_3.25_odd": 1.175,
                "under_3.75_odd": 1.071,
                "home_handicap_-2.5_odd": 8.5,
                "home_handicap_-2.0_odd": 8.9,
                "home_handicap_-1.5_odd": 4.05,
                "home_handicap_-1.0_odd": 3.06,
                "home_handicap_0.0_odd": 1.44,
                "home_handicap_1.0_odd": 1.015,
                "home_handicap_1.5_odd": 1.05,
                "away_handicap_2.5_odd": 1.04,
                "away_handicap_2.0_odd": 1.007,
                "away_handicap_1.5_odd": 1.165,
                "away_handicap_1.0_odd": 1.29,
                "away_handicap_0.0_odd": 2.69,
                "away_handicap_-1.0_odd": 8.6,
                "away_handicap_-1.5_odd": 8,
                "home_handicap_-1.75_odd": 5.4,
                "home_handicap_-1.25_odd": 3.5,
                "home_handicap_-0.75_odd": 2.31,
                "home_handicap_-0.25_odd": 1.69,
                "home_handicap_0.25_odd": 1.3,
                "home_handicap_0.75_odd": 1.119,
                "home_handicap_1.25_odd": 1.002,
                "away_handicap_1.75_odd": 1.086,
                "away_handicap_1.25_odd": 1.22,
                "away_handicap_0.75_odd": 1.51,
                "away_handicap_0.25_odd": 2.01,
                "away_handicap_-0.25_odd": 3.125,
                "away_handicap_-0.75_odd": 4.95,
                "away_handicap_-1.25_odd": 9.3,
                "home_over_0.5_odd": 1.27,
                "home_over_1.0_odd": 1.52,
                "home_over_1.5_odd": 2.26,
                "home_over_2.5_odd": 5.3,
                "home_under_0.5_odd": 3.4,
                "home_under_1.0_odd": 2.36,
                "home_under_1.5_odd": 1.56,
                "home_under_2.5_odd": 1.12,
                "home_over_0.75_odd": 1.32,
                "home_over_1.25_odd": 1.92,
                "home_over_1.75_odd": 2.89,
                "home_over_2.25_odd": 5,
                "home_under_0.75_odd": 2.98,
                "home_under_1.25_odd": 1.79,
                "home_under_1.75_odd": 1.36,
                "home_under_2.25_odd": 1.119,
                "away_over_0.5_odd": 1.53,
                "away_over_1.0_odd": 2.26,
                "away_over_1.5_odd": 3.4,
                "away_over_2.0_odd": 8.4,
                "away_over_2.5_odd": 10.5,
                "away_under_0.5_odd": 2.33,
                "away_under_1.0_odd": 1.57,
                "away_under_1.5_odd": 1.27,
                "away_under_2.0_odd": 1.04,
                "away_under_2.5_odd": 1.02,
                "away_over_0.75_odd": 1.8,
                "away_over_1.25_odd": 3.14,
                "away_over_1.75_odd": 5.45,
                "away_under_0.75_odd": 1.9,
                "away_under_1.25_odd": 1.31,
                "away_under_1.75_odd": 1.1
            },
            {
                "match_id": 639814032,
                "date": "28/07/2025",
                "time": "02:20",
                "home_team": "Fortaleza Zipaquira",
                "away_team": "Alianza Valledupar",
                "1_odd": 1.89,
                "draw_odd": 3.3,
                "2_odd": 4.365,
                "1X_odd": 1.195,
                "12_odd": 1.32,
                "X2_odd": 1.89,
                "both_score_odd": 2.25,
                "both_noscore_odd": 1.585,
                "over_0.5_odd": 1.042,
                "over_1.0_odd": 1.101,
                "over_1.5_odd": 1.51,
                "over_2.0_odd": 1.87,
                "over_2.5_odd": 2.47,
                "over_3.0_odd": 4.2,
                "over_3.5_odd": 5.1,
                "over_4.0_odd": 7.1,
                "over_4.5_odd": 9,
                "under_0.5_odd": 6.9,
                "under_1.0_odd": 5.45,
                "under_1.5_odd": 2.5,
                "under_2.0_odd": 1.8,
                "under_2.5_odd": 1.43,
                "under_3.0_odd": 1.154,
                "under_3.5_odd": 1.101,
                "under_4.0_odd": 1.06,
                "under_4.5_odd": 1.03,
                "over_0.75_odd": 1.067,
                "over_1.25_odd": 1.3,
                "over_1.75_odd": 1.63,
                "over_2.25_odd": 2.17,
                "over_2.75_odd": 3.04,
                "over_3.25_odd": 4.65,
                "over_3.75_odd": 6.7,
                "under_0.75_odd": 6.2,
                "under_1.25_odd": 3.15,
                "under_1.75_odd": 2.12,
                "under_2.25_odd": 1.57,
                "under_2.75_odd": 1.29,
                "under_3.25_odd": 1.124,
                "under_3.75_odd": 1.046,
                "home_handicap_-2.5_odd": 8.7,
                "home_handicap_-2.0_odd": 7.6,
                "home_handicap_-1.5_odd": 3.62,
                "home_handicap_-1.0_odd": 2.84,
                "home_handicap_0.0_odd": 1.3,
                "home_handicap_1.0_odd": 1.05,
                "home_handicap_1.5_odd": 1.03,
                "away_handicap_2.5_odd": 1.01,
                "away_handicap_2.0_odd": 1.027,
                "away_handicap_1.5_odd": 1.22,
                "away_handicap_1.0_odd": 1.4,
                "away_handicap_0.0_odd": 3.02,
                "away_handicap_-1.0_odd": 7.9,
                "away_handicap_-1.5_odd": 9.1,
                "home_handicap_-2.25_odd": 8.2,
                "home_handicap_-1.75_odd": 4.85,
                "home_handicap_-1.25_odd": 3.24,
                "home_handicap_-0.75_odd": 2.12,
                "home_handicap_-0.25_odd": 1.56,
                "home_handicap_0.25_odd": 1.22,
                "home_handicap_0.75_odd": 1.075,
                "away_handicap_2.25_odd": 1.017,
                "away_handicap_1.75_odd": 1.118,
                "away_handicap_1.25_odd": 1.28,
                "away_handicap_0.75_odd": 1.62,
                "away_handicap_0.25_odd": 2.2,
                "away_handicap_-0.25_odd": 3.5,
                "away_handicap_-0.75_odd": 5.7,
                "home_over_0.5_odd": 1.24,
                "home_over_1.0_odd": 1.46,
                "home_over_1.5_odd": 2.16,
                "home_over_2.5_odd": 4.9,
                "home_under_0.5_odd": 3.6,
                "home_under_1.0_odd": 2.5,
                "home_under_1.5_odd": 1.62,
                "home_under_2.5_odd": 1.14,
                "home_over_0.75_odd": 1.33,
                "home_over_1.25_odd": 1.93,
                "home_over_1.75_odd": 2.93,
                "home_over_2.25_odd": 4.95,
                "home_under_0.75_odd": 2.93,
                "home_under_1.25_odd": 1.78,
                "home_under_1.75_odd": 1.35,
                "home_under_2.25_odd": 1.122,
                "away_over_0.5_odd": 1.61,
                "away_over_1.0_odd": 2.5,
                "away_over_1.5_odd": 3.7,
                "away_over_2.0_odd": 9.8,
                "away_under_0.5_odd": 2.18,
                "away_under_1.0_odd": 1.47,
                "away_under_1.5_odd": 1.23,
                "away_under_2.0_odd": 1.02,
                "away_over_0.75_odd": 2.09,
                "away_over_1.25_odd": 4.05,
                "away_over_1.75_odd": 6.9,
                "away_under_0.75_odd": 1.66,
                "away_under_1.25_odd": 1.2,
                "away_under_1.75_odd": 1.054
            },
            {
                "match_id": 639814029,
                "date": "29/07/2025",
                "time": "00:00",
                "home_team": "Atletico Bucaramanga",
                "away_team": "Deportivo Cali",
                "1_odd": 1.7,
                "draw_odd": 3.45,
                "2_odd": 5.45,
                "1X_odd": 1.132,
                "12_odd": 1.3,
                "X2_odd": 2.14,
                "both_score_odd": 2.34,
                "both_noscore_odd": 1.544,
                "over_0.5_odd": 1.049,
                "over_1.0_odd": 1.104,
                "over_1.5_odd": 1.5,
                "over_2.0_odd": 1.83,
                "over_2.5_odd": 2.41,
                "over_3.0_odd": 3.92,
                "over_3.5_odd": 4.75,
                "over_4.0_odd": 9,
                "over_4.5_odd": 11,
                "under_0.5_odd": 6.6,
                "under_1.0_odd": 5.35,
                "under_1.5_odd": 2.52,
                "under_2.0_odd": 1.833,
                "under_2.5_odd": 1.45,
                "under_3.0_odd": 1.175,
                "under_3.5_odd": 1.118,
                "under_4.0_odd": 1.005,
                "under_4.5_odd": 1.01,
                "over_0.75_odd": 1.073,
                "over_1.25_odd": 1.29,
                "over_1.75_odd": 1.61,
                "over_2.25_odd": 2.13,
                "over_2.75_odd": 2.875,
                "over_3.25_odd": 4.33,
                "over_3.75_odd": 6.1,
                "under_0.75_odd": 6,
                "under_1.25_odd": 3.22,
                "under_1.75_odd": 2.15,
                "under_2.25_odd": 1.59,
                "under_2.75_odd": 1.32,
                "under_3.25_odd": 1.143,
                "under_3.75_odd": 1.062,
                "home_handicap_-2.5_odd": 6.55,
                "home_handicap_-2.0_odd": 5.6,
                "home_handicap_-1.5_odd": 3.02,
                "home_handicap_-1.0_odd": 2.31,
                "home_handicap_0.0_odd": 1.19,
                "home_handicap_1.0_odd": 1.02,
                "home_handicap_1.5_odd": 1.01,
                "away_handicap_2.5_odd": 1.05,
                "away_handicap_2.0_odd": 1.079,
                "away_handicap_1.5_odd": 1.31,
                "away_handicap_1.0_odd": 1.58,
                "away_handicap_0.0_odd": 3.82,
                "away_handicap_-1.0_odd": 9.8,
                "away_handicap_-1.5_odd": 11,
                "home_handicap_-2.75_odd": 8.7,
                "home_handicap_-2.25_odd": 6.05,
                "home_handicap_-1.75_odd": 3.84,
                "home_handicap_-1.25_odd": 2.66,
                "home_handicap_-0.75_odd": 1.84,
                "home_handicap_-0.25_odd": 1.41,
                "home_handicap_0.25_odd": 1.138,
                "home_handicap_0.75_odd": 1.04,
                "away_handicap_2.75_odd": 1.01,
                "away_handicap_2.25_odd": 1.063,
                "away_handicap_1.75_odd": 1.189,
                "away_handicap_1.25_odd": 1.4,
                "away_handicap_0.75_odd": 1.83,
                "away_handicap_0.25_odd": 2.59,
                "away_handicap_-0.25_odd": 4.4,
                "away_handicap_-0.75_odd": 6.95,
                "home_over_0.5_odd": 1.25,
                "home_over_1.0_odd": 1.48,
                "home_over_1.5_odd": 2.2,
                "home_over_2.5_odd": 5,
                "home_under_0.5_odd": 3.6,
                "home_under_1.0_odd": 2.46,
                "home_under_1.5_odd": 1.6,
                "home_under_2.5_odd": 1.14,
                "home_over_0.75_odd": 1.27,
                "home_over_1.25_odd": 1.77,
                "home_over_1.75_odd": 2.55,
                "home_over_2.25_odd": 4.05,
                "home_under_0.75_odd": 3.28,
                "home_under_1.25_odd": 1.94,
                "home_under_1.75_odd": 1.45,
                "home_under_2.25_odd": 1.182,
                "away_over_0.5_odd": 1.82,
                "away_over_1.0_odd": 3.3,
                "away_over_1.5_odd": 4.8,
                "away_under_0.5_odd": 1.88,
                "away_under_1.0_odd": 1.29,
                "away_under_1.5_odd": 1.15,
                "away_over_0.75_odd": 2.36,
                "away_over_1.25_odd": 4.85,
                "away_over_1.75_odd": 8,
                "away_under_0.75_odd": 1.52,
                "away_under_1.25_odd": 1.143,
                "away_under_1.75_odd": 1.032
            },
            {
                "match_id": 639686122,
                "date": "29/07/2025",
                "time": "02:10",
                "home_team": "Millonarios",
                "away_team": "Club Llaneros",
                "1_odd": 1.5,
                "draw_odd": 4,
                "2_odd": 6.92,
                "1X_odd": 1.087,
                "12_odd": 1.23,
                "X2_odd": 2.55,
                "both_score_odd": 2.19,
                "both_noscore_odd": 1.616,
                "over_0.5_odd": 1.016,
                "over_1.0_odd": 1.042,
                "over_1.5_odd": 1.31,
                "over_2.0_odd": 1.54,
                "over_2.5_odd": 2.09,
                "over_3.0_odd": 2.94,
                "over_3.5_odd": 3.6,
                "over_4.0_odd": 6.4,
                "over_4.5_odd": 7.1,
                "over_5.0_odd": 11,
                "over_5.5_odd": 14,
                "under_0.5_odd": 8.3,
                "under_1.0_odd": 6.85,
                "under_1.5_odd": 2.93,
                "under_2.0_odd": 2.26,
                "under_2.5_odd": 1.71,
                "under_3.0_odd": 1.33,
                "under_3.5_odd": 1.21,
                "under_4.0_odd": 1.054,
                "under_4.5_odd": 1.036,
                "under_5.0_odd": 1.01,
                "under_5.5_odd": 1.025,
                "over_0.75_odd": 1.027,
                "over_1.25_odd": 1.175,
                "over_1.75_odd": 1.4,
                "over_2.25_odd": 1.8,
                "over_2.75_odd": 2.36,
                "over_3.25_odd": 3.28,
                "over_3.75_odd": 4.55,
                "over_4.25_odd": 6.75,
                "under_0.75_odd": 7.6,
                "under_1.25_odd": 3.94,
                "under_1.75_odd": 2.61,
                "under_2.25_odd": 1.89,
                "under_2.75_odd": 1.51,
                "under_3.25_odd": 1.26,
                "under_3.75_odd": 1.13,
                "under_4.25_odd": 1.044,
                "home_handicap_-3.5_odd": 9.5,
                "home_handicap_-3.0_odd": 9.1,
                "home_handicap_-2.5_odd": 4.7,
                "home_handicap_-2.0_odd": 3.9,
                "home_handicap_-1.5_odd": 2.41,
                "home_handicap_-1.0_odd": 1.86,
                "home_handicap_0.0_odd": 1.114,
                "away_handicap_3.5_odd": 1.03,
                "away_handicap_3.0_odd": 1.004,
                "away_handicap_2.5_odd": 1.12,
                "away_handicap_2.0_odd": 1.178,
                "away_handicap_1.5_odd": 1.47,
                "away_handicap_1.0_odd": 1.89,
                "away_handicap_0.0_odd": 4.9,
                "home_handicap_-2.75_odd": 6.1,
                "home_handicap_-2.25_odd": 4.3,
                "home_handicap_-1.75_odd": 2.9,
                "home_handicap_-1.25_odd": 2.14,
                "home_handicap_-0.75_odd": 1.59,
                "home_handicap_-0.25_odd": 1.285,
                "home_handicap_0.25_odd": 1.088,
                "home_handicap_0.75_odd": 1.014,
                "away_handicap_2.75_odd": 1.062,
                "away_handicap_2.25_odd": 1.145,
                "away_handicap_1.75_odd": 1.32,
                "away_handicap_1.25_odd": 1.61,
                "away_handicap_0.75_odd": 2.17,
                "away_handicap_0.25_odd": 3.15,
                "away_handicap_-0.25_odd": 5.4,
                "away_handicap_-0.75_odd": 8.4,
                "home_over_0.5_odd": 1.12,
                "home_over_1.0_odd": 1.23,
                "home_over_1.5_odd": 1.72,
                "home_over_2.0_odd": 2.4,
                "home_over_2.5_odd": 3.1,
                "home_over_3.0_odd": 5.8,
                "home_over_3.5_odd": 6.6,
                "home_under_0.5_odd": 5.4,
                "home_under_1.0_odd": 3.75,
                "home_under_1.5_odd": 2,
                "home_under_2.0_odd": 1.5,
                "home_under_2.5_odd": 1.32,
                "home_under_3.0_odd": 1.1,
                "home_under_3.5_odd": 1.08,
                "home_over_0.75_odd": 1.156,
                "home_over_1.25_odd": 1.49,
                "home_over_1.75_odd": 2,
                "home_over_2.25_odd": 2.88,
                "home_under_0.75_odd": 4.4,
                "home_under_1.25_odd": 2.44,
                "home_under_1.75_odd": 1.72,
                "home_under_2.25_odd": 1.34,
                "away_over_0.5_odd": 1.85,
                "away_over_1.0_odd": 3.7,
                "away_over_1.5_odd": 5.2,
                "away_under_0.5_odd": 1.85,
                "away_under_1.0_odd": 1.25,
                "away_under_1.5_odd": 1.12,
                "away_over_0.75_odd": 2.34,
                "away_over_1.25_odd": 4.85,
                "away_over_1.75_odd": 8,
                "away_under_0.75_odd": 1.53,
                "away_under_1.25_odd": 1.144,
                "away_under_1.75_odd": 1.033
            }
        ]
    }
]