[
    {
        "last_updated": "2025-07-24T20:45:02.067000+01:00"
    },
    {
        "tournament_id": 1528791,
        "tournament_name": "Copa Sudamericana",
        "matches": [
            {
                "match_id": 638391504,
                "date": "24/07/2025",
                "time": "23:00",
                "home_team": "Club Guarani",
                "away_team": "Universidad de Chile",
                "1_odd": 3.04,
                "draw_odd": 3.32,
                "2_odd": 2.32,
                "1X_odd": 1.59,
                "12_odd": 1.32,
                "X2_odd": 1.36,
                "home_qualify_odd": 100,
                "away_qualify_odd": 1.001,
                "both_score_odd": 1.7,
                "both_noscore_odd": 2.054,
                "over_0.5_odd": 1.006,
                "over_1.0_odd": 1.008,
                "over_1.5_odd": 1.24,
                "over_2.0_odd": 1.41,
                "over_2.5_odd": 1.92,
                "over_3.0_odd": 2.58,
                "over_3.5_odd": 3.22,
                "over_4.0_odd": 5.7,
                "over_4.5_odd": 6.6,
                "over_5.0_odd": 10,
                "over_5.5_odd": 12.5,
                "over_6.5_odd": 29,
                "under_0.5_odd": 10.2,
                "under_1.0_odd": 8.8,
                "under_1.5_odd": 3.36,
                "under_2.0_odd": 2.61,
                "under_2.5_odd": 1.85,
                "under_3.0_odd": 1.42,
                "under_3.5_odd": 1.26,
                "under_4.0_odd": 1.075,
                "under_4.5_odd": 1.048,
                "under_5.0_odd": 1.03,
                "under_5.5_odd": 1.01,
                "under_6.5_odd": 1.007,
                "over_0.75_odd": 1.05,
                "over_1.25_odd": 1.12,
                "over_1.75_odd": 1.31,
                "over_2.25_odd": 1.65,
                "over_2.75_odd": 2.14,
                "over_3.25_odd": 2.89,
                "over_3.75_odd": 4.05,
                "over_4.25_odd": 6.15,
                "over_4.75_odd": 8.7,
                "under_0.75_odd": 7,
                "under_1.25_odd": 4.7,
                "under_1.75_odd": 2.99,
                "under_2.25_odd": 2.08,
                "under_2.75_odd": 1.615,
                "under_3.25_odd": 1.33,
                "under_3.75_odd": 1.166,
                "under_4.25_odd": 1.061,
                "under_4.75_odd": 1.009,
                "home_handicap_-2.0_odd": 12.5,
                "home_handicap_-1.5_odd": 6.75,
                "home_handicap_-1.0_odd": 5.65,
                "home_handicap_0.0_odd": 2.17,
                "home_handicap_1.0_odd": 1.22,
                "home_handicap_1.5_odd": 1.128,
                "home_handicap_2.0_odd": 1.06,
                "home_handicap_2.5_odd": 1.04,
                "away_handicap_2.0_odd": 1.01,
                "away_handicap_1.5_odd": 1.044,
                "away_handicap_1.0_odd": 1.082,
                "away_handicap_0.0_odd": 1.65,
                "away_handicap_-1.0_odd": 3.54,
                "away_handicap_-1.5_odd": 4.6,
                "away_handicap_-2.0_odd": 8.2,
                "away_handicap_-2.5_odd": 9.3,
                "home_handicap_-1.25_odd": 6.2,
                "home_handicap_-0.75_odd": 3.72,
                "home_handicap_-0.25_odd": 2.53,
                "home_handicap_0.25_odd": 1.76,
                "home_handicap_0.75_odd": 1.39,
                "home_handicap_1.25_odd": 1.162,
                "home_handicap_1.75_odd": 1.062,
                "away_handicap_1.25_odd": 1.059,
                "away_handicap_0.75_odd": 1.21,
                "away_handicap_0.25_odd": 1.44,
                "away_handicap_-0.25_odd": 1.92,
                "away_handicap_-0.75_odd": 2.66,
                "away_handicap_-1.25_odd": 4.1,
                "away_handicap_-1.75_odd": 6.1,
                "home_over_0.5_odd": 1.34,
                "home_over_1.0_odd": 1.69,
                "home_over_1.5_odd": 2.55,
                "home_over_2.0_odd": 5.1,
                "home_over_2.5_odd": 6.6,
                "home_under_0.5_odd": 3.1,
                "home_under_1.0_odd": 2.04,
                "home_under_1.5_odd": 1.48,
                "home_under_2.0_odd": 1.14,
                "home_under_2.5_odd": 1.09,
                "home_over_0.75_odd": 1.46,
                "home_over_1.25_odd": 2.21,
                "home_over_1.75_odd": 3.42,
                "home_over_2.25_odd": 5.8,
                "home_under_0.75_odd": 2.52,
                "home_under_1.25_odd": 1.59,
                "home_under_1.75_odd": 1.25,
                "home_under_2.25_odd": 1.11,
                "away_over_0.5_odd": 1.23,
                "away_over_1.0_odd": 1.44,
                "away_over_1.5_odd": 2.13,
                "away_over_2.5_odd": 4.8,
                "away_over_3.5_odd": 12,
                "away_under_0.5_odd": 3.9,
                "away_under_1.0_odd": 2.6,
                "away_under_1.5_odd": 1.67,
                "away_under_2.5_odd": 1.16,
                "away_under_3.5_odd": 1.01,
                "away_over_0.75_odd": 1.29,
                "away_over_1.25_odd": 1.84,
                "away_over_1.75_odd": 2.72,
                "away_over_2.25_odd": 4.55,
                "away_under_0.75_odd": 3.14,
                "away_under_1.25_odd": 1.86,
                "away_under_1.75_odd": 1.4,
                "away_under_2.25_odd": 1.144
            },
            {
                "match_id": 638361622,
                "date": "25/07/2025",
                "time": "01:30",
                "home_team": "Clube Atletico Mineiro",
                "away_team": "Atletico Bucaramanga",
                "1_odd": 1.51,
                "draw_odd": 4.05,
                "2_odd": 6.58,
                "1X_odd": 1.096,
                "12_odd": 1.23,
                "X2_odd": 2.52,
                "home_qualify_odd": 1.037,
                "away_qualify_odd": 8.5,
                "both_score_odd": 2.17,
                "both_noscore_odd": 1.628,
                "over_0.5_odd": 1.021,
                "over_1.0_odd": 1.045,
                "over_1.5_odd": 1.31,
                "over_2.0_odd": 1.53,
                "over_2.5_odd": 2.07,
                "over_3.0_odd": 2.89,
                "over_3.5_odd": 3.52,
                "over_4.0_odd": 6,
                "over_4.5_odd": 6.7,
                "over_5.0_odd": 12,
                "over_5.5_odd": 15.5,
                "over_6.5_odd": 41,
                "under_0.5_odd": 7.9,
                "under_1.0_odd": 6.75,
                "under_1.5_odd": 2.93,
                "under_2.0_odd": 2.28,
                "under_2.5_odd": 1.727,
                "under_3.0_odd": 1.34,
                "under_3.5_odd": 1.22,
                "under_4.0_odd": 1.065,
                "under_4.5_odd": 1.046,
                "under_5.0_odd": 1.01,
                "under_5.5_odd": 1.02,
                "under_6.5_odd": 1.004,
                "over_0.75_odd": 1.031,
                "over_1.25_odd": 1.176,
                "over_1.75_odd": 1.4,
                "over_2.25_odd": 1.79,
                "over_2.75_odd": 2.34,
                "over_3.25_odd": 3.22,
                "over_3.75_odd": 4.35,
                "over_4.25_odd": 6.35,
                "under_0.75_odd": 7.4,
                "under_1.25_odd": 3.92,
                "under_1.75_odd": 2.61,
                "under_2.25_odd": 1.9,
                "under_2.75_odd": 1.52,
                "under_3.25_odd": 1.27,
                "under_3.75_odd": 1.142,
                "under_4.25_odd": 1.055,
                "home_handicap_-3.5_odd": 9.2,
                "home_handicap_-3.0_odd": 8.5,
                "home_handicap_-2.5_odd": 4.6,
                "home_handicap_-2.0_odd": 3.84,
                "home_handicap_-1.5_odd": 2.41,
                "home_handicap_-1.0_odd": 1.87,
                "home_handicap_0.0_odd": 1.128,
                "home_handicap_1.0_odd": 1.01,
                "away_handicap_3.5_odd": 1.003,
                "away_handicap_3.0_odd": 1.012,
                "away_handicap_2.5_odd": 1.126,
                "away_handicap_2.0_odd": 1.183,
                "away_handicap_1.5_odd": 1.47,
                "away_handicap_1.0_odd": 1.88,
                "away_handicap_0.0_odd": 4.65,
                "away_handicap_-1.0_odd": 13,
                "home_handicap_-2.75_odd": 5.9,
                "home_handicap_-2.25_odd": 4.25,
                "home_handicap_-1.75_odd": 2.86,
                "home_handicap_-1.25_odd": 2.14,
                "home_handicap_-0.75_odd": 1.6,
                "home_handicap_-0.25_odd": 1.3,
                "home_handicap_0.25_odd": 1.097,
                "home_handicap_0.75_odd": 1.025,
                "away_handicap_2.75_odd": 1.069,
                "away_handicap_2.25_odd": 1.151,
                "away_handicap_1.75_odd": 1.33,
                "away_handicap_1.25_odd": 1.61,
                "away_handicap_0.75_odd": 2.15,
                "away_handicap_0.25_odd": 3.06,
                "away_handicap_-0.25_odd": 5.15,
                "away_handicap_-0.75_odd": 7.7,
                "home_over_0.5_odd": 1.13,
                "home_over_1.0_odd": 1.25,
                "home_over_1.5_odd": 1.75,
                "home_over_2.0_odd": 2.5,
                "home_over_2.5_odd": 3.35,
                "home_over_3.0_odd": 6.3,
                "home_over_3.5_odd": 7.3,
                "home_under_0.5_odd": 6,
                "home_under_1.0_odd": 3.95,
                "home_under_1.5_odd": 2.1,
                "home_under_2.0_odd": 1.53,
                "home_under_2.5_odd": 1.33,
                "home_under_3.0_odd": 1.12,
                "home_under_3.5_odd": 1.09,
                "home_over_0.75_odd": 1.16,
                "home_over_1.25_odd": 1.49,
                "home_over_1.75_odd": 1.99,
                "home_over_2.25_odd": 2.84,
                "home_under_0.75_odd": 4.33,
                "home_under_1.25_odd": 2.44,
                "home_under_1.75_odd": 1.727,
                "home_under_2.25_odd": 1.35,
                "away_over_0.5_odd": 1.95,
                "away_over_1.0_odd": 3.85,
                "away_over_1.5_odd": 5.8,
                "away_under_0.5_odd": 1.85,
                "away_under_1.0_odd": 1.25,
                "away_under_1.5_odd": 1.14,
                "away_over_0.75_odd": 2.29,
                "away_over_1.25_odd": 4.55,
                "away_over_1.75_odd": 7.3,
                "away_under_0.75_odd": 1.55,
                "away_under_1.25_odd": 1.16,
                "away_under_1.75_odd": 1.045
            },
            {
                "match_id": 639712415,
                "date": "24/07/2025",
                "time": "23:00",
                "home_team": "Home",
                "away_team": "Away",
                "1_odd": 1.7,
                "draw_odd": 4.8,
                "2_odd": 3.42,
                "1X_odd": 1.27,
                "12_odd": 1.15,
                "X2_odd": 2.06,
                "over_2.5_odd": 1.11,
                "over_3.5_odd": 1.31,
                "over_4.5_odd": 1.63,
                "over_5.5_odd": 2.17,
                "over_6.5_odd": 3,
                "over_7.5_odd": 4.6,
                "over_8.5_odd": 6.9,
                "under_2.5_odd": 5.5,
                "under_3.5_odd": 3.2,
                "under_4.5_odd": 2.14,
                "under_5.5_odd": 1.61,
                "under_6.5_odd": 1.33,
                "under_7.5_odd": 1.16,
                "under_8.5_odd": 1.07,
                "home_handicap_-4.5_odd": 10,
                "home_handicap_-3.5_odd": 6.5,
                "home_handicap_-2.5_odd": 3.5,
                "home_handicap_-2.0_odd": 3,
                "home_handicap_-1.5_odd": 2.25,
                "home_handicap_-1.0_odd": 1.93,
                "home_handicap_0.0_odd": 1.38,
                "home_handicap_1.0_odd": 1.18,
                "home_handicap_1.5_odd": 1.15,
                "home_handicap_2.5_odd": 1.02,
                "away_handicap_4.5_odd": 1.02,
                "away_handicap_3.5_odd": 1.08,
                "away_handicap_2.5_odd": 1.26,
                "away_handicap_2.0_odd": 1.35,
                "away_handicap_1.5_odd": 1.57,
                "away_handicap_1.0_odd": 1.77,
                "away_handicap_0.0_odd": 2.8,
                "away_handicap_-1.0_odd": 4.3,
                "away_handicap_-1.5_odd": 4.7,
                "away_handicap_-2.5_odd": 10,
                "home_over_1.5_odd": 1.23,
                "home_over_2.5_odd": 1.66,
                "home_over_3.5_odd": 2.44,
                "home_under_1.5_odd": 3.7,
                "home_under_2.5_odd": 2.1,
                "home_under_3.5_odd": 1.49,
                "away_over_1.5_odd": 1.51,
                "away_over_2.5_odd": 2.35,
                "away_over_3.5_odd": 4.1,
                "away_under_1.5_odd": 2.38,
                "away_under_2.5_odd": 1.52,
                "away_under_3.5_odd": 1.19
            },
            {
                "match_id": 639822275,
                "date": "12/08/2025",
                "time": "21:00",
                "home_team": "Once Caldas",
                "away_team": "Club Atletico Huracan",
                "1_odd": 2.6,
                "draw_odd": 3.2,
                "2_odd": 2.625,
                "1X_odd": 1.444,
                "12_odd": 1.364,
                "X2_odd": 1.5,
                "home_qualify_odd": 2.5,
                "away_qualify_odd": 1.5,
                "both_score_odd": 2.375,
                "both_noscore_odd": 1.553,
                "over_0.5_odd": 1.111,
                "over_1.0_odd": 1.17,
                "over_1.5_odd": 1.615,
                "over_2.0_odd": 2.15,
                "over_2.5_odd": 2.875,
                "over_3.0_odd": 4.6,
                "over_3.5_odd": 6,
                "over_4.5_odd": 15,
                "over_5.5_odd": 29,
                "under_0.5_odd": 6.5,
                "under_1.0_odd": 4.3,
                "under_1.5_odd": 2.2,
                "under_2.0_odd": 1.65,
                "under_2.5_odd": 1.4,
                "under_3.0_odd": 1.14,
                "under_3.5_odd": 1.125,
                "under_4.5_odd": 1.03,
                "under_5.5_odd": 1.007,
                "home_handicap_-1.5_odd": 5,
                "home_handicap_-1.0_odd": 4.5,
                "home_handicap_0.0_odd": 1.89,
                "home_handicap_1.0_odd": 1.14,
                "home_handicap_1.5_odd": 1.09,
                "away_handicap_1.5_odd": 1.1,
                "away_handicap_1.0_odd": 1.15,
                "away_handicap_0.0_odd": 1.91,
                "away_handicap_-1.0_odd": 4.6,
                "away_handicap_-1.5_odd": 5.2,
                "home_over_0.5_odd": 1.5,
                "home_over_1.5_odd": 3.4,
                "home_over_2.5_odd": 10,
                "home_over_3.5_odd": 29,
                "home_under_0.5_odd": 2.5,
                "home_under_1.5_odd": 1.3,
                "home_under_2.5_odd": 1.062,
                "home_under_3.5_odd": 1.007,
                "away_over_0.5_odd": 1.5,
                "away_over_1.5_odd": 3.5,
                "away_over_2.5_odd": 10,
                "away_over_3.5_odd": 29,
                "away_under_0.5_odd": 2.5,
                "away_under_1.5_odd": 1.286,
                "away_under_2.5_odd": 1.062,
                "away_under_3.5_odd": 1.007
            },
            {
                "match_id": 639822273,
                "date": "12/08/2025",
                "time": "21:00",
                "home_team": "Independiente del Valle",
                "away_team": "Mushuc Runa",
                "1_odd": 1.374,
                "draw_odd": 4.75,
                "2_odd": 7.5,
                "1X_odd": 1.1,
                "12_odd": 1.182,
                "X2_odd": 3,
                "home_qualify_odd": 1.286,
                "away_qualify_odd": 3.5,
                "both_score_odd": 2.1,
                "both_noscore_odd": 1.698,
                "over_0.5_odd": 1.038,
                "over_1.0_odd": 1.04,
                "over_1.5_odd": 1.222,
                "over_2.0_odd": 1.35,
                "over_2.5_odd": 1.75,
                "over_3.0_odd": 2.25,
                "over_3.5_odd": 2.75,
                "over_4.0_odd": 4.2,
                "over_4.5_odd": 5.5,
                "over_5.5_odd": 11,
                "over_6.5_odd": 23,
                "over_7.5_odd": 50,
                "under_0.5_odd": 12.9,
                "under_1.0_odd": 7.5,
                "under_1.5_odd": 4,
                "under_2.0_odd": 3,
                "under_2.5_odd": 2.05,
                "under_3.0_odd": 1.6,
                "under_3.5_odd": 1.4,
                "under_4.0_odd": 1.18,
                "under_4.5_odd": 1.143,
                "under_5.5_odd": 1.05,
                "under_6.5_odd": 1.012,
                "under_7.5_odd": 1.002,
                "home_handicap_-3.0_odd": 5.5,
                "home_handicap_-2.5_odd": 3.5,
                "home_handicap_-2.0_odd": 2.9,
                "home_handicap_-1.5_odd": 2.07,
                "home_handicap_-1.0_odd": 1.58,
                "home_handicap_0.0_odd": 1.11,
                "away_handicap_3.0_odd": 1.08,
                "away_handicap_2.5_odd": 1.25,
                "away_handicap_2.0_odd": 1.37,
                "away_handicap_1.5_odd": 1.73,
                "away_handicap_1.0_odd": 2.28,
                "away_handicap_0.0_odd": 4.9,
                "home_handicap_-1.25_odd": 1.775,
                "away_handicap_1.25_odd": 2.025,
                "home_over_0.5_odd": 1.1,
                "home_over_1.5_odd": 1.5,
                "home_over_2.5_odd": 2.5,
                "home_over_3.5_odd": 5,
                "home_over_4.5_odd": 11,
                "home_over_5.5_odd": 26,
                "home_over_6.5_odd": 50,
                "home_under_0.5_odd": 7,
                "home_under_1.5_odd": 2.5,
                "home_under_2.5_odd": 1.5,
                "home_under_3.5_odd": 1.167,
                "home_under_4.5_odd": 1.05,
                "home_under_5.5_odd": 1.01,
                "home_under_6.5_odd": 1.002,
                "away_over_0.5_odd": 1.833,
                "away_over_1.5_odd": 5.5,
                "away_over_2.5_odd": 19,
                "away_under_0.5_odd": 1.833,
                "away_under_1.5_odd": 1.143,
                "away_under_2.5_odd": 1.02
            },
            {
                "match_id": 639822269,
                "date": "12/08/2025",
                "time": "21:00",
                "home_team": "Bolivar",
                "away_team": "Club Cienciano Cusco",
                "1_odd": 1.31,
                "draw_odd": 5.75,
                "2_odd": 7.47,
                "1X_odd": 1.079,
                "12_odd": 1.143,
                "X2_odd": 3.4,
                "home_qualify_odd": 1.25,
                "away_qualify_odd": 3.75,
                "both_score_odd": 1.909,
                "both_noscore_odd": 1.848,
                "over_0.5_odd": 1.025,
                "over_1.5_odd": 1.182,
                "over_2.0_odd": 1.24,
                "over_2.5_odd": 1.571,
                "over_3.0_odd": 1.95,
                "over_3.5_odd": 2.375,
                "over_4.0_odd": 3.35,
                "over_4.5_odd": 4.33,
                "over_5.5_odd": 9,
                "over_6.5_odd": 17,
                "over_7.5_odd": 34,
                "under_0.5_odd": 17,
                "under_1.5_odd": 4.5,
                "under_2.0_odd": 3.6,
                "under_2.5_odd": 2.35,
                "under_3.0_odd": 1.85,
                "under_3.5_odd": 1.533,
                "under_4.0_odd": 1.27,
                "under_4.5_odd": 1.2,
                "under_5.5_odd": 1.071,
                "under_6.5_odd": 1.025,
                "under_7.5_odd": 1.005,
                "home_handicap_-3.0_odd": 4.6,
                "home_handicap_-2.5_odd": 3.02,
                "home_handicap_-2.0_odd": 2.45,
                "home_handicap_-1.5_odd": 1.87,
                "home_handicap_-1.0_odd": 1.44,
                "home_handicap_0.0_odd": 1.08,
                "away_handicap_3.0_odd": 1.14,
                "away_handicap_2.5_odd": 1.34,
                "away_handicap_2.0_odd": 1.5,
                "away_handicap_1.5_odd": 1.93,
                "away_handicap_1.0_odd": 2.65,
                "away_handicap_0.0_odd": 5.5,
                "home_over_0.5_odd": 1.071,
                "home_over_1.5_odd": 1.4,
                "home_over_2.5_odd": 2.2,
                "home_over_3.5_odd": 4,
                "home_over_4.5_odd": 9,
                "home_over_5.5_odd": 19,
                "home_over_6.5_odd": 41,
                "home_under_0.5_odd": 9,
                "home_under_1.5_odd": 2.75,
                "home_under_2.5_odd": 1.615,
                "home_under_3.5_odd": 1.222,
                "home_under_4.5_odd": 1.071,
                "home_under_5.5_odd": 1.02,
                "home_under_6.5_odd": 1.004,
                "away_over_0.5_odd": 1.727,
                "away_over_1.5_odd": 5,
                "away_over_2.5_odd": 17,
                "away_over_3.5_odd": 50,
                "away_under_0.5_odd": 2,
                "away_under_1.5_odd": 1.167,
                "away_under_2.5_odd": 1.025,
                "away_under_3.5_odd": 1.002
            },
            {
                "match_id": 639822266,
                "date": "12/08/2025",
                "time": "21:00",
                "home_team": "America de Cali",
                "away_team": "Fluminense",
                "1_odd": 3.01,
                "draw_odd": 3.1,
                "2_odd": 2.42,
                "1X_odd": 1.533,
                "12_odd": 1.364,
                "X2_odd": 1.364,
                "home_qualify_odd": 3.25,
                "away_qualify_odd": 1.333,
                "both_score_odd": 2.375,
                "both_noscore_odd": 1.553,
                "over_0.5_odd": 1.125,
                "over_1.0_odd": 1.18,
                "over_1.5_odd": 1.615,
                "over_2.0_odd": 2.14,
                "over_2.5_odd": 2.875,
                "over_3.0_odd": 4.6,
                "over_3.5_odd": 6,
                "over_4.5_odd": 15,
                "over_5.5_odd": 29,
                "under_0.5_odd": 6,
                "under_1.0_odd": 4.2,
                "under_1.5_odd": 2.2,
                "under_2.0_odd": 1.66,
                "under_2.5_odd": 1.4,
                "under_3.0_odd": 1.14,
                "under_3.5_odd": 1.125,
                "under_4.5_odd": 1.03,
                "under_5.5_odd": 1.007,
                "home_handicap_-1.5_odd": 6,
                "home_handicap_-1.0_odd": 5,
                "home_handicap_0.0_odd": 2.1,
                "home_handicap_1.0_odd": 1.19,
                "home_handicap_1.5_odd": 1.13,
                "away_handicap_1.5_odd": 1.07,
                "away_handicap_1.0_odd": 1.1,
                "away_handicap_0.0_odd": 1.7,
                "away_handicap_-1.0_odd": 4.1,
                "away_handicap_-1.5_odd": 4.7,
                "home_handicap_0.25_odd": 1.75,
                "away_handicap_-0.25_odd": 2.05,
                "home_over_0.5_odd": 1.571,
                "home_over_1.5_odd": 3.75,
                "home_over_2.5_odd": 13,
                "home_over_3.5_odd": 34,
                "home_under_0.5_odd": 2.25,
                "home_under_1.5_odd": 1.25,
                "home_under_2.5_odd": 1.04,
                "home_under_3.5_odd": 1.005,
                "away_over_0.5_odd": 1.444,
                "away_over_1.5_odd": 3.25,
                "away_over_2.5_odd": 9,
                "away_over_3.5_odd": 26,
                "away_under_0.5_odd": 2.625,
                "away_under_1.5_odd": 1.333,
                "away_under_2.5_odd": 1.071,
                "away_under_3.5_odd": 1.01
            },
            {
                "match_id": 639822265,
                "date": "12/08/2025",
                "time": "21:00",
                "home_team": "Alianza Lima",
                "away_team": "Universidad Catolica Quito",
                "1_odd": 1.87,
                "draw_odd": 3.5,
                "2_odd": 3.99,
                "1X_odd": 1.222,
                "12_odd": 1.286,
                "X2_odd": 1.909,
                "home_qualify_odd": 1.7,
                "away_qualify_odd": 2.05,
                "both_score_odd": 2,
                "both_noscore_odd": 1.77,
                "over_0.5_odd": 1.071,
                "over_1.5_odd": 1.364,
                "over_2.5_odd": 2.15,
                "over_3.5_odd": 4,
                "over_4.5_odd": 9,
                "over_5.5_odd": 19,
                "over_6.5_odd": 41,
                "under_0.5_odd": 8.5,
                "under_1.5_odd": 3,
                "under_2.5_odd": 1.667,
                "under_3.5_odd": 1.222,
                "under_4.5_odd": 1.071,
                "under_5.5_odd": 1.02,
                "under_6.5_odd": 1.004,
                "home_handicap_0.0_odd": 1.4,
                "away_handicap_0.0_odd": 2.75,
                "home_over_0.5_odd": 1.222,
                "home_over_1.5_odd": 2.1,
                "home_over_2.5_odd": 4.5,
                "home_over_3.5_odd": 13,
                "home_over_4.5_odd": 29,
                "home_under_0.5_odd": 4,
                "home_under_1.5_odd": 1.667,
                "home_under_2.5_odd": 1.182,
                "home_under_3.5_odd": 1.04,
                "home_under_4.5_odd": 1.007,
                "away_over_0.5_odd": 1.571,
                "away_over_1.5_odd": 3.75,
                "away_over_2.5_odd": 11,
                "away_over_3.5_odd": 34,
                "away_under_0.5_odd": 2.25,
                "away_under_1.5_odd": 1.25,
                "away_under_2.5_odd": 1.05,
                "away_under_3.5_odd": 1.005
            },
            {
                "match_id": 639822271,
                "date": "12/08/2025",
                "time": "23:00",
                "home_team": "Central Cordoba de Santiago",
                "away_team": "Club Atletico Lanus",
                "1_odd": 2.9,
                "draw_odd": 2.875,
                "2_odd": 2.625,
                "1X_odd": 1.444,
                "12_odd": 1.4,
                "X2_odd": 1.4,
                "home_qualify_odd": 2.375,
                "away_qualify_odd": 1.533,
                "both_score_odd": 2.25,
                "both_noscore_odd": 1.611,
                "over_0.5_odd": 1.125,
                "over_1.0_odd": 1.17,
                "over_1.5_odd": 1.571,
                "over_2.0_odd": 2.02,
                "over_2.5_odd": 2.7,
                "over_3.0_odd": 4.2,
                "over_3.5_odd": 6,
                "over_4.5_odd": 13,
                "over_5.5_odd": 29,
                "under_0.5_odd": 6,
                "under_1.0_odd": 4.3,
                "under_1.5_odd": 2.25,
                "under_2.0_odd": 1.78,
                "under_2.5_odd": 1.444,
                "under_3.0_odd": 1.18,
                "under_3.5_odd": 1.125,
                "under_4.5_odd": 1.04,
                "under_5.5_odd": 1.007,
                "home_handicap_-1.5_odd": 5.5,
                "home_handicap_-1.0_odd": 4.8,
                "home_handicap_0.0_odd": 1.99,
                "home_handicap_1.0_odd": 1.16,
                "home_handicap_1.5_odd": 1.11,
                "away_handicap_1.5_odd": 1.08,
                "away_handicap_1.0_odd": 1.12,
                "away_handicap_0.0_odd": 1.81,
                "away_handicap_-1.0_odd": 4.4,
                "away_handicap_-1.5_odd": 4.9,
                "home_over_0.5_odd": 1.5,
                "home_over_1.5_odd": 3.5,
                "home_over_2.5_odd": 11,
                "home_over_3.5_odd": 29,
                "home_under_0.5_odd": 2.5,
                "home_under_1.5_odd": 1.286,
                "home_under_2.5_odd": 1.05,
                "home_under_3.5_odd": 1.007,
                "away_over_0.5_odd": 1.444,
                "away_over_1.5_odd": 3.25,
                "away_over_2.5_odd": 10,
                "away_over_3.5_odd": 26,
                "away_under_0.5_odd": 2.625,
                "away_under_1.5_odd": 1.333,
                "away_under_2.5_odd": 1.062,
                "away_under_3.5_odd": 1.01
            }
        ]
    }
]