[
    {
        "last_updated": "2025-07-24T20:45:10.712691+01:00"
    },
    {
        "tournament_id": 2003808,
        "tournament_name": "Superliga. Statistics Round",
        "matches": [
            {
                "match_id": 639044010,
                "date": "25/07/2025",
                "time": "18:00",
                "home_team": "Home",
                "away_team": "Away",
                "1_odd": 1.14,
                "draw_odd": 14,
                "2_odd": 7.4,
                "1X_odd": 1.06,
                "X2_odd": 4.9,
                "over_13.5_odd": 1.095,
                "over_14.0_odd": 1.105,
                "over_14.5_odd": 1.179,
                "over_15.0_odd": 1.2,
                "over_15.5_odd": 1.297,
                "over_16.0_odd": 1.337,
                "over_16.5_odd": 1.457,
                "over_17.0_odd": 1.529,
                "over_17.5_odd": 1.669,
                "over_18.0_odd": 1.786,
                "over_18.5_odd": 1.94,
                "over_19.0_odd": 2.131,
                "over_19.5_odd": 2.313,
                "over_20.0_odd": 2.64,
                "over_20.5_odd": 2.856,
                "over_21.0_odd": 3.405,
                "over_21.5_odd": 3.655,
                "over_22.0_odd": 4.565,
                "over_22.5_odd": 4.855,
                "over_23.0_odd": 6.36,
                "over_23.5_odd": 6.68,
                "under_13.5_odd": 7.18,
                "under_14.0_odd": 6.78,
                "under_14.5_odd": 4.895,
                "under_15.0_odd": 4.56,
                "under_15.5_odd": 3.55,
                "under_16.0_odd": 3.28,
                "under_16.5_odd": 2.73,
                "under_17.0_odd": 2.51,
                "under_17.5_odd": 2.206,
                "under_18.0_odd": 2.029,
                "under_18.5_odd": 1.862,
                "under_19.0_odd": 1.714,
                "under_19.5_odd": 1.612,
                "under_20.0_odd": 1.484,
                "under_20.5_odd": 1.424,
                "under_21.0_odd": 1.318,
                "under_21.5_odd": 1.283,
                "under_22.0_odd": 1.199,
                "under_22.5_odd": 1.181,
                "under_23.0_odd": 1.117,
                "under_23.5_odd": 1.107,
                "over_13.75_odd": 1.1,
                "over_14.25_odd": 1.142,
                "over_14.75_odd": 1.189,
                "over_15.25_odd": 1.249,
                "over_15.75_odd": 1.316,
                "over_16.25_odd": 1.398,
                "over_16.75_odd": 1.491,
                "over_17.25_odd": 1.6,
                "over_17.75_odd": 1.723,
                "over_18.25_odd": 1.864,
                "over_18.75_odd": 2.025,
                "over_19.25_odd": 2.222,
                "over_19.75_odd": 2.457,
                "over_20.25_odd": 2.748,
                "over_20.75_odd": 3.09,
                "over_21.25_odd": 3.53,
                "over_21.75_odd": 4.04,
                "over_22.25_odd": 4.71,
                "over_22.75_odd": 5.48,
                "over_23.25_odd": 6.52,
                "under_13.75_odd": 6.98,
                "under_14.25_odd": 5.65,
                "under_14.75_odd": 4.725,
                "under_15.25_odd": 3.97,
                "under_15.75_odd": 3.415,
                "under_16.25_odd": 2.966,
                "under_16.75_odd": 2.62,
                "under_17.25_odd": 2.339,
                "under_17.75_odd": 2.117,
                "under_18.25_odd": 1.937,
                "under_18.75_odd": 1.789,
                "under_19.25_odd": 1.66,
                "under_19.75_odd": 1.549,
                "under_20.25_odd": 1.452,
                "under_20.75_odd": 1.371,
                "under_21.25_odd": 1.3,
                "under_21.75_odd": 1.242,
                "under_22.25_odd": 1.19,
                "under_22.75_odd": 1.149,
                "under_23.25_odd": 1.112,
                "home_handicap_-9.5_odd": 6.78,
                "home_handicap_-9.0_odd": 6.43,
                "home_handicap_-8.5_odd": 4.83,
                "home_handicap_-8.0_odd": 4.53,
                "home_handicap_-7.5_odd": 3.59,
                "home_handicap_-7.0_odd": 3.335,
                "home_handicap_-6.5_odd": 2.79,
                "home_handicap_-6.0_odd": 2.572,
                "home_handicap_-5.5_odd": 2.257,
                "home_handicap_-5.0_odd": 2.076,
                "home_handicap_-4.5_odd": 1.897,
                "home_handicap_-4.0_odd": 1.745,
                "home_handicap_-3.5_odd": 1.635,
                "home_handicap_-3.0_odd": 1.5,
                "home_handicap_-2.5_odd": 1.434,
                "home_handicap_-2.0_odd": 1.32,
                "home_handicap_-1.5_odd": 1.283,
                "home_handicap_-1.0_odd": 1.193,
                "away_handicap_9.5_odd": 1.105,
                "away_handicap_9.0_odd": 1.115,
                "away_handicap_8.5_odd": 1.183,
                "away_handicap_8.0_odd": 1.202,
                "away_handicap_7.5_odd": 1.291,
                "away_handicap_7.0_odd": 1.328,
                "away_handicap_6.5_odd": 1.44,
                "away_handicap_6.0_odd": 1.506,
                "away_handicap_5.5_odd": 1.641,
                "away_handicap_5.0_odd": 1.751,
                "away_handicap_4.5_odd": 1.903,
                "away_handicap_4.0_odd": 2.085,
                "away_handicap_3.5_odd": 2.267,
                "away_handicap_3.0_odd": 2.592,
                "away_handicap_2.5_odd": 2.815,
                "away_handicap_2.0_odd": 3.385,
                "away_handicap_1.5_odd": 3.655,
                "away_handicap_1.0_odd": 4.66,
                "home_handicap_-9.75_odd": 7.85,
                "home_handicap_-9.25_odd": 6.6,
                "home_handicap_-8.75_odd": 5.49,
                "home_handicap_-8.25_odd": 4.68,
                "home_handicap_-7.75_odd": 3.985,
                "home_handicap_-7.25_odd": 3.465,
                "home_handicap_-6.75_odd": 3.025,
                "home_handicap_-6.25_odd": 2.681,
                "home_handicap_-5.75_odd": 2.395,
                "home_handicap_-5.25_odd": 2.166,
                "home_handicap_-4.75_odd": 1.977,
                "home_handicap_-4.25_odd": 1.822,
                "home_handicap_-3.75_odd": 1.686,
                "home_handicap_-3.25_odd": 1.568,
                "home_handicap_-2.75_odd": 1.465,
                "home_handicap_-2.25_odd": 1.377,
                "home_handicap_-1.75_odd": 1.301,
                "home_handicap_-1.25_odd": 1.239,
                "away_handicap_9.75_odd": 1.08,
                "away_handicap_9.25_odd": 1.11,
                "away_handicap_8.75_odd": 1.149,
                "away_handicap_8.25_odd": 1.192,
                "away_handicap_7.75_odd": 1.247,
                "away_handicap_7.25_odd": 1.309,
                "away_handicap_6.75_odd": 1.385,
                "away_handicap_6.25_odd": 1.471,
                "away_handicap_5.75_odd": 1.574,
                "away_handicap_5.25_odd": 1.692,
                "away_handicap_4.75_odd": 1.828,
                "away_handicap_4.25_odd": 1.984,
                "away_handicap_3.75_odd": 2.176,
                "away_handicap_3.25_odd": 2.41,
                "away_handicap_2.75_odd": 2.704,
                "away_handicap_2.25_odd": 3.06,
                "away_handicap_1.75_odd": 3.52,
                "away_handicap_1.25_odd": 4.075,
                "home_over_7.5_odd": 1.087,
                "home_over_8.0_odd": 1.099,
                "home_over_8.5_odd": 1.198,
                "home_over_9.0_odd": 1.23,
                "home_over_9.5_odd": 1.367,
                "home_over_10.0_odd": 1.439,
                "home_over_10.5_odd": 1.611,
                "home_over_11.0_odd": 1.751,
                "home_over_11.5_odd": 1.948,
                "home_over_12.0_odd": 2.205,
                "home_over_12.5_odd": 2.449,
                "home_over_13.0_odd": 2.954,
                "home_over_13.5_odd": 3.25,
                "home_over_14.0_odd": 4.21,
                "home_over_14.5_odd": 4.565,
                "home_over_15.0_odd": 6.36,
                "home_over_15.5_odd": 6.78,
                "home_under_7.5_odd": 7.5,
                "home_under_8.0_odd": 6.99,
                "home_under_8.5_odd": 4.59,
                "home_under_9.0_odd": 4.17,
                "home_under_9.5_odd": 3.115,
                "home_under_10.0_odd": 2.797,
                "home_under_10.5_odd": 2.314,
                "home_under_11.0_odd": 2.077,
                "home_under_11.5_odd": 1.854,
                "home_under_12.0_odd": 1.669,
                "home_under_12.5_odd": 1.552,
                "home_under_13.0_odd": 1.4,
                "home_under_13.5_odd": 1.342,
                "home_under_14.0_odd": 1.227,
                "home_under_14.5_odd": 1.199,
                "home_under_15.0_odd": 1.117,
                "home_under_15.5_odd": 1.105,
                "home_over_7.75_odd": 1.093,
                "home_over_8.25_odd": 1.149,
                "home_over_8.75_odd": 1.213,
                "home_over_9.25_odd": 1.299,
                "home_over_9.75_odd": 1.4,
                "home_over_10.25_odd": 1.527,
                "home_over_10.75_odd": 1.675,
                "home_over_11.25_odd": 1.851,
                "home_over_11.75_odd": 2.059,
                "home_over_12.25_odd": 2.327,
                "home_over_12.75_odd": 2.662,
                "home_over_13.25_odd": 3.1,
                "home_over_13.75_odd": 3.645,
                "home_over_14.25_odd": 4.39,
                "home_over_14.75_odd": 5.28,
                "home_over_15.25_odd": 6.57,
                "home_under_7.75_odd": 7.27,
                "home_under_8.25_odd": 5.48,
                "home_under_8.75_odd": 4.38,
                "home_under_9.25_odd": 3.53,
                "home_under_9.75_odd": 2.956,
                "home_under_10.25_odd": 2.515,
                "home_under_10.75_odd": 2.196,
                "home_under_11.25_odd": 1.951,
                "home_under_11.75_odd": 1.764,
                "home_under_12.25_odd": 1.605,
                "home_under_12.75_odd": 1.477,
                "home_under_13.25_odd": 1.369,
                "home_under_13.75_odd": 1.285,
                "home_under_14.25_odd": 1.212,
                "home_under_14.75_odd": 1.158,
                "home_under_15.25_odd": 1.11,
                "away_over_4.5_odd": 1.177,
                "away_over_5.0_odd": 1.217,
                "away_over_5.5_odd": 1.401,
                "away_over_6.0_odd": 1.512,
                "away_over_6.5_odd": 1.754,
                "away_over_7.0_odd": 2.001,
                "away_over_7.5_odd": 2.298,
                "away_over_8.0_odd": 2.88,
                "away_over_8.5_odd": 3.27,
                "away_over_9.0_odd": 4.585,
                "away_over_9.5_odd": 5.07,
                "away_over_10.0_odd": 7.95,
                "away_under_4.5_odd": 4.93,
                "away_under_5.0_odd": 4.33,
                "away_under_5.5_odd": 2.953,
                "away_under_6.0_odd": 2.555,
                "away_under_6.5_odd": 2.073,
                "away_under_7.0_odd": 1.809,
                "away_under_7.5_odd": 1.619,
                "away_under_8.0_odd": 1.418,
                "away_under_8.5_odd": 1.339,
                "away_under_9.0_odd": 1.198,
                "away_under_9.5_odd": 1.169,
                "away_under_10.0_odd": 1.079,
                "away_over_4.75_odd": 1.195,
                "away_over_5.25_odd": 1.31,
                "away_over_5.75_odd": 1.45,
                "away_over_6.25_odd": 1.636,
                "away_over_6.75_odd": 1.86,
                "away_over_7.25_odd": 2.149,
                "away_over_7.75_odd": 2.532,
                "away_over_8.25_odd": 3.075,
                "away_over_8.75_odd": 3.775,
                "away_over_9.25_odd": 4.825,
                "away_over_9.75_odd": 6.13,
                "away_under_4.75_odd": 4.63,
                "away_under_5.25_odd": 3.455,
                "away_under_5.75_odd": 2.753,
                "away_under_6.25_odd": 2.265,
                "away_under_6.75_odd": 1.941,
                "away_under_7.25_odd": 1.703,
                "away_under_7.75_odd": 1.52,
                "away_under_8.25_odd": 1.375,
                "away_under_8.75_odd": 1.269,
                "away_under_9.25_odd": 1.183,
                "away_under_9.75_odd": 1.124
            }
        ]
    },
    {
        "tournament_id": 39969,
        "tournament_name": "1st Division",
        "matches": [
            {
                "match_id": 639157487,
                "date": "25/07/2025",
                "time": "17:30",
                "home_team": "HB Koge",
                "away_team": "Aarhus Fremad",
                "1_odd": 2.59,
                "draw_odd": 3.52,
                "2_odd": 2.53,
                "1X_odd": 1.5,
                "12_odd": 1.285,
                "X2_odd": 1.48,
                "both_score_odd": 1.61,
                "both_noscore_odd": 2.2,
                "over_0.5_odd": 1.01,
                "over_1.0_odd": 1.04,
                "over_1.5_odd": 1.197,
                "over_2.0_odd": 1.33,
                "over_2.5_odd": 1.77,
                "over_3.0_odd": 2.24,
                "over_3.5_odd": 2.79,
                "over_4.0_odd": 4.5,
                "over_4.5_odd": 5.2,
                "over_5.0_odd": 9.3,
                "over_5.5_odd": 10.5,
                "over_6.5_odd": 23,
                "over_7.5_odd": 50,
                "under_0.5_odd": 11,
                "under_1.0_odd": 8.2,
                "under_1.5_odd": 3.72,
                "under_2.0_odd": 2.94,
                "under_2.5_odd": 2.01,
                "under_3.0_odd": 1.55,
                "under_3.5_odd": 1.34,
                "under_4.0_odd": 1.133,
                "under_4.5_odd": 1.096,
                "under_5.0_odd": 1.002,
                "under_5.5_odd": 1.02,
                "under_6.5_odd": 1.012,
                "under_7.5_odd": 1.002,
                "over_1.25_odd": 1.099,
                "over_1.75_odd": 1.26,
                "over_2.25_odd": 1.533,
                "over_2.75_odd": 1.92,
                "over_3.25_odd": 2.51,
                "over_3.75_odd": 3.34,
                "over_4.25_odd": 4.85,
                "over_4.75_odd": 6.55,
                "under_1.25_odd": 5.1,
                "under_1.75_odd": 3.28,
                "under_2.25_odd": 2.31,
                "under_2.75_odd": 1.77,
                "under_3.25_odd": 1.43,
                "under_3.75_odd": 1.24,
                "under_4.25_odd": 1.112,
                "under_4.75_odd": 1.049,
                "home_handicap_-2.5_odd": 10,
                "home_handicap_-2.0_odd": 9.2,
                "home_handicap_-1.5_odd": 5,
                "home_handicap_-1.0_odd": 4.15,
                "home_handicap_0.0_odd": 1.89,
                "home_handicap_1.0_odd": 1.176,
                "home_handicap_1.5_odd": 1.114,
                "home_handicap_2.0_odd": 1.04,
                "home_handicap_2.5_odd": 1.02,
                "away_handicap_2.5_odd": 1.02,
                "away_handicap_2.0_odd": 1.03,
                "away_handicap_1.5_odd": 1.106,
                "away_handicap_1.0_odd": 1.164,
                "away_handicap_0.0_odd": 1.86,
                "away_handicap_-1.0_odd": 3.98,
                "away_handicap_-1.5_odd": 4.8,
                "away_handicap_-2.0_odd": 8.6,
                "away_handicap_-2.5_odd": 9.7,
                "home_handicap_-1.75_odd": 6.55,
                "home_handicap_-1.25_odd": 4.55,
                "home_handicap_-0.75_odd": 2.96,
                "home_handicap_-0.25_odd": 2.15,
                "home_handicap_0.25_odd": 1.62,
                "home_handicap_0.75_odd": 1.33,
                "home_handicap_1.25_odd": 1.139,
                "home_handicap_1.75_odd": 1.056,
                "away_handicap_1.75_odd": 1.05,
                "away_handicap_1.25_odd": 1.129,
                "away_handicap_0.75_odd": 1.32,
                "away_handicap_0.25_odd": 1.6,
                "away_handicap_-0.25_odd": 2.12,
                "away_handicap_-0.75_odd": 2.91,
                "away_handicap_-1.25_odd": 4.4,
                "away_handicap_-1.75_odd": 6.3,
                "home_over_0.5_odd": 1.24,
                "home_over_1.0_odd": 1.49,
                "home_over_1.5_odd": 2.23,
                "home_over_2.0_odd": 3.98,
                "home_over_2.5_odd": 5,
                "home_under_0.5_odd": 3.64,
                "home_under_1.0_odd": 2.4,
                "home_under_1.5_odd": 1.58,
                "home_under_2.0_odd": 1.195,
                "home_under_2.5_odd": 1.111,
                "home_over_0.75_odd": 1.32,
                "home_over_1.25_odd": 1.87,
                "home_over_1.75_odd": 2.76,
                "home_over_2.25_odd": 4.5,
                "home_under_0.75_odd": 2.98,
                "home_under_1.25_odd": 1.83,
                "home_under_1.75_odd": 1.39,
                "home_under_2.25_odd": 1.147,
                "away_over_0.5_odd": 1.24,
                "away_over_1.0_odd": 1.47,
                "away_over_1.5_odd": 2.21,
                "away_over_2.0_odd": 3.84,
                "away_over_2.5_odd": 4.9,
                "away_under_0.5_odd": 3.64,
                "away_under_1.0_odd": 2.46,
                "away_under_1.5_odd": 1.59,
                "away_under_2.0_odd": 1.21,
                "away_under_2.5_odd": 1.118,
                "away_over_0.75_odd": 1.31,
                "away_over_1.25_odd": 1.85,
                "away_over_1.75_odd": 2.69,
                "away_over_2.25_odd": 4.4,
                "away_under_0.75_odd": 3.04,
                "away_under_1.25_odd": 1.85,
                "away_under_1.75_odd": 1.41,
                "away_under_2.25_odd": 1.154
            },
            {
                "match_id": 638612696,
                "date": "25/07/2025",
                "time": "18:00",
                "home_team": "Horsens",
                "away_team": "Kolding IF",
                "1_odd": 2.29,
                "draw_odd": 3.28,
                "2_odd": 3.125,
                "1X_odd": 1.35,
                "12_odd": 1.32,
                "X2_odd": 1.61,
                "both_score_odd": 1.71,
                "both_noscore_odd": 2.04,
                "over_0.5_odd": 1.017,
                "over_1.0_odd": 1.018,
                "over_1.5_odd": 1.25,
                "over_2.0_odd": 1.42,
                "over_2.5_odd": 1.93,
                "over_3.0_odd": 2.58,
                "over_3.5_odd": 3.15,
                "over_4.0_odd": 5.5,
                "over_4.5_odd": 6.3,
                "over_5.0_odd": 10,
                "over_5.5_odd": 13,
                "over_6.5_odd": 29,
                "under_0.5_odd": 8.95,
                "under_1.0_odd": 8.1,
                "under_1.5_odd": 3.28,
                "under_2.0_odd": 2.58,
                "under_2.5_odd": 1.84,
                "under_3.0_odd": 1.42,
                "under_3.5_odd": 1.27,
                "under_4.0_odd": 1.083,
                "under_4.5_odd": 1.056,
                "under_5.0_odd": 1.02,
                "under_5.5_odd": 1.03,
                "under_6.5_odd": 1.007,
                "over_0.75_odd": 1.007,
                "over_1.25_odd": 1.13,
                "over_1.75_odd": 1.32,
                "over_2.25_odd": 1.66,
                "over_2.75_odd": 2.14,
                "over_3.25_odd": 2.89,
                "over_3.75_odd": 3.96,
                "over_4.25_odd": 5.9,
                "under_0.75_odd": 8.9,
                "under_1.25_odd": 4.55,
                "under_1.75_odd": 2.94,
                "under_2.25_odd": 2.07,
                "under_2.75_odd": 1.615,
                "under_3.25_odd": 1.33,
                "under_3.75_odd": 1.172,
                "under_4.25_odd": 1.068,
                "home_handicap_-2.5_odd": 9.1,
                "home_handicap_-2.0_odd": 8.9,
                "home_handicap_-1.5_odd": 4.35,
                "home_handicap_-1.0_odd": 3.46,
                "home_handicap_0.0_odd": 1.63,
                "home_handicap_1.0_odd": 1.083,
                "home_handicap_1.5_odd": 1.047,
                "away_handicap_2.5_odd": 1.03,
                "away_handicap_2.0_odd": 1.007,
                "away_handicap_1.5_odd": 1.142,
                "away_handicap_1.0_odd": 1.23,
                "away_handicap_0.0_odd": 2.21,
                "away_handicap_-1.0_odd": 5.6,
                "away_handicap_-1.5_odd": 6.65,
                "home_handicap_-1.75_odd": 5.7,
                "home_handicap_-1.25_odd": 3.9,
                "home_handicap_-0.75_odd": 2.59,
                "home_handicap_-0.25_odd": 1.89,
                "home_handicap_0.25_odd": 1.43,
                "home_handicap_0.75_odd": 1.21,
                "home_handicap_1.25_odd": 1.062,
                "home_handicap_1.75_odd": 1.005,
                "away_handicap_1.75_odd": 1.075,
                "away_handicap_1.25_odd": 1.177,
                "away_handicap_0.75_odd": 1.41,
                "away_handicap_0.25_odd": 1.79,
                "away_handicap_-0.25_odd": 2.56,
                "away_handicap_-0.75_odd": 3.72,
                "away_handicap_-1.25_odd": 6.1,
                "away_handicap_-1.75_odd": 9,
                "home_over_0.5_odd": 1.24,
                "home_over_1.0_odd": 1.46,
                "home_over_1.5_odd": 2.17,
                "home_over_2.5_odd": 5,
                "home_under_0.5_odd": 3.6,
                "home_under_1.0_odd": 2.5,
                "home_under_1.5_odd": 1.61,
                "home_under_2.5_odd": 1.14,
                "home_over_0.75_odd": 1.3,
                "home_over_1.25_odd": 1.83,
                "home_over_1.75_odd": 2.69,
                "home_over_2.25_odd": 4.4,
                "home_under_0.75_odd": 3.08,
                "home_under_1.25_odd": 1.87,
                "home_under_1.75_odd": 1.41,
                "home_under_2.25_odd": 1.157,
                "away_over_0.5_odd": 1.35,
                "away_over_1.0_odd": 1.72,
                "away_over_1.5_odd": 2.6,
                "away_over_2.0_odd": 5.3,
                "away_over_2.5_odd": 6.8,
                "away_under_0.5_odd": 3,
                "away_under_1.0_odd": 2,
                "away_under_1.5_odd": 1.44,
                "away_under_2.0_odd": 1.12,
                "away_under_2.5_odd": 1.07,
                "away_over_0.75_odd": 1.48,
                "away_over_1.25_odd": 2.23,
                "away_over_1.75_odd": 3.48,
                "away_under_0.75_odd": 2.47,
                "away_under_1.25_odd": 1.58,
                "away_under_1.75_odd": 1.24
            },
            {
                "match_id": 639156614,
                "date": "25/07/2025",
                "time": "18:00",
                "home_team": "Lyngby",
                "away_team": "B.93 Copenhagen",
                "1_odd": 1.63,
                "draw_odd": 4.05,
                "2_odd": 5,
                "1X_odd": 1.152,
                "12_odd": 1.23,
                "X2_odd": 2.26,
                "both_score_odd": 1.77,
                "both_noscore_odd": 1.961,
                "over_0.5_odd": 1.01,
                "over_1.0_odd": 1.04,
                "over_1.5_odd": 1.195,
                "over_2.0_odd": 1.33,
                "over_2.5_odd": 1.76,
                "over_3.0_odd": 2.24,
                "over_3.5_odd": 2.79,
                "over_4.0_odd": 4.45,
                "over_4.5_odd": 5.15,
                "over_5.0_odd": 9.2,
                "over_5.5_odd": 9.9,
                "over_6.5_odd": 23,
                "over_7.5_odd": 50,
                "under_0.5_odd": 11.5,
                "under_1.0_odd": 8.5,
                "under_1.5_odd": 3.74,
                "under_2.0_odd": 2.94,
                "under_2.5_odd": 2.02,
                "under_3.0_odd": 1.55,
                "under_3.5_odd": 1.34,
                "under_4.0_odd": 1.135,
                "under_4.5_odd": 1.097,
                "under_5.0_odd": 1.003,
                "under_5.5_odd": 1.02,
                "under_6.5_odd": 1.012,
                "under_7.5_odd": 1.002,
                "over_1.25_odd": 1.097,
                "over_1.75_odd": 1.25,
                "over_2.25_odd": 1.53,
                "over_2.75_odd": 1.92,
                "over_3.25_odd": 2.51,
                "over_3.75_odd": 3.34,
                "over_4.25_odd": 4.8,
                "over_4.75_odd": 6.55,
                "under_1.25_odd": 5.15,
                "under_1.75_odd": 3.35,
                "under_2.25_odd": 2.31,
                "under_2.75_odd": 1.77,
                "under_3.25_odd": 1.43,
                "under_3.75_odd": 1.24,
                "under_4.25_odd": 1.115,
                "under_4.75_odd": 1.05,
                "home_handicap_-3.5_odd": 9.4,
                "home_handicap_-3.0_odd": 8.4,
                "home_handicap_-2.5_odd": 5,
                "home_handicap_-2.0_odd": 4.25,
                "home_handicap_-1.5_odd": 2.59,
                "home_handicap_-1.0_odd": 2.05,
                "home_handicap_0.0_odd": 1.21,
                "home_handicap_1.0_odd": 1.03,
                "home_handicap_1.5_odd": 1.02,
                "away_handicap_3.5_odd": 1.03,
                "away_handicap_3.0_odd": 1.04,
                "away_handicap_2.5_odd": 1.105,
                "away_handicap_2.0_odd": 1.151,
                "away_handicap_1.5_odd": 1.41,
                "away_handicap_1.0_odd": 1.727,
                "away_handicap_0.0_odd": 3.64,
                "away_handicap_-1.0_odd": 9.3,
                "away_handicap_-1.5_odd": 10.5,
                "home_handicap_-2.75_odd": 6.45,
                "home_handicap_-2.25_odd": 4.65,
                "home_handicap_-1.75_odd": 3.125,
                "home_handicap_-1.25_odd": 2.32,
                "home_handicap_-0.75_odd": 1.73,
                "home_handicap_-0.25_odd": 1.39,
                "home_handicap_0.25_odd": 1.157,
                "home_handicap_0.75_odd": 1.06,
                "away_handicap_2.75_odd": 1.052,
                "away_handicap_2.25_odd": 1.125,
                "away_handicap_1.75_odd": 1.28,
                "away_handicap_1.25_odd": 1.52,
                "away_handicap_0.75_odd": 1.952,
                "away_handicap_0.25_odd": 2.66,
                "away_handicap_-0.25_odd": 4.15,
                "away_handicap_-0.75_odd": 6.15,
                "home_over_0.5_odd": 1.106,
                "home_over_1.0_odd": 1.183,
                "home_over_1.5_odd": 1.66,
                "home_over_2.0_odd": 2.28,
                "home_over_2.5_odd": 3.04,
                "home_over_3.0_odd": 5.5,
                "home_under_0.5_odd": 5.65,
                "home_under_1.0_odd": 4.15,
                "home_under_1.5_odd": 2.09,
                "home_under_2.0_odd": 1.54,
                "home_under_2.5_odd": 1.3,
                "home_under_3.0_odd": 1.082,
                "home_over_0.75_odd": 1.128,
                "home_over_1.25_odd": 1.43,
                "home_over_1.75_odd": 1.88,
                "home_over_2.25_odd": 2.67,
                "home_under_0.75_odd": 4.85,
                "home_under_1.25_odd": 2.62,
                "home_under_1.75_odd": 1.82,
                "home_under_2.25_odd": 1.39,
                "away_over_0.5_odd": 1.52,
                "away_over_1.0_odd": 2.34,
                "away_over_1.5_odd": 3.56,
                "away_over_2.0_odd": 8.5,
                "away_over_2.5_odd": 9.8,
                "away_under_0.5_odd": 2.36,
                "away_under_1.0_odd": 1.53,
                "away_under_1.5_odd": 1.24,
                "away_under_2.0_odd": 1.018,
                "away_under_2.5_odd": 1.002,
                "away_over_0.75_odd": 1.76,
                "away_over_1.25_odd": 2.98,
                "away_over_1.75_odd": 4.85,
                "away_under_0.75_odd": 1.95,
                "away_under_1.25_odd": 1.34,
                "away_under_1.75_odd": 1.127
            },
            {
                "match_id": 638834134,
                "date": "26/07/2025",
                "time": "13:00",
                "home_team": "Esbjerg fB",
                "away_team": "Hvidovre",
                "1_odd": 2.31,
                "draw_odd": 3.7,
                "2_odd": 2.801,
                "1X_odd": 1.42,
                "12_odd": 1.26,
                "X2_odd": 1.6,
                "both_score_odd": 1.51,
                "both_noscore_odd": 2.423,
                "over_0.5_odd": 1.019,
                "over_1.0_odd": 1.02,
                "over_1.5_odd": 1.139,
                "over_2.0_odd": 1.24,
                "over_2.5_odd": 1.615,
                "over_3.0_odd": 1.96,
                "over_3.5_odd": 2.44,
                "over_4.0_odd": 3.75,
                "over_4.5_odd": 4.45,
                "over_5.0_odd": 8,
                "over_5.5_odd": 8.7,
                "over_6.5_odd": 19,
                "over_7.5_odd": 41,
                "under_0.5_odd": 12.8,
                "under_1.0_odd": 9.5,
                "under_1.5_odd": 4.45,
                "under_2.0_odd": 3.5,
                "under_2.5_odd": 2.25,
                "under_3.0_odd": 1.72,
                "under_3.5_odd": 1.44,
                "under_4.0_odd": 1.192,
                "under_4.5_odd": 1.135,
                "under_5.0_odd": 1.02,
                "under_5.5_odd": 1.009,
                "under_6.5_odd": 1.02,
                "under_7.5_odd": 1.004,
                "over_1.25_odd": 1.057,
                "over_1.75_odd": 1.179,
                "over_2.25_odd": 1.41,
                "over_2.75_odd": 1.73,
                "over_3.25_odd": 2.21,
                "over_3.75_odd": 2.875,
                "over_4.25_odd": 4.1,
                "over_4.75_odd": 5.65,
                "under_1.25_odd": 6.25,
                "under_1.75_odd": 4,
                "under_2.25_odd": 2.65,
                "under_2.75_odd": 1.97,
                "under_3.25_odd": 1.55,
                "under_3.75_odd": 1.32,
                "under_4.25_odd": 1.16,
                "under_4.75_odd": 1.078,
                "home_handicap_-2.5_odd": 9.1,
                "home_handicap_-2.0_odd": 8.3,
                "home_handicap_-1.5_odd": 4.2,
                "home_handicap_-1.0_odd": 3.38,
                "home_handicap_0.0_odd": 1.71,
                "home_handicap_1.0_odd": 1.128,
                "home_handicap_1.5_odd": 1.081,
                "home_handicap_2.0_odd": 1.03,
                "home_handicap_2.5_odd": 1.02,
                "away_handicap_2.5_odd": 1.004,
                "away_handicap_2.0_odd": 1.016,
                "away_handicap_1.5_odd": 1.152,
                "away_handicap_1.0_odd": 1.24,
                "away_handicap_0.0_odd": 2.08,
                "away_handicap_-1.0_odd": 4.65,
                "away_handicap_-1.5_odd": 5.55,
                "away_handicap_-2.0_odd": 9.2,
                "away_handicap_-2.5_odd": 10,
                "home_handicap_-1.75_odd": 5.45,
                "home_handicap_-1.25_odd": 3.82,
                "home_handicap_-0.75_odd": 2.59,
                "home_handicap_-0.25_odd": 1.93,
                "home_handicap_0.25_odd": 1.5,
                "home_handicap_0.75_odd": 1.26,
                "home_handicap_1.25_odd": 1.1,
                "home_handicap_1.75_odd": 1.031,
                "away_handicap_1.75_odd": 1.084,
                "away_handicap_1.25_odd": 1.186,
                "away_handicap_0.75_odd": 1.41,
                "away_handicap_0.25_odd": 1.75,
                "away_handicap_-0.25_odd": 2.36,
                "away_handicap_-0.75_odd": 3.32,
                "away_handicap_-1.25_odd": 5.1,
                "away_handicap_-1.75_odd": 7.4,
                "home_over_0.5_odd": 1.163,
                "home_over_1.0_odd": 1.31,
                "home_over_1.5_odd": 1.93,
                "home_over_2.0_odd": 3.04,
                "home_over_2.5_odd": 4.05,
                "home_over_3.0_odd": 8.5,
                "home_under_0.5_odd": 4.5,
                "home_under_1.0_odd": 3.08,
                "home_under_1.5_odd": 1.78,
                "home_under_2.0_odd": 1.32,
                "home_under_2.5_odd": 1.176,
                "home_under_3.0_odd": 1.012,
                "home_over_0.75_odd": 1.21,
                "home_over_1.25_odd": 1.63,
                "home_over_1.75_odd": 2.29,
                "home_over_2.25_odd": 3.48,
                "home_under_0.75_odd": 3.74,
                "home_under_1.25_odd": 2.14,
                "home_under_1.75_odd": 1.55,
                "home_under_2.25_odd": 1.24,
                "away_over_0.5_odd": 1.222,
                "away_over_1.0_odd": 1.444,
                "away_over_1.5_odd": 2.17,
                "away_over_2.0_odd": 3.84,
                "away_over_2.5_odd": 4.95,
                "away_under_0.5_odd": 3.8,
                "away_under_1.0_odd": 2.53,
                "away_under_1.5_odd": 1.61,
                "away_under_2.0_odd": 1.21,
                "away_under_2.5_odd": 1.115,
                "away_over_0.75_odd": 1.29,
                "away_over_1.25_odd": 1.83,
                "away_over_1.75_odd": 2.69,
                "away_over_2.25_odd": 4.45,
                "away_under_0.75_odd": 3.14,
                "away_under_1.25_odd": 1.87,
                "away_under_1.75_odd": 1.41,
                "away_under_2.25_odd": 1.153
            },
            {
                "match_id": 639157484,
                "date": "26/07/2025",
                "time": "13:00",
                "home_team": "Hillerod",
                "away_team": "AaB Fodbold",
                "1_odd": 2.32,
                "draw_odd": 3.5,
                "2_odd": 2.902,
                "1X_odd": 1.39,
                "12_odd": 1.285,
                "X2_odd": 1.59,
                "both_score_odd": 1.61,
                "both_noscore_odd": 2.2,
                "over_0.5_odd": 1.01,
                "over_1.0_odd": 1.05,
                "over_1.5_odd": 1.189,
                "over_2.0_odd": 1.32,
                "over_2.5_odd": 1.77,
                "over_3.0_odd": 2.24,
                "over_3.5_odd": 2.79,
                "over_4.0_odd": 4.6,
                "over_4.5_odd": 5.35,
                "over_5.0_odd": 8.5,
                "over_5.5_odd": 10.5,
                "over_6.5_odd": 23,
                "over_7.5_odd": 50,
                "under_0.5_odd": 11,
                "under_1.0_odd": 7.9,
                "under_1.5_odd": 3.8,
                "under_2.0_odd": 2.99,
                "under_2.5_odd": 2.01,
                "under_3.0_odd": 1.55,
                "under_3.5_odd": 1.34,
                "under_4.0_odd": 1.127,
                "under_4.5_odd": 1.089,
                "under_5.0_odd": 1.04,
                "under_5.5_odd": 1.01,
                "under_6.5_odd": 1.012,
                "under_7.5_odd": 1.002,
                "over_1.25_odd": 1.091,
                "over_1.75_odd": 1.25,
                "over_2.25_odd": 1.53,
                "over_2.75_odd": 1.92,
                "over_3.25_odd": 2.54,
                "over_3.75_odd": 3.42,
                "over_4.25_odd": 4.95,
                "over_4.75_odd": 6.85,
                "under_1.25_odd": 5.3,
                "under_1.75_odd": 3.35,
                "under_2.25_odd": 2.31,
                "under_2.75_odd": 1.77,
                "under_3.25_odd": 1.42,
                "under_3.75_odd": 1.23,
                "under_4.25_odd": 1.106,
                "under_4.75_odd": 1.042,
                "home_handicap_-2.5_odd": 9.2,
                "home_handicap_-2.0_odd": 8.7,
                "home_handicap_-1.5_odd": 4.35,
                "home_handicap_-1.0_odd": 3.46,
                "home_handicap_0.0_odd": 1.69,
                "home_handicap_1.0_odd": 1.11,
                "home_handicap_1.5_odd": 1.067,
                "home_handicap_2.0_odd": 1.02,
                "home_handicap_2.5_odd": 1.01,
                "away_handicap_2.5_odd": 1.03,
                "away_handicap_2.0_odd": 1.009,
                "away_handicap_1.5_odd": 1.142,
                "away_handicap_1.0_odd": 1.23,
                "away_handicap_0.0_odd": 2.11,
                "away_handicap_-1.0_odd": 5,
                "away_handicap_-1.5_odd": 5.95,
                "away_handicap_-2.0_odd": 10,
                "away_handicap_-2.5_odd": 11,
                "home_handicap_-1.75_odd": 5.7,
                "home_handicap_-1.25_odd": 3.92,
                "home_handicap_-0.75_odd": 2.62,
                "home_handicap_-0.25_odd": 1.93,
                "home_handicap_0.25_odd": 1.48,
                "home_handicap_0.75_odd": 1.24,
                "home_handicap_1.25_odd": 1.084,
                "home_handicap_1.75_odd": 1.02,
                "away_handicap_1.75_odd": 1.075,
                "away_handicap_1.25_odd": 1.176,
                "away_handicap_0.75_odd": 1.4,
                "away_handicap_0.25_odd": 1.75,
                "away_handicap_-0.25_odd": 2.42,
                "away_handicap_-0.75_odd": 3.45,
                "away_handicap_-1.25_odd": 5.45,
                "away_handicap_-1.75_odd": 8,
                "home_over_0.5_odd": 1.23,
                "home_over_1.0_odd": 1.43,
                "home_over_1.5_odd": 2.1,
                "home_over_2.5_odd": 4.7,
                "home_over_3.5_odd": 11.5,
                "home_under_0.5_odd": 3.8,
                "home_under_1.0_odd": 2.6,
                "home_under_1.5_odd": 1.65,
                "home_under_2.5_odd": 1.15,
                "home_under_3.5_odd": 1.01,
                "home_over_0.75_odd": 1.26,
                "home_over_1.25_odd": 1.74,
                "home_over_1.75_odd": 2.49,
                "home_over_2.25_odd": 4.05,
                "home_under_0.75_odd": 3.34,
                "home_under_1.25_odd": 1.98,
                "home_under_1.75_odd": 1.47,
                "home_under_2.25_odd": 1.184,
                "away_over_0.5_odd": 1.28,
                "away_over_1.0_odd": 1.55,
                "away_over_1.5_odd": 2.3,
                "away_over_2.5_odd": 5.5,
                "away_under_0.5_odd": 3.4,
                "away_under_1.0_odd": 2.3,
                "away_under_1.5_odd": 1.54,
                "away_under_2.5_odd": 1.11,
                "away_over_0.75_odd": 1.38,
                "away_over_1.25_odd": 2,
                "away_over_1.75_odd": 2.98,
                "away_over_2.75_odd": 7.9,
                "away_under_0.75_odd": 2.8,
                "away_under_1.25_odd": 1.72,
                "away_under_1.75_odd": 1.32,
                "away_under_2.75_odd": 1.021
            },
            {
                "match_id": 639816395,
                "date": "27/07/2025",
                "time": "13:00",
                "home_team": "Hobro",
                "away_team": "Middelfart G&BK",
                "1_odd": 2.01,
                "draw_odd": 3.56,
                "2_odd": 3.535,
                "1X_odd": 1.28,
                "12_odd": 1.28,
                "X2_odd": 1.79,
                "both_score_odd": 1.666,
                "both_noscore_odd": 2.106,
                "over_0.5_odd": 1.01,
                "over_1.0_odd": 1.05,
                "over_1.5_odd": 1.197,
                "over_2.0_odd": 1.35,
                "over_2.5_odd": 1.81,
                "over_3.0_odd": 2.35,
                "over_3.5_odd": 2.93,
                "over_4.0_odd": 5.05,
                "over_4.5_odd": 5.9,
                "over_5.0_odd": 8.6,
                "over_5.5_odd": 11,
                "over_6.5_odd": 26,
                "over_7.5_odd": 50,
                "under_0.5_odd": 11,
                "under_1.0_odd": 7.9,
                "under_1.5_odd": 3.72,
                "under_2.0_odd": 2.85,
                "under_2.5_odd": 1.96,
                "under_3.0_odd": 1.5,
                "under_3.5_odd": 1.31,
                "under_4.0_odd": 1.103,
                "under_4.5_odd": 1.069,
                "under_5.0_odd": 1.04,
                "under_5.5_odd": 1.01,
                "under_6.5_odd": 1.01,
                "under_7.5_odd": 1.002,
                "over_1.25_odd": 1.094,
                "over_1.75_odd": 1.26,
                "over_2.25_odd": 1.56,
                "over_2.75_odd": 1.98,
                "over_3.25_odd": 2.64,
                "over_3.75_odd": 3.58,
                "over_4.25_odd": 5.45,
                "over_4.75_odd": 7.7,
                "under_1.25_odd": 5.25,
                "under_1.75_odd": 3.28,
                "under_2.25_odd": 2.25,
                "under_2.75_odd": 1.72,
                "under_3.25_odd": 1.39,
                "under_3.75_odd": 1.21,
                "under_4.25_odd": 1.085,
                "under_4.75_odd": 1.025,
                "home_handicap_-2.5_odd": 8.3,
                "home_handicap_-2.0_odd": 7.2,
                "home_handicap_-1.5_odd": 3.68,
                "home_handicap_-1.0_odd": 2.84,
                "home_handicap_0.0_odd": 1.47,
                "home_handicap_1.0_odd": 1.042,
                "home_handicap_1.5_odd": 1.016,
                "away_handicap_2.5_odd": 1.015,
                "away_handicap_2.0_odd": 1.034,
                "away_handicap_1.5_odd": 1.2,
                "away_handicap_1.0_odd": 1.333,
                "away_handicap_0.0_odd": 2.59,
                "away_handicap_-1.0_odd": 7.1,
                "away_handicap_-1.5_odd": 8.3,
                "home_handicap_-2.25_odd": 7.8,
                "home_handicap_-1.75_odd": 4.75,
                "home_handicap_-1.25_odd": 3.22,
                "home_handicap_-0.75_odd": 2.24,
                "home_handicap_-0.25_odd": 1.69,
                "home_handicap_0.25_odd": 1.33,
                "home_handicap_0.75_odd": 1.148,
                "home_handicap_1.25_odd": 1.026,
                "away_handicap_2.25_odd": 1.024,
                "away_handicap_1.75_odd": 1.117,
                "away_handicap_1.25_odd": 1.26,
                "away_handicap_0.75_odd": 1.54,
                "away_handicap_0.25_odd": 2.01,
                "away_handicap_-0.25_odd": 2.96,
                "away_handicap_-0.75_odd": 4.45,
                "away_handicap_-1.25_odd": 7.7,
                "home_over_0.5_odd": 1.157,
                "home_over_1.0_odd": 1.31,
                "home_over_1.5_odd": 1.93,
                "home_over_2.0_odd": 3.08,
                "home_over_2.5_odd": 4.1,
                "home_over_3.0_odd": 9,
                "home_under_0.5_odd": 4.6,
                "home_under_1.0_odd": 3.08,
                "home_under_1.5_odd": 1.78,
                "home_under_2.0_odd": 1.31,
                "home_under_2.5_odd": 1.169,
                "home_under_3.0_odd": 1.005,
                "home_over_0.75_odd": 1.21,
                "home_over_1.25_odd": 1.63,
                "home_over_1.75_odd": 2.29,
                "home_over_2.25_odd": 3.56,
                "home_under_0.75_odd": 3.74,
                "home_under_1.25_odd": 2.14,
                "home_under_1.75_odd": 1.55,
                "home_under_2.25_odd": 1.23,
                "away_over_0.5_odd": 1.36,
                "away_over_1.0_odd": 1.83,
                "away_over_1.5_odd": 2.84,
                "away_over_2.0_odd": 6.3,
                "away_over_2.5_odd": 7.8,
                "away_under_0.5_odd": 2.89,
                "away_under_1.0_odd": 1.87,
                "away_under_1.5_odd": 1.36,
                "away_under_2.0_odd": 1.063,
                "away_under_2.5_odd": 1.024,
                "away_over_0.75_odd": 1.51,
                "away_over_1.25_odd": 2.34,
                "away_over_1.75_odd": 3.74,
                "away_under_0.75_odd": 2.39,
                "away_under_1.25_odd": 1.53,
                "away_under_1.75_odd": 1.21
            }
        ]
    },
    {
        "tournament_id": 8773,
        "tournament_name": "Superliga",
        "matches": [
            {
                "match_id": 639009516,
                "date": "25/07/2025",
                "time": "18:00",
                "home_team": "AGF Aarhus",
                "away_team": "Randers",
                "1_odd": 2.07,
                "draw_odd": 3.52,
                "2_odd": 3.525,
                "1X_odd": 1.3,
                "12_odd": 1.3,
                "X2_odd": 1.77,
                "both_score_odd": 1.74,
                "both_noscore_odd": 1.999,
                "over_0.5_odd": 1.003,
                "over_1.0_odd": 1.004,
                "over_1.5_odd": 1.25,
                "over_2.0_odd": 1.43,
                "over_2.5_odd": 1.93,
                "over_3.0_odd": 2.61,
                "over_3.5_odd": 3.25,
                "over_4.0_odd": 5.75,
                "over_4.5_odd": 6.65,
                "over_5.0_odd": 10.5,
                "over_5.5_odd": 13.5,
                "over_6.5_odd": 29,
                "under_0.5_odd": 9.6,
                "under_1.0_odd": 9.1,
                "under_1.5_odd": 3.4,
                "under_2.0_odd": 2.61,
                "under_2.5_odd": 1.87,
                "under_3.0_odd": 1.43,
                "under_3.5_odd": 1.27,
                "under_4.0_odd": 1.074,
                "under_4.5_odd": 1.047,
                "under_5.0_odd": 1.03,
                "under_5.5_odd": 1.01,
                "under_6.5_odd": 1.007,
                "over_1.25_odd": 1.123,
                "over_1.75_odd": 1.32,
                "over_2.25_odd": 1.666,
                "over_2.75_odd": 2.16,
                "over_3.25_odd": 2.95,
                "over_3.75_odd": 4.1,
                "over_4.25_odd": 6.2,
                "over_4.75_odd": 8.8,
                "under_1.25_odd": 4.75,
                "under_1.75_odd": 3.02,
                "under_2.25_odd": 2.1,
                "under_2.75_odd": 1.63,
                "under_3.25_odd": 1.333,
                "under_3.75_odd": 1.168,
                "under_4.25_odd": 1.059,
                "under_4.75_odd": 1.008,
                "home_handicap_-2.5_odd": 9,
                "home_handicap_-2.0_odd": 7.9,
                "home_handicap_-1.5_odd": 3.86,
                "home_handicap_-1.0_odd": 2.99,
                "home_handicap_0.0_odd": 1.5,
                "home_handicap_1.0_odd": 1.05,
                "home_handicap_1.5_odd": 1.016,
                "away_handicap_2.5_odd": 1.006,
                "away_handicap_2.0_odd": 1.022,
                "away_handicap_1.5_odd": 1.183,
                "away_handicap_1.0_odd": 1.32,
                "away_handicap_0.0_odd": 2.54,
                "away_handicap_-1.0_odd": 7.2,
                "away_handicap_-1.5_odd": 8.3,
                "home_handicap_-2.25_odd": 8.5,
                "home_handicap_-1.75_odd": 5.05,
                "home_handicap_-1.25_odd": 3.42,
                "home_handicap_-0.75_odd": 2.31,
                "home_handicap_-0.25_odd": 1.73,
                "home_handicap_0.25_odd": 1.35,
                "home_handicap_0.75_odd": 1.159,
                "home_handicap_1.25_odd": 1.031,
                "away_handicap_2.25_odd": 1.013,
                "away_handicap_1.75_odd": 1.102,
                "away_handicap_1.25_odd": 1.24,
                "away_handicap_0.75_odd": 1.53,
                "away_handicap_0.25_odd": 1.99,
                "away_handicap_-0.25_odd": 2.94,
                "away_handicap_-0.75_odd": 4.5,
                "away_handicap_-1.25_odd": 7.8,
                "home_over_0.5_odd": 1.181,
                "home_over_1.0_odd": 1.39,
                "home_over_1.5_odd": 2.08,
                "home_over_2.0_odd": 3.52,
                "home_over_2.5_odd": 4.65,
                "home_over_3.0_odd": 10.7,
                "home_under_0.5_odd": 4.25,
                "home_under_1.0_odd": 2.89,
                "home_under_1.5_odd": 1.727,
                "home_under_2.0_odd": 1.28,
                "home_under_2.5_odd": 1.162,
                "home_under_3.0_odd": 1.005,
                "home_over_0.75_odd": 1.26,
                "home_over_1.25_odd": 1.75,
                "home_over_1.75_odd": 2.52,
                "home_over_2.25_odd": 3.98,
                "home_under_0.75_odd": 3.6,
                "home_under_1.25_odd": 2.05,
                "home_under_1.75_odd": 1.51,
                "home_under_2.25_odd": 1.22,
                "away_over_0.5_odd": 1.38,
                "away_over_1.0_odd": 1.95,
                "away_over_1.5_odd": 3.04,
                "away_over_2.0_odd": 7.1,
                "away_over_2.5_odd": 8.7,
                "away_under_0.5_odd": 2.8,
                "away_under_1.0_odd": 1.83,
                "away_under_1.5_odd": 1.36,
                "away_under_2.0_odd": 1.069,
                "away_under_2.5_odd": 1.033,
                "away_over_0.75_odd": 1.58,
                "away_over_1.25_odd": 2.52,
                "away_over_1.75_odd": 4.1,
                "away_over_2.25_odd": 7.3,
                "away_under_0.75_odd": 2.34,
                "away_under_1.25_odd": 1.51,
                "away_under_1.75_odd": 1.21,
                "away_under_2.25_odd": 1.07
            },
            {
                "match_id": 638878772,
                "date": "26/07/2025",
                "time": "17:00",
                "home_team": "Copenhagen",
                "away_team": "Vejle",
                "1_odd": 1.295,
                "draw_odd": 5.65,
                "2_odd": 9.7,
                "1X_odd": 1.048,
                "12_odd": 1.14,
                "X2_odd": 3.62,
                "both_score_odd": 1.94,
                "both_noscore_odd": 1.787,
                "over_0.5_odd": 1.019,
                "over_1.0_odd": 1.02,
                "over_1.5_odd": 1.134,
                "over_2.0_odd": 1.21,
                "over_2.5_odd": 1.52,
                "over_3.0_odd": 1.86,
                "over_3.5_odd": 2.42,
                "over_4.0_odd": 3.38,
                "over_4.5_odd": 3.95,
                "over_5.0_odd": 6.4,
                "over_5.5_odd": 7,
                "over_6.5_odd": 17,
                "over_7.5_odd": 29,
                "under_0.5_odd": 14.8,
                "under_1.0_odd": 11,
                "under_1.5_odd": 4.5,
                "under_2.0_odd": 3.58,
                "under_2.5_odd": 2.29,
                "under_3.0_odd": 1.84,
                "under_3.5_odd": 1.56,
                "under_4.0_odd": 1.27,
                "under_4.5_odd": 1.188,
                "under_5.0_odd": 1.053,
                "under_5.5_odd": 1.039,
                "under_6.5_odd": 1.025,
                "under_7.5_odd": 1.007,
                "over_1.75_odd": 1.163,
                "over_2.25_odd": 1.36,
                "over_2.75_odd": 1.66,
                "over_3.25_odd": 2.11,
                "over_3.75_odd": 2.72,
                "over_4.25_odd": 3.62,
                "over_4.75_odd": 4.8,
                "over_5.25_odd": 6.7,
                "under_1.75_odd": 4.1,
                "under_2.25_odd": 2.74,
                "under_2.75_odd": 2.06,
                "under_3.25_odd": 1.66,
                "under_3.75_odd": 1.41,
                "under_4.25_odd": 1.23,
                "under_4.75_odd": 1.12,
                "under_5.25_odd": 1.046,
                "home_handicap_-4.5_odd": 11,
                "home_handicap_-4.0_odd": 9,
                "home_handicap_-3.5_odd": 5.2,
                "home_handicap_-3.0_odd": 4.55,
                "home_handicap_-2.5_odd": 2.875,
                "home_handicap_-2.0_odd": 2.34,
                "home_handicap_-1.5_odd": 1.833,
                "home_handicap_-1.0_odd": 1.39,
                "home_handicap_0.0_odd": 1.049,
                "away_handicap_4.5_odd": 1.02,
                "away_handicap_4.0_odd": 1.006,
                "away_handicap_3.5_odd": 1.096,
                "away_handicap_3.0_odd": 1.13,
                "away_handicap_2.5_odd": 1.333,
                "away_handicap_2.0_odd": 1.52,
                "away_handicap_1.5_odd": 1.95,
                "away_handicap_1.0_odd": 2.73,
                "away_handicap_0.0_odd": 6.65,
                "home_handicap_-3.75_odd": 6.5,
                "home_handicap_-3.25_odd": 4.85,
                "home_handicap_-2.75_odd": 3.44,
                "home_handicap_-2.25_odd": 2.61,
                "home_handicap_-1.75_odd": 2.01,
                "home_handicap_-1.25_odd": 1.6,
                "home_handicap_-0.75_odd": 1.31,
                "home_handicap_-0.25_odd": 1.145,
                "away_handicap_3.75_odd": 1.051,
                "away_handicap_3.25_odd": 1.112,
                "away_handicap_2.75_odd": 1.23,
                "away_handicap_2.25_odd": 1.41,
                "away_handicap_1.75_odd": 1.72,
                "away_handicap_1.25_odd": 2.2,
                "away_handicap_0.75_odd": 3.04,
                "away_handicap_0.25_odd": 4.45,
                "home_over_0.5_odd": 1.062,
                "home_over_1.5_odd": 1.364,
                "home_over_2.5_odd": 2.1,
                "home_over_3.5_odd": 4,
                "home_over_4.5_odd": 9,
                "home_over_5.5_odd": 19,
                "home_over_6.5_odd": 41,
                "home_under_0.5_odd": 10,
                "home_under_1.5_odd": 3,
                "home_under_2.5_odd": 1.667,
                "home_under_3.5_odd": 1.222,
                "home_under_4.5_odd": 1.071,
                "home_under_5.5_odd": 1.02,
                "home_under_6.5_odd": 1.004,
                "home_over_1.75_odd": 1.46,
                "home_over_2.25_odd": 1.89,
                "home_over_2.75_odd": 2.52,
                "home_over_3.25_odd": 3.45,
                "home_under_1.75_odd": 2.59,
                "home_under_2.25_odd": 1.89,
                "home_under_2.75_odd": 1.51,
                "home_under_3.25_odd": 1.28,
                "away_over_0.5_odd": 1.727,
                "away_over_1.5_odd": 5,
                "away_over_2.5_odd": 17,
                "away_over_3.5_odd": 50,
                "away_under_0.5_odd": 2,
                "away_under_1.5_odd": 1.167,
                "away_under_2.5_odd": 1.025,
                "away_under_3.5_odd": 1.002,
                "away_over_0.75_odd": 2.24,
                "away_over_1.25_odd": 4.45,
                "away_over_1.75_odd": 7.3,
                "away_under_0.75_odd": 1.63,
                "away_under_1.25_odd": 1.2,
                "away_under_1.75_odd": 1.071
            },
            {
                "match_id": 639009513,
                "date": "27/07/2025",
                "time": "13:00",
                "home_team": "Odense",
                "away_team": "Viborg",
                "1_odd": 2.05,
                "draw_odd": 3.7,
                "2_odd": 3.405,
                "1X_odd": 1.32,
                "12_odd": 1.28,
                "X2_odd": 1.78,
                "both_score_odd": 1.52,
                "both_noscore_odd": 2.395,
                "over_0.5_odd": 1.01,
                "over_1.0_odd": 1.03,
                "over_1.5_odd": 1.147,
                "over_2.0_odd": 1.24,
                "over_2.5_odd": 1.63,
                "over_3.0_odd": 1.96,
                "over_3.5_odd": 2.44,
                "over_4.0_odd": 3.68,
                "over_4.5_odd": 4.4,
                "over_5.0_odd": 7.8,
                "over_5.5_odd": 8.5,
                "over_6.5_odd": 19,
                "over_7.5_odd": 41,
                "under_0.5_odd": 13.5,
                "under_1.0_odd": 9.9,
                "under_1.5_odd": 4.5,
                "under_2.0_odd": 3.62,
                "under_2.5_odd": 2.27,
                "under_3.0_odd": 1.75,
                "under_3.5_odd": 1.46,
                "under_4.0_odd": 1.2,
                "under_4.5_odd": 1.141,
                "under_5.0_odd": 1.024,
                "under_5.5_odd": 1.013,
                "under_6.5_odd": 1.02,
                "under_7.5_odd": 1.004,
                "over_1.25_odd": 1.062,
                "over_1.75_odd": 1.188,
                "over_2.25_odd": 1.42,
                "over_2.75_odd": 1.74,
                "over_3.25_odd": 2.21,
                "over_3.75_odd": 2.875,
                "over_4.25_odd": 4,
                "over_4.75_odd": 5.5,
                "under_1.25_odd": 6.3,
                "under_1.75_odd": 4.05,
                "under_2.25_odd": 2.68,
                "under_2.75_odd": 1.99,
                "under_3.25_odd": 1.571,
                "under_3.75_odd": 1.33,
                "under_4.25_odd": 1.168,
                "under_4.75_odd": 1.083,
                "home_handicap_-3.0_odd": 13,
                "home_handicap_-2.5_odd": 7.2,
                "home_handicap_-2.0_odd": 6.4,
                "home_handicap_-1.5_odd": 3.5,
                "home_handicap_-1.0_odd": 2.8,
                "home_handicap_0.0_odd": 1.51,
                "home_handicap_1.0_odd": 1.078,
                "home_handicap_1.5_odd": 1.041,
                "away_handicap_3.0_odd": 1.01,
                "away_handicap_2.5_odd": 1.034,
                "away_handicap_2.0_odd": 1.054,
                "away_handicap_1.5_odd": 1.222,
                "away_handicap_1.0_odd": 1.36,
                "away_handicap_0.0_odd": 2.52,
                "away_handicap_-1.0_odd": 6.1,
                "away_handicap_-1.5_odd": 6.95,
                "home_handicap_-1.75_odd": 4.45,
                "home_handicap_-1.25_odd": 3.15,
                "home_handicap_-0.75_odd": 2.25,
                "home_handicap_-0.25_odd": 1.727,
                "home_handicap_0.25_odd": 1.37,
                "home_handicap_0.75_odd": 1.185,
                "home_handicap_1.25_odd": 1.058,
                "home_handicap_1.75_odd": 1.002,
                "away_handicap_1.75_odd": 1.137,
                "away_handicap_1.25_odd": 1.28,
                "away_handicap_0.75_odd": 1.56,
                "away_handicap_0.25_odd": 2,
                "away_handicap_-0.25_odd": 2.85,
                "away_handicap_-0.75_odd": 4.15,
                "away_handicap_-1.25_odd": 6.55,
                "away_handicap_-1.75_odd": 9.4,
                "home_over_0.5_odd": 1.129,
                "home_over_1.0_odd": 1.26,
                "home_over_1.5_odd": 1.82,
                "home_over_2.0_odd": 2.68,
                "home_over_2.5_odd": 3.54,
                "home_over_3.0_odd": 7,
                "home_over_3.5_odd": 8,
                "home_under_0.5_odd": 5.1,
                "home_under_1.0_odd": 3.68,
                "home_under_1.5_odd": 1.96,
                "home_under_2.0_odd": 1.444,
                "home_under_2.5_odd": 1.26,
                "home_under_3.0_odd": 1.057,
                "home_under_3.5_odd": 1.031,
                "home_over_0.75_odd": 1.182,
                "home_over_1.25_odd": 1.55,
                "home_over_1.75_odd": 2.11,
                "home_over_2.25_odd": 3.14,
                "home_under_0.75_odd": 4.45,
                "home_under_1.25_odd": 2.41,
                "home_under_1.75_odd": 1.71,
                "home_under_2.25_odd": 1.33,
                "away_over_0.5_odd": 1.28,
                "away_over_1.0_odd": 1.63,
                "away_over_1.5_odd": 2.45,
                "away_over_2.0_odd": 4.75,
                "away_over_2.5_odd": 6,
                "away_under_0.5_odd": 3.34,
                "away_under_1.0_odd": 2.24,
                "away_under_1.5_odd": 1.52,
                "away_under_2.0_odd": 1.154,
                "away_under_2.5_odd": 1.092,
                "away_over_0.75_odd": 1.41,
                "away_over_1.25_odd": 2.05,
                "away_over_1.75_odd": 3.125,
                "away_over_2.75_odd": 8.3,
                "away_under_0.75_odd": 2.85,
                "away_under_1.25_odd": 1.75,
                "away_under_1.75_odd": 1.333,
                "away_under_2.75_odd": 1.033
            },
            {
                "match_id": 639009992,
                "date": "27/07/2025",
                "time": "15:00",
                "home_team": "Silkeborg",
                "away_team": "Fredericia",
                "1_odd": 1.72,
                "draw_odd": 3.94,
                "2_odd": 4.62,
                "1X_odd": 1.188,
                "12_odd": 1.25,
                "X2_odd": 2.15,
                "both_score_odd": 1.64,
                "both_noscore_odd": 2.148,
                "over_0.5_odd": 1.01,
                "over_1.0_odd": 1.03,
                "over_1.5_odd": 1.157,
                "over_2.0_odd": 1.27,
                "over_2.5_odd": 1.68,
                "over_3.0_odd": 2.05,
                "over_3.5_odd": 2.6,
                "over_4.0_odd": 4.05,
                "over_4.5_odd": 4.8,
                "over_5.0_odd": 9,
                "over_5.5_odd": 9.2,
                "over_6.5_odd": 21,
                "over_7.5_odd": 41,
                "under_0.5_odd": 13,
                "under_1.0_odd": 9.8,
                "under_1.5_odd": 4.33,
                "under_2.0_odd": 3.38,
                "under_2.5_odd": 2.18,
                "under_3.0_odd": 1.68,
                "under_3.5_odd": 1.41,
                "under_4.0_odd": 1.165,
                "under_4.5_odd": 1.114,
                "under_5.0_odd": 1.005,
                "under_5.5_odd": 1.04,
                "under_6.5_odd": 1.015,
                "under_7.5_odd": 1.004,
                "over_1.25_odd": 1.066,
                "over_1.75_odd": 1.21,
                "over_2.25_odd": 1.46,
                "over_2.75_odd": 1.81,
                "over_3.25_odd": 2.32,
                "over_3.75_odd": 3.1,
                "over_4.25_odd": 4.45,
                "over_4.75_odd": 6.15,
                "under_1.25_odd": 6.15,
                "under_1.75_odd": 3.82,
                "under_2.25_odd": 2.55,
                "under_2.75_odd": 1.909,
                "under_3.25_odd": 1.52,
                "under_3.75_odd": 1.285,
                "under_4.25_odd": 1.137,
                "under_4.75_odd": 1.06,
                "home_handicap_-3.5_odd": 11,
                "home_handicap_-3.0_odd": 9.8,
                "home_handicap_-2.5_odd": 5.55,
                "home_handicap_-2.0_odd": 4.75,
                "home_handicap_-1.5_odd": 2.81,
                "home_handicap_-1.0_odd": 2.21,
                "home_handicap_0.0_odd": 1.25,
                "home_handicap_1.0_odd": 1.06,
                "home_handicap_1.5_odd": 1.04,
                "away_handicap_3.5_odd": 1.02,
                "away_handicap_3.0_odd": 1.03,
                "away_handicap_2.5_odd": 1.08,
                "away_handicap_2.0_odd": 1.128,
                "away_handicap_1.5_odd": 1.37,
                "away_handicap_1.0_odd": 1.65,
                "away_handicap_0.0_odd": 3.42,
                "away_handicap_-1.0_odd": 8.2,
                "away_handicap_-1.5_odd": 9.3,
                "home_handicap_-2.75_odd": 7.4,
                "home_handicap_-2.25_odd": 5.15,
                "home_handicap_-1.75_odd": 3.42,
                "home_handicap_-1.25_odd": 2.5,
                "home_handicap_-0.75_odd": 1.85,
                "home_handicap_-0.25_odd": 1.45,
                "home_handicap_0.25_odd": 1.189,
                "home_handicap_0.75_odd": 1.068,
                "away_handicap_2.75_odd": 1.03,
                "away_handicap_2.25_odd": 1.099,
                "away_handicap_1.75_odd": 1.25,
                "away_handicap_1.25_odd": 1.47,
                "away_handicap_0.75_odd": 1.86,
                "away_handicap_0.25_odd": 2.52,
                "away_handicap_-0.25_odd": 3.9,
                "away_handicap_-0.75_odd": 5.95,
                "home_over_0.5_odd": 1.09,
                "home_over_1.0_odd": 1.188,
                "home_over_1.5_odd": 1.68,
                "home_over_2.0_odd": 2.29,
                "home_over_2.5_odd": 3.08,
                "home_over_3.0_odd": 5.85,
                "home_over_3.5_odd": 6.9,
                "home_under_0.5_odd": 6.1,
                "home_under_1.0_odd": 4.5,
                "home_under_1.5_odd": 2.16,
                "home_under_2.0_odd": 1.59,
                "home_under_2.5_odd": 1.33,
                "home_under_3.0_odd": 1.09,
                "home_under_3.5_odd": 1.053,
                "home_over_0.75_odd": 1.132,
                "home_over_1.25_odd": 1.44,
                "home_over_1.75_odd": 1.9,
                "home_over_2.25_odd": 2.69,
                "home_under_0.75_odd": 5.35,
                "home_under_1.25_odd": 2.74,
                "home_under_1.75_odd": 1.88,
                "home_under_2.25_odd": 1.43,
                "away_over_0.5_odd": 1.41,
                "away_over_1.0_odd": 2.05,
                "away_over_1.5_odd": 3.2,
                "away_over_2.0_odd": 7.7,
                "away_over_2.5_odd": 9.3,
                "away_under_0.5_odd": 2.69,
                "away_under_1.0_odd": 1.75,
                "away_under_1.5_odd": 1.33,
                "away_under_2.0_odd": 1.056,
                "away_under_2.5_odd": 1.025,
                "away_over_0.75_odd": 1.63,
                "away_over_1.25_odd": 2.64,
                "away_over_1.75_odd": 4.33,
                "away_over_2.25_odd": 7.5,
                "away_under_0.75_odd": 2.24,
                "away_under_1.25_odd": 1.47,
                "away_under_1.75_odd": 1.19,
                "away_under_2.25_odd": 1.07
            },
            {
                "match_id": 638878775,
                "date": "27/07/2025",
                "time": "17:00",
                "home_team": "Nordsjaelland",
                "away_team": "Brondby",
                "1_odd": 2.833,
                "draw_odd": 3.72,
                "2_odd": 2.32,
                "1X_odd": 1.615,
                "12_odd": 1.28,
                "X2_odd": 1.43,
                "both_score_odd": 1.44,
                "both_noscore_odd": 2.622,
                "over_0.5_odd": 1.018,
                "over_1.0_odd": 1.02,
                "over_1.5_odd": 1.113,
                "over_2.0_odd": 1.173,
                "over_2.5_odd": 1.48,
                "over_3.0_odd": 1.79,
                "over_3.5_odd": 2.31,
                "over_4.0_odd": 3.2,
                "over_4.5_odd": 3.72,
                "over_5.0_odd": 6.2,
                "over_5.5_odd": 6.8,
                "over_6.5_odd": 17,
                "over_7.5_odd": 29,
                "under_0.5_odd": 14.9,
                "under_1.0_odd": 11,
                "under_1.5_odd": 4.85,
                "under_2.0_odd": 3.95,
                "under_2.5_odd": 2.39,
                "under_3.0_odd": 1.909,
                "under_3.5_odd": 1.61,
                "under_4.0_odd": 1.3,
                "under_4.5_odd": 1.21,
                "under_5.0_odd": 1.059,
                "under_5.5_odd": 1.043,
                "under_6.5_odd": 1.025,
                "under_7.5_odd": 1.007,
                "over_1.75_odd": 1.139,
                "over_2.25_odd": 1.33,
                "over_2.75_odd": 1.61,
                "over_3.25_odd": 2.02,
                "over_3.75_odd": 2.62,
                "over_4.25_odd": 3.46,
                "over_4.75_odd": 4.65,
                "over_5.25_odd": 6.55,
                "under_1.75_odd": 4.4,
                "under_2.25_odd": 2.875,
                "under_2.75_odd": 2.14,
                "under_3.25_odd": 1.72,
                "under_3.75_odd": 1.44,
                "under_4.25_odd": 1.25,
                "under_4.75_odd": 1.13,
                "under_5.25_odd": 1.05,
                "home_handicap_-2.5_odd": 11,
                "home_handicap_-2.0_odd": 10,
                "home_handicap_-1.5_odd": 5.2,
                "home_handicap_-1.0_odd": 4.45,
                "home_handicap_0.0_odd": 2.09,
                "home_handicap_1.0_odd": 1.27,
                "home_handicap_1.5_odd": 1.172,
                "home_handicap_2.0_odd": 1.034,
                "home_handicap_2.5_odd": 1.02,
                "away_handicap_2.5_odd": 1.02,
                "away_handicap_2.0_odd": 1.03,
                "away_handicap_1.5_odd": 1.097,
                "away_handicap_1.0_odd": 1.152,
                "away_handicap_0.0_odd": 1.72,
                "away_handicap_-1.0_odd": 3.28,
                "away_handicap_-1.5_odd": 3.98,
                "away_handicap_-2.0_odd": 7.2,
                "away_handicap_-2.5_odd": 8,
                "home_handicap_-1.75_odd": 6.75,
                "home_handicap_-1.25_odd": 4.85,
                "home_handicap_-0.75_odd": 3.28,
                "home_handicap_-0.25_odd": 2.375,
                "home_handicap_0.25_odd": 1.77,
                "home_handicap_0.75_odd": 1.43,
                "home_handicap_1.25_odd": 1.22,
                "home_handicap_1.75_odd": 1.102,
                "away_handicap_1.75_odd": 1.045,
                "away_handicap_1.25_odd": 1.121,
                "away_handicap_0.75_odd": 1.28,
                "away_handicap_0.25_odd": 1.52,
                "away_handicap_-0.25_odd": 1.94,
                "away_handicap_-0.75_odd": 2.58,
                "away_handicap_-1.25_odd": 3.6,
                "away_handicap_-1.75_odd": 5.05,
                "home_over_0.5_odd": 1.197,
                "home_over_1.0_odd": 1.41,
                "home_over_1.5_odd": 2.08,
                "home_over_2.0_odd": 3.44,
                "home_over_2.5_odd": 4.45,
                "home_over_3.0_odd": 9.3,
                "home_over_3.5_odd": 10.2,
                "home_under_0.5_odd": 4.1,
                "home_under_1.0_odd": 2.81,
                "home_under_1.5_odd": 1.727,
                "home_under_2.0_odd": 1.29,
                "home_under_2.5_odd": 1.173,
                "home_under_3.0_odd": 1.019,
                "home_under_3.5_odd": 1.004,
                "home_over_0.75_odd": 1.28,
                "home_over_1.25_odd": 1.76,
                "home_over_1.75_odd": 2.52,
                "home_over_2.25_odd": 3.98,
                "home_under_0.75_odd": 3.45,
                "home_under_1.25_odd": 2.04,
                "home_under_1.75_odd": 1.51,
                "home_under_2.25_odd": 1.22,
                "away_over_0.5_odd": 1.145,
                "away_over_1.0_odd": 1.285,
                "away_over_1.5_odd": 1.86,
                "away_over_2.0_odd": 2.77,
                "away_over_2.5_odd": 3.62,
                "away_over_3.0_odd": 7.2,
                "away_over_3.5_odd": 8,
                "away_under_0.5_odd": 4.8,
                "away_under_1.0_odd": 3.48,
                "away_under_1.5_odd": 1.92,
                "away_under_2.0_odd": 1.42,
                "away_under_2.5_odd": 1.25,
                "away_under_3.0_odd": 1.054,
                "away_under_3.5_odd": 1.031,
                "away_over_0.75_odd": 1.21,
                "away_over_1.25_odd": 1.58,
                "away_over_1.75_odd": 2.15,
                "away_over_2.25_odd": 3.2,
                "away_under_0.75_odd": 4.1,
                "away_under_1.25_odd": 2.34,
                "away_under_1.75_odd": 1.68,
                "away_under_2.25_odd": 1.32
            },
            {
                "match_id": 638927327,
                "date": "28/07/2025",
                "time": "18:00",
                "home_team": "Midtjylland",
                "away_team": "SonderjyskE",
                "1_odd": 1.44,
                "draw_odd": 5.05,
                "2_odd": 6.27,
                "1X_odd": 1.115,
                "12_odd": 1.168,
                "X2_odd": 2.82,
                "both_score_odd": 1.55,
                "both_noscore_odd": 2.323,
                "over_0.5_odd": 1.009,
                "over_1.0_odd": 1.01,
                "over_1.5_odd": 1.075,
                "over_2.0_odd": 1.115,
                "over_2.5_odd": 1.38,
                "over_3.0_odd": 1.59,
                "over_3.5_odd": 2.06,
                "over_4.0_odd": 2.68,
                "over_4.5_odd": 3.2,
                "over_5.0_odd": 5.05,
                "over_5.5_odd": 5.65,
                "over_6.5_odd": 13,
                "over_7.5_odd": 23,
                "over_8.5_odd": 50,
                "under_0.5_odd": 17.5,
                "under_1.0_odd": 13.5,
                "under_1.5_odd": 5.7,
                "under_2.0_odd": 4.8,
                "under_2.5_odd": 2.7,
                "under_3.0_odd": 2.21,
                "under_3.5_odd": 1.76,
                "under_4.0_odd": 1.41,
                "under_4.5_odd": 1.28,
                "under_5.0_odd": 1.103,
                "under_5.5_odd": 1.077,
                "under_6.5_odd": 1.04,
                "under_7.5_odd": 1.012,
                "under_8.5_odd": 1.002,
                "over_1.75_odd": 1.093,
                "over_2.25_odd": 1.25,
                "over_2.75_odd": 1.46,
                "over_3.25_odd": 1.81,
                "over_3.75_odd": 2.27,
                "over_4.25_odd": 2.97,
                "over_4.75_odd": 3.86,
                "over_5.25_odd": 5.35,
                "under_1.75_odd": 5.25,
                "under_2.25_odd": 3.32,
                "under_2.75_odd": 2.48,
                "under_3.25_odd": 1.909,
                "under_3.75_odd": 1.57,
                "under_4.25_odd": 1.33,
                "under_4.75_odd": 1.188,
                "under_5.25_odd": 1.089,
                "home_handicap_-4.5_odd": 13.5,
                "home_handicap_-4.0_odd": 12.5,
                "home_handicap_-3.5_odd": 6.4,
                "home_handicap_-3.0_odd": 5.75,
                "home_handicap_-2.5_odd": 3.42,
                "home_handicap_-2.0_odd": 2.85,
                "home_handicap_-1.5_odd": 2.12,
                "home_handicap_-1.0_odd": 1.62,
                "home_handicap_0.0_odd": 1.124,
                "home_handicap_1.0_odd": 1.03,
                "home_handicap_1.5_odd": 1.02,
                "away_handicap_4.5_odd": 1.01,
                "away_handicap_4.0_odd": 1.01,
                "away_handicap_3.5_odd": 1.053,
                "away_handicap_3.0_odd": 1.074,
                "away_handicap_2.5_odd": 1.24,
                "away_handicap_2.0_odd": 1.36,
                "away_handicap_1.5_odd": 1.7,
                "away_handicap_1.0_odd": 2.13,
                "away_handicap_0.0_odd": 4.65,
                "away_handicap_-1.0_odd": 10,
                "away_handicap_-1.5_odd": 11,
                "home_handicap_-3.25_odd": 6.05,
                "home_handicap_-2.75_odd": 4.25,
                "home_handicap_-2.25_odd": 3.15,
                "home_handicap_-1.75_odd": 2.375,
                "home_handicap_-1.25_odd": 1.86,
                "home_handicap_-0.75_odd": 1.48,
                "home_handicap_-0.25_odd": 1.26,
                "home_handicap_0.25_odd": 1.116,
                "away_handicap_3.25_odd": 1.063,
                "away_handicap_2.75_odd": 1.153,
                "away_handicap_2.25_odd": 1.29,
                "away_handicap_1.75_odd": 1.52,
                "away_handicap_1.25_odd": 1.85,
                "away_handicap_0.75_odd": 2.4,
                "away_handicap_0.25_odd": 3.28,
                "away_handicap_-0.25_odd": 4.8,
                "home_over_0.5_odd": 1.032,
                "home_over_1.5_odd": 1.36,
                "home_over_2.0_odd": 1.61,
                "home_over_2.5_odd": 2.17,
                "home_over_3.0_odd": 3.2,
                "home_over_3.5_odd": 3.88,
                "home_over_4.0_odd": 7.1,
                "home_under_0.5_odd": 8.9,
                "home_under_1.5_odd": 2.93,
                "home_under_2.0_odd": 2.25,
                "home_under_2.5_odd": 1.67,
                "home_under_3.0_odd": 1.33,
                "home_under_3.5_odd": 1.22,
                "home_under_4.0_odd": 1.056,
                "home_over_1.75_odd": 1.46,
                "home_over_2.25_odd": 1.9,
                "home_over_2.75_odd": 2.54,
                "home_over_3.25_odd": 3.6,
                "home_under_1.75_odd": 2.59,
                "home_under_2.25_odd": 1.88,
                "home_under_2.75_odd": 1.5,
                "home_under_3.25_odd": 1.26,
                "away_over_0.5_odd": 1.43,
                "away_over_1.0_odd": 2.05,
                "away_over_1.5_odd": 3.14,
                "away_over_2.0_odd": 7.1,
                "away_over_2.5_odd": 8.3,
                "away_under_0.5_odd": 2.62,
                "away_under_1.0_odd": 1.75,
                "away_under_1.5_odd": 1.34,
                "away_under_2.0_odd": 1.069,
                "away_under_2.5_odd": 1.039,
                "away_over_0.75_odd": 1.64,
                "away_over_1.25_odd": 2.6,
                "away_over_1.75_odd": 4.1,
                "away_over_2.25_odd": 6.9,
                "away_over_2.75_odd": 11.5,
                "away_under_0.75_odd": 2.22,
                "away_under_1.25_odd": 1.48,
                "away_under_1.75_odd": 1.21,
                "away_under_2.25_odd": 1.08,
                "away_under_2.75_odd": 1.004
            },
            {
                "match_id": 639009563,
                "date": "27/07/2025",
                "time": "13:00",
                "home_team": "Home",
                "away_team": "Away",
                "1_odd": 1.705,
                "draw_odd": 6.73,
                "2_odd": 2.957,
                "1X_odd": 1.357,
                "12_odd": 1.086,
                "X2_odd": 2.232,
                "over_5.5_odd": 1.074,
                "over_6.5_odd": 1.195,
                "over_7.5_odd": 1.39,
                "over_8.5_odd": 1.682,
                "over_9.5_odd": 2.1,
                "over_10.5_odd": 2.78,
                "over_11.5_odd": 3.935,
                "over_12.5_odd": 5.96,
                "under_5.5_odd": 8.2,
                "under_6.5_odd": 4.625,
                "under_7.5_odd": 2.999,
                "under_8.5_odd": 2.182,
                "under_9.5_odd": 1.735,
                "under_10.5_odd": 1.443,
                "under_11.5_odd": 1.252,
                "under_12.5_odd": 1.13,
                "over_5.75_odd": 1.08,
                "over_6.25_odd": 1.141,
                "over_6.75_odd": 1.213,
                "over_7.25_odd": 1.312,
                "over_7.75_odd": 1.431,
                "over_8.25_odd": 1.583,
                "over_8.75_odd": 1.764,
                "over_9.25_odd": 1.983,
                "over_9.75_odd": 2.258,
                "over_10.25_odd": 2.628,
                "over_10.75_odd": 3.095,
                "over_11.25_odd": 3.75,
                "over_11.75_odd": 4.555,
                "over_12.25_odd": 5.74,
                "under_5.75_odd": 7.85,
                "under_6.25_odd": 5.66,
                "under_6.75_odd": 4.38,
                "under_7.25_odd": 3.435,
                "under_7.75_odd": 2.826,
                "under_8.25_odd": 2.375,
                "under_8.75_odd": 2.059,
                "under_9.25_odd": 1.824,
                "under_9.75_odd": 1.64,
                "under_10.25_odd": 1.488,
                "under_10.75_odd": 1.37,
                "under_11.25_odd": 1.272,
                "under_11.75_odd": 1.2,
                "under_12.25_odd": 1.138,
                "home_handicap_-4.5_odd": 6.61,
                "home_handicap_-4.0_odd": 6.09,
                "home_handicap_-3.5_odd": 4.145,
                "home_handicap_-3.0_odd": 3.735,
                "home_handicap_-2.5_odd": 2.838,
                "home_handicap_-2.0_odd": 2.517,
                "home_handicap_-1.5_odd": 2.111,
                "home_handicap_-1.0_odd": 1.872,
                "home_handicap_1.0_odd": 1.247,
                "home_handicap_1.5_odd": 1.21,
                "home_handicap_2.0_odd": 1.107,
                "home_handicap_2.5_odd": 1.093,
                "away_handicap_4.5_odd": 1.109,
                "away_handicap_4.0_odd": 1.125,
                "away_handicap_3.5_odd": 1.232,
                "away_handicap_3.0_odd": 1.274,
                "away_handicap_2.5_odd": 1.428,
                "away_handicap_2.0_odd": 1.526,
                "away_handicap_1.5_odd": 1.727,
                "away_handicap_1.0_odd": 1.929,
                "away_handicap_-1.0_odd": 3.985,
                "away_handicap_-1.5_odd": 4.425,
                "away_handicap_-2.0_odd": 6.7,
                "away_handicap_-2.5_odd": 7.25,
                "home_handicap_-4.75_odd": 8.15,
                "home_handicap_-4.25_odd": 6.35,
                "home_handicap_-3.75_odd": 4.885,
                "home_handicap_-3.25_odd": 3.94,
                "home_handicap_-2.75_odd": 3.195,
                "home_handicap_-2.25_odd": 2.676,
                "home_handicap_-1.75_odd": 2.279,
                "home_handicap_-1.25_odd": 1.991,
                "home_handicap_1.25_odd": 1.227,
                "home_handicap_1.75_odd": 1.159,
                "home_handicap_2.25_odd": 1.1,
                "away_handicap_4.75_odd": 1.075,
                "away_handicap_4.25_odd": 1.117,
                "away_handicap_3.75_odd": 1.179,
                "away_handicap_3.25_odd": 1.252,
                "away_handicap_2.75_odd": 1.352,
                "away_handicap_2.25_odd": 1.473,
                "away_handicap_1.75_odd": 1.628,
                "away_handicap_1.25_odd": 1.817,
                "away_handicap_-1.25_odd": 4.205,
                "away_handicap_-1.75_odd": 5.27,
                "away_handicap_-2.25_odd": 6.97,
                "home_over_2.5_odd": 1.087,
                "home_over_3.0_odd": 1.111,
                "home_over_3.5_odd": 1.291,
                "home_over_4.0_odd": 1.383,
                "home_over_4.5_odd": 1.652,
                "home_over_5.0_odd": 1.902,
                "home_over_5.5_odd": 2.24,
                "home_over_6.0_odd": 2.901,
                "home_over_6.5_odd": 3.365,
                "home_over_7.0_odd": 5.05,
                "home_over_7.5_odd": 5.65,
                "home_under_2.5_odd": 7.5,
                "home_under_3.0_odd": 6.56,
                "home_under_3.5_odd": 3.595,
                "home_under_4.0_odd": 3.03,
                "home_under_4.5_odd": 2.235,
                "home_under_5.0_odd": 1.898,
                "home_under_5.5_odd": 1.649,
                "home_under_6.0_odd": 1.413,
                "home_under_6.5_odd": 1.324,
                "home_under_7.0_odd": 1.17,
                "home_under_7.5_odd": 1.142,
                "home_over_2.75_odd": 1.098,
                "home_over_3.25_odd": 1.202,
                "home_over_3.75_odd": 1.332,
                "home_over_4.25_odd": 1.521,
                "home_over_4.75_odd": 1.759,
                "home_over_5.25_odd": 2.071,
                "home_over_5.75_odd": 2.496,
                "home_over_6.25_odd": 3.13,
                "home_over_6.75_odd": 3.98,
                "home_over_7.25_odd": 5.35,
                "home_under_2.75_odd": 7.04,
                "home_under_3.25_odd": 4.525,
                "home_under_3.75_odd": 3.31,
                "home_under_4.25_odd": 2.53,
                "home_under_4.75_odd": 2.066,
                "home_under_5.25_odd": 1.755,
                "home_under_5.75_odd": 1.534,
                "home_under_6.25_odd": 1.363,
                "home_under_6.75_odd": 1.248,
                "home_under_7.25_odd": 1.155,
                "away_over_2.5_odd": 1.262,
                "away_over_3.0_odd": 1.359,
                "away_over_3.5_odd": 1.665,
                "away_over_4.0_odd": 1.964,
                "away_over_4.5_odd": 2.367,
                "away_over_5.0_odd": 3.26,
                "away_over_5.5_odd": 3.825,
                "away_over_6.0_odd": 6.33,
                "away_over_6.5_odd": 7.07,
                "away_under_2.5_odd": 3.84,
                "away_under_3.0_odd": 3.155,
                "away_under_3.5_odd": 2.212,
                "away_under_4.0_odd": 1.84,
                "away_under_4.5_odd": 1.587,
                "away_under_5.0_odd": 1.34,
                "away_under_5.5_odd": 1.263,
                "away_under_6.0_odd": 1.118,
                "away_under_6.5_odd": 1.097,
                "away_over_2.75_odd": 1.304,
                "away_over_3.25_odd": 1.516,
                "away_over_3.75_odd": 1.789,
                "away_over_4.25_odd": 2.165,
                "away_over_4.75_odd": 2.698,
                "away_over_5.25_odd": 3.545,
                "away_over_5.75_odd": 4.69,
                "away_over_6.25_odd": 6.7,
                "away_under_2.75_odd": 3.495,
                "away_under_3.25_odd": 2.543,
                "away_under_3.75_odd": 2.026,
                "away_under_4.25_odd": 1.693,
                "away_under_4.75_odd": 1.466,
                "away_under_5.25_odd": 1.298,
                "away_under_5.75_odd": 1.191,
                "away_under_6.25_odd": 1.107
            }
        ]
    }
]