[
    {
        "last_updated": "2025-07-24T20:45:26.118669+01:00"
    },
    {
        "tournament_id": 2128633,
        "tournament_name": "Serie A. Statistics Round",
        "matches": [
            {
                "match_id": 639279989,
                "date": "25/07/2025",
                "time": "01:00",
                "home_team": "Home",
                "away_team": "Away",
                "1_odd": 1.49,
                "draw_odd": 9,
                "2_odd": 3.375,
                "1X_odd": 1.28,
                "12_odd": 1.03,
                "X2_odd": 2.45,
                "over_16.5_odd": 1.25,
                "over_17.5_odd": 1.37,
                "over_18.5_odd": 1.55,
                "over_19.5_odd": 1.77,
                "over_20.5_odd": 2.1,
                "over_21.5_odd": 2.52,
                "over_22.5_odd": 3,
                "under_16.5_odd": 3.55,
                "under_17.5_odd": 2.85,
                "under_18.5_odd": 2.3,
                "under_19.5_odd": 1.93,
                "under_20.5_odd": 1.65,
                "under_21.5_odd": 1.46,
                "under_22.5_odd": 1.33,
                "home_handicap_-5.5_odd": 3.8,
                "home_handicap_-4.5_odd": 3,
                "home_handicap_-3.5_odd": 2.45,
                "home_handicap_-2.5_odd": 2.03,
                "home_handicap_-1.5_odd": 1.72,
                "home_handicap_1.5_odd": 1.22,
                "home_handicap_2.5_odd": 1.14,
                "away_handicap_5.5_odd": 1.22,
                "away_handicap_4.5_odd": 1.33,
                "away_handicap_3.5_odd": 1.48,
                "away_handicap_2.5_odd": 1.7,
                "away_handicap_1.5_odd": 2,
                "away_handicap_-1.5_odd": 3.8,
                "away_handicap_-2.5_odd": 4.9,
                "home_over_9.5_odd": 1.48,
                "home_over_10.5_odd": 1.83,
                "home_over_11.5_odd": 2.35,
                "home_under_9.5_odd": 2.45,
                "home_under_10.5_odd": 1.87,
                "home_under_11.5_odd": 1.52,
                "away_over_7.5_odd": 1.43,
                "away_over_8.5_odd": 1.76,
                "away_over_9.5_odd": 2.3,
                "away_under_7.5_odd": 2.65,
                "away_under_8.5_odd": 1.94,
                "away_under_9.5_odd": 1.55
            }
        ]
    },
    {
        "tournament_id": 876673,
        "tournament_name": "Serie B",
        "matches": [
            {
                "match_id": 638187057,
                "date": "24/07/2025",
                "time": "21:30",
                "home_team": "Gualaceo",
                "away_team": "Independiente Juniors",
                "1_odd": 1.686,
                "draw_odd": 3.2,
                "2_odd": 5.19,
                "1X_odd": 1.096,
                "12_odd": 1.26,
                "X2_odd": 1.97,
                "both_score_odd": 2.16,
                "both_noscore_odd": 1.61,
                "over_0.5_odd": 1.06,
                "over_1.0_odd": 1.092,
                "over_1.5_odd": 1.4,
                "over_2.0_odd": 1.69,
                "over_2.5_odd": 2.28,
                "over_3.0_odd": 3.34,
                "over_3.5_odd": 4.1,
                "over_4.0_odd": 7.3,
                "over_4.5_odd": 9.3,
                "over_5.5_odd": 23,
                "under_0.5_odd": 7,
                "under_1.0_odd": 5.3,
                "under_1.5_odd": 2.56,
                "under_2.0_odd": 1.95,
                "under_2.5_odd": 1.55,
                "under_3.0_odd": 1.24,
                "under_3.5_odd": 1.162,
                "under_4.0_odd": 1.033,
                "under_4.5_odd": 1.03,
                "under_5.5_odd": 1.015,
                "over_1.25_odd": 1.25,
                "over_1.75_odd": 1.51,
                "over_2.25_odd": 1.96,
                "over_2.75_odd": 2.625,
                "over_3.25_odd": 3.74,
                "over_3.75_odd": 5.3,
                "under_1.25_odd": 3.28,
                "under_1.75_odd": 2.26,
                "under_2.25_odd": 1.68,
                "under_2.75_odd": 1.38,
                "under_3.25_odd": 1.193,
                "under_3.75_odd": 1.12,
                "home_handicap_-2.5_odd": 5.95,
                "home_handicap_-2.0_odd": 5.3,
                "home_handicap_-1.5_odd": 2.98,
                "home_handicap_-1.0_odd": 2.3,
                "home_handicap_0.0_odd": 1.22,
                "home_handicap_1.0_odd": 1.02,
                "home_handicap_1.5_odd": 1.01,
                "away_handicap_2.5_odd": 1.066,
                "away_handicap_2.0_odd": 1.1,
                "away_handicap_1.5_odd": 1.33,
                "away_handicap_1.0_odd": 1.55,
                "away_handicap_0.0_odd": 3.66,
                "away_handicap_-1.0_odd": 10.5,
                "away_handicap_-1.5_odd": 11.5,
                "home_handicap_-2.25_odd": 5.9,
                "home_handicap_-1.75_odd": 3.66,
                "home_handicap_-1.25_odd": 2.65,
                "home_handicap_-0.75_odd": 1.9,
                "home_handicap_-0.25_odd": 1.45,
                "home_handicap_0.25_odd": 1.16,
                "away_handicap_2.25_odd": 1.1,
                "away_handicap_1.75_odd": 1.22,
                "away_handicap_1.25_odd": 1.42,
                "away_handicap_0.75_odd": 1.81,
                "away_handicap_0.25_odd": 2.52,
                "away_handicap_-0.25_odd": 4.25,
                "home_over_0.5_odd": 1.21,
                "home_over_1.0_odd": 1.39,
                "home_over_1.5_odd": 2.04,
                "home_over_2.5_odd": 4.4,
                "home_over_3.5_odd": 10.5,
                "home_under_0.5_odd": 3.9,
                "home_under_1.0_odd": 2.75,
                "home_under_1.5_odd": 1.69,
                "home_under_2.5_odd": 1.17,
                "home_under_3.5_odd": 1.01,
                "away_over_0.5_odd": 1.76,
                "away_over_1.0_odd": 3,
                "away_over_1.5_odd": 4.4,
                "away_under_0.5_odd": 1.95,
                "away_under_1.0_odd": 1.33,
                "away_under_1.5_odd": 1.17
            },
            {
                "match_id": 638293994,
                "date": "25/07/2025",
                "time": "01:00",
                "home_team": "9 de Octubre",
                "away_team": "San Antonio Ibarra",
                "1_odd": 1.92,
                "draw_odd": 2.92,
                "2_odd": 4.245,
                "1X_odd": 1.152,
                "12_odd": 1.31,
                "X2_odd": 1.72,
                "both_score_odd": 2.23,
                "both_noscore_odd": 1.569,
                "over_0.5_odd": 1.06,
                "over_1.0_odd": 1.117,
                "over_1.5_odd": 1.51,
                "over_2.0_odd": 1.909,
                "over_2.5_odd": 2.56,
                "over_3.0_odd": 4.33,
                "over_3.5_odd": 5.25,
                "over_4.0_odd": 8.9,
                "over_4.5_odd": 11.5,
                "under_0.5_odd": 6.15,
                "under_1.0_odd": 4.75,
                "under_1.5_odd": 2.375,
                "under_2.0_odd": 1.72,
                "under_2.5_odd": 1.4,
                "under_3.0_odd": 1.143,
                "under_3.5_odd": 1.094,
                "under_4.0_odd": 1.03,
                "under_4.5_odd": 1.01,
                "over_0.75_odd": 1.084,
                "over_1.25_odd": 1.31,
                "over_1.75_odd": 1.64,
                "over_2.25_odd": 2.24,
                "over_2.75_odd": 3.14,
                "over_3.25_odd": 4.6,
                "under_0.75_odd": 5.45,
                "under_1.25_odd": 2.92,
                "under_1.75_odd": 2.02,
                "under_2.25_odd": 1.52,
                "under_2.75_odd": 1.27,
                "under_3.25_odd": 1.16,
                "home_handicap_-2.5_odd": 9.2,
                "home_handicap_-2.0_odd": 8.2,
                "home_handicap_-1.5_odd": 3.9,
                "home_handicap_-1.0_odd": 2.98,
                "home_handicap_0.0_odd": 1.35,
                "home_handicap_1.0_odd": 1.004,
                "home_handicap_1.5_odd": 1.02,
                "away_handicap_2.5_odd": 1.003,
                "away_handicap_2.0_odd": 1.017,
                "away_handicap_1.5_odd": 1.179,
                "away_handicap_1.0_odd": 1.32,
                "away_handicap_0.0_odd": 2.94,
                "away_handicap_-1.0_odd": 10.5,
                "away_handicap_-1.5_odd": 9.8,
                "home_handicap_-1.75_odd": 4.9,
                "home_handicap_-1.25_odd": 3.42,
                "home_handicap_-0.75_odd": 2.25,
                "home_handicap_-0.25_odd": 1.64,
                "home_handicap_0.25_odd": 1.25,
                "home_handicap_0.75_odd": 1.096,
                "away_handicap_1.75_odd": 1.14,
                "away_handicap_1.25_odd": 1.24,
                "away_handicap_0.75_odd": 1.56,
                "away_handicap_0.25_odd": 2.12,
                "away_handicap_-0.25_odd": 3.56,
                "away_handicap_-0.75_odd": 5.75,
                "home_over_0.5_odd": 1.3,
                "home_over_1.0_odd": 1.61,
                "home_over_1.5_odd": 2.43,
                "home_over_2.5_odd": 5.9,
                "home_under_0.5_odd": 3.2,
                "home_under_1.0_odd": 2.17,
                "home_under_1.5_odd": 1.49,
                "home_under_2.5_odd": 1.1,
                "away_over_0.5_odd": 1.7,
                "away_over_1.0_odd": 2.85,
                "away_over_1.5_odd": 4.3,
                "away_under_0.5_odd": 2.03,
                "away_under_1.0_odd": 1.37,
                "away_under_1.5_odd": 1.18
            },
            {
                "match_id": 639798803,
                "date": "29/07/2025",
                "time": "21:30",
                "home_team": "22 de Julio",
                "away_team": "Leones Del Norte",
                "1_odd": 2.918,
                "draw_odd": 3.25,
                "2_odd": 2.27,
                "1X_odd": 1.533,
                "12_odd": 1.25,
                "X2_odd": 1.333,
                "both_score_odd": 1.982,
                "both_noscore_odd": 1.824,
                "over_2.5_odd": 2.25,
                "under_2.5_odd": 1.615,
                "home_handicap_0.0_odd": 2.1,
                "away_handicap_0.0_odd": 1.667,
                "home_handicap_0.25_odd": 1.8,
                "away_handicap_-0.25_odd": 2
            },
            {
                "match_id": 639798806,
                "date": "30/07/2025",
                "time": "21:30",
                "home_team": "Guayaquil City",
                "away_team": "Cumbaya",
                "1_odd": 2.17,
                "draw_odd": 3.25,
                "2_odd": 3.05,
                "1X_odd": 1.3,
                "12_odd": 1.25,
                "X2_odd": 1.571,
                "both_score_odd": 1.991,
                "both_noscore_odd": 1.817,
                "over_2.5_odd": 2.25,
                "under_2.5_odd": 1.615,
                "home_handicap_0.0_odd": 1.615,
                "away_handicap_0.0_odd": 2.2,
                "home_handicap_-0.25_odd": 1.925,
                "away_handicap_0.25_odd": 1.875
            }
        ]
    },
    {
        "tournament_id": 276999,
        "tournament_name": "Serie A",
        "matches": [
            {
                "match_id": 638958550,
                "date": "25/07/2025",
                "time": "01:00",
                "home_team": "Barcelona Sporting Club",
                "away_team": "Liga Deportiva Universitaria de Quito",
                "1_odd": 2.335,
                "draw_odd": 3.31,
                "2_odd": 2.946,
                "1X_odd": 1.359,
                "12_odd": 1.293,
                "X2_odd": 1.546,
                "both_score_odd": 1.78,
                "both_noscore_odd": 1.909,
                "over_0.5_odd": 1.011,
                "over_1.0_odd": 1.034,
                "over_1.5_odd": 1.29,
                "over_2.0_odd": 1.49,
                "over_2.5_odd": 2.028,
                "over_3.0_odd": 2.81,
                "over_3.5_odd": 3.5,
                "over_4.0_odd": 6.15,
                "over_4.5_odd": 6.9,
                "over_5.0_odd": 11,
                "over_5.5_odd": 14,
                "over_6.5_odd": 34,
                "under_0.5_odd": 8.6,
                "under_1.0_odd": 7.2,
                "under_1.5_odd": 3.04,
                "under_2.0_odd": 2.3,
                "under_2.5_odd": 1.735,
                "under_3.0_odd": 1.333,
                "under_3.5_odd": 1.22,
                "under_4.0_odd": 1.061,
                "under_4.5_odd": 1.041,
                "under_5.0_odd": 1.01,
                "under_5.5_odd": 1.03,
                "under_6.5_odd": 1.005,
                "over_0.75_odd": 1.021,
                "over_1.25_odd": 1.162,
                "over_1.75_odd": 1.37,
                "over_2.25_odd": 1.74,
                "over_2.75_odd": 2.27,
                "over_3.25_odd": 3.14,
                "over_3.75_odd": 4.4,
                "over_4.25_odd": 6.55,
                "under_0.75_odd": 7.9,
                "under_1.25_odd": 4.1,
                "under_1.75_odd": 2.66,
                "under_2.25_odd": 1.9,
                "under_2.75_odd": 1.51,
                "under_3.25_odd": 1.27,
                "under_3.75_odd": 1.14,
                "under_4.25_odd": 1.05,
                "home_handicap_-2.5_odd": 9.5,
                "home_handicap_-2.0_odd": 9.3,
                "home_handicap_-1.5_odd": 4.6,
                "home_handicap_-1.0_odd": 3.58,
                "home_handicap_0.0_odd": 1.68,
                "home_handicap_1.0_odd": 1.096,
                "home_handicap_1.5_odd": 1.06,
                "away_handicap_2.5_odd": 1.02,
                "away_handicap_2.0_odd": 1.002,
                "away_handicap_1.5_odd": 1.128,
                "away_handicap_1.0_odd": 1.21,
                "away_handicap_0.0_odd": 2.108,
                "away_handicap_-1.0_odd": 5.2,
                "away_handicap_-1.5_odd": 6.15,
                "home_handicap_-1.75_odd": 6,
                "home_handicap_-1.25_odd": 4.15,
                "home_handicap_-0.75_odd": 2.66,
                "home_handicap_-0.25_odd": 1.92,
                "home_handicap_0.25_odd": 1.46,
                "home_handicap_0.75_odd": 1.222,
                "home_handicap_1.25_odd": 1.076,
                "home_handicap_1.75_odd": 1.016,
                "away_handicap_1.75_odd": 1.065,
                "away_handicap_1.25_odd": 1.159,
                "away_handicap_0.75_odd": 1.37,
                "away_handicap_0.25_odd": 1.72,
                "away_handicap_-0.25_odd": 2.4,
                "away_handicap_-0.75_odd": 3.48,
                "away_handicap_-1.25_odd": 5.7,
                "away_handicap_-1.75_odd": 8.3,
                "home_over_0.5_odd": 1.26,
                "home_over_1.0_odd": 1.51,
                "home_over_1.5_odd": 2.24,
                "home_over_2.5_odd": 5.3,
                "home_under_0.5_odd": 3.5,
                "home_under_1.0_odd": 2.4,
                "home_under_1.5_odd": 1.58,
                "home_under_2.5_odd": 1.12,
                "home_over_0.75_odd": 1.35,
                "home_over_1.25_odd": 1.93,
                "home_over_1.75_odd": 2.83,
                "home_over_2.25_odd": 4.8,
                "home_under_0.75_odd": 2.84,
                "home_under_1.25_odd": 1.74,
                "home_under_1.75_odd": 1.33,
                "home_under_2.25_odd": 1.115,
                "away_over_0.5_odd": 1.38,
                "away_over_1.0_odd": 1.8,
                "away_over_1.5_odd": 2.7,
                "away_over_2.0_odd": 5.8,
                "away_over_2.5_odd": 7.5,
                "away_under_0.5_odd": 2.8,
                "away_under_1.0_odd": 1.9,
                "away_under_1.5_odd": 1.41,
                "away_under_2.0_odd": 1.1,
                "away_under_2.5_odd": 1.06,
                "away_over_0.75_odd": 1.49,
                "away_over_1.25_odd": 2.28,
                "away_over_1.75_odd": 3.5,
                "away_over_2.25_odd": 6.7,
                "away_over_2.75_odd": 9.3,
                "away_under_0.75_odd": 2.375,
                "away_under_1.25_odd": 1.53,
                "away_under_1.75_odd": 1.22,
                "away_under_2.25_odd": 1.07,
                "away_under_2.75_odd": 1.002
            },
            {
                "match_id": 638972737,
                "date": "26/07/2025",
                "time": "01:00",
                "home_team": "Club Deportivo El Nacional",
                "away_team": "Libertad Loja",
                "1_odd": 2.026,
                "draw_odd": 3.46,
                "2_odd": 3.48,
                "1X_odd": 1.269,
                "12_odd": 1.271,
                "X2_odd": 1.719,
                "both_score_odd": 1.74,
                "both_noscore_odd": 1.96,
                "over_0.5_odd": 1.012,
                "over_1.0_odd": 1.013,
                "over_1.5_odd": 1.25,
                "over_2.0_odd": 1.42,
                "over_2.5_odd": 1.927,
                "over_3.0_odd": 2.59,
                "over_3.5_odd": 3.28,
                "over_4.0_odd": 5.75,
                "over_4.5_odd": 6.55,
                "over_5.0_odd": 9.8,
                "over_5.5_odd": 12.5,
                "over_6.5_odd": 29,
                "under_0.5_odd": 9.3,
                "under_1.0_odd": 8.5,
                "under_1.5_odd": 3.28,
                "under_2.0_odd": 2.49,
                "under_2.5_odd": 1.817,
                "under_3.0_odd": 1.39,
                "under_3.5_odd": 1.25,
                "under_4.0_odd": 1.074,
                "under_4.5_odd": 1.05,
                "under_5.0_odd": 1.02,
                "under_5.5_odd": 1.03,
                "under_6.5_odd": 1.007,
                "over_0.75_odd": 1.002,
                "over_1.25_odd": 1.131,
                "over_1.75_odd": 1.32,
                "over_2.25_odd": 1.65,
                "over_2.75_odd": 2.13,
                "over_3.25_odd": 2.92,
                "over_3.75_odd": 4.1,
                "over_4.25_odd": 6.15,
                "under_0.75_odd": 9.3,
                "under_1.25_odd": 4.55,
                "under_1.75_odd": 2.875,
                "under_2.25_odd": 2.01,
                "under_2.75_odd": 1.58,
                "under_3.25_odd": 1.31,
                "under_3.75_odd": 1.161,
                "under_4.25_odd": 1.061,
                "home_handicap_-2.5_odd": 8.5,
                "home_handicap_-2.0_odd": 7.5,
                "home_handicap_-1.5_odd": 3.8,
                "home_handicap_-1.0_odd": 2.92,
                "home_handicap_0.0_odd": 1.48,
                "home_handicap_1.0_odd": 1.045,
                "home_handicap_1.5_odd": 1.022,
                "away_handicap_2.5_odd": 1.012,
                "away_handicap_2.0_odd": 1.028,
                "away_handicap_1.5_odd": 1.188,
                "away_handicap_1.0_odd": 1.31,
                "away_handicap_0.0_odd": 2.49,
                "away_handicap_-1.0_odd": 6.75,
                "away_handicap_-1.5_odd": 7.9,
                "home_handicap_-2.25_odd": 8.1,
                "home_handicap_-1.75_odd": 4.95,
                "home_handicap_-1.25_odd": 3.34,
                "home_handicap_-0.75_odd": 2.28,
                "home_handicap_-0.25_odd": 1.7,
                "home_handicap_0.25_odd": 1.33,
                "home_handicap_0.75_odd": 1.149,
                "home_handicap_1.25_odd": 1.033,
                "away_handicap_2.25_odd": 1.019,
                "away_handicap_1.75_odd": 1.107,
                "away_handicap_1.25_odd": 1.24,
                "away_handicap_0.75_odd": 1.5,
                "away_handicap_0.25_odd": 1.95,
                "away_handicap_-0.25_odd": 2.86,
                "away_handicap_-0.75_odd": 4.25,
                "away_handicap_-1.25_odd": 7.3,
                "home_over_0.5_odd": 1.19,
                "home_over_1.0_odd": 1.36,
                "home_over_1.5_odd": 1.98,
                "home_over_2.5_odd": 4.2,
                "home_over_3.5_odd": 10,
                "home_under_0.5_odd": 4.1,
                "home_under_1.0_odd": 2.9,
                "home_under_1.5_odd": 1.73,
                "home_under_2.5_odd": 1.18,
                "home_under_3.5_odd": 1.02,
                "home_over_0.75_odd": 1.24,
                "home_over_1.25_odd": 1.71,
                "home_over_1.75_odd": 2.45,
                "home_over_2.25_odd": 3.92,
                "home_under_0.75_odd": 3.34,
                "home_under_1.25_odd": 1.97,
                "home_under_1.75_odd": 1.46,
                "home_under_2.25_odd": 1.175,
                "away_over_0.5_odd": 1.41,
                "away_over_1.0_odd": 1.9,
                "away_over_1.5_odd": 2.85,
                "away_over_2.0_odd": 6.3,
                "away_over_2.5_odd": 8,
                "away_under_0.5_odd": 2.65,
                "away_under_1.0_odd": 1.8,
                "away_under_1.5_odd": 1.37,
                "away_under_2.0_odd": 1.08,
                "away_under_2.5_odd": 1.05,
                "away_over_0.75_odd": 1.55,
                "away_over_1.25_odd": 2.45,
                "away_over_1.75_odd": 3.92,
                "away_over_2.25_odd": 7.2,
                "away_under_0.75_odd": 2.23,
                "away_under_1.25_odd": 1.46,
                "away_under_1.75_odd": 1.176,
                "away_under_2.25_odd": 1.06
            },
            {
                "match_id": 638972180,
                "date": "26/07/2025",
                "time": "20:00",
                "home_team": "SD Aucas",
                "away_team": "Delfin",
                "1_odd": 1.472,
                "draw_odd": 4.18,
                "2_odd": 6.62,
                "1X_odd": 1.082,
                "12_odd": 1.196,
                "X2_odd": 2.526,
                "both_score_odd": 2.05,
                "both_noscore_odd": 1.672,
                "over_0.5_odd": 1.004,
                "over_1.0_odd": 1.023,
                "over_1.5_odd": 1.27,
                "over_2.0_odd": 1.44,
                "over_2.5_odd": 1.954,
                "over_3.0_odd": 2.625,
                "over_3.5_odd": 3.28,
                "over_4.0_odd": 5.65,
                "over_4.5_odd": 6.4,
                "over_5.0_odd": 10,
                "over_5.5_odd": 13,
                "over_6.5_odd": 29,
                "under_0.5_odd": 9.1,
                "under_1.0_odd": 7.8,
                "under_1.5_odd": 3.14,
                "under_2.0_odd": 2.43,
                "under_2.5_odd": 1.793,
                "under_3.0_odd": 1.38,
                "under_3.5_odd": 1.25,
                "under_4.0_odd": 1.077,
                "under_4.5_odd": 1.054,
                "under_5.0_odd": 1.02,
                "under_5.5_odd": 1.03,
                "under_6.5_odd": 1.007,
                "over_0.75_odd": 1.012,
                "over_1.25_odd": 1.144,
                "over_1.75_odd": 1.333,
                "over_2.25_odd": 1.67,
                "over_2.75_odd": 2.17,
                "over_3.25_odd": 2.97,
                "over_3.75_odd": 4.1,
                "over_4.25_odd": 6.05,
                "under_0.75_odd": 8.5,
                "under_1.25_odd": 4.33,
                "under_1.75_odd": 2.81,
                "under_2.25_odd": 1.99,
                "under_2.75_odd": 1.56,
                "under_3.25_odd": 1.3,
                "under_3.75_odd": 1.161,
                "under_4.25_odd": 1.064,
                "home_handicap_-3.5_odd": 9.3,
                "home_handicap_-3.0_odd": 8.5,
                "home_handicap_-2.5_odd": 4.5,
                "home_handicap_-2.0_odd": 3.7,
                "home_handicap_-1.5_odd": 2.407,
                "home_handicap_-1.0_odd": 1.79,
                "home_handicap_0.0_odd": 1.111,
                "away_handicap_3.5_odd": 1.002,
                "away_handicap_3.0_odd": 1.012,
                "away_handicap_2.5_odd": 1.134,
                "away_handicap_2.0_odd": 1.198,
                "away_handicap_1.5_odd": 1.529,
                "away_handicap_1.0_odd": 1.93,
                "away_handicap_0.0_odd": 4.9,
                "home_handicap_-2.75_odd": 5.75,
                "home_handicap_-2.25_odd": 4.1,
                "home_handicap_-1.75_odd": 2.78,
                "home_handicap_-1.25_odd": 2.05,
                "home_handicap_-0.75_odd": 1.55,
                "home_handicap_-0.25_odd": 1.27,
                "home_handicap_0.25_odd": 1.085,
                "home_handicap_0.75_odd": 1.016,
                "away_handicap_2.75_odd": 1.073,
                "away_handicap_2.25_odd": 1.162,
                "away_handicap_1.75_odd": 1.34,
                "away_handicap_1.25_odd": 1.63,
                "away_handicap_0.75_odd": 2.19,
                "away_handicap_0.25_odd": 3.14,
                "away_handicap_-0.25_odd": 5.45,
                "away_handicap_-0.75_odd": 8.3,
                "home_over_0.5_odd": 1.143,
                "home_over_1.5_odd": 1.667,
                "home_over_2.5_odd": 3.25,
                "home_over_3.5_odd": 7,
                "home_over_4.5_odd": 17,
                "home_over_5.5_odd": 41,
                "home_under_0.5_odd": 5.5,
                "home_under_1.5_odd": 2.1,
                "home_under_2.5_odd": 1.333,
                "home_under_3.5_odd": 1.1,
                "home_under_4.5_odd": 1.025,
                "home_under_5.5_odd": 1.004,
                "home_over_0.75_odd": 1.122,
                "home_over_1.25_odd": 1.43,
                "home_over_1.75_odd": 1.87,
                "home_over_2.25_odd": 2.66,
                "home_under_0.75_odd": 4.7,
                "home_under_1.25_odd": 2.54,
                "home_under_1.75_odd": 1.79,
                "home_under_2.25_odd": 1.37,
                "away_over_0.5_odd": 1.8,
                "away_over_1.5_odd": 5,
                "away_over_2.5_odd": 19,
                "away_over_3.5_odd": 50,
                "away_under_0.5_odd": 1.909,
                "away_under_1.5_odd": 1.167,
                "away_under_2.5_odd": 1.02,
                "away_under_3.5_odd": 1.002,
                "away_over_0.75_odd": 2.19,
                "away_over_1.25_odd": 4.33,
                "away_over_1.75_odd": 7.1,
                "away_under_0.75_odd": 1.57,
                "away_under_1.25_odd": 1.159,
                "away_under_1.75_odd": 1.036
            },
            {
                "match_id": 638972740,
                "date": "26/07/2025",
                "time": "22:30",
                "home_team": "Manta",
                "away_team": "Emelec",
                "1_odd": 3.095,
                "draw_odd": 3.095,
                "2_odd": 2.362,
                "1X_odd": 1.534,
                "12_odd": 1.329,
                "X2_odd": 1.329,
                "both_score_odd": 1.84,
                "both_noscore_odd": 1.846,
                "over_0.5_odd": 1.032,
                "over_1.0_odd": 1.062,
                "over_1.5_odd": 1.333,
                "over_2.0_odd": 1.58,
                "over_2.5_odd": 2.168,
                "over_3.0_odd": 3.08,
                "over_3.5_odd": 3.78,
                "over_4.0_odd": 6.75,
                "over_4.5_odd": 7.5,
                "over_5.5_odd": 16,
                "over_6.5_odd": 41,
                "under_0.5_odd": 7.3,
                "under_1.0_odd": 6.1,
                "under_1.5_odd": 2.81,
                "under_2.0_odd": 2.12,
                "under_2.5_odd": 1.644,
                "under_3.0_odd": 1.28,
                "under_3.5_odd": 1.19,
                "under_4.0_odd": 1.044,
                "under_4.5_odd": 1.028,
                "under_5.5_odd": 1.02,
                "under_6.5_odd": 1.004,
                "over_0.75_odd": 1.045,
                "over_1.25_odd": 1.198,
                "over_1.75_odd": 1.43,
                "over_2.25_odd": 1.84,
                "over_2.75_odd": 2.45,
                "over_3.25_odd": 3.42,
                "over_3.75_odd": 4.75,
                "over_4.25_odd": 7.2,
                "under_0.75_odd": 6.75,
                "under_1.25_odd": 3.7,
                "under_1.75_odd": 2.46,
                "under_2.25_odd": 1.79,
                "under_2.75_odd": 1.44,
                "under_3.25_odd": 1.23,
                "under_3.75_odd": 1.117,
                "under_4.25_odd": 1.035,
                "home_handicap_-1.5_odd": 6.6,
                "home_handicap_-1.0_odd": 5.6,
                "home_handicap_0.0_odd": 2.155,
                "home_handicap_1.0_odd": 1.196,
                "home_handicap_1.5_odd": 1.125,
                "home_handicap_2.0_odd": 1.02,
                "home_handicap_2.5_odd": 1.01,
                "away_handicap_1.5_odd": 1.048,
                "away_handicap_1.0_odd": 1.079,
                "away_handicap_0.0_odd": 1.651,
                "away_handicap_-1.0_odd": 3.72,
                "away_handicap_-1.5_odd": 4.65,
                "away_handicap_-2.0_odd": 9.7,
                "away_handicap_-2.5_odd": 11,
                "home_handicap_-1.75_odd": 8.8,
                "home_handicap_-1.25_odd": 6.1,
                "home_handicap_-0.75_odd": 3.72,
                "home_handicap_-0.25_odd": 2.52,
                "home_handicap_0.25_odd": 1.72,
                "home_handicap_0.75_odd": 1.36,
                "home_handicap_1.25_odd": 1.155,
                "home_handicap_1.75_odd": 1.063,
                "away_handicap_1.75_odd": 1.008,
                "away_handicap_1.25_odd": 1.062,
                "away_handicap_0.75_odd": 1.196,
                "away_handicap_0.25_odd": 1.42,
                "away_handicap_-0.25_odd": 1.92,
                "away_handicap_-0.75_odd": 2.7,
                "away_handicap_-1.25_odd": 4.2,
                "away_handicap_-1.75_odd": 6.05,
                "home_over_0.5_odd": 1.38,
                "home_over_1.0_odd": 1.81,
                "home_over_1.5_odd": 2.75,
                "home_over_2.0_odd": 5.8,
                "home_over_2.5_odd": 7.4,
                "home_under_0.5_odd": 2.8,
                "home_under_1.0_odd": 1.9,
                "home_under_1.5_odd": 1.4,
                "home_under_2.0_odd": 1.1,
                "home_under_2.5_odd": 1.06,
                "home_over_0.75_odd": 1.56,
                "home_over_1.25_odd": 2.45,
                "home_over_1.75_odd": 3.85,
                "home_over_2.25_odd": 6.6,
                "home_under_0.75_odd": 2.21,
                "home_under_1.25_odd": 1.46,
                "home_under_1.75_odd": 1.182,
                "home_under_2.25_odd": 1.08,
                "away_over_0.5_odd": 1.32,
                "away_over_1.0_odd": 1.65,
                "away_over_1.5_odd": 2.48,
                "away_over_2.5_odd": 6.2,
                "away_under_0.5_odd": 3.1,
                "away_under_1.0_odd": 2.1,
                "away_under_1.5_odd": 1.48,
                "away_under_2.5_odd": 1.09,
                "away_over_0.75_odd": 1.39,
                "away_over_1.25_odd": 2.01,
                "away_over_1.75_odd": 2.97,
                "away_over_2.75_odd": 7.5,
                "away_under_0.75_odd": 2.67,
                "away_under_1.25_odd": 1.68,
                "away_under_1.75_odd": 1.3,
                "away_under_2.75_odd": 1.028
            },
            {
                "match_id": 638973428,
                "date": "27/07/2025",
                "time": "01:00",
                "home_team": "Vinotinto Ecuador",
                "away_team": "Orense Sporting Club",
                "1_odd": 2.475,
                "draw_odd": 3.015,
                "2_odd": 2.995,
                "1X_odd": 1.349,
                "12_odd": 1.345,
                "X2_odd": 1.49,
                "both_score_odd": 1.952,
                "both_noscore_odd": 1.744,
                "over_0.5_odd": 1.03,
                "over_1.0_odd": 1.07,
                "over_1.5_odd": 1.39,
                "over_2.0_odd": 1.72,
                "over_2.5_odd": 2.396,
                "over_3.0_odd": 3.7,
                "over_3.5_odd": 4.6,
                "over_4.0_odd": 9.3,
                "over_4.5_odd": 9.8,
                "over_5.5_odd": 19,
                "over_6.5_odd": 50,
                "under_0.5_odd": 7.4,
                "under_1.0_odd": 5.85,
                "under_1.5_odd": 2.59,
                "under_2.0_odd": 1.909,
                "under_2.5_odd": 1.533,
                "under_3.0_odd": 1.197,
                "under_3.5_odd": 1.128,
                "under_4.0_odd": 1.002,
                "under_4.5_odd": 1.02,
                "under_5.5_odd": 1.015,
                "under_6.5_odd": 1.002,
                "over_0.75_odd": 1.047,
                "over_1.25_odd": 1.23,
                "over_1.75_odd": 1.51,
                "over_2.25_odd": 2.01,
                "over_2.75_odd": 2.76,
                "over_3.25_odd": 4.15,
                "over_3.75_odd": 6,
                "under_0.75_odd": 6.65,
                "under_1.25_odd": 3.42,
                "under_1.75_odd": 2.26,
                "under_2.25_odd": 1.65,
                "under_2.75_odd": 1.35,
                "under_3.25_odd": 1.158,
                "under_3.75_odd": 1.065,
                "home_handicap_-2.5_odd": 11.5,
                "home_handicap_-2.0_odd": 10,
                "home_handicap_-1.5_odd": 5.45,
                "home_handicap_-1.0_odd": 4.33,
                "home_handicap_0.0_odd": 1.714,
                "home_handicap_1.0_odd": 1.069,
                "home_handicap_1.5_odd": 1.035,
                "away_handicap_2.5_odd": 1.01,
                "away_handicap_2.0_odd": 1.02,
                "away_handicap_1.5_odd": 1.084,
                "away_handicap_1.0_odd": 1.144,
                "away_handicap_0.0_odd": 2.057,
                "away_handicap_-1.0_odd": 5.9,
                "away_handicap_-1.5_odd": 7.2,
                "home_handicap_-1.75_odd": 7.6,
                "home_handicap_-1.25_odd": 4.9,
                "home_handicap_-0.75_odd": 2.92,
                "home_handicap_-0.25_odd": 2.02,
                "home_handicap_0.25_odd": 1.45,
                "home_handicap_0.75_odd": 1.196,
                "home_handicap_1.25_odd": 1.05,
                "away_handicap_1.75_odd": 1.027,
                "away_handicap_1.25_odd": 1.109,
                "away_handicap_0.75_odd": 1.31,
                "away_handicap_0.25_odd": 1.65,
                "away_handicap_-0.25_odd": 2.43,
                "away_handicap_-0.75_odd": 3.72,
                "away_handicap_-1.25_odd": 6.55,
                "home_over_0.5_odd": 1.37,
                "home_over_1.0_odd": 1.77,
                "home_over_1.5_odd": 2.65,
                "home_over_2.0_odd": 5.5,
                "home_over_2.5_odd": 7,
                "home_under_0.5_odd": 2.85,
                "home_under_1.0_odd": 1.94,
                "home_under_1.5_odd": 1.42,
                "home_under_2.0_odd": 1.11,
                "home_under_2.5_odd": 1.07,
                "home_over_0.75_odd": 1.46,
                "home_over_1.25_odd": 2.23,
                "home_over_1.75_odd": 3.5,
                "home_over_2.25_odd": 6.2,
                "home_under_0.75_odd": 2.45,
                "home_under_1.25_odd": 1.55,
                "home_under_1.75_odd": 1.22,
                "home_under_2.25_odd": 1.08,
                "away_over_0.5_odd": 1.45,
                "away_over_1.0_odd": 2,
                "away_over_1.5_odd": 3,
                "away_over_2.0_odd": 6.8,
                "away_over_2.5_odd": 8.5,
                "away_under_0.5_odd": 2.55,
                "away_under_1.0_odd": 1.72,
                "away_under_1.5_odd": 1.34,
                "away_under_2.0_odd": 1.07,
                "away_under_2.5_odd": 1.04,
                "away_over_0.75_odd": 1.6,
                "away_over_1.25_odd": 2.6,
                "away_over_1.75_odd": 4.3,
                "away_over_2.25_odd": 7.7,
                "away_under_0.75_odd": 2.14,
                "away_under_1.25_odd": 1.41,
                "away_under_1.75_odd": 1.148,
                "away_under_2.25_odd": 1.05
            },
            {
                "match_id": 638972744,
                "date": "27/07/2025",
                "time": "19:00",
                "home_team": "Mushuc Runa",
                "away_team": "Tecnico Universitario",
                "1_odd": 1.865,
                "draw_odd": 3.515,
                "2_odd": 4.015,
                "1X_odd": 1.21,
                "12_odd": 1.264,
                "X2_odd": 1.855,
                "both_score_odd": 1.83,
                "both_noscore_odd": 1.857,
                "over_0.5_odd": 1.008,
                "over_1.0_odd": 1.03,
                "over_1.5_odd": 1.28,
                "over_2.0_odd": 1.47,
                "over_2.5_odd": 1.999,
                "over_3.0_odd": 2.74,
                "over_3.5_odd": 3.42,
                "over_4.0_odd": 5.95,
                "over_4.5_odd": 6.7,
                "over_5.0_odd": 10.5,
                "over_5.5_odd": 14,
                "over_6.5_odd": 29,
                "under_0.5_odd": 8.8,
                "under_1.0_odd": 7.4,
                "under_1.5_odd": 3.08,
                "under_2.0_odd": 2.35,
                "under_2.5_odd": 1.757,
                "under_3.0_odd": 1.35,
                "under_3.5_odd": 1.23,
                "under_4.0_odd": 1.067,
                "under_4.5_odd": 1.046,
                "under_5.0_odd": 1.01,
                "under_5.5_odd": 1.03,
                "under_6.5_odd": 1.007,
                "over_0.75_odd": 1.018,
                "over_1.25_odd": 1.155,
                "over_1.75_odd": 1.36,
                "over_2.25_odd": 1.71,
                "over_2.75_odd": 2.23,
                "over_3.25_odd": 3.08,
                "over_3.75_odd": 4.3,
                "over_4.25_odd": 6.35,
                "under_0.75_odd": 8.1,
                "under_1.25_odd": 4.2,
                "under_1.75_odd": 2.7,
                "under_2.25_odd": 1.93,
                "under_2.75_odd": 1.53,
                "under_3.25_odd": 1.28,
                "under_3.75_odd": 1.148,
                "under_4.25_odd": 1.055,
                "home_handicap_-2.5_odd": 7.1,
                "home_handicap_-2.0_odd": 6.15,
                "home_handicap_-1.5_odd": 3.28,
                "home_handicap_-1.0_odd": 2.56,
                "home_handicap_0.0_odd": 1.36,
                "home_handicap_1.0_odd": 1.021,
                "home_handicap_1.5_odd": 1.006,
                "away_handicap_2.5_odd": 1.038,
                "away_handicap_2.0_odd": 1.06,
                "away_handicap_1.5_odd": 1.25,
                "away_handicap_1.0_odd": 1.4,
                "away_handicap_0.0_odd": 2.92,
                "away_handicap_-1.0_odd": 7.9,
                "away_handicap_-1.5_odd": 9,
                "home_handicap_-2.25_odd": 6.6,
                "home_handicap_-1.75_odd": 4.2,
                "home_handicap_-1.25_odd": 2.92,
                "home_handicap_-0.75_odd": 2.04,
                "home_handicap_-0.25_odd": 1.57,
                "home_handicap_0.25_odd": 1.26,
                "home_handicap_0.75_odd": 1.108,
                "home_handicap_1.25_odd": 1.013,
                "away_handicap_2.25_odd": 1.048,
                "away_handicap_1.75_odd": 1.152,
                "away_handicap_1.25_odd": 1.31,
                "away_handicap_0.75_odd": 1.63,
                "away_handicap_0.25_odd": 2.15,
                "away_handicap_-0.25_odd": 3.24,
                "away_handicap_-0.75_odd": 4.95,
                "away_handicap_-1.25_odd": 8.5,
                "home_over_0.5_odd": 1.171,
                "home_over_1.0_odd": 1.33,
                "home_over_1.5_odd": 1.97,
                "home_over_2.0_odd": 3.14,
                "home_over_2.5_odd": 4.1,
                "home_over_3.0_odd": 8.5,
                "home_under_0.5_odd": 4.2,
                "home_under_1.0_odd": 2.875,
                "home_under_1.5_odd": 1.71,
                "home_under_2.0_odd": 1.28,
                "home_under_2.5_odd": 1.161,
                "home_under_3.0_odd": 1.013,
                "home_over_0.75_odd": 1.222,
                "home_over_1.25_odd": 1.66,
                "home_over_1.75_odd": 2.34,
                "home_over_2.25_odd": 3.58,
                "home_under_0.75_odd": 3.48,
                "home_under_1.25_odd": 2.04,
                "home_under_1.75_odd": 1.5,
                "home_under_2.25_odd": 1.21,
                "away_over_0.5_odd": 1.48,
                "away_over_1.0_odd": 2.23,
                "away_over_1.5_odd": 3.42,
                "away_over_2.0_odd": 8.1,
                "away_over_2.5_odd": 9.3,
                "away_under_0.5_odd": 2.4,
                "away_under_1.0_odd": 1.55,
                "away_under_1.5_odd": 1.24,
                "away_under_2.0_odd": 1.019,
                "away_under_2.5_odd": 1.002,
                "away_over_0.75_odd": 1.71,
                "away_over_1.25_odd": 2.84,
                "away_over_1.75_odd": 4.6,
                "away_over_2.25_odd": 8.9,
                "away_under_0.75_odd": 1.97,
                "away_under_1.25_odd": 1.35,
                "away_under_1.75_odd": 1.126,
                "away_under_2.25_odd": 1.03
            },
            {
                "match_id": 639061521,
                "date": "27/07/2025",
                "time": "21:30",
                "home_team": "Club Social y Deportivo Macará",
                "away_team": "Universidad Catolica Quito",
                "1_odd": 2.929,
                "draw_odd": 3.38,
                "2_odd": 2.312,
                "1X_odd": 1.555,
                "12_odd": 1.283,
                "X2_odd": 1.363,
                "both_score_odd": 1.71,
                "both_noscore_odd": 2.001,
                "over_0.5_odd": 1.005,
                "over_1.0_odd": 1.006,
                "over_1.5_odd": 1.25,
                "over_2.0_odd": 1.42,
                "over_2.5_odd": 1.938,
                "over_3.0_odd": 2.66,
                "over_3.5_odd": 3.34,
                "over_4.0_odd": 6.05,
                "over_4.5_odd": 7,
                "over_5.0_odd": 10,
                "over_5.5_odd": 13,
                "over_6.5_odd": 29,
                "under_0.5_odd": 8.85,
                "under_1.0_odd": 9,
                "under_1.5_odd": 3.28,
                "under_2.0_odd": 2.49,
                "under_2.5_odd": 1.807,
                "under_3.0_odd": 1.37,
                "under_3.5_odd": 1.24,
                "under_4.0_odd": 1.063,
                "under_4.5_odd": 1.039,
                "under_5.0_odd": 1.02,
                "under_5.5_odd": 1.03,
                "under_6.5_odd": 1.007,
                "over_1.25_odd": 1.125,
                "over_1.75_odd": 1.32,
                "over_2.25_odd": 1.66,
                "over_2.75_odd": 2.15,
                "over_3.25_odd": 2.97,
                "over_3.75_odd": 4.25,
                "over_4.25_odd": 6.55,
                "over_4.75_odd": 9.3,
                "under_1.25_odd": 4.65,
                "under_1.75_odd": 2.875,
                "under_2.25_odd": 2,
                "under_2.75_odd": 1.57,
                "under_3.25_odd": 1.3,
                "under_3.75_odd": 1.15,
                "under_4.25_odd": 1.05,
                "under_4.75_odd": 1.002,
                "home_handicap_-2.0_odd": 11,
                "home_handicap_-1.5_odd": 6.55,
                "home_handicap_-1.0_odd": 5.4,
                "home_handicap_0.0_odd": 2.113,
                "home_handicap_1.0_odd": 1.194,
                "home_handicap_1.5_odd": 1.118,
                "home_handicap_2.0_odd": 1.03,
                "home_handicap_2.5_odd": 1.02,
                "away_handicap_2.0_odd": 1.01,
                "away_handicap_1.5_odd": 1.049,
                "away_handicap_1.0_odd": 1.086,
                "away_handicap_0.0_odd": 1.677,
                "away_handicap_-1.0_odd": 3.74,
                "away_handicap_-1.5_odd": 4.75,
                "away_handicap_-2.0_odd": 8.8,
                "away_handicap_-2.5_odd": 9.9,
                "home_handicap_-1.75_odd": 9.2,
                "home_handicap_-1.25_odd": 6,
                "home_handicap_-0.75_odd": 3.5,
                "home_handicap_-0.25_odd": 2.43,
                "home_handicap_0.25_odd": 1.72,
                "home_handicap_0.75_odd": 1.363,
                "home_handicap_1.25_odd": 1.15,
                "home_handicap_1.75_odd": 1.054,
                "away_handicap_1.75_odd": 1.003,
                "away_handicap_1.25_odd": 1.065,
                "away_handicap_0.75_odd": 1.22,
                "away_handicap_0.25_odd": 1.45,
                "away_handicap_-0.25_odd": 1.92,
                "away_handicap_-0.75_odd": 2.69,
                "away_handicap_-1.25_odd": 4.25,
                "away_handicap_-1.75_odd": 6.4,
                "home_over_0.5_odd": 1.31,
                "home_over_1.0_odd": 1.71,
                "home_over_1.5_odd": 2.63,
                "home_over_2.0_odd": 5.65,
                "home_over_2.5_odd": 7.1,
                "home_under_0.5_odd": 3.04,
                "home_under_1.0_odd": 1.97,
                "home_under_1.5_odd": 1.39,
                "home_under_2.0_odd": 1.078,
                "home_under_2.5_odd": 1.037,
                "home_over_0.75_odd": 1.44,
                "home_over_1.25_odd": 2.17,
                "home_over_1.75_odd": 3.42,
                "home_under_0.75_odd": 2.51,
                "home_under_1.25_odd": 1.58,
                "home_under_1.75_odd": 1.23,
                "away_over_0.5_odd": 1.22,
                "away_over_1.0_odd": 1.47,
                "away_over_1.5_odd": 2.25,
                "away_over_2.0_odd": 4.2,
                "away_over_2.5_odd": 5.4,
                "away_under_0.5_odd": 3.65,
                "away_under_1.0_odd": 2.39,
                "away_under_1.5_odd": 1.54,
                "away_under_2.0_odd": 1.163,
                "away_under_2.5_odd": 1.087,
                "away_over_0.75_odd": 1.3,
                "away_over_1.25_odd": 1.86,
                "away_over_1.75_odd": 2.79,
                "away_over_2.25_odd": 4.8,
                "away_under_0.75_odd": 2.97,
                "away_under_1.25_odd": 1.8,
                "away_under_1.75_odd": 1.36,
                "away_under_2.25_odd": 1.116
            },
            {
                "match_id": 639061518,
                "date": "28/07/2025",
                "time": "00:00",
                "home_team": "Deportivo Cuenca",
                "away_team": "Independiente del Valle",
                "1_odd": 3.275,
                "draw_odd": 3.03,
                "2_odd": 2.3,
                "1X_odd": 1.561,
                "12_odd": 1.341,
                "X2_odd": 1.298,
                "both_score_odd": 1.93,
                "both_noscore_odd": 1.764,
                "over_0.5_odd": 1.027,
                "over_1.0_odd": 1.065,
                "over_1.5_odd": 1.37,
                "over_2.0_odd": 1.666,
                "over_2.5_odd": 2.328,
                "over_3.0_odd": 3.5,
                "over_3.5_odd": 4.35,
                "over_4.0_odd": 8.7,
                "over_4.5_odd": 9.7,
                "over_5.5_odd": 19,
                "over_6.5_odd": 50,
                "under_0.5_odd": 7.6,
                "under_1.0_odd": 6,
                "under_1.5_odd": 2.66,
                "under_2.0_odd": 1.98,
                "under_2.5_odd": 1.562,
                "under_3.0_odd": 1.22,
                "under_3.5_odd": 1.142,
                "under_4.0_odd": 1.01,
                "under_4.5_odd": 1.02,
                "under_5.5_odd": 1.015,
                "under_6.5_odd": 1.002,
                "over_0.75_odd": 1.043,
                "over_1.25_odd": 1.22,
                "over_1.75_odd": 1.48,
                "over_2.25_odd": 1.96,
                "over_2.75_odd": 2.68,
                "over_3.25_odd": 3.92,
                "over_3.75_odd": 5.7,
                "over_4.25_odd": 9.2,
                "under_0.75_odd": 6.8,
                "under_1.25_odd": 3.5,
                "under_1.75_odd": 2.33,
                "under_2.25_odd": 1.69,
                "under_2.75_odd": 1.37,
                "under_3.25_odd": 1.175,
                "under_3.75_odd": 1.076,
                "under_4.25_odd": 1.003,
                "home_handicap_-1.5_odd": 8.1,
                "home_handicap_-1.0_odd": 6.75,
                "home_handicap_0.0_odd": 2.266,
                "home_handicap_1.0_odd": 1.19,
                "home_handicap_1.5_odd": 1.113,
                "home_handicap_2.0_odd": 1.03,
                "home_handicap_2.5_odd": 1.02,
                "away_handicap_1.5_odd": 1.019,
                "away_handicap_1.0_odd": 1.045,
                "away_handicap_0.0_odd": 1.591,
                "away_handicap_-1.0_odd": 3.78,
                "away_handicap_-1.5_odd": 4.85,
                "away_handicap_-2.0_odd": 9.1,
                "away_handicap_-2.5_odd": 10,
                "home_handicap_-1.25_odd": 7.4,
                "home_handicap_-0.75_odd": 4.15,
                "home_handicap_-0.25_odd": 2.65,
                "home_handicap_0.25_odd": 1.76,
                "home_handicap_0.75_odd": 1.363,
                "home_handicap_1.25_odd": 1.145,
                "home_handicap_1.75_odd": 1.049,
                "away_handicap_1.25_odd": 1.03,
                "away_handicap_0.75_odd": 1.158,
                "away_handicap_0.25_odd": 1.38,
                "away_handicap_-0.25_odd": 1.88,
                "away_handicap_-0.75_odd": 2.69,
                "away_handicap_-1.25_odd": 4.3,
                "away_handicap_-1.75_odd": 6.55,
                "home_over_0.5_odd": 1.48,
                "home_over_1.0_odd": 2.1,
                "home_over_1.5_odd": 3.2,
                "home_over_2.0_odd": 7.6,
                "home_over_2.5_odd": 9.4,
                "home_under_0.5_odd": 2.45,
                "home_under_1.0_odd": 1.65,
                "home_under_1.5_odd": 1.31,
                "home_under_2.0_odd": 1.05,
                "home_under_2.5_odd": 1.03,
                "home_over_0.75_odd": 1.65,
                "home_over_1.25_odd": 2.71,
                "home_over_1.75_odd": 4.55,
                "home_under_0.75_odd": 2.05,
                "home_under_1.25_odd": 1.38,
                "home_under_1.75_odd": 1.131,
                "away_over_0.5_odd": 1.32,
                "away_over_1.0_odd": 1.66,
                "away_over_1.5_odd": 2.5,
                "away_over_2.5_odd": 6.3,
                "away_under_0.5_odd": 3.1,
                "away_under_1.0_odd": 2.1,
                "away_under_1.5_odd": 1.47,
                "away_under_2.5_odd": 1.08,
                "away_over_0.75_odd": 1.4,
                "away_over_1.25_odd": 2.07,
                "away_over_1.75_odd": 3.14,
                "away_over_2.75_odd": 9,
                "away_under_0.75_odd": 2.64,
                "away_under_1.25_odd": 1.64,
                "away_under_1.75_odd": 1.27,
                "away_under_2.75_odd": 1.006
            }
        ]
    }
]