[
    {
        "last_updated": "2025-07-24T20:45:02.075179+01:00"
    },
    {
        "tournament_id": 1141483,
        "tournament_name": "National Teams",
        "matches": [
            {
                "match_id": 639696480,
                "date": "25/07/2025",
                "time": "16:00",
                "home_team": "Saudi Arabia U23",
                "away_team": "Japan U23",
                "1_odd": 3.42,
                "draw_odd": 3.44,
                "2_odd": 1.94,
                "1X_odd": 1.7,
                "12_odd": 1.222,
                "X2_odd": 1.24,
                "both_score_odd": 1.63,
                "both_noscore_odd": 2.124,
                "over_0.5_odd": 1.001,
                "over_1.0_odd": 1.003,
                "over_1.5_odd": 1.196,
                "over_2.0_odd": 1.32,
                "over_2.5_odd": 1.74,
                "over_3.0_odd": 2.21,
                "over_3.5_odd": 2.78,
                "over_4.0_odd": 4.45,
                "over_4.5_odd": 5.15,
                "over_5.0_odd": 9.2,
                "over_5.5_odd": 12,
                "over_6.5_odd": 23,
                "over_7.5_odd": 50,
                "under_0.5_odd": 10.9,
                "under_1.0_odd": 9.2,
                "under_1.5_odd": 3.72,
                "under_2.0_odd": 2.875,
                "under_2.5_odd": 1.96,
                "under_3.0_odd": 1.53,
                "under_3.5_odd": 1.34,
                "under_4.0_odd": 1.135,
                "under_4.5_odd": 1.097,
                "under_5.0_odd": 1.003,
                "under_5.5_odd": 1.04,
                "under_6.5_odd": 1.012,
                "under_7.5_odd": 1.002,
                "over_1.25_odd": 1.1,
                "over_1.75_odd": 1.25,
                "over_2.25_odd": 1.51,
                "over_2.75_odd": 1.89,
                "over_3.25_odd": 2.49,
                "over_3.75_odd": 3.34,
                "over_4.25_odd": 4.8,
                "over_4.75_odd": 6.55,
                "under_1.25_odd": 5.1,
                "under_1.75_odd": 3.28,
                "under_2.25_odd": 2.26,
                "under_2.75_odd": 1.74,
                "under_3.25_odd": 1.42,
                "under_3.75_odd": 1.24,
                "under_4.25_odd": 1.114,
                "under_4.75_odd": 1.05,
                "home_handicap_-1.5_odd": 7.2,
                "home_handicap_-1.0_odd": 6.4,
                "home_handicap_0.0_odd": 2.53,
                "home_handicap_1.0_odd": 1.363,
                "home_handicap_1.5_odd": 1.222,
                "home_handicap_2.0_odd": 1.054,
                "home_handicap_2.5_odd": 1.035,
                "away_handicap_1.5_odd": 1.035,
                "away_handicap_1.0_odd": 1.067,
                "away_handicap_0.0_odd": 1.46,
                "away_handicap_-1.0_odd": 2.78,
                "away_handicap_-1.5_odd": 3.5,
                "away_handicap_-2.0_odd": 6.4,
                "away_handicap_-2.5_odd": 7.2,
                "home_handicap_-1.25_odd": 6.8,
                "home_handicap_-0.75_odd": 4.3,
                "home_handicap_-0.25_odd": 2.94,
                "home_handicap_0.25_odd": 2.03,
                "home_handicap_0.75_odd": 1.57,
                "home_handicap_1.25_odd": 1.28,
                "home_handicap_1.75_odd": 1.138,
                "home_handicap_2.25_odd": 1.044,
                "away_handicap_1.25_odd": 1.05,
                "away_handicap_0.75_odd": 1.173,
                "away_handicap_0.25_odd": 1.35,
                "away_handicap_-0.25_odd": 1.7,
                "away_handicap_-0.75_odd": 2.22,
                "away_handicap_-1.25_odd": 3.15,
                "away_handicap_-1.75_odd": 4.4,
                "away_handicap_-2.25_odd": 6.75,
                "home_over_0.5_odd": 1.4,
                "home_over_1.5_odd": 2.75,
                "home_over_2.5_odd": 8,
                "home_over_3.5_odd": 21,
                "home_over_4.5_odd": 50,
                "home_under_0.5_odd": 2.75,
                "home_under_1.5_odd": 1.4,
                "home_under_2.5_odd": 1.083,
                "home_under_3.5_odd": 1.015,
                "home_under_4.5_odd": 1.002,
                "home_over_0.75_odd": 1.48,
                "home_over_1.25_odd": 2.23,
                "home_under_0.75_odd": 2.4,
                "home_under_1.25_odd": 1.55,
                "away_over_0.5_odd": 1.167,
                "away_over_1.5_odd": 1.833,
                "away_over_2.5_odd": 3.75,
                "away_over_3.5_odd": 9,
                "away_over_4.5_odd": 21,
                "away_over_5.5_odd": 50,
                "away_under_0.5_odd": 5,
                "away_under_1.5_odd": 1.833,
                "away_under_2.5_odd": 1.25,
                "away_under_3.5_odd": 1.071,
                "away_under_4.5_odd": 1.015,
                "away_under_5.5_odd": 1.002,
                "away_over_1.25_odd": 1.59,
                "away_over_1.75_odd": 2.19,
                "away_under_1.25_odd": 2.16,
                "away_under_1.75_odd": 1.57
            }
        ]
    }
]