[
    {
        "last_updated": "2025-07-24T20:45:25.165345+01:00"
    },
    {
        "tournament_id": 84603,
        "tournament_name": "Liga Nacional",
        "matches": [
            {
                "match_id": 639523182,
                "date": "25/07/2025",
                "time": "02:00",
                "home_team": "C.D. Victoria",
                "away_team": "Marathon",
                "1_odd": 3.385,
                "draw_odd": 3.1,
                "2_odd": 2.08,
                "1X_odd": 1.61,
                "12_odd": 1.28,
                "X2_odd": 1.24,
                "both_score_odd": 1.98,
                "both_noscore_odd": 1.723,
                "over_0.5_odd": 1.019,
                "over_1.0_odd": 1.056,
                "over_1.5_odd": 1.38,
                "over_2.0_odd": 1.69,
                "over_2.5_odd": 2.32,
                "over_3.0_odd": 3.58,
                "over_3.5_odd": 4.55,
                "over_4.0_odd": 9.2,
                "over_4.5_odd": 9.4,
                "over_5.5_odd": 26,
                "under_0.5_odd": 8.1,
                "under_1.0_odd": 6.3,
                "under_1.5_odd": 2.625,
                "under_2.0_odd": 1.95,
                "under_2.5_odd": 1.53,
                "under_3.0_odd": 1.21,
                "under_3.5_odd": 1.13,
                "under_4.0_odd": 1.003,
                "under_4.5_odd": 1.03,
                "under_5.5_odd": 1.01,
                "over_0.75_odd": 1.035,
                "over_1.25_odd": 1.22,
                "over_1.75_odd": 1.5,
                "over_2.25_odd": 1.98,
                "over_2.75_odd": 2.74,
                "over_3.25_odd": 4.1,
                "over_3.75_odd": 5.95,
                "under_0.75_odd": 7.2,
                "under_1.25_odd": 3.5,
                "under_1.75_odd": 2.28,
                "under_2.25_odd": 1.666,
                "under_2.75_odd": 1.35,
                "under_3.25_odd": 1.161,
                "under_3.75_odd": 1.066,
                "home_handicap_-1.5_odd": 8.9,
                "home_handicap_-1.0_odd": 7.6,
                "home_handicap_0.0_odd": 2.42,
                "home_handicap_1.0_odd": 1.25,
                "home_handicap_1.5_odd": 1.135,
                "home_handicap_2.0_odd": 1.05,
                "home_handicap_2.5_odd": 1.03,
                "away_handicap_1.5_odd": 1.007,
                "away_handicap_1.0_odd": 1.04,
                "away_handicap_0.0_odd": 1.5,
                "away_handicap_-1.0_odd": 3.42,
                "away_handicap_-1.5_odd": 4.5,
                "away_handicap_-2.0_odd": 8,
                "away_handicap_-2.5_odd": 9.2,
                "home_handicap_-1.25_odd": 8.3,
                "home_handicap_-0.75_odd": 4.5,
                "home_handicap_-0.25_odd": 2.89,
                "home_handicap_0.25_odd": 1.909,
                "home_handicap_0.75_odd": 1.45,
                "home_handicap_1.25_odd": 1.18,
                "home_handicap_1.75_odd": 1.063,
                "away_handicap_1.25_odd": 1.022,
                "away_handicap_0.75_odd": 1.156,
                "away_handicap_0.25_odd": 1.36,
                "away_handicap_-0.25_odd": 1.8,
                "away_handicap_-0.75_odd": 2.52,
                "away_handicap_-1.25_odd": 3.98,
                "away_handicap_-1.75_odd": 6.05,
                "home_over_0.5_odd": 1.52,
                "home_over_1.0_odd": 2.23,
                "home_over_1.5_odd": 3.4,
                "home_over_2.0_odd": 8.2,
                "home_over_2.5_odd": 10,
                "home_under_0.5_odd": 2.36,
                "home_under_1.0_odd": 1.58,
                "home_under_1.5_odd": 1.28,
                "home_under_2.0_odd": 1.04,
                "home_under_2.5_odd": 1.02,
                "home_over_0.75_odd": 1.71,
                "home_over_1.25_odd": 2.93,
                "home_under_0.75_odd": 1.97,
                "home_under_1.25_odd": 1.33,
                "away_over_0.5_odd": 1.3,
                "away_over_1.0_odd": 1.59,
                "away_over_1.5_odd": 2.38,
                "away_over_2.5_odd": 5.8,
                "away_under_0.5_odd": 3.2,
                "away_under_1.0_odd": 2.2,
                "away_under_1.5_odd": 1.51,
                "away_under_2.5_odd": 1.1,
                "away_over_0.75_odd": 1.363,
                "away_over_1.25_odd": 2.01,
                "away_under_0.75_odd": 2.78,
                "away_under_1.25_odd": 1.68
            }
        ]
    }
]