[
    {
        "last_updated": "2025-07-24T20:45:28.228616+01:00"
    },
    {
        "tournament_id": 2870315,
        "tournament_name": "1. Deild. Statistics Round",
        "matches": [
            {
                "match_id": 639782445,
                "date": "25/07/2025",
                "time": "19:00",
                "home_team": "Home",
                "away_team": "Away",
                "1_odd": 1.48,
                "draw_odd": 9.5,
                "2_odd": 3.37,
                "1X_odd": 1.28,
                "12_odd": 1.02,
                "X2_odd": 2.5,
                "over_18.5_odd": 1.35,
                "over_19.5_odd": 1.5,
                "over_20.5_odd": 1.72,
                "over_21.5_odd": 2,
                "over_22.5_odd": 2.35,
                "over_23.5_odd": 2.85,
                "over_24.5_odd": 3.55,
                "under_18.5_odd": 2.9,
                "under_19.5_odd": 2.4,
                "under_20.5_odd": 2,
                "under_21.5_odd": 1.72,
                "under_22.5_odd": 1.52,
                "under_23.5_odd": 1.37,
                "under_24.5_odd": 1.25,
                "home_handicap_-6.5_odd": 4.4,
                "home_handicap_-5.5_odd": 3.45,
                "home_handicap_-4.5_odd": 2.8,
                "home_handicap_-3.5_odd": 2.3,
                "home_handicap_-2.5_odd": 1.94,
                "home_handicap_-1.5_odd": 1.68,
                "home_handicap_1.5_odd": 1.23,
                "away_handicap_6.5_odd": 1.17,
                "away_handicap_5.5_odd": 1.26,
                "away_handicap_4.5_odd": 1.38,
                "away_handicap_3.5_odd": 1.55,
                "away_handicap_2.5_odd": 1.76,
                "away_handicap_1.5_odd": 2.05,
                "away_handicap_-1.5_odd": 3.7,
                "home_over_10.5_odd": 1.52,
                "home_over_11.5_odd": 1.87,
                "home_over_12.5_odd": 2.35,
                "home_under_10.5_odd": 2.35,
                "home_under_11.5_odd": 1.83,
                "home_under_12.5_odd": 1.52,
                "away_over_8.5_odd": 1.52,
                "away_over_9.5_odd": 1.87,
                "away_over_10.5_odd": 2.4,
                "away_under_8.5_odd": 2.35,
                "away_under_9.5_odd": 1.83,
                "away_under_10.5_odd": 1.5
            }
        ]
    },
    {
        "tournament_id": 52707,
        "tournament_name": "Urvalsdeild. Women",
        "matches": [
            {
                "match_id": 639664027,
                "date": "25/07/2025",
                "time": "19:00",
                "home_team": "Fimleikafelag Hafnarfjarðar (Women)",
                "away_team": "Fram Reykjavik (Women)",
                "1_odd": 1.42,
                "draw_odd": 4.4,
                "2_odd": 5.95,
                "1X_odd": 1.07,
                "12_odd": 1.134,
                "X2_odd": 2.51,
                "over_0.5_odd": 1.025,
                "over_1.5_odd": 1.154,
                "over_2.0_odd": 1.2,
                "over_2.5_odd": 1.51,
                "over_3.0_odd": 1.81,
                "over_3.5_odd": 2.32,
                "over_4.0_odd": 3.28,
                "over_4.5_odd": 3.88,
                "over_5.0_odd": 6.4,
                "over_5.5_odd": 7,
                "under_0.5_odd": 15,
                "under_1.5_odd": 4.8,
                "under_2.0_odd": 3.68,
                "under_2.5_odd": 2.26,
                "under_3.0_odd": 1.81,
                "under_3.5_odd": 1.53,
                "under_4.0_odd": 1.25,
                "under_4.5_odd": 1.179,
                "under_5.0_odd": 1.054,
                "under_5.5_odd": 1.083,
                "over_2.25_odd": 1.36,
                "over_2.75_odd": 1.63,
                "over_3.25_odd": 2.05,
                "over_3.75_odd": 2.625,
                "over_4.25_odd": 3.58,
                "under_2.25_odd": 2.7,
                "under_2.75_odd": 2.04,
                "under_3.25_odd": 1.62,
                "under_3.75_odd": 1.38,
                "under_4.25_odd": 1.21,
                "home_handicap_-3.5_odd": 7,
                "home_handicap_-3.0_odd": 6.4,
                "home_handicap_-2.5_odd": 3.76,
                "home_handicap_-2.0_odd": 3.15,
                "home_handicap_-1.5_odd": 2.2,
                "home_handicap_-1.0_odd": 1.69,
                "home_handicap_0.0_odd": 1.136,
                "away_handicap_3.5_odd": 1.039,
                "away_handicap_3.0_odd": 1.054,
                "away_handicap_2.5_odd": 1.2,
                "away_handicap_2.0_odd": 1.3,
                "away_handicap_1.5_odd": 1.6,
                "away_handicap_1.0_odd": 2.02,
                "away_handicap_0.0_odd": 4.45,
                "home_handicap_-2.25_odd": 3.42,
                "home_handicap_-1.75_odd": 2.56,
                "home_handicap_-1.25_odd": 1.94,
                "home_handicap_-0.75_odd": 1.52,
                "home_handicap_-0.25_odd": 1.28,
                "away_handicap_2.25_odd": 1.25,
                "away_handicap_1.75_odd": 1.45,
                "away_handicap_1.25_odd": 1.77,
                "away_handicap_0.75_odd": 2.3,
                "away_handicap_0.25_odd": 3.15,
                "home_over_1.5_odd": 1.44,
                "home_over_2.0_odd": 1.79,
                "home_over_2.5_odd": 2.36,
                "home_under_1.5_odd": 2.47,
                "home_under_2.0_odd": 1.87,
                "home_under_2.5_odd": 1.48,
                "away_over_1.0_odd": 2.28,
                "away_over_1.5_odd": 3.42,
                "away_over_2.0_odd": 7.8,
                "away_under_1.0_odd": 1.53,
                "away_under_1.5_odd": 1.24,
                "away_under_2.0_odd": 1.024
            },
            {
                "match_id": 639664030,
                "date": "25/07/2025",
                "time": "19:00",
                "home_team": "Vikingur Reykjavik (Women)",
                "away_team": "Stjarnan (Women)",
                "1_odd": 2.1,
                "draw_odd": 3.66,
                "2_odd": 2.861,
                "1X_odd": 1.33,
                "12_odd": 1.197,
                "X2_odd": 1.6,
                "over_0.5_odd": 1.025,
                "over_1.5_odd": 1.15,
                "over_2.0_odd": 1.165,
                "over_2.5_odd": 1.46,
                "over_3.0_odd": 1.73,
                "over_3.5_odd": 2.23,
                "over_4.0_odd": 3.08,
                "over_4.5_odd": 3.72,
                "over_5.0_odd": 6.15,
                "over_5.5_odd": 7,
                "under_0.5_odd": 15,
                "under_1.5_odd": 5,
                "under_2.0_odd": 4.05,
                "under_2.5_odd": 2.375,
                "under_3.0_odd": 1.9,
                "under_3.5_odd": 1.571,
                "under_4.0_odd": 1.28,
                "under_4.5_odd": 1.196,
                "under_5.0_odd": 1.06,
                "under_5.5_odd": 1.083,
                "over_2.25_odd": 1.31,
                "over_2.75_odd": 1.57,
                "over_3.25_odd": 1.95,
                "over_3.75_odd": 2.52,
                "over_4.25_odd": 3.34,
                "under_2.25_odd": 2.92,
                "under_2.75_odd": 2.14,
                "under_3.25_odd": 1.69,
                "under_3.75_odd": 1.41,
                "under_4.25_odd": 1.24,
                "home_handicap_-2.5_odd": 7.5,
                "home_handicap_-2.0_odd": 6.7,
                "home_handicap_-1.5_odd": 3.74,
                "home_handicap_-1.0_odd": 3.04,
                "home_handicap_0.0_odd": 1.615,
                "home_handicap_1.0_odd": 1.133,
                "home_handicap_1.5_odd": 1.084,
                "away_handicap_2.5_odd": 1.029,
                "away_handicap_2.0_odd": 1.046,
                "away_handicap_1.5_odd": 1.195,
                "away_handicap_1.0_odd": 1.31,
                "away_handicap_0.0_odd": 2.17,
                "away_handicap_-1.0_odd": 4.75,
                "away_handicap_-1.5_odd": 5.5,
                "home_handicap_-1.25_odd": 3.34,
                "home_handicap_-0.75_odd": 2.43,
                "home_handicap_-0.25_odd": 1.85,
                "home_handicap_0.25_odd": 1.48,
                "home_handicap_0.75_odd": 1.26,
                "away_handicap_1.25_odd": 1.25,
                "away_handicap_0.75_odd": 1.48,
                "away_handicap_0.25_odd": 1.85,
                "away_handicap_-0.25_odd": 2.47,
                "away_handicap_-0.75_odd": 3.42,
                "home_over_1.0_odd": 1.222,
                "home_over_1.5_odd": 1.75,
                "home_over_2.0_odd": 2.53,
                "home_under_1.0_odd": 3.55,
                "home_under_1.5_odd": 1.92,
                "home_under_2.0_odd": 1.42,
                "away_over_1.0_odd": 1.39,
                "away_over_1.5_odd": 2.05,
                "away_over_2.0_odd": 3.42,
                "away_under_1.0_odd": 2.63,
                "away_under_1.5_odd": 1.65,
                "away_under_2.0_odd": 1.24
            }
        ]
    },
    {
        "tournament_id": 31504,
        "tournament_name": "Urvalsdeild",
        "matches": [
            {
                "match_id": 638929148,
                "date": "26/07/2025",
                "time": "18:00",
                "home_team": "Knattspyrnufelag Reykjavíkur",
                "away_team": "Breidablik UBK",
                "1_odd": 3.125,
                "draw_odd": 4.15,
                "2_odd": 2,
                "1X_odd": 1.79,
                "12_odd": 1.22,
                "X2_odd": 1.35,
                "both_score_odd": 1.26,
                "both_noscore_odd": 3.55,
                "over_0.5_odd": 1.01,
                "over_1.0_odd": 1.02,
                "over_1.5_odd": 1.019,
                "over_2.0_odd": 1.039,
                "over_2.5_odd": 1.222,
                "over_3.0_odd": 1.34,
                "over_3.5_odd": 1.7,
                "over_4.0_odd": 2.03,
                "over_4.5_odd": 2.47,
                "over_5.0_odd": 3.5,
                "over_5.5_odd": 4.15,
                "over_6.0_odd": 6.8,
                "over_6.5_odd": 7,
                "over_7.5_odd": 10,
                "over_8.5_odd": 15,
                "over_9.5_odd": 21,
                "under_0.5_odd": 24,
                "under_1.0_odd": 17,
                "under_1.5_odd": 8.1,
                "under_2.0_odd": 7,
                "under_2.5_odd": 3.5,
                "under_3.0_odd": 2.89,
                "under_3.5_odd": 2.11,
                "under_4.0_odd": 1.666,
                "under_4.5_odd": 1.43,
                "under_5.0_odd": 1.22,
                "under_5.5_odd": 1.158,
                "under_6.0_odd": 1.043,
                "under_6.5_odd": 1.083,
                "under_7.5_odd": 1.03,
                "under_8.5_odd": 1.01,
                "under_9.5_odd": 1.002,
                "over_1.75_odd": 1.028,
                "over_2.25_odd": 1.13,
                "over_2.75_odd": 1.28,
                "over_3.25_odd": 1.51,
                "over_3.75_odd": 1.82,
                "over_4.25_odd": 2.25,
                "over_4.75_odd": 2.875,
                "over_5.25_odd": 3.84,
                "under_1.75_odd": 7.5,
                "under_2.25_odd": 4.55,
                "under_2.75_odd": 3.15,
                "under_3.25_odd": 2.36,
                "under_3.75_odd": 1.87,
                "under_4.25_odd": 1.53,
                "under_4.75_odd": 1.32,
                "under_5.25_odd": 1.183,
                "home_handicap_-2.5_odd": 11,
                "home_handicap_-2.0_odd": 10,
                "home_handicap_-1.5_odd": 5.75,
                "home_handicap_-1.0_odd": 4.95,
                "home_handicap_0.0_odd": 2.42,
                "home_handicap_1.0_odd": 1.41,
                "home_handicap_1.5_odd": 1.28,
                "home_handicap_2.0_odd": 1.098,
                "home_handicap_2.5_odd": 1.07,
                "home_handicap_3.0_odd": 1.04,
                "home_handicap_3.5_odd": 1.03,
                "away_handicap_2.5_odd": 1.02,
                "away_handicap_2.0_odd": 1.03,
                "away_handicap_1.5_odd": 1.074,
                "away_handicap_1.0_odd": 1.111,
                "away_handicap_0.0_odd": 1.533,
                "away_handicap_-1.0_odd": 2.55,
                "away_handicap_-1.5_odd": 3.08,
                "away_handicap_-2.0_odd": 5.15,
                "away_handicap_-2.5_odd": 5.85,
                "away_handicap_-3.0_odd": 9.4,
                "away_handicap_-3.5_odd": 10,
                "home_handicap_-1.75_odd": 7.5,
                "home_handicap_-1.25_odd": 5.35,
                "home_handicap_-0.75_odd": 3.62,
                "home_handicap_-0.25_odd": 2.66,
                "home_handicap_0.25_odd": 1.98,
                "home_handicap_0.75_odd": 1.59,
                "home_handicap_1.25_odd": 1.33,
                "home_handicap_1.75_odd": 1.185,
                "away_handicap_1.75_odd": 1.029,
                "away_handicap_1.25_odd": 1.089,
                "away_handicap_0.75_odd": 1.22,
                "away_handicap_0.25_odd": 1.4,
                "away_handicap_-0.25_odd": 1.71,
                "away_handicap_-0.75_odd": 2.14,
                "away_handicap_-1.25_odd": 2.83,
                "away_handicap_-1.75_odd": 3.82,
                "home_over_0.5_odd": 1.131,
                "home_over_1.0_odd": 1.24,
                "home_over_1.5_odd": 1.78,
                "home_over_2.0_odd": 2.61,
                "home_over_2.5_odd": 3.5,
                "home_over_3.0_odd": 6.95,
                "home_over_3.5_odd": 8,
                "home_under_0.5_odd": 5.05,
                "home_under_1.0_odd": 3.56,
                "home_under_1.5_odd": 1.93,
                "home_under_2.0_odd": 1.42,
                "home_under_2.5_odd": 1.23,
                "home_under_3.0_odd": 1.04,
                "home_under_3.5_odd": 1.02,
                "home_over_0.75_odd": 1.163,
                "home_over_1.25_odd": 1.52,
                "home_over_1.75_odd": 2.06,
                "home_over_2.25_odd": 3.04,
                "home_under_0.75_odd": 4.3,
                "home_under_1.25_odd": 2.36,
                "home_under_1.75_odd": 1.68,
                "home_under_2.25_odd": 1.31,
                "away_over_0.5_odd": 1.051,
                "away_over_1.0_odd": 1.077,
                "away_over_1.5_odd": 1.44,
                "away_over_2.0_odd": 1.8,
                "away_over_2.5_odd": 2.4,
                "away_over_3.0_odd": 3.9,
                "away_over_3.5_odd": 4.75,
                "away_under_0.5_odd": 7.7,
                "away_under_1.0_odd": 5.85,
                "away_under_1.5_odd": 2.55,
                "away_under_2.0_odd": 1.9,
                "away_under_2.5_odd": 1.49,
                "away_under_3.0_odd": 1.186,
                "away_under_3.5_odd": 1.119,
                "away_over_1.25_odd": 1.26,
                "away_over_1.75_odd": 1.58,
                "away_over_2.25_odd": 2.11,
                "away_over_2.75_odd": 2.88,
                "away_under_1.25_odd": 3.34,
                "away_under_1.75_odd": 2.23,
                "away_under_2.25_odd": 1.65,
                "away_under_2.75_odd": 1.34
            },
            {
                "match_id": 638860638,
                "date": "27/07/2025",
                "time": "15:00",
                "home_team": "Vestri",
                "away_team": "Íþrottabandalag Vestmannaeyja",
                "1_odd": 2.879,
                "draw_odd": 3.3,
                "2_odd": 2.44,
                "1X_odd": 1.54,
                "12_odd": 1.32,
                "X2_odd": 1.4,
                "both_score_odd": 1.65,
                "both_noscore_odd": 2.132,
                "over_0.5_odd": 1.002,
                "over_1.0_odd": 1.019,
                "over_1.5_odd": 1.23,
                "over_2.0_odd": 1.38,
                "over_2.5_odd": 1.85,
                "over_3.0_odd": 2.375,
                "over_3.5_odd": 2.93,
                "over_4.0_odd": 4.85,
                "over_4.5_odd": 5.55,
                "over_5.0_odd": 9.5,
                "over_5.5_odd": 12,
                "over_6.5_odd": 15,
                "over_7.5_odd": 21,
                "under_0.5_odd": 9.3,
                "under_1.0_odd": 8.1,
                "under_1.5_odd": 3.44,
                "under_2.0_odd": 2.72,
                "under_2.5_odd": 1.92,
                "under_3.0_odd": 1.49,
                "under_3.5_odd": 1.31,
                "under_4.0_odd": 1.113,
                "under_4.5_odd": 1.081,
                "under_5.0_odd": 1.04,
                "under_5.5_odd": 1.02,
                "under_6.5_odd": 1.01,
                "under_7.5_odd": 1.002,
                "over_0.75_odd": 1.01,
                "over_1.25_odd": 1.121,
                "over_1.75_odd": 1.29,
                "over_2.25_odd": 1.6,
                "over_2.75_odd": 2.02,
                "over_3.25_odd": 2.68,
                "over_3.75_odd": 3.58,
                "over_4.25_odd": 5.2,
                "under_0.75_odd": 8.7,
                "under_1.25_odd": 4.7,
                "under_1.75_odd": 3.1,
                "under_2.25_odd": 2.17,
                "under_2.75_odd": 1.69,
                "under_3.25_odd": 1.38,
                "under_3.75_odd": 1.21,
                "under_4.25_odd": 1.096,
                "home_handicap_-2.5_odd": 12.5,
                "home_handicap_-2.0_odd": 11.5,
                "home_handicap_-1.5_odd": 5.65,
                "home_handicap_-1.0_odd": 4.8,
                "home_handicap_0.0_odd": 2.05,
                "home_handicap_1.0_odd": 1.21,
                "home_handicap_1.5_odd": 1.132,
                "home_handicap_2.0_odd": 1.008,
                "home_handicap_2.5_odd": 1.03,
                "away_handicap_2.5_odd": 1.01,
                "away_handicap_2.0_odd": 1.02,
                "away_handicap_1.5_odd": 1.077,
                "away_handicap_1.0_odd": 1.12,
                "away_handicap_0.0_odd": 1.727,
                "away_handicap_-1.0_odd": 3.64,
                "away_handicap_-1.5_odd": 4.5,
                "away_handicap_-2.0_odd": 8.8,
                "away_handicap_-2.5_odd": 9.8,
                "home_handicap_-1.75_odd": 7.5,
                "home_handicap_-1.25_odd": 5.25,
                "home_handicap_-0.75_odd": 3.38,
                "home_handicap_-0.25_odd": 2.36,
                "home_handicap_0.25_odd": 1.7,
                "home_handicap_0.75_odd": 1.363,
                "home_handicap_1.25_odd": 1.161,
                "home_handicap_1.75_odd": 1.07,
                "away_handicap_1.75_odd": 1.029,
                "away_handicap_1.25_odd": 1.094,
                "away_handicap_0.75_odd": 1.25,
                "away_handicap_0.25_odd": 1.5,
                "away_handicap_-0.25_odd": 2,
                "away_handicap_-0.75_odd": 2.76,
                "away_handicap_-1.25_odd": 4.1,
                "away_handicap_-1.75_odd": 5.85,
                "home_over_0.5_odd": 1.3,
                "home_over_1.0_odd": 1.6,
                "home_over_1.5_odd": 2.4,
                "home_over_2.0_odd": 4.6,
                "home_over_2.5_odd": 6,
                "home_under_0.5_odd": 3.3,
                "home_under_1.0_odd": 2.2,
                "home_under_1.5_odd": 1.53,
                "home_under_2.0_odd": 1.17,
                "home_under_2.5_odd": 1.11,
                "home_over_0.75_odd": 1.41,
                "home_over_1.25_odd": 2.04,
                "home_over_1.75_odd": 3.04,
                "home_over_2.25_odd": 5.3,
                "home_over_2.75_odd": 7.7,
                "home_under_0.75_odd": 2.69,
                "home_under_1.25_odd": 1.69,
                "home_under_1.75_odd": 1.31,
                "home_under_2.25_odd": 1.13,
                "home_under_2.75_odd": 1.026,
                "away_over_0.5_odd": 1.24,
                "away_over_1.0_odd": 1.45,
                "away_over_1.5_odd": 2.15,
                "away_over_2.5_odd": 5,
                "away_over_3.5_odd": 12.5,
                "away_under_0.5_odd": 3.8,
                "away_under_1.0_odd": 2.55,
                "away_under_1.5_odd": 1.65,
                "away_under_2.5_odd": 1.15,
                "away_under_3.5_odd": 1.01,
                "away_over_0.75_odd": 1.31,
                "away_over_1.25_odd": 1.84,
                "away_over_1.75_odd": 2.69,
                "away_over_2.25_odd": 4.3,
                "away_under_0.75_odd": 3.04,
                "away_under_1.25_odd": 1.86,
                "away_under_1.75_odd": 1.41,
                "away_under_2.25_odd": 1.161
            },
            {
                "match_id": 638926751,
                "date": "27/07/2025",
                "time": "20:15",
                "home_team": "Knattspyrnufelagid Fram",
                "away_team": "Vikingur Reykjavik",
                "1_odd": 3.69,
                "draw_odd": 4.1,
                "2_odd": 1.83,
                "1X_odd": 1.96,
                "12_odd": 1.22,
                "X2_odd": 1.26,
                "both_score_odd": 1.42,
                "both_noscore_odd": 2.694,
                "over_0.5_odd": 1.008,
                "over_1.0_odd": 1.01,
                "over_1.5_odd": 1.088,
                "over_2.0_odd": 1.131,
                "over_2.5_odd": 1.39,
                "over_3.0_odd": 1.61,
                "over_3.5_odd": 2.08,
                "over_4.0_odd": 2.72,
                "over_4.5_odd": 3.22,
                "over_5.0_odd": 5.05,
                "over_5.5_odd": 5.6,
                "over_6.0_odd": 9.3,
                "over_6.5_odd": 9,
                "over_7.5_odd": 15,
                "over_8.5_odd": 21,
                "under_0.5_odd": 17.5,
                "under_1.0_odd": 13,
                "under_1.5_odd": 5.35,
                "under_2.0_odd": 4.55,
                "under_2.5_odd": 2.6,
                "under_3.0_odd": 2.13,
                "under_3.5_odd": 1.72,
                "under_4.0_odd": 1.38,
                "under_4.5_odd": 1.26,
                "under_5.0_odd": 1.103,
                "under_5.5_odd": 1.079,
                "under_6.0_odd": 1.002,
                "under_6.5_odd": 1.04,
                "under_7.5_odd": 1.01,
                "under_8.5_odd": 1.002,
                "over_1.75_odd": 1.107,
                "over_2.25_odd": 1.26,
                "over_2.75_odd": 1.48,
                "over_3.25_odd": 1.83,
                "over_3.75_odd": 2.29,
                "over_4.25_odd": 2.99,
                "over_4.75_odd": 3.86,
                "over_5.25_odd": 5.3,
                "under_1.75_odd": 4.95,
                "under_2.25_odd": 3.22,
                "under_2.75_odd": 2.375,
                "under_3.25_odd": 1.86,
                "under_3.75_odd": 1.54,
                "under_4.25_odd": 1.31,
                "under_4.75_odd": 1.181,
                "under_5.25_odd": 1.09,
                "home_handicap_-1.5_odd": 6.8,
                "home_handicap_-1.0_odd": 6.05,
                "home_handicap_0.0_odd": 2.72,
                "home_handicap_1.0_odd": 1.57,
                "home_handicap_1.5_odd": 1.35,
                "home_handicap_2.0_odd": 1.133,
                "home_handicap_2.5_odd": 1.098,
                "home_handicap_3.0_odd": 1.005,
                "home_handicap_3.5_odd": 1.03,
                "away_handicap_1.5_odd": 1.043,
                "away_handicap_1.0_odd": 1.063,
                "away_handicap_0.0_odd": 1.363,
                "away_handicap_-1.0_odd": 2.33,
                "away_handicap_-1.5_odd": 2.82,
                "away_handicap_-2.0_odd": 4.5,
                "away_handicap_-2.5_odd": 5.15,
                "away_handicap_-3.0_odd": 9,
                "away_handicap_-3.5_odd": 10.5,
                "home_handicap_-1.25_odd": 6.4,
                "home_handicap_-0.75_odd": 4.25,
                "home_handicap_-0.25_odd": 3.05,
                "home_handicap_0.25_odd": 2.2,
                "home_handicap_0.75_odd": 1.74,
                "home_handicap_1.25_odd": 1.43,
                "home_handicap_1.75_odd": 1.24,
                "home_handicap_2.25_odd": 1.114,
                "away_handicap_1.25_odd": 1.053,
                "away_handicap_0.75_odd": 1.149,
                "away_handicap_0.25_odd": 1.285,
                "away_handicap_-0.25_odd": 1.56,
                "away_handicap_-0.75_odd": 1.94,
                "away_handicap_-1.25_odd": 2.56,
                "away_handicap_-1.75_odd": 3.38,
                "away_handicap_-2.25_odd": 4.8,
                "home_over_0.5_odd": 1.26,
                "home_over_1.0_odd": 1.51,
                "home_over_1.5_odd": 2.25,
                "home_over_2.0_odd": 4,
                "home_over_2.5_odd": 4.95,
                "home_under_0.5_odd": 3.48,
                "home_under_1.0_odd": 2.35,
                "home_under_1.5_odd": 1.57,
                "home_under_2.0_odd": 1.194,
                "home_under_2.5_odd": 1.115,
                "home_over_0.75_odd": 1.333,
                "home_over_1.25_odd": 1.89,
                "home_over_1.75_odd": 2.76,
                "home_over_2.25_odd": 4.5,
                "home_under_0.75_odd": 2.91,
                "home_under_1.25_odd": 1.81,
                "home_under_1.75_odd": 1.39,
                "home_under_2.25_odd": 1.149,
                "away_over_0.5_odd": 1.083,
                "away_over_1.0_odd": 1.125,
                "away_over_1.5_odd": 1.53,
                "away_over_2.0_odd": 1.98,
                "away_over_2.5_odd": 2.64,
                "away_over_3.0_odd": 4.4,
                "away_over_3.5_odd": 5.1,
                "away_under_0.5_odd": 6.3,
                "away_under_1.0_odd": 4.75,
                "away_under_1.5_odd": 2.31,
                "away_under_2.0_odd": 1.74,
                "away_under_2.5_odd": 1.41,
                "away_under_3.0_odd": 1.148,
                "away_under_3.5_odd": 1.099,
                "away_over_1.25_odd": 1.33,
                "away_over_1.75_odd": 1.7,
                "away_over_2.25_odd": 2.33,
                "away_over_2.75_odd": 3.2,
                "away_under_1.25_odd": 2.93,
                "away_under_1.75_odd": 2.03,
                "away_under_2.25_odd": 1.533,
                "away_under_2.75_odd": 1.28
            },
            {
                "match_id": 638926748,
                "date": "27/07/2025",
                "time": "20:15",
                "home_team": "Valur",
                "away_team": "Hafnarfjordur",
                "1_odd": 1.72,
                "draw_odd": 4.25,
                "2_odd": 4.1,
                "1X_odd": 1.22,
                "12_odd": 1.21,
                "X2_odd": 2.11,
                "both_score_odd": 1.44,
                "both_noscore_odd": 2.622,
                "over_0.5_odd": 1.009,
                "over_1.0_odd": 1.01,
                "over_1.5_odd": 1.076,
                "over_2.0_odd": 1.12,
                "over_2.5_odd": 1.38,
                "over_3.0_odd": 1.62,
                "over_3.5_odd": 2.11,
                "over_4.0_odd": 2.8,
                "over_4.5_odd": 3.35,
                "over_5.0_odd": 5.55,
                "over_5.5_odd": 6.25,
                "over_6.5_odd": 9,
                "over_7.5_odd": 13,
                "over_8.5_odd": 21,
                "under_0.5_odd": 15.5,
                "under_1.0_odd": 12,
                "under_1.5_odd": 5.7,
                "under_2.0_odd": 4.7,
                "under_2.5_odd": 2.63,
                "under_3.0_odd": 2.11,
                "under_3.5_odd": 1.7,
                "under_4.0_odd": 1.36,
                "under_4.5_odd": 1.24,
                "under_5.0_odd": 1.081,
                "under_5.5_odd": 1.058,
                "under_6.5_odd": 1.04,
                "under_7.5_odd": 1.012,
                "under_8.5_odd": 1.002,
                "over_1.75_odd": 1.095,
                "over_2.25_odd": 1.25,
                "over_2.75_odd": 1.48,
                "over_3.25_odd": 1.85,
                "over_3.75_odd": 2.34,
                "over_4.25_odd": 3.1,
                "over_4.75_odd": 4.15,
                "over_5.25_odd": 5.9,
                "under_1.75_odd": 5.2,
                "under_2.25_odd": 3.28,
                "under_2.75_odd": 2.375,
                "under_3.25_odd": 1.84,
                "under_3.75_odd": 1.52,
                "under_4.25_odd": 1.29,
                "under_4.75_odd": 1.158,
                "under_5.25_odd": 1.069,
                "home_handicap_-3.5_odd": 10,
                "home_handicap_-3.0_odd": 9.2,
                "home_handicap_-2.5_odd": 5.05,
                "home_handicap_-2.0_odd": 4.3,
                "home_handicap_-1.5_odd": 2.69,
                "home_handicap_-1.0_odd": 2.17,
                "home_handicap_0.0_odd": 1.29,
                "home_handicap_1.0_odd": 1.027,
                "home_handicap_1.5_odd": 1.011,
                "away_handicap_3.5_odd": 1.03,
                "away_handicap_3.0_odd": 1.04,
                "away_handicap_2.5_odd": 1.102,
                "away_handicap_2.0_odd": 1.146,
                "away_handicap_1.5_odd": 1.38,
                "away_handicap_1.0_odd": 1.65,
                "away_handicap_0.0_odd": 3.06,
                "away_handicap_-1.0_odd": 7.6,
                "away_handicap_-1.5_odd": 8.6,
                "home_handicap_-2.75_odd": 6.55,
                "home_handicap_-2.25_odd": 4.7,
                "home_handicap_-1.75_odd": 3.24,
                "home_handicap_-1.25_odd": 2.42,
                "home_handicap_-0.75_odd": 1.833,
                "home_handicap_-0.25_odd": 1.47,
                "home_handicap_0.25_odd": 1.23,
                "home_handicap_0.75_odd": 1.105,
                "away_handicap_2.75_odd": 1.05,
                "away_handicap_2.25_odd": 1.122,
                "away_handicap_1.75_odd": 1.26,
                "away_handicap_1.25_odd": 1.48,
                "away_handicap_0.75_odd": 1.84,
                "away_handicap_0.25_odd": 2.41,
                "away_handicap_-0.25_odd": 3.42,
                "away_handicap_-0.75_odd": 5,
                "home_over_0.5_odd": 1.061,
                "home_over_1.0_odd": 1.095,
                "home_over_1.5_odd": 1.49,
                "home_over_2.0_odd": 1.9,
                "home_over_2.5_odd": 2.58,
                "home_over_3.0_odd": 4.33,
                "home_over_3.5_odd": 5.2,
                "home_under_0.5_odd": 7.2,
                "home_under_1.0_odd": 5.4,
                "home_under_1.5_odd": 2.4,
                "home_under_2.0_odd": 1.8,
                "home_under_2.5_odd": 1.43,
                "home_under_3.0_odd": 1.151,
                "home_under_3.5_odd": 1.095,
                "home_over_1.25_odd": 1.29,
                "home_over_1.75_odd": 1.65,
                "home_over_2.25_odd": 2.25,
                "home_over_2.75_odd": 3.14,
                "home_under_1.25_odd": 3.14,
                "home_under_1.75_odd": 2.11,
                "home_under_2.25_odd": 1.57,
                "home_under_2.75_odd": 1.29,
                "away_over_0.5_odd": 1.28,
                "away_over_1.0_odd": 1.6,
                "away_over_1.5_odd": 2.43,
                "away_over_2.0_odd": 4.65,
                "away_over_2.5_odd": 5.8,
                "away_under_0.5_odd": 3.34,
                "away_under_1.0_odd": 2.19,
                "away_under_1.5_odd": 1.48,
                "away_under_2.0_odd": 1.131,
                "away_under_2.5_odd": 1.071,
                "away_over_0.75_odd": 1.39,
                "away_over_1.25_odd": 2.02,
                "away_over_1.75_odd": 3.04,
                "away_over_2.75_odd": 8.1,
                "away_under_0.75_odd": 2.76,
                "away_under_1.25_odd": 1.71,
                "away_under_1.75_odd": 1.31,
                "away_under_2.75_odd": 1.019
            },
            {
                "match_id": 639146345,
                "date": "28/07/2025",
                "time": "20:15",
                "home_team": "Stjarnan",
                "away_team": "Ungmennafelagid Afturelding",
                "1_odd": 1.75,
                "draw_odd": 4.2,
                "2_odd": 4,
                "1X_odd": 1.23,
                "12_odd": 1.22,
                "X2_odd": 2.06,
                "both_score_odd": 1.46,
                "both_noscore_odd": 2.56,
                "over_0.5_odd": 1.008,
                "over_1.0_odd": 1.01,
                "over_1.5_odd": 1.096,
                "over_2.0_odd": 1.141,
                "over_2.5_odd": 1.41,
                "over_3.0_odd": 1.65,
                "over_3.5_odd": 2.12,
                "over_4.0_odd": 2.8,
                "over_4.5_odd": 3.28,
                "over_5.0_odd": 5.25,
                "over_5.5_odd": 5.8,
                "over_6.5_odd": 9,
                "over_7.5_odd": 15,
                "over_8.5_odd": 21,
                "under_0.5_odd": 16.5,
                "under_1.0_odd": 12.5,
                "under_1.5_odd": 5.2,
                "under_2.0_odd": 4.4,
                "under_2.5_odd": 2.53,
                "under_3.0_odd": 2.06,
                "under_3.5_odd": 1.69,
                "under_4.0_odd": 1.36,
                "under_4.5_odd": 1.25,
                "under_5.0_odd": 1.093,
                "under_5.5_odd": 1.071,
                "under_6.5_odd": 1.04,
                "under_7.5_odd": 1.01,
                "under_8.5_odd": 1.002,
                "over_1.75_odd": 1.116,
                "over_2.25_odd": 1.28,
                "over_2.75_odd": 1.5,
                "over_3.25_odd": 1.87,
                "over_3.75_odd": 2.36,
                "over_4.25_odd": 3.04,
                "over_4.75_odd": 4,
                "over_5.25_odd": 5.55,
                "under_1.75_odd": 4.8,
                "under_2.25_odd": 3.08,
                "under_2.75_odd": 2.32,
                "under_3.25_odd": 1.82,
                "under_3.75_odd": 1.51,
                "under_4.25_odd": 1.3,
                "under_4.75_odd": 1.168,
                "under_5.25_odd": 1.081,
                "home_handicap_-3.5_odd": 9,
                "home_handicap_-3.0_odd": 8.5,
                "home_handicap_-2.5_odd": 4.85,
                "home_handicap_-2.0_odd": 4.2,
                "home_handicap_-1.5_odd": 2.69,
                "home_handicap_-1.0_odd": 2.21,
                "home_handicap_0.0_odd": 1.32,
                "home_handicap_1.0_odd": 1.046,
                "home_handicap_1.5_odd": 1.03,
                "away_handicap_3.5_odd": 1.005,
                "away_handicap_3.0_odd": 1.012,
                "away_handicap_2.5_odd": 1.112,
                "away_handicap_2.0_odd": 1.153,
                "away_handicap_1.5_odd": 1.38,
                "away_handicap_1.0_odd": 1.63,
                "away_handicap_0.0_odd": 2.9,
                "away_handicap_-1.0_odd": 6.7,
                "away_handicap_-1.5_odd": 7.4,
                "home_handicap_-2.75_odd": 6.1,
                "home_handicap_-2.25_odd": 4.55,
                "home_handicap_-1.75_odd": 3.18,
                "home_handicap_-1.25_odd": 2.44,
                "home_handicap_-0.75_odd": 1.85,
                "home_handicap_-0.25_odd": 1.5,
                "home_handicap_0.25_odd": 1.25,
                "home_handicap_0.75_odd": 1.125,
                "away_handicap_2.75_odd": 1.062,
                "away_handicap_2.25_odd": 1.131,
                "away_handicap_1.75_odd": 1.27,
                "away_handicap_1.25_odd": 1.47,
                "away_handicap_0.75_odd": 1.82,
                "away_handicap_0.25_odd": 2.33,
                "away_handicap_-0.25_odd": 3.28,
                "away_handicap_-0.75_odd": 4.65,
                "home_over_0.5_odd": 1.079,
                "home_over_1.0_odd": 1.118,
                "home_over_1.5_odd": 1.51,
                "home_over_2.0_odd": 1.94,
                "home_over_2.5_odd": 2.58,
                "home_over_3.0_odd": 4.25,
                "home_over_3.5_odd": 5,
                "home_under_0.5_odd": 6.45,
                "home_under_1.0_odd": 4.9,
                "home_under_1.5_odd": 2.35,
                "home_under_2.0_odd": 1.77,
                "home_under_2.5_odd": 1.43,
                "home_under_3.0_odd": 1.157,
                "home_under_3.5_odd": 1.105,
                "home_over_1.25_odd": 1.32,
                "home_over_1.75_odd": 1.68,
                "home_over_2.25_odd": 2.27,
                "home_over_2.75_odd": 3.14,
                "home_under_1.25_odd": 2.98,
                "home_under_1.75_odd": 2.06,
                "home_under_2.25_odd": 1.56,
                "home_under_2.75_odd": 1.29,
                "away_over_0.5_odd": 1.29,
                "away_over_1.0_odd": 1.6,
                "away_over_1.5_odd": 2.375,
                "away_over_2.0_odd": 4.4,
                "away_over_2.5_odd": 5.35,
                "away_under_0.5_odd": 3.26,
                "away_under_1.0_odd": 2.19,
                "away_under_1.5_odd": 1.5,
                "away_under_2.0_odd": 1.148,
                "away_under_2.5_odd": 1.088,
                "away_over_0.75_odd": 1.4,
                "away_over_1.25_odd": 2,
                "away_over_1.75_odd": 2.98,
                "away_over_2.75_odd": 7.1,
                "away_under_0.75_odd": 2.72,
                "away_under_1.25_odd": 1.72,
                "away_under_1.75_odd": 1.32,
                "away_under_2.75_odd": 1.036
            }
        ]
    },
    {
        "tournament_id": 166251,
        "tournament_name": "1. Deild",
        "matches": [
            {
                "match_id": 639467405,
                "date": "25/07/2025",
                "time": "19:00",
                "home_team": "Keflavík",
                "away_team": "Tor Akureyri",
                "1_odd": 2.01,
                "draw_odd": 3.72,
                "2_odd": 3,
                "1X_odd": 1.3,
                "12_odd": 1.191,
                "X2_odd": 1.65,
                "both_score_odd": 1.32,
                "both_noscore_odd": 3.05,
                "over_0.5_odd": 1.015,
                "over_1.0_odd": 1.02,
                "over_1.5_odd": 1.048,
                "over_2.0_odd": 1.083,
                "over_2.5_odd": 1.32,
                "over_3.0_odd": 1.49,
                "over_3.5_odd": 1.9,
                "over_4.0_odd": 2.46,
                "over_4.5_odd": 3.05,
                "over_5.0_odd": 4.85,
                "over_5.5_odd": 5.55,
                "over_6.0_odd": 7.5,
                "under_0.5_odd": 19,
                "under_1.0_odd": 13,
                "under_1.5_odd": 6.6,
                "under_2.0_odd": 5.5,
                "under_2.5_odd": 2.875,
                "under_3.0_odd": 2.3,
                "under_3.5_odd": 1.79,
                "under_4.0_odd": 1.43,
                "under_4.5_odd": 1.285,
                "under_5.0_odd": 1.113,
                "under_5.5_odd": 1.081,
                "under_6.0_odd": 1.04,
                "over_1.75_odd": 1.063,
                "over_2.25_odd": 1.2,
                "over_2.75_odd": 1.39,
                "over_3.25_odd": 1.69,
                "over_3.75_odd": 2.1,
                "over_4.25_odd": 2.74,
                "over_4.75_odd": 3.68,
                "over_5.25_odd": 5.2,
                "under_1.75_odd": 6.05,
                "under_2.25_odd": 3.68,
                "under_2.75_odd": 2.59,
                "under_3.25_odd": 1.95,
                "under_3.75_odd": 1.59,
                "under_4.25_odd": 1.35,
                "under_4.75_odd": 1.2,
                "under_5.25_odd": 1.096,
                "home_handicap_-3.5_odd": 8.5,
                "home_handicap_-3.0_odd": 10.5,
                "home_handicap_-2.5_odd": 7.1,
                "home_handicap_-2.0_odd": 6.2,
                "home_handicap_-1.5_odd": 3.5,
                "home_handicap_-1.0_odd": 2.84,
                "home_handicap_0.0_odd": 1.55,
                "home_handicap_1.0_odd": 1.112,
                "home_handicap_1.5_odd": 1.065,
                "home_handicap_2.0_odd": 1.02,
                "away_handicap_3.5_odd": 1.05,
                "away_handicap_3.0_odd": 1.02,
                "away_handicap_2.5_odd": 1.037,
                "away_handicap_2.0_odd": 1.059,
                "away_handicap_1.5_odd": 1.22,
                "away_handicap_1.0_odd": 1.35,
                "away_handicap_0.0_odd": 2.3,
                "away_handicap_-1.0_odd": 5.15,
                "away_handicap_-1.5_odd": 6.05,
                "away_handicap_-2.0_odd": 9.7,
                "home_handicap_-1.75_odd": 4.4,
                "home_handicap_-1.25_odd": 3.15,
                "home_handicap_-0.75_odd": 2.31,
                "home_handicap_-0.25_odd": 1.79,
                "home_handicap_0.25_odd": 1.43,
                "home_handicap_0.75_odd": 1.23,
                "home_handicap_1.25_odd": 1.087,
                "home_handicap_1.75_odd": 1.019,
                "away_handicap_1.75_odd": 1.139,
                "away_handicap_1.25_odd": 1.28,
                "away_handicap_0.75_odd": 1.53,
                "away_handicap_0.25_odd": 1.92,
                "away_handicap_-0.25_odd": 2.62,
                "away_handicap_-0.75_odd": 3.65,
                "away_handicap_-1.25_odd": 5.6,
                "away_handicap_-1.75_odd": 8.1,
                "home_over_0.5_odd": 1.066,
                "home_over_1.0_odd": 1.122,
                "home_over_1.5_odd": 1.56,
                "home_over_2.0_odd": 2.1,
                "home_over_2.5_odd": 2.83,
                "home_over_3.0_odd": 5.2,
                "home_under_0.5_odd": 6.45,
                "home_under_1.0_odd": 4.7,
                "home_under_1.5_odd": 2.18,
                "home_under_2.0_odd": 1.62,
                "home_under_2.5_odd": 1.34,
                "home_under_3.0_odd": 1.096,
                "home_over_1.25_odd": 1.34,
                "home_over_1.75_odd": 1.76,
                "home_over_2.25_odd": 2.48,
                "home_over_2.75_odd": 3.5,
                "home_under_1.25_odd": 2.78,
                "home_under_1.75_odd": 1.909,
                "home_under_2.25_odd": 1.45,
                "home_under_2.75_odd": 1.22,
                "away_over_0.5_odd": 1.147,
                "away_over_1.0_odd": 1.3,
                "away_over_1.5_odd": 1.909,
                "away_over_2.0_odd": 3.04,
                "away_over_2.5_odd": 4.1,
                "away_over_3.0_odd": 9,
                "away_under_0.5_odd": 4.5,
                "away_under_1.0_odd": 3.04,
                "away_under_1.5_odd": 1.76,
                "away_under_2.0_odd": 1.3,
                "away_under_2.5_odd": 1.163,
                "away_under_3.0_odd": 1.005,
                "away_over_0.75_odd": 1.192,
                "away_over_1.25_odd": 1.61,
                "away_over_1.75_odd": 2.28,
                "away_over_2.25_odd": 3.5,
                "away_under_0.75_odd": 3.75,
                "away_under_1.25_odd": 2.12,
                "away_under_1.75_odd": 1.53,
                "away_under_2.25_odd": 1.22
            },
            {
                "match_id": 639467408,
                "date": "25/07/2025",
                "time": "20:15",
                "home_team": "Fylkir",
                "away_team": "Fjolnir",
                "1_odd": 1.46,
                "draw_odd": 4.6,
                "2_odd": 5.1,
                "1X_odd": 1.103,
                "12_odd": 1.122,
                "X2_odd": 2.39,
                "both_score_odd": 1.38,
                "both_noscore_odd": 2.77,
                "over_1.0_odd": 1.01,
                "over_1.5_odd": 1.041,
                "over_2.0_odd": 1.065,
                "over_2.5_odd": 1.27,
                "over_3.0_odd": 1.39,
                "over_3.5_odd": 1.76,
                "over_4.0_odd": 2.15,
                "over_4.5_odd": 2.625,
                "over_5.0_odd": 3.88,
                "over_5.5_odd": 4.5,
                "over_6.0_odd": 7.3,
                "under_0.5_odd": 20,
                "under_1.0_odd": 14,
                "under_1.5_odd": 6.9,
                "under_2.0_odd": 6,
                "under_2.5_odd": 3.14,
                "under_3.0_odd": 2.59,
                "under_3.5_odd": 1.94,
                "under_4.0_odd": 1.56,
                "under_4.5_odd": 1.38,
                "under_5.0_odd": 1.179,
                "under_5.5_odd": 1.134,
                "under_6.0_odd": 1.032,
                "over_1.75_odd": 1.052,
                "over_2.25_odd": 1.164,
                "over_2.75_odd": 1.32,
                "over_3.25_odd": 1.56,
                "over_3.75_odd": 1.9,
                "over_4.25_odd": 2.41,
                "over_4.75_odd": 3.08,
                "over_5.25_odd": 4.2,
                "under_1.75_odd": 6.45,
                "under_2.25_odd": 4.05,
                "under_2.75_odd": 2.875,
                "under_3.25_odd": 2.16,
                "under_3.75_odd": 1.73,
                "under_4.25_odd": 1.45,
                "under_4.75_odd": 1.28,
                "under_5.25_odd": 1.154,
                "home_handicap_-3.5_odd": 6.6,
                "home_handicap_-3.0_odd": 5.95,
                "home_handicap_-2.5_odd": 3.58,
                "home_handicap_-2.0_odd": 3.04,
                "home_handicap_-1.5_odd": 2.19,
                "home_handicap_-1.0_odd": 1.75,
                "home_handicap_0.0_odd": 1.189,
                "home_handicap_1.0_odd": 1.004,
                "home_handicap_1.5_odd": 1.04,
                "away_handicap_3.5_odd": 1.048,
                "away_handicap_3.0_odd": 1.066,
                "away_handicap_2.5_odd": 1.21,
                "away_handicap_2.0_odd": 1.3,
                "away_handicap_1.5_odd": 1.59,
                "away_handicap_1.0_odd": 1.96,
                "away_handicap_0.0_odd": 3.98,
                "away_handicap_-1.0_odd": 9.1,
                "away_handicap_-1.5_odd": 8.5,
                "home_handicap_-2.75_odd": 4.45,
                "home_handicap_-2.25_odd": 3.28,
                "home_handicap_-1.75_odd": 2.5,
                "home_handicap_-1.25_odd": 1.97,
                "home_handicap_-0.75_odd": 1.59,
                "home_handicap_-0.25_odd": 1.333,
                "home_handicap_0.25_odd": 1.151,
                "home_handicap_0.75_odd": 1.063,
                "away_handicap_2.75_odd": 1.137,
                "away_handicap_2.25_odd": 1.25,
                "away_handicap_1.75_odd": 1.444,
                "away_handicap_1.25_odd": 1.75,
                "away_handicap_0.75_odd": 2.21,
                "away_handicap_0.25_odd": 2.97,
                "away_handicap_-0.25_odd": 4.35,
                "away_handicap_-0.75_odd": 6.1,
                "home_over_0.5_odd": 1.04,
                "home_over_1.0_odd": 1.1,
                "home_over_1.5_odd": 1.38,
                "home_over_2.0_odd": 1.57,
                "home_over_2.5_odd": 1.98,
                "home_over_3.0_odd": 2.7,
                "home_over_3.5_odd": 3.3,
                "home_over_4.0_odd": 5.9,
                "home_over_4.5_odd": 6.7,
                "home_under_0.5_odd": 9,
                "home_under_1.0_odd": 5.9,
                "home_under_1.5_odd": 2.8,
                "home_under_2.0_odd": 2.25,
                "home_under_2.5_odd": 1.72,
                "home_under_3.0_odd": 1.4,
                "home_under_3.5_odd": 1.28,
                "home_under_4.0_odd": 1.1,
                "home_under_4.5_odd": 1.07,
                "home_over_1.75_odd": 1.37,
                "home_over_2.25_odd": 1.76,
                "home_over_2.75_odd": 2.3,
                "home_over_3.25_odd": 3.14,
                "home_under_1.75_odd": 2.66,
                "home_under_2.25_odd": 1.909,
                "home_under_2.75_odd": 1.52,
                "home_under_3.25_odd": 1.27,
                "away_over_0.5_odd": 1.33,
                "away_over_1.0_odd": 1.75,
                "away_over_1.5_odd": 2.6,
                "away_over_2.0_odd": 4.8,
                "away_over_2.5_odd": 5.8,
                "away_under_0.5_odd": 3,
                "away_under_1.0_odd": 1.95,
                "away_under_1.5_odd": 1.43,
                "away_under_2.0_odd": 1.14,
                "away_under_2.5_odd": 1.1,
                "away_over_0.75_odd": 1.39,
                "away_over_1.25_odd": 2.01,
                "away_over_1.75_odd": 2.97,
                "away_over_2.75_odd": 7.7,
                "away_under_0.75_odd": 2.67,
                "away_under_1.25_odd": 1.68,
                "away_under_1.75_odd": 1.3,
                "away_under_2.75_odd": 1.026
            },
            {
                "match_id": 639467402,
                "date": "25/07/2025",
                "time": "20:15",
                "home_team": "HK Kopavogur",
                "away_team": "Leiknir Reykjavík",
                "1_odd": 1.6,
                "draw_odd": 3.68,
                "2_odd": 4.965,
                "1X_odd": 1.105,
                "12_odd": 1.195,
                "X2_odd": 2.11,
                "both_score_odd": 1.42,
                "both_noscore_odd": 2.624,
                "over_0.5_odd": 1.015,
                "over_1.0_odd": 1.02,
                "over_1.5_odd": 1.083,
                "over_2.0_odd": 1.122,
                "over_2.5_odd": 1.36,
                "over_3.0_odd": 1.53,
                "over_3.5_odd": 1.89,
                "over_4.0_odd": 2.41,
                "over_4.5_odd": 2.875,
                "over_5.0_odd": 4.25,
                "over_5.5_odd": 4.75,
                "over_6.0_odd": 7.7,
                "under_0.5_odd": 15.5,
                "under_1.0_odd": 11.5,
                "under_1.5_odd": 5.5,
                "under_2.0_odd": 4.7,
                "under_2.5_odd": 2.7,
                "under_3.0_odd": 2.21,
                "under_3.5_odd": 1.8,
                "under_4.0_odd": 1.45,
                "under_4.5_odd": 1.32,
                "under_5.0_odd": 1.149,
                "under_5.5_odd": 1.117,
                "under_6.0_odd": 1.025,
                "over_1.75_odd": 1.1,
                "over_2.25_odd": 1.25,
                "over_2.75_odd": 1.43,
                "over_3.25_odd": 1.7,
                "over_3.75_odd": 2.07,
                "over_4.25_odd": 2.66,
                "over_4.75_odd": 3.34,
                "over_5.25_odd": 4.5,
                "under_1.75_odd": 5.1,
                "under_2.25_odd": 3.28,
                "under_2.75_odd": 2.46,
                "under_3.25_odd": 1.94,
                "under_3.75_odd": 1.61,
                "under_4.25_odd": 1.37,
                "under_4.75_odd": 1.24,
                "under_5.25_odd": 1.132,
                "home_handicap_-3.5_odd": 6.85,
                "home_handicap_-3.0_odd": 6.25,
                "home_handicap_-2.5_odd": 3.9,
                "home_handicap_-2.0_odd": 3.34,
                "home_handicap_-1.5_odd": 2.39,
                "home_handicap_-1.0_odd": 1.92,
                "home_handicap_0.0_odd": 1.21,
                "home_handicap_1.0_odd": 1.013,
                "home_handicap_1.5_odd": 1.005,
                "away_handicap_3.5_odd": 1.042,
                "away_handicap_3.0_odd": 1.057,
                "away_handicap_2.5_odd": 1.188,
                "away_handicap_2.0_odd": 1.27,
                "away_handicap_1.5_odd": 1.51,
                "away_handicap_1.0_odd": 1.77,
                "away_handicap_0.0_odd": 3.6,
                "away_handicap_-1.0_odd": 8.5,
                "away_handicap_-1.5_odd": 9,
                "home_handicap_-2.75_odd": 4.75,
                "home_handicap_-2.25_odd": 3.64,
                "home_handicap_-1.75_odd": 2.77,
                "home_handicap_-1.25_odd": 2.16,
                "home_handicap_-0.75_odd": 1.71,
                "home_handicap_-0.25_odd": 1.39,
                "home_handicap_0.25_odd": 1.16,
                "home_handicap_0.75_odd": 1.071,
                "away_handicap_2.75_odd": 1.12,
                "away_handicap_2.25_odd": 1.222,
                "away_handicap_1.75_odd": 1.39,
                "away_handicap_1.25_odd": 1.62,
                "away_handicap_0.75_odd": 1.97,
                "away_handicap_0.25_odd": 2.64,
                "away_handicap_-0.25_odd": 4.1,
                "away_handicap_-0.75_odd": 5.8,
                "home_over_0.5_odd": 1.04,
                "home_over_1.0_odd": 1.1,
                "home_over_1.5_odd": 1.4,
                "home_over_2.0_odd": 1.68,
                "home_over_2.5_odd": 2.2,
                "home_over_3.0_odd": 3.35,
                "home_over_3.5_odd": 4.1,
                "home_under_0.5_odd": 8.5,
                "home_under_1.0_odd": 5.7,
                "home_under_1.5_odd": 2.7,
                "home_under_2.0_odd": 2.05,
                "home_under_2.5_odd": 1.6,
                "home_under_3.0_odd": 1.28,
                "home_under_3.5_odd": 1.19,
                "home_over_1.25_odd": 1.24,
                "home_over_1.75_odd": 1.52,
                "home_over_2.25_odd": 1.95,
                "home_over_2.75_odd": 2.52,
                "home_under_1.25_odd": 3.34,
                "home_under_1.75_odd": 2.3,
                "home_under_2.25_odd": 1.727,
                "home_under_2.75_odd": 1.41,
                "away_over_0.5_odd": 1.35,
                "away_over_1.0_odd": 1.73,
                "away_over_1.5_odd": 2.6,
                "away_over_2.0_odd": 4.8,
                "away_over_2.5_odd": 5.8,
                "away_under_0.5_odd": 3,
                "away_under_1.0_odd": 2,
                "away_under_1.5_odd": 1.43,
                "away_under_2.0_odd": 1.14,
                "away_under_2.5_odd": 1.1,
                "away_over_0.75_odd": 1.43,
                "away_over_1.25_odd": 2.09,
                "away_over_1.75_odd": 3.08,
                "away_over_2.75_odd": 7.6,
                "away_under_0.75_odd": 2.54,
                "away_under_1.25_odd": 1.63,
                "away_under_1.75_odd": 1.28,
                "away_under_2.75_odd": 1.027
            },
            {
                "match_id": 639467876,
                "date": "25/07/2025",
                "time": "20:15",
                "home_team": "Iþrottafelag Reykjavikur",
                "away_team": "Ungmennafelag Njarðvíkur",
                "1_odd": 2.855,
                "draw_odd": 3.125,
                "2_odd": 2.34,
                "1X_odd": 1.48,
                "12_odd": 1.27,
                "X2_odd": 1.33,
                "both_score_odd": 1.39,
                "both_noscore_odd": 2.729,
                "over_0.5_odd": 1.01,
                "over_1.0_odd": 1.01,
                "over_1.5_odd": 1.113,
                "over_2.0_odd": 1.168,
                "over_2.5_odd": 1.45,
                "over_3.0_odd": 1.67,
                "over_3.5_odd": 2.08,
                "over_4.0_odd": 2.74,
                "over_4.5_odd": 3.28,
                "over_5.0_odd": 5.05,
                "over_5.5_odd": 5.55,
                "over_6.0_odd": 9.2,
                "under_0.5_odd": 13.7,
                "under_1.0_odd": 10.5,
                "under_1.5_odd": 4.85,
                "under_2.0_odd": 4.05,
                "under_2.5_odd": 2.41,
                "under_3.0_odd": 1.98,
                "under_3.5_odd": 1.66,
                "under_4.0_odd": 1.35,
                "under_4.5_odd": 1.25,
                "under_5.0_odd": 1.102,
                "under_5.5_odd": 1.08,
                "under_6.0_odd": 1.003,
                "over_1.75_odd": 1.136,
                "over_2.25_odd": 1.31,
                "over_2.75_odd": 1.54,
                "over_3.25_odd": 1.85,
                "over_3.75_odd": 2.3,
                "over_4.25_odd": 3.05,
                "over_4.75_odd": 3.95,
                "over_5.25_odd": 5.3,
                "under_1.75_odd": 4.45,
                "under_2.25_odd": 2.92,
                "under_2.75_odd": 2.19,
                "under_3.25_odd": 1.77,
                "under_3.75_odd": 1.49,
                "under_4.25_odd": 1.285,
                "under_4.75_odd": 1.173,
                "under_5.25_odd": 1.09,
                "home_handicap_-2.5_odd": 9.7,
                "home_handicap_-2.0_odd": 8.8,
                "home_handicap_-1.5_odd": 5,
                "home_handicap_-1.0_odd": 4.4,
                "home_handicap_0.0_odd": 2.03,
                "home_handicap_1.0_odd": 1.26,
                "home_handicap_1.5_odd": 1.175,
                "home_handicap_2.0_odd": 1.046,
                "home_handicap_2.5_odd": 1.033,
                "away_handicap_2.5_odd": 1.001,
                "away_handicap_2.0_odd": 1.008,
                "away_handicap_1.5_odd": 1.106,
                "away_handicap_1.0_odd": 1.156,
                "away_handicap_0.0_odd": 1.7,
                "away_handicap_-1.0_odd": 3.34,
                "away_handicap_-1.5_odd": 3.94,
                "away_handicap_-2.0_odd": 6.7,
                "away_handicap_-2.5_odd": 7.3,
                "home_handicap_-1.75_odd": 6.25,
                "home_handicap_-1.25_odd": 4.7,
                "home_handicap_-0.75_odd": 3.28,
                "home_handicap_-0.25_odd": 2.42,
                "home_handicap_0.25_odd": 1.72,
                "home_handicap_0.75_odd": 1.4,
                "home_handicap_1.25_odd": 1.22,
                "home_handicap_1.75_odd": 1.11,
                "away_handicap_1.75_odd": 1.057,
                "away_handicap_1.25_odd": 1.129,
                "away_handicap_0.75_odd": 1.28,
                "away_handicap_0.25_odd": 1.5,
                "away_handicap_-0.25_odd": 2,
                "away_handicap_-0.75_odd": 2.68,
                "away_handicap_-1.25_odd": 3.58,
                "away_handicap_-1.75_odd": 4.9,
                "home_over_0.5_odd": 1.181,
                "home_over_1.0_odd": 1.34,
                "home_over_1.5_odd": 1.95,
                "home_over_2.0_odd": 3.04,
                "home_over_2.5_odd": 3.86,
                "home_over_3.0_odd": 7.4,
                "home_under_0.5_odd": 4.05,
                "home_under_1.0_odd": 2.83,
                "home_under_1.5_odd": 1.727,
                "home_under_2.0_odd": 1.3,
                "home_under_2.5_odd": 1.181,
                "home_under_3.0_odd": 1.031,
                "home_over_0.75_odd": 1.23,
                "home_over_1.25_odd": 1.66,
                "home_over_1.75_odd": 2.3,
                "home_over_2.25_odd": 3.42,
                "home_under_0.75_odd": 3.42,
                "home_under_1.25_odd": 2.04,
                "home_under_1.75_odd": 1.52,
                "home_under_2.25_odd": 1.23,
                "away_over_0.5_odd": 1.139,
                "away_over_1.0_odd": 1.25,
                "away_over_1.5_odd": 1.78,
                "away_over_2.0_odd": 2.53,
                "away_over_2.5_odd": 3.28,
                "away_over_3.0_odd": 5.9,
                "away_under_0.5_odd": 4.65,
                "away_under_1.0_odd": 3.34,
                "away_under_1.5_odd": 1.88,
                "away_under_2.0_odd": 1.42,
                "away_under_2.5_odd": 1.25,
                "away_under_3.0_odd": 1.069,
                "away_over_0.75_odd": 1.172,
                "away_over_1.25_odd": 1.52,
                "away_over_1.75_odd": 2.03,
                "away_over_2.25_odd": 2.875,
                "away_under_0.75_odd": 3.96,
                "away_under_1.25_odd": 2.3,
                "away_under_1.75_odd": 1.666,
                "away_under_2.25_odd": 1.32
            },
            {
                "match_id": 639467879,
                "date": "25/07/2025",
                "time": "20:15",
                "home_team": "Knattspyrnudeild UMFG",
                "away_team": "Knattspyrnufelagið Þrottur",
                "1_odd": 2.968,
                "draw_odd": 4.05,
                "2_odd": 1.94,
                "1X_odd": 1.71,
                "12_odd": 1.16,
                "X2_odd": 1.31,
                "both_score_odd": 1.27,
                "both_noscore_odd": 3.365,
                "over_0.5_odd": 1.008,
                "over_1.0_odd": 1.01,
                "over_1.5_odd": 1.019,
                "over_2.0_odd": 1.041,
                "over_2.5_odd": 1.24,
                "over_3.0_odd": 1.36,
                "over_3.5_odd": 1.73,
                "over_4.0_odd": 2.14,
                "over_4.5_odd": 2.625,
                "over_5.0_odd": 3.94,
                "over_5.5_odd": 4.6,
                "over_6.0_odd": 8.1,
                "under_0.5_odd": 19.5,
                "under_1.0_odd": 14.5,
                "under_1.5_odd": 8.1,
                "under_2.0_odd": 6.9,
                "under_2.5_odd": 3.34,
                "under_3.0_odd": 2.7,
                "under_3.5_odd": 1.98,
                "under_4.0_odd": 1.57,
                "under_4.5_odd": 1.38,
                "under_5.0_odd": 1.174,
                "under_5.5_odd": 1.126,
                "under_6.0_odd": 1.019,
                "over_1.75_odd": 1.029,
                "over_2.25_odd": 1.138,
                "over_2.75_odd": 1.29,
                "over_3.25_odd": 1.53,
                "over_3.75_odd": 1.86,
                "over_4.25_odd": 2.375,
                "over_4.75_odd": 3.08,
                "over_5.25_odd": 4.3,
                "under_1.75_odd": 7.5,
                "under_2.25_odd": 4.4,
                "under_2.75_odd": 3.04,
                "under_3.25_odd": 2.21,
                "under_3.75_odd": 1.76,
                "under_4.25_odd": 1.46,
                "under_4.75_odd": 1.28,
                "under_5.25_odd": 1.147,
                "home_handicap_-2.5_odd": 9,
                "home_handicap_-2.0_odd": 9.3,
                "home_handicap_-1.5_odd": 5.85,
                "home_handicap_-1.0_odd": 5.05,
                "home_handicap_0.0_odd": 2.32,
                "home_handicap_1.0_odd": 1.39,
                "home_handicap_1.5_odd": 1.25,
                "home_handicap_2.0_odd": 1.077,
                "home_handicap_2.5_odd": 1.051,
                "home_handicap_3.0_odd": 1.02,
                "home_handicap_3.5_odd": 1.05,
                "away_handicap_2.5_odd": 1.04,
                "away_handicap_2.0_odd": 1.03,
                "away_handicap_1.5_odd": 1.071,
                "away_handicap_1.0_odd": 1.119,
                "away_handicap_0.0_odd": 1.54,
                "away_handicap_-1.0_odd": 2.68,
                "away_handicap_-1.5_odd": 3.28,
                "away_handicap_-2.0_odd": 5.65,
                "away_handicap_-2.5_odd": 6.5,
                "away_handicap_-3.0_odd": 9.8,
                "away_handicap_-3.5_odd": 8.5,
                "home_handicap_-1.75_odd": 7.8,
                "home_handicap_-1.25_odd": 5.45,
                "home_handicap_-0.75_odd": 3.56,
                "home_handicap_-0.25_odd": 2.62,
                "home_handicap_0.25_odd": 1.97,
                "home_handicap_0.75_odd": 1.58,
                "home_handicap_1.25_odd": 1.31,
                "home_handicap_1.75_odd": 1.162,
                "away_handicap_1.75_odd": 1.024,
                "away_handicap_1.25_odd": 1.093,
                "away_handicap_0.75_odd": 1.24,
                "away_handicap_0.25_odd": 1.43,
                "away_handicap_-0.25_odd": 1.75,
                "away_handicap_-0.75_odd": 2.2,
                "away_handicap_-1.25_odd": 2.98,
                "away_handicap_-1.75_odd": 4.1,
                "home_over_0.5_odd": 1.119,
                "home_over_1.0_odd": 1.23,
                "home_over_1.5_odd": 1.79,
                "home_over_2.0_odd": 2.67,
                "home_over_2.5_odd": 3.58,
                "home_over_3.0_odd": 7.7,
                "home_under_0.5_odd": 5,
                "home_under_1.0_odd": 3.5,
                "home_under_1.5_odd": 1.87,
                "home_under_2.0_odd": 1.38,
                "home_under_2.5_odd": 1.21,
                "home_under_3.0_odd": 1.025,
                "home_over_0.75_odd": 1.152,
                "home_over_1.25_odd": 1.52,
                "home_over_1.75_odd": 2.09,
                "home_over_2.25_odd": 3.14,
                "home_under_0.75_odd": 4.2,
                "home_under_1.25_odd": 2.3,
                "home_under_1.75_odd": 1.63,
                "home_under_2.25_odd": 1.27,
                "away_over_0.5_odd": 1.042,
                "away_over_1.0_odd": 1.079,
                "away_over_1.5_odd": 1.46,
                "away_over_2.0_odd": 1.86,
                "away_over_2.5_odd": 2.53,
                "away_over_3.0_odd": 4.33,
                "away_under_0.5_odd": 7.5,
                "away_under_1.0_odd": 5.6,
                "away_under_1.5_odd": 2.41,
                "away_under_2.0_odd": 1.8,
                "away_under_2.5_odd": 1.42,
                "away_under_3.0_odd": 1.143,
                "away_over_1.25_odd": 1.27,
                "away_over_1.75_odd": 1.61,
                "away_over_2.25_odd": 2.21,
                "away_over_2.75_odd": 3.08,
                "away_under_1.25_odd": 3.14,
                "away_under_1.75_odd": 2.12,
                "away_under_2.25_odd": 1.56,
                "away_under_2.75_odd": 1.28
            },
            {
                "match_id": 639472187,
                "date": "26/07/2025",
                "time": "15:00",
                "home_team": "Iþrottafelagið Volsungur",
                "away_team": "UMF Selfoss",
                "1_odd": 2.41,
                "draw_odd": 3.76,
                "2_odd": 2.33,
                "1X_odd": 1.48,
                "12_odd": 1.188,
                "X2_odd": 1.444,
                "both_score_odd": 1.35,
                "both_noscore_odd": 2.905,
                "over_0.5_odd": 1.009,
                "over_1.0_odd": 1.01,
                "over_1.5_odd": 1.069,
                "over_2.0_odd": 1.11,
                "over_2.5_odd": 1.36,
                "over_3.0_odd": 1.57,
                "over_3.5_odd": 2.02,
                "over_4.0_odd": 2.69,
                "over_4.5_odd": 3.28,
                "over_5.0_odd": 5.3,
                "over_5.5_odd": 5.95,
                "under_0.5_odd": 15,
                "under_1.0_odd": 11.5,
                "under_1.5_odd": 5.9,
                "under_2.0_odd": 4.9,
                "under_2.5_odd": 2.7,
                "under_3.0_odd": 2.14,
                "under_3.5_odd": 1.7,
                "under_4.0_odd": 1.363,
                "under_4.5_odd": 1.25,
                "under_5.0_odd": 1.091,
                "under_5.5_odd": 1.066,
                "over_1.75_odd": 1.087,
                "over_2.25_odd": 1.24,
                "over_2.75_odd": 1.444,
                "over_3.25_odd": 1.78,
                "over_3.75_odd": 2.24,
                "over_4.25_odd": 2.97,
                "over_4.75_odd": 3.98,
                "over_5.25_odd": 5.65,
                "under_1.75_odd": 5.4,
                "under_2.25_odd": 3.34,
                "under_2.75_odd": 2.42,
                "under_3.25_odd": 1.84,
                "under_3.75_odd": 1.52,
                "under_4.25_odd": 1.3,
                "under_4.75_odd": 1.171,
                "under_5.25_odd": 1.078,
                "home_handicap_-2.5_odd": 9.1,
                "home_handicap_-2.0_odd": 8.8,
                "home_handicap_-1.5_odd": 4.55,
                "home_handicap_-1.0_odd": 3.75,
                "home_handicap_0.0_odd": 1.88,
                "home_handicap_1.0_odd": 1.23,
                "home_handicap_1.5_odd": 1.143,
                "home_handicap_2.0_odd": 1.016,
                "home_handicap_2.5_odd": 1.004,
                "away_handicap_2.5_odd": 1.03,
                "away_handicap_2.0_odd": 1.008,
                "away_handicap_1.5_odd": 1.129,
                "away_handicap_1.0_odd": 1.21,
                "away_handicap_0.0_odd": 1.82,
                "away_handicap_-1.0_odd": 3.58,
                "away_handicap_-1.5_odd": 4.35,
                "away_handicap_-2.0_odd": 8.3,
                "away_handicap_-2.5_odd": 9.1,
                "home_handicap_-1.75_odd": 5.9,
                "home_handicap_-1.25_odd": 4.2,
                "home_handicap_-0.75_odd": 2.89,
                "home_handicap_-0.25_odd": 2.16,
                "home_handicap_0.25_odd": 1.666,
                "home_handicap_0.75_odd": 1.38,
                "home_handicap_1.25_odd": 1.179,
                "home_handicap_1.75_odd": 1.079,
                "away_handicap_1.75_odd": 1.069,
                "away_handicap_1.25_odd": 1.162,
                "away_handicap_0.75_odd": 1.35,
                "away_handicap_0.25_odd": 1.62,
                "away_handicap_-0.25_odd": 2.08,
                "away_handicap_-0.75_odd": 2.76,
                "away_handicap_-1.25_odd": 3.98,
                "away_handicap_-1.75_odd": 5.6,
                "home_over_0.5_odd": 1.125,
                "home_over_1.0_odd": 1.24,
                "home_over_1.5_odd": 1.79,
                "home_over_2.0_odd": 2.67,
                "home_over_2.5_odd": 3.5,
                "home_over_3.0_odd": 7.2,
                "home_under_0.5_odd": 4.9,
                "home_under_1.0_odd": 3.42,
                "home_under_1.5_odd": 1.87,
                "home_under_2.0_odd": 1.38,
                "home_under_2.5_odd": 1.22,
                "home_under_3.0_odd": 1.034,
                "home_over_0.75_odd": 1.158,
                "home_over_1.25_odd": 1.52,
                "home_over_1.75_odd": 2.07,
                "home_over_2.25_odd": 3.08,
                "home_under_0.75_odd": 4.15,
                "home_under_1.25_odd": 2.3,
                "home_under_1.75_odd": 1.64,
                "home_under_2.25_odd": 1.28,
                "away_over_0.5_odd": 1.117,
                "away_over_1.0_odd": 1.22,
                "away_over_1.5_odd": 1.76,
                "away_over_2.0_odd": 2.56,
                "away_over_2.5_odd": 3.42,
                "away_over_3.0_odd": 6.9,
                "away_under_0.5_odd": 5.05,
                "away_under_1.0_odd": 3.58,
                "away_under_1.5_odd": 1.909,
                "away_under_2.0_odd": 1.41,
                "away_under_2.5_odd": 1.23,
                "away_under_3.0_odd": 1.041,
                "away_over_0.75_odd": 1.148,
                "away_over_1.25_odd": 1.49,
                "away_over_1.75_odd": 2.03,
                "away_over_2.25_odd": 2.97,
                "away_under_0.75_odd": 4.3,
                "away_under_1.25_odd": 2.375,
                "away_under_1.75_odd": 1.666,
                "away_under_2.25_odd": 1.3
            },
            {
                "match_id": 627313342,
                "date": "13/08/2025",
                "time": "19:00",
                "home_team": "Iþrottafelagið Volsungur",
                "away_team": "Tor Akureyri",
                "1_odd": 1.45,
                "draw_odd": 4.5,
                "2_odd": 5.19,
                "1X_odd": 1.12,
                "12_odd": 1.14,
                "X2_odd": 2.5,
                "both_score_odd": 1.4,
                "both_noscore_odd": 2.75,
                "over_0.5_odd": 1.01,
                "over_1.5_odd": 1.1,
                "over_2.5_odd": 1.33,
                "over_3.5_odd": 1.91,
                "over_4.5_odd": 3,
                "over_5.5_odd": 5.5,
                "under_0.5_odd": 26,
                "under_1.5_odd": 6,
                "under_2.5_odd": 3,
                "under_3.5_odd": 1.8,
                "under_4.5_odd": 1.33,
                "under_5.5_odd": 1.12
            }
        ]
    },
    {
        "tournament_id": 66021,
        "tournament_name": "2 Delid",
        "matches": [
            {
                "match_id": 639698572,
                "date": "25/07/2025",
                "time": "20:15",
                "home_team": "Grotta Seltjarnarnes",
                "away_team": "Kari Akranes",
                "1_odd": 1.36,
                "draw_odd": 4.75,
                "2_odd": 6.52,
                "1X_odd": 1.053,
                "12_odd": 1.113,
                "X2_odd": 2.72,
                "both_score_odd": 1.6,
                "both_noscore_odd": 2.176,
                "over_0.5_odd": 1.015,
                "over_1.0_odd": 1.02,
                "over_1.5_odd": 1.125,
                "over_2.0_odd": 1.098,
                "over_2.5_odd": 1.34,
                "over_3.0_odd": 1.51,
                "over_3.5_odd": 1.89,
                "over_4.0_odd": 2.43,
                "over_4.5_odd": 2.97,
                "over_5.0_odd": 4.55,
                "over_5.5_odd": 6,
                "under_0.5_odd": 21,
                "under_1.0_odd": 11,
                "under_1.5_odd": 5.5,
                "under_2.0_odd": 5.15,
                "under_2.5_odd": 2.78,
                "under_3.0_odd": 2.26,
                "under_3.5_odd": 1.8,
                "under_4.0_odd": 1.44,
                "under_4.5_odd": 1.3,
                "under_5.0_odd": 1.129,
                "under_5.5_odd": 1.111,
                "over_2.25_odd": 1.22,
                "over_2.75_odd": 1.41,
                "over_3.25_odd": 1.69,
                "over_3.75_odd": 2.08,
                "over_4.25_odd": 2.7,
                "under_2.25_odd": 3.5,
                "under_2.75_odd": 2.52,
                "under_3.25_odd": 1.95,
                "under_3.75_odd": 1.6,
                "under_4.25_odd": 1.36,
                "home_handicap_-3.5_odd": 5.15,
                "home_handicap_-3.0_odd": 4.5,
                "home_handicap_-2.5_odd": 2.88,
                "home_handicap_-2.0_odd": 2.43,
                "home_handicap_-1.5_odd": 1.9,
                "home_handicap_-1.0_odd": 1.55,
                "home_handicap_0.0_odd": 1.099,
                "away_handicap_3.5_odd": 1.097,
                "away_handicap_3.0_odd": 1.134,
                "away_handicap_2.5_odd": 1.33,
                "away_handicap_2.0_odd": 1.48,
                "away_handicap_1.5_odd": 1.81,
                "away_handicap_1.0_odd": 2.27,
                "away_handicap_0.0_odd": 5.15,
                "home_handicap_-2.25_odd": 2.68,
                "home_handicap_-1.75_odd": 2.11,
                "home_handicap_-1.25_odd": 1.727,
                "home_handicap_-0.75_odd": 1.44,
                "home_handicap_-0.25_odd": 1.24,
                "away_handicap_2.25_odd": 1.39,
                "away_handicap_1.75_odd": 1.65,
                "away_handicap_1.25_odd": 1.99,
                "away_handicap_0.75_odd": 2.51,
                "away_handicap_0.25_odd": 3.42,
                "home_over_0.5_odd": 1.03,
                "home_over_1.0_odd": 1.09,
                "home_over_1.5_odd": 1.35,
                "home_over_2.0_odd": 1.55,
                "home_over_2.5_odd": 1.95,
                "home_over_3.0_odd": 2.65,
                "home_over_3.5_odd": 3.2,
                "home_over_4.0_odd": 5.1,
                "home_under_0.5_odd": 9,
                "home_under_1.0_odd": 6.2,
                "home_under_1.5_odd": 2.9,
                "home_under_2.0_odd": 2.3,
                "home_under_2.5_odd": 1.75,
                "home_under_3.0_odd": 1.42,
                "home_under_3.5_odd": 1.3,
                "home_under_4.0_odd": 1.13,
                "away_over_0.5_odd": 1.48,
                "away_over_1.0_odd": 2.25,
                "away_over_1.5_odd": 3.45,
                "away_under_0.5_odd": 2.45,
                "away_under_1.0_odd": 1.57,
                "away_under_1.5_odd": 1.27
            },
            {
                "match_id": 639698214,
                "date": "25/07/2025",
                "time": "20:15",
                "home_team": "Haukar",
                "away_team": "KFG Gardabaer",
                "1_odd": 1.51,
                "draw_odd": 4.2,
                "2_odd": 5.05,
                "1X_odd": 1.105,
                "12_odd": 1.149,
                "X2_odd": 2.27,
                "both_score_odd": 1.45,
                "both_noscore_odd": 2.529,
                "over_0.5_odd": 1.018,
                "over_1.0_odd": 1.02,
                "over_1.5_odd": 1.125,
                "over_2.0_odd": 1.109,
                "over_2.5_odd": 1.36,
                "over_3.0_odd": 1.56,
                "over_3.5_odd": 1.99,
                "over_4.0_odd": 2.625,
                "over_4.5_odd": 3.14,
                "over_5.0_odd": 5.1,
                "over_5.5_odd": 6,
                "under_0.5_odd": 18.5,
                "under_1.0_odd": 10.5,
                "under_1.5_odd": 5.5,
                "under_2.0_odd": 4.9,
                "under_2.5_odd": 2.7,
                "under_3.0_odd": 2.16,
                "under_3.5_odd": 1.72,
                "under_4.0_odd": 1.38,
                "under_4.5_odd": 1.27,
                "under_5.0_odd": 1.101,
                "under_5.5_odd": 1.111,
                "over_2.25_odd": 1.24,
                "over_2.75_odd": 1.442,
                "over_3.25_odd": 1.795,
                "over_3.75_odd": 2.191,
                "over_4.25_odd": 2.874,
                "under_2.25_odd": 3.34,
                "under_2.75_odd": 2.434,
                "under_3.25_odd": 1.897,
                "under_3.75_odd": 1.54,
                "under_4.25_odd": 1.319,
                "home_handicap_-3.5_odd": 8.1,
                "home_handicap_-3.0_odd": 7.3,
                "home_handicap_-2.5_odd": 4.1,
                "home_handicap_-2.0_odd": 3.42,
                "home_handicap_-1.5_odd": 2.33,
                "home_handicap_-1.0_odd": 1.85,
                "home_handicap_0.0_odd": 1.196,
                "home_handicap_1.0_odd": 1.06,
                "home_handicap_1.5_odd": 1.04,
                "away_handicap_3.5_odd": 1.019,
                "away_handicap_3.0_odd": 1.033,
                "away_handicap_2.5_odd": 1.162,
                "away_handicap_2.0_odd": 1.24,
                "away_handicap_1.5_odd": 1.52,
                "away_handicap_1.0_odd": 1.85,
                "away_handicap_0.0_odd": 3.9,
                "away_handicap_-1.0_odd": 7.6,
                "away_handicap_-1.5_odd": 8.5,
                "home_handicap_-1.75_odd": 2.733,
                "home_handicap_-1.25_odd": 2.096,
                "home_handicap_-0.75_odd": 1.66,
                "home_handicap_-0.25_odd": 1.354,
                "home_handicap_0.25_odd": 1.152,
                "away_handicap_1.75_odd": 1.387,
                "away_handicap_1.25_odd": 1.639,
                "away_handicap_0.75_odd": 2.09,
                "away_handicap_0.25_odd": 2.827,
                "away_handicap_-0.25_odd": 4.33,
                "home_over_0.5_odd": 1.06,
                "home_over_1.0_odd": 1.13,
                "home_over_1.5_odd": 1.47,
                "home_over_2.0_odd": 1.75,
                "home_over_2.5_odd": 2.25,
                "home_over_3.0_odd": 3.2,
                "home_over_3.5_odd": 3.85,
                "home_under_0.5_odd": 7.5,
                "home_under_1.0_odd": 5.1,
                "home_under_1.5_odd": 2.5,
                "home_under_2.0_odd": 1.95,
                "home_under_2.5_odd": 1.58,
                "home_under_3.0_odd": 1.3,
                "home_under_3.5_odd": 1.22,
                "away_over_0.5_odd": 1.38,
                "away_over_1.0_odd": 1.85,
                "away_over_1.5_odd": 2.8,
                "away_over_2.0_odd": 5.5,
                "away_over_2.5_odd": 6.6,
                "away_under_0.5_odd": 2.8,
                "away_under_1.0_odd": 1.85,
                "away_under_1.5_odd": 1.38,
                "away_under_2.0_odd": 1.11,
                "away_under_2.5_odd": 1.08
            }
        ]
    },
    {
        "tournament_id": 66033,
        "tournament_name": "3 Deild",
        "matches": [
            {
                "match_id": 639675319,
                "date": "25/07/2025",
                "time": "20:15",
                "home_team": "Iþrottafelag Hafnarfjardar",
                "away_team": "Reynir Sandgerdi",
                "1_odd": 8.55,
                "draw_odd": 6.8,
                "2_odd": 1.198,
                "1X_odd": 3.75,
                "12_odd": 1.04,
                "X2_odd": 1.012,
                "both_score_odd": 1.41,
                "both_noscore_odd": 2.655,
                "over_2.5_odd": 1.143,
                "over_3.0_odd": 1.142,
                "over_3.5_odd": 1.33,
                "over_4.0_odd": 1.46,
                "over_4.5_odd": 1.78,
                "over_5.0_odd": 2.08,
                "over_5.5_odd": 2.46,
                "over_6.0_odd": 3.28,
                "over_6.5_odd": 3.9,
                "under_1.5_odd": 13,
                "under_2.5_odd": 5,
                "under_3.0_odd": 4.35,
                "under_3.5_odd": 2.83,
                "under_4.0_odd": 2.375,
                "under_4.5_odd": 1.92,
                "under_5.0_odd": 1.6,
                "under_5.5_odd": 1.43,
                "under_6.0_odd": 1.25,
                "under_6.5_odd": 1.2,
                "over_3.75_odd": 1.38,
                "over_4.25_odd": 1.6,
                "over_4.75_odd": 1.89,
                "over_5.25_odd": 2.28,
                "over_5.75_odd": 2.78,
                "under_3.75_odd": 2.625,
                "under_4.25_odd": 2.08,
                "under_4.75_odd": 1.74,
                "under_5.25_odd": 1.5,
                "under_5.75_odd": 1.34,
                "home_handicap_0.0_odd": 6.6,
                "home_handicap_1.0_odd": 3.34,
                "home_handicap_1.5_odd": 2.49,
                "home_handicap_2.0_odd": 2.12,
                "home_handicap_2.5_odd": 1.77,
                "home_handicap_3.0_odd": 1.49,
                "home_handicap_3.5_odd": 1.36,
                "away_handicap_0.0_odd": 1.048,
                "away_handicap_-1.0_odd": 1.25,
                "away_handicap_-1.5_odd": 1.46,
                "away_handicap_-2.0_odd": 1.64,
                "away_handicap_-2.5_odd": 1.92,
                "away_handicap_-3.0_odd": 2.34,
                "away_handicap_-3.5_odd": 2.7,
                "home_handicap_1.25_odd": 2.8,
                "home_handicap_1.75_odd": 2.32,
                "home_handicap_2.25_odd": 1.92,
                "home_handicap_2.75_odd": 1.63,
                "home_handicap_3.25_odd": 1.41,
                "away_handicap_-1.25_odd": 1.36,
                "away_handicap_-1.75_odd": 1.54,
                "away_handicap_-2.25_odd": 1.79,
                "away_handicap_-2.75_odd": 2.09,
                "away_handicap_-3.25_odd": 2.53,
                "home_over_0.5_odd": 1.36,
                "home_over_1.0_odd": 1.8,
                "home_over_1.5_odd": 2.67,
                "home_over_2.0_odd": 5.15,
                "home_under_0.5_odd": 2.79,
                "home_under_1.0_odd": 1.86,
                "home_under_1.5_odd": 1.38,
                "home_under_2.0_odd": 1.097,
                "away_over_3.0_odd": 1.53,
                "away_over_3.5_odd": 1.87,
                "away_over_4.0_odd": 2.34,
                "away_under_3.0_odd": 2.25,
                "away_under_3.5_odd": 1.79,
                "away_under_4.0_odd": 1.49
            },
            {
                "match_id": 639677230,
                "date": "25/07/2025",
                "time": "20:15",
                "home_team": "Knattspyrnufelag Vesturbaejar",
                "away_team": "Augnablik Kopavogur",
                "1_odd": 2.57,
                "draw_odd": 3.48,
                "2_odd": 2.31,
                "1X_odd": 1.48,
                "12_odd": 1.22,
                "X2_odd": 1.39,
                "both_score_odd": 1.46,
                "both_noscore_odd": 2.498,
                "over_1.5_odd": 1.125,
                "over_2.0_odd": 1.198,
                "over_2.5_odd": 1.55,
                "over_3.0_odd": 1.85,
                "over_3.5_odd": 2.35,
                "over_4.0_odd": 3.5,
                "over_4.5_odd": 4.2,
                "over_5.5_odd": 8,
                "under_0.5_odd": 13,
                "under_1.5_odd": 4.65,
                "under_2.0_odd": 3.7,
                "under_2.5_odd": 2.28,
                "under_3.0_odd": 1.77,
                "under_3.5_odd": 1.47,
                "under_4.0_odd": 1.22,
                "under_4.5_odd": 1.154,
                "under_5.5_odd": 1.05,
                "over_1.75_odd": 1.156,
                "over_2.25_odd": 1.36,
                "over_2.75_odd": 1.66,
                "over_3.25_odd": 2.1,
                "over_3.75_odd": 2.74,
                "under_1.75_odd": 4.15,
                "under_2.25_odd": 2.7,
                "under_2.75_odd": 1.99,
                "under_3.25_odd": 1.59,
                "under_3.75_odd": 1.35,
                "home_handicap_-1.5_odd": 5.15,
                "home_handicap_-1.0_odd": 4.3,
                "home_handicap_0.0_odd": 1.95,
                "home_handicap_1.0_odd": 1.22,
                "home_handicap_1.5_odd": 1.137,
                "home_handicap_2.0_odd": 1.01,
                "away_handicap_1.5_odd": 1.099,
                "away_handicap_1.0_odd": 1.162,
                "away_handicap_0.0_odd": 1.76,
                "away_handicap_-1.0_odd": 3.66,
                "away_handicap_-1.5_odd": 4.45,
                "away_handicap_-2.0_odd": 8.7,
                "home_handicap_-0.75_odd": 3.15,
                "home_handicap_-0.25_odd": 2.27,
                "home_handicap_0.25_odd": 1.69,
                "home_handicap_0.75_odd": 1.38,
                "home_handicap_1.25_odd": 1.173,
                "away_handicap_0.75_odd": 1.3,
                "away_handicap_0.25_odd": 1.56,
                "away_handicap_-0.25_odd": 2.05,
                "away_handicap_-0.75_odd": 2.76,
                "away_handicap_-1.25_odd": 4.05,
                "home_over_0.5_odd": 1.183,
                "home_over_1.0_odd": 1.37,
                "home_over_1.5_odd": 2.04,
                "home_over_2.0_odd": 3.42,
                "home_under_0.5_odd": 4.05,
                "home_under_1.0_odd": 2.71,
                "home_under_1.5_odd": 1.66,
                "home_under_2.0_odd": 1.24,
                "away_over_0.5_odd": 1.155,
                "away_over_1.0_odd": 1.31,
                "away_over_1.5_odd": 1.92,
                "away_over_2.0_odd": 3.04,
                "away_under_0.5_odd": 4.4,
                "away_under_1.0_odd": 2.98,
                "away_under_1.5_odd": 1.75,
                "away_under_2.0_odd": 1.3
            },
            {
                "match_id": 639792300,
                "date": "26/07/2025",
                "time": "15:00",
                "home_team": "Ymir Kopavogur",
                "away_team": "UMF Sindri",
                "1_odd": 2.21,
                "draw_odd": 3.68,
                "2_odd": 2.671,
                "1X_odd": 1.38,
                "12_odd": 1.195,
                "X2_odd": 1.533,
                "both_score_odd": 1.4,
                "both_noscore_odd": 2.696,
                "over_1.5_odd": 1.11,
                "over_2.0_odd": 1.144,
                "over_2.5_odd": 1.43,
                "over_3.0_odd": 1.69,
                "over_3.5_odd": 2.18,
                "over_4.0_odd": 2.97,
                "over_4.5_odd": 3.58,
                "over_5.0_odd": 6.15,
                "under_0.5_odd": 17,
                "under_1.5_odd": 5.5,
                "under_2.0_odd": 4.33,
                "under_2.5_odd": 2.46,
                "under_3.0_odd": 1.95,
                "under_3.5_odd": 1.6,
                "under_4.0_odd": 1.3,
                "under_4.5_odd": 1.21,
                "under_5.0_odd": 1.061,
                "over_2.25_odd": 1.285,
                "over_2.75_odd": 1.53,
                "over_3.25_odd": 1.909,
                "over_3.75_odd": 2.46,
                "over_4.25_odd": 3.28,
                "under_2.25_odd": 3.05,
                "under_2.75_odd": 2.21,
                "under_3.25_odd": 1.72,
                "under_3.75_odd": 1.43,
                "under_4.25_odd": 1.25,
                "home_handicap_-2.5_odd": 8.5,
                "home_handicap_-2.0_odd": 7.7,
                "home_handicap_-1.5_odd": 4.05,
                "home_handicap_-1.0_odd": 3.28,
                "home_handicap_0.0_odd": 1.7,
                "home_handicap_1.0_odd": 1.155,
                "home_handicap_1.5_odd": 1.096,
                "away_handicap_2.5_odd": 1.012,
                "away_handicap_2.0_odd": 1.026,
                "away_handicap_1.5_odd": 1.165,
                "away_handicap_1.0_odd": 1.27,
                "away_handicap_0.0_odd": 2.03,
                "away_handicap_-1.0_odd": 4.4,
                "away_handicap_-1.5_odd": 5.2,
                "home_handicap_-1.25_odd": 3.68,
                "home_handicap_-0.75_odd": 2.58,
                "home_handicap_-0.25_odd": 1.95,
                "home_handicap_0.25_odd": 1.53,
                "home_handicap_0.75_odd": 1.29,
                "away_handicap_1.25_odd": 1.21,
                "away_handicap_0.75_odd": 1.43,
                "away_handicap_0.25_odd": 1.76,
                "away_handicap_-0.25_odd": 2.34,
                "away_handicap_-0.75_odd": 3.22,
                "home_over_0.5_odd": 1.12,
                "home_over_1.0_odd": 1.23,
                "home_over_1.5_odd": 1.77,
                "home_over_2.0_odd": 2.6,
                "home_under_0.5_odd": 5,
                "home_under_1.0_odd": 3.5,
                "home_under_1.5_odd": 1.9,
                "home_under_2.0_odd": 1.4,
                "away_over_0.5_odd": 1.164,
                "away_over_1.0_odd": 1.33,
                "away_over_1.5_odd": 1.952,
                "away_over_2.0_odd": 3.14,
                "away_under_0.5_odd": 4.3,
                "away_under_1.0_odd": 2.875,
                "away_under_1.5_odd": 1.72,
                "away_under_2.0_odd": 1.28
            },
            {
                "match_id": 639677236,
                "date": "26/07/2025",
                "time": "17:00",
                "home_team": "Arbair",
                "away_team": "Knattspyrnufelag Fjallabyggðar",
                "1_odd": 2,
                "draw_odd": 3.62,
                "2_odd": 3.1,
                "1X_odd": 1.285,
                "12_odd": 1.21,
                "X2_odd": 1.66,
                "both_score_odd": 1.41,
                "both_noscore_odd": 2.655,
                "over_1.5_odd": 1.11,
                "over_2.0_odd": 1.148,
                "over_2.5_odd": 1.44,
                "over_3.0_odd": 1.69,
                "over_3.5_odd": 2.16,
                "over_4.0_odd": 2.97,
                "over_4.5_odd": 3.58,
                "over_5.0_odd": 6.05,
                "under_0.5_odd": 17,
                "under_1.5_odd": 5.5,
                "under_2.0_odd": 4.3,
                "under_2.5_odd": 2.43,
                "under_3.0_odd": 1.95,
                "under_3.5_odd": 1.61,
                "under_4.0_odd": 1.3,
                "under_4.5_odd": 1.21,
                "under_5.0_odd": 1.064,
                "over_2.25_odd": 1.29,
                "over_2.75_odd": 1.533,
                "over_3.25_odd": 1.909,
                "over_3.75_odd": 2.43,
                "over_4.25_odd": 3.28,
                "under_2.25_odd": 3.04,
                "under_2.75_odd": 2.21,
                "under_3.25_odd": 1.72,
                "under_3.75_odd": 1.44,
                "under_4.25_odd": 1.25,
                "home_handicap_-2.5_odd": 7.1,
                "home_handicap_-2.0_odd": 6.25,
                "home_handicap_-1.5_odd": 3.5,
                "home_handicap_-1.0_odd": 2.84,
                "home_handicap_0.0_odd": 1.53,
                "home_handicap_1.0_odd": 1.1,
                "home_handicap_1.5_odd": 1.058,
                "away_handicap_2.5_odd": 1.037,
                "away_handicap_2.0_odd": 1.058,
                "away_handicap_1.5_odd": 1.22,
                "away_handicap_1.0_odd": 1.35,
                "away_handicap_0.0_odd": 2.34,
                "away_handicap_-1.0_odd": 5.45,
                "away_handicap_-1.5_odd": 6.25,
                "home_handicap_-1.25_odd": 3.15,
                "home_handicap_-0.75_odd": 2.3,
                "home_handicap_-0.25_odd": 1.77,
                "home_handicap_0.25_odd": 1.41,
                "home_handicap_0.75_odd": 1.22,
                "away_handicap_1.25_odd": 1.28,
                "away_handicap_0.75_odd": 1.533,
                "away_handicap_0.25_odd": 1.94,
                "away_handicap_-0.25_odd": 2.69,
                "away_handicap_-0.75_odd": 3.74,
                "home_over_0.5_odd": 1.098,
                "home_over_1.0_odd": 1.181,
                "home_over_1.5_odd": 1.67,
                "home_over_2.0_odd": 2.34,
                "home_under_0.5_odd": 5.5,
                "home_under_1.0_odd": 3.95,
                "home_under_1.5_odd": 2.02,
                "home_under_2.0_odd": 1.49,
                "away_over_0.5_odd": 1.21,
                "away_over_1.0_odd": 1.42,
                "away_over_1.5_odd": 2.12,
                "away_over_2.0_odd": 3.66,
                "away_under_0.5_odd": 3.74,
                "away_under_1.0_odd": 2.53,
                "away_under_1.5_odd": 1.61,
                "away_under_2.0_odd": 1.21
            },
            {
                "match_id": 639677233,
                "date": "26/07/2025",
                "time": "17:00",
                "home_team": "Magni",
                "away_team": "KFK Kopavogur",
                "1_odd": 1.55,
                "draw_odd": 4.3,
                "2_odd": 4.54,
                "1X_odd": 1.128,
                "12_odd": 1.141,
                "X2_odd": 2.2,
                "both_score_odd": 1.39,
                "both_noscore_odd": 2.729,
                "over_1.5_odd": 1.06,
                "over_2.0_odd": 1.063,
                "over_2.5_odd": 1.28,
                "over_3.0_odd": 1.41,
                "over_3.5_odd": 1.77,
                "over_4.0_odd": 2.19,
                "over_4.5_odd": 2.7,
                "over_5.0_odd": 4,
                "under_0.5_odd": 19,
                "under_1.5_odd": 7.5,
                "under_2.0_odd": 6.05,
                "under_2.5_odd": 3.08,
                "under_3.0_odd": 2.52,
                "under_3.5_odd": 1.93,
                "under_4.0_odd": 1.54,
                "under_4.5_odd": 1.36,
                "under_5.0_odd": 1.169,
                "over_2.75_odd": 1.33,
                "over_3.25_odd": 1.571,
                "over_3.75_odd": 1.909,
                "over_4.25_odd": 2.43,
                "over_4.75_odd": 3.14,
                "under_2.75_odd": 2.83,
                "under_3.25_odd": 2.13,
                "under_3.75_odd": 1.72,
                "under_4.25_odd": 1.44,
                "under_4.75_odd": 1.27,
                "home_handicap_-3.0_odd": 6.35,
                "home_handicap_-2.5_odd": 3.75,
                "home_handicap_-2.0_odd": 3.15,
                "home_handicap_-1.5_odd": 2.27,
                "home_handicap_-1.0_odd": 1.85,
                "home_handicap_0.0_odd": 1.23,
                "home_handicap_1.0_odd": 1.009,
                "away_handicap_3.0_odd": 1.055,
                "away_handicap_2.5_odd": 1.192,
                "away_handicap_2.0_odd": 1.28,
                "away_handicap_1.5_odd": 1.55,
                "away_handicap_1.0_odd": 1.85,
                "away_handicap_0.0_odd": 3.58,
                "away_handicap_-1.0_odd": 8.7,
                "home_handicap_-1.75_odd": 2.61,
                "home_handicap_-1.25_odd": 2.08,
                "home_handicap_-0.75_odd": 1.68,
                "home_handicap_-0.25_odd": 1.39,
                "home_handicap_0.25_odd": 1.172,
                "away_handicap_1.75_odd": 1.41,
                "away_handicap_1.25_odd": 1.67,
                "away_handicap_0.75_odd": 2.06,
                "away_handicap_0.25_odd": 2.72,
                "away_handicap_-0.25_odd": 4.1,
                "home_over_0.5_odd": 1.023,
                "home_over_2.0_odd": 1.58,
                "home_over_2.5_odd": 2.09,
                "home_over_3.0_odd": 2.97,
                "home_under_0.5_odd": 8.6,
                "home_under_2.0_odd": 2.15,
                "home_under_2.5_odd": 1.63,
                "home_under_3.0_odd": 1.31,
                "away_over_0.5_odd": 1.26,
                "away_over_1.0_odd": 1.57,
                "away_over_1.5_odd": 2.36,
                "away_over_2.0_odd": 4.5,
                "away_under_0.5_odd": 3.34,
                "away_under_1.0_odd": 2.19,
                "away_under_1.5_odd": 1.48,
                "away_under_2.0_odd": 1.134
            }
        ]
    }
]