[
    {
        "last_updated": "2025-07-24T20:45:25.754100+01:00"
    },
    {
        "tournament_id": 60241,
        "tournament_name": "International Tournament U20",
        "matches": [
            {
                "match_id": 639698580,
                "date": "25/07/2025",
                "time": "21:45",
                "home_team": "Chile U20",
                "away_team": "Valencia U20",
                "1_odd": 3.615,
                "draw_odd": 3.9,
                "2_odd": 1.82,
                "1X_odd": 1.88,
                "12_odd": 1.21,
                "X2_odd": 1.24,
                "both_score_odd": 1.78,
                "both_noscore_odd": 1.909,
                "over_1.0_odd": 1.005,
                "over_1.5_odd": 1.21,
                "over_2.0_odd": 1.333,
                "over_2.5_odd": 1.77,
                "over_3.0_odd": 2.28,
                "over_3.5_odd": 2.83,
                "over_4.0_odd": 4.65,
                "over_4.5_odd": 5.35,
                "under_1.0_odd": 9,
                "under_1.5_odd": 3.58,
                "under_2.0_odd": 2.81,
                "under_2.5_odd": 1.95,
                "under_3.0_odd": 1.5,
                "under_3.5_odd": 1.33,
                "under_4.0_odd": 1.124,
                "under_4.5_odd": 1.089,
                "over_1.25_odd": 1.104,
                "over_1.75_odd": 1.258,
                "over_2.25_odd": 1.574,
                "over_2.75_odd": 1.926,
                "over_3.25_odd": 2.559,
                "over_3.75_odd": 3.42,
                "over_4.25_odd": 4.995,
                "over_4.75_odd": 6.75,
                "under_1.25_odd": 4.99,
                "under_1.75_odd": 3.215,
                "under_2.25_odd": 2.259,
                "under_2.75_odd": 1.706,
                "under_3.25_odd": 1.399,
                "under_3.75_odd": 1.231,
                "under_4.25_odd": 1.105,
                "under_4.75_odd": 1.044,
                "home_handicap_-1.5_odd": 7.3,
                "home_handicap_-1.0_odd": 6.4,
                "home_handicap_0.0_odd": 2.69,
                "home_handicap_1.0_odd": 1.51,
                "home_handicap_1.5_odd": 1.31,
                "home_handicap_2.0_odd": 1.107,
                "home_handicap_2.5_odd": 1.076,
                "away_handicap_1.5_odd": 1.033,
                "away_handicap_1.0_odd": 1.054,
                "away_handicap_0.0_odd": 1.363,
                "away_handicap_-1.0_odd": 2.41,
                "away_handicap_-1.5_odd": 2.92,
                "away_handicap_-2.0_odd": 4.95,
                "away_handicap_-2.5_odd": 5.7,
                "home_handicap_-1.25_odd": 6.8,
                "home_handicap_-0.75_odd": 4.33,
                "home_handicap_-0.25_odd": 3.035,
                "home_handicap_0.25_odd": 2.262,
                "home_handicap_0.75_odd": 1.766,
                "home_handicap_1.25_odd": 1.375,
                "home_handicap_1.75_odd": 1.21,
                "home_handicap_2.25_odd": 1.091,
                "away_handicap_1.25_odd": 1.044,
                "away_handicap_0.75_odd": 1.143,
                "away_handicap_0.25_odd": 1.288,
                "away_handicap_-0.25_odd": 1.633,
                "away_handicap_-0.75_odd": 2.048,
                "away_handicap_-1.25_odd": 2.641,
                "away_handicap_-1.75_odd": 3.58,
                "away_handicap_-2.25_odd": 5.3,
                "home_over_0.5_odd": 1.43,
                "home_over_1.0_odd": 2.01,
                "home_over_1.5_odd": 2.97,
                "home_over_2.0_odd": 6.25,
                "home_over_2.5_odd": 7.4,
                "home_under_0.5_odd": 2.54,
                "home_under_1.0_odd": 1.68,
                "home_under_1.5_odd": 1.31,
                "home_under_2.0_odd": 1.057,
                "home_under_2.5_odd": 1.03,
                "home_over_0.75_odd": 1.61,
                "home_over_1.25_odd": 2.51,
                "home_under_0.75_odd": 2.12,
                "home_under_1.25_odd": 1.44,
                "away_over_0.5_odd": 1.157,
                "away_over_1.0_odd": 1.285,
                "away_over_1.5_odd": 1.83,
                "away_over_2.0_odd": 2.63,
                "away_over_2.5_odd": 3.42,
                "away_under_0.5_odd": 4.4,
                "away_under_1.0_odd": 3.125,
                "away_under_1.5_odd": 1.83,
                "away_under_2.0_odd": 1.39,
                "away_under_2.5_odd": 1.23,
                "away_over_1.25_odd": 1.57,
                "away_over_1.75_odd": 2.11,
                "away_under_1.25_odd": 2.19,
                "away_under_1.75_odd": 1.615
            }
        ]
    }
]