[
    {
        "last_updated": "2025-07-24T20:45:27.334425+01:00"
    },
    {
        "tournament_id": 33021,
        "tournament_name": "Premier League",
        "matches": [
            {
                "match_id": 639682109,
                "date": "25/07/2025",
                "time": "15:00",
                "home_team": "Jenis",
                "away_team": "Okzhetpes",
                "1_odd": 1.831,
                "draw_odd": 3.475,
                "2_odd": 4.345,
                "1X_odd": 1.191,
                "12_odd": 1.279,
                "X2_odd": 1.911,
                "both_score_odd": 1.909,
                "both_noscore_odd": 1.784,
                "over_0.5_odd": 1.01,
                "over_1.0_odd": 1.036,
                "over_1.5_odd": 1.31,
                "over_2.0_odd": 1.53,
                "over_2.5_odd": 2.111,
                "over_3.0_odd": 2.97,
                "over_3.5_odd": 3.72,
                "over_4.0_odd": 6.8,
                "over_4.5_odd": 7.7,
                "over_5.5_odd": 15,
                "under_0.5_odd": 8.7,
                "under_1.0_odd": 7.1,
                "under_1.5_odd": 2.92,
                "under_2.0_odd": 2.21,
                "under_2.5_odd": 1.695,
                "under_3.0_odd": 1.3,
                "under_3.5_odd": 1.195,
                "under_4.0_odd": 1.043,
                "under_4.5_odd": 1.026,
                "under_5.5_odd": 1.03,
                "over_0.75_odd": 1.021,
                "over_1.25_odd": 1.17,
                "over_1.75_odd": 1.39,
                "over_2.25_odd": 1.79,
                "over_2.75_odd": 2.375,
                "over_3.25_odd": 3.34,
                "over_3.75_odd": 4.75,
                "over_4.25_odd": 7.2,
                "under_0.75_odd": 7.9,
                "under_1.25_odd": 3.98,
                "under_1.75_odd": 2.59,
                "under_2.25_odd": 1.84,
                "under_2.75_odd": 1.47,
                "under_3.25_odd": 1.24,
                "under_3.75_odd": 1.119,
                "under_4.25_odd": 1.034,
                "home_handicap_-2.5_odd": 7.3,
                "home_handicap_-2.0_odd": 6.3,
                "home_handicap_-1.5_odd": 3.28,
                "home_handicap_-1.0_odd": 2.58,
                "home_handicap_0.0_odd": 1.3,
                "home_handicap_1.0_odd": 1.05,
                "home_handicap_1.5_odd": 1.03,
                "away_handicap_2.5_odd": 1.033,
                "away_handicap_2.0_odd": 1.056,
                "away_handicap_1.5_odd": 1.25,
                "away_handicap_1.0_odd": 1.45,
                "away_handicap_0.0_odd": 2.97,
                "away_handicap_-1.0_odd": 7.6,
                "away_handicap_-1.5_odd": 8.8,
                "home_handicap_-2.25_odd": 6.8,
                "home_handicap_-1.75_odd": 4.25,
                "home_handicap_-1.25_odd": 2.9,
                "home_handicap_-0.75_odd": 2,
                "home_handicap_-0.25_odd": 1.53,
                "home_handicap_0.25_odd": 1.22,
                "home_handicap_0.75_odd": 1.083,
                "away_handicap_2.25_odd": 1.043,
                "away_handicap_1.75_odd": 1.15,
                "away_handicap_1.25_odd": 1.32,
                "away_handicap_0.75_odd": 1.66,
                "away_handicap_0.25_odd": 2.21,
                "away_handicap_-0.25_odd": 3.5,
                "away_handicap_-0.75_odd": 5.5,
                "home_over_0.5_odd": 1.21,
                "home_over_1.0_odd": 1.39,
                "home_over_1.5_odd": 2.04,
                "home_over_2.5_odd": 4.4,
                "home_over_3.5_odd": 10.5,
                "home_under_0.5_odd": 3.9,
                "home_under_1.0_odd": 2.75,
                "home_under_1.5_odd": 1.69,
                "home_under_2.5_odd": 1.17,
                "home_under_3.5_odd": 1.01,
                "home_over_0.75_odd": 1.23,
                "home_over_1.25_odd": 1.68,
                "home_over_1.75_odd": 2.4,
                "home_over_2.25_odd": 3.78,
                "home_under_0.75_odd": 3.42,
                "home_under_1.25_odd": 2.01,
                "home_under_1.75_odd": 1.48,
                "home_under_2.25_odd": 1.19,
                "away_over_0.5_odd": 1.54,
                "away_over_1.0_odd": 2.3,
                "away_over_1.5_odd": 3.5,
                "away_over_2.0_odd": 8.6,
                "away_over_2.5_odd": 10.5,
                "away_under_0.5_odd": 2.3,
                "away_under_1.0_odd": 1.55,
                "away_under_1.5_odd": 1.26,
                "away_under_2.0_odd": 1.04,
                "away_under_2.5_odd": 1.01,
                "away_over_0.75_odd": 1.81,
                "away_over_1.25_odd": 3.18,
                "away_over_1.75_odd": 5.3,
                "away_under_0.75_odd": 1.85,
                "away_under_1.25_odd": 1.285,
                "away_under_1.75_odd": 1.092
            },
            {
                "match_id": 639682121,
                "date": "26/07/2025",
                "time": "14:00",
                "home_team": "Elimai",
                "away_team": "Zhetysu",
                "1_odd": 1.598,
                "draw_odd": 4.145,
                "2_odd": 5.07,
                "1X_odd": 1.146,
                "12_odd": 1.207,
                "X2_odd": 2.253,
                "both_score_odd": 2.05,
                "both_noscore_odd": 1.672,
                "over_0.5_odd": 1.007,
                "over_1.0_odd": 1.027,
                "over_1.5_odd": 1.27,
                "over_2.0_odd": 1.45,
                "over_2.5_odd": 1.975,
                "over_3.0_odd": 2.625,
                "over_3.5_odd": 3.28,
                "over_4.0_odd": 5.65,
                "over_4.5_odd": 6.4,
                "under_0.5_odd": 8.9,
                "under_1.0_odd": 7.6,
                "under_1.5_odd": 3.14,
                "under_2.0_odd": 2.41,
                "under_2.5_odd": 1.793,
                "under_3.0_odd": 1.38,
                "under_3.5_odd": 1.25,
                "under_4.0_odd": 1.077,
                "under_4.5_odd": 1.054,
                "over_0.75_odd": 1.016,
                "over_1.25_odd": 1.149,
                "over_1.75_odd": 1.34,
                "over_2.25_odd": 1.68,
                "over_2.75_odd": 2.17,
                "over_3.25_odd": 2.97,
                "over_3.75_odd": 4.1,
                "over_4.25_odd": 6,
                "under_0.75_odd": 8.3,
                "under_1.25_odd": 4.25,
                "under_1.75_odd": 2.78,
                "under_2.25_odd": 1.97,
                "under_2.75_odd": 1.56,
                "under_3.25_odd": 1.3,
                "under_3.75_odd": 1.161,
                "under_4.25_odd": 1.065,
                "home_handicap_-3.5_odd": 10.5,
                "home_handicap_-3.0_odd": 8.8,
                "home_handicap_-2.5_odd": 4.7,
                "home_handicap_-2.0_odd": 3.95,
                "home_handicap_-1.5_odd": 2.557,
                "home_handicap_-1.0_odd": 1.96,
                "home_handicap_0.0_odd": 1.197,
                "home_handicap_1.0_odd": 1.03,
                "home_handicap_1.5_odd": 1.01,
                "away_handicap_3.5_odd": 1.01,
                "away_handicap_3.0_odd": 1.008,
                "away_handicap_2.5_odd": 1.12,
                "away_handicap_2.0_odd": 1.173,
                "away_handicap_1.5_odd": 1.486,
                "away_handicap_1.0_odd": 1.76,
                "away_handicap_0.0_odd": 3.7,
                "away_handicap_-1.0_odd": 9.5,
                "away_handicap_-1.5_odd": 10.5,
                "home_handicap_-2.75_odd": 6.05,
                "home_handicap_-2.25_odd": 4.33,
                "home_handicap_-1.75_odd": 2.97,
                "home_handicap_-1.25_odd": 2.21,
                "home_handicap_-0.75_odd": 1.68,
                "home_handicap_-0.25_odd": 1.363,
                "home_handicap_0.25_odd": 1.155,
                "home_handicap_0.75_odd": 1.06,
                "away_handicap_2.75_odd": 1.064,
                "away_handicap_2.25_odd": 1.144,
                "away_handicap_1.75_odd": 1.3,
                "away_handicap_1.25_odd": 1.54,
                "away_handicap_0.75_odd": 1.98,
                "away_handicap_0.25_odd": 2.69,
                "away_handicap_-0.25_odd": 4.2,
                "away_handicap_-0.75_odd": 6.15,
                "home_over_0.5_odd": 1.13,
                "home_over_1.5_odd": 1.75,
                "home_over_2.5_odd": 3.3,
                "home_over_3.5_odd": 7.4,
                "home_under_0.5_odd": 5,
                "home_under_1.5_odd": 1.97,
                "home_under_2.5_odd": 1.28,
                "home_under_3.5_odd": 1.06,
                "home_over_0.75_odd": 1.174,
                "home_over_1.25_odd": 1.51,
                "home_over_1.75_odd": 2.01,
                "home_over_2.25_odd": 2.83,
                "home_under_0.75_odd": 3.94,
                "home_under_1.25_odd": 2.32,
                "home_under_1.75_odd": 1.68,
                "home_under_2.25_odd": 1.33,
                "away_over_0.5_odd": 1.62,
                "away_over_1.0_odd": 2.55,
                "away_over_1.5_odd": 3.8,
                "away_over_2.0_odd": 9.9,
                "away_under_0.5_odd": 2.15,
                "away_under_1.0_odd": 1.45,
                "away_under_1.5_odd": 1.22,
                "away_under_2.0_odd": 1.02,
                "away_over_0.75_odd": 2.04,
                "away_over_1.25_odd": 3.65,
                "away_over_1.75_odd": 5.95,
                "away_under_0.75_odd": 1.66,
                "away_under_1.25_odd": 1.22,
                "away_under_1.75_odd": 1.066
            },
            {
                "match_id": 639682118,
                "date": "26/07/2025",
                "time": "14:00",
                "home_team": "Tobol Kostanay",
                "away_team": "Kairat",
                "1_odd": 2.078,
                "draw_odd": 3.295,
                "2_odd": 3.58,
                "1X_odd": 1.265,
                "12_odd": 1.305,
                "X2_odd": 1.7,
                "both_score_odd": 1.76,
                "both_noscore_odd": 1.938,
                "over_0.5_odd": 1.006,
                "over_1.0_odd": 1.028,
                "over_1.5_odd": 1.27,
                "over_2.0_odd": 1.444,
                "over_2.5_odd": 1.987,
                "over_3.0_odd": 2.66,
                "over_3.5_odd": 3.34,
                "over_4.0_odd": 5.85,
                "over_4.5_odd": 6.7,
                "under_0.5_odd": 9,
                "under_1.0_odd": 7.5,
                "under_1.5_odd": 3.14,
                "under_2.0_odd": 2.42,
                "under_2.5_odd": 1.784,
                "under_3.0_odd": 1.37,
                "under_3.5_odd": 1.24,
                "under_4.0_odd": 1.07,
                "under_4.5_odd": 1.046,
                "over_0.75_odd": 1.016,
                "over_1.25_odd": 1.146,
                "over_1.75_odd": 1.34,
                "over_2.25_odd": 1.69,
                "over_2.75_odd": 2.19,
                "over_3.25_odd": 2.97,
                "over_3.75_odd": 4.2,
                "over_4.25_odd": 6.25,
                "under_0.75_odd": 8.3,
                "under_1.25_odd": 4.3,
                "under_1.75_odd": 2.78,
                "under_2.25_odd": 1.96,
                "under_2.75_odd": 1.55,
                "under_3.25_odd": 1.3,
                "under_3.75_odd": 1.155,
                "under_4.25_odd": 1.057,
                "home_handicap_-2.5_odd": 8.5,
                "home_handicap_-2.0_odd": 7.5,
                "home_handicap_-1.5_odd": 3.84,
                "home_handicap_-1.0_odd": 2.97,
                "home_handicap_0.0_odd": 1.47,
                "home_handicap_1.0_odd": 1.04,
                "home_handicap_1.5_odd": 1.019,
                "away_handicap_2.5_odd": 1.012,
                "away_handicap_2.0_odd": 1.028,
                "away_handicap_1.5_odd": 1.184,
                "away_handicap_1.0_odd": 1.3,
                "away_handicap_0.0_odd": 2.51,
                "away_handicap_-1.0_odd": 6.95,
                "away_handicap_-1.5_odd": 8.1,
                "home_handicap_-2.25_odd": 8,
                "home_handicap_-1.75_odd": 5,
                "home_handicap_-1.25_odd": 3.42,
                "home_handicap_-0.75_odd": 2.3,
                "home_handicap_-0.25_odd": 1.71,
                "home_handicap_0.25_odd": 1.32,
                "home_handicap_0.75_odd": 1.138,
                "home_handicap_1.25_odd": 1.028,
                "away_handicap_2.25_odd": 1.02,
                "away_handicap_1.75_odd": 1.106,
                "away_handicap_1.25_odd": 1.23,
                "away_handicap_0.75_odd": 1.49,
                "away_handicap_0.25_odd": 1.94,
                "away_handicap_-0.25_odd": 2.9,
                "away_handicap_-0.75_odd": 4.4,
                "away_handicap_-1.25_odd": 7.5,
                "home_over_0.5_odd": 1.25,
                "home_over_1.0_odd": 1.48,
                "home_over_1.5_odd": 2.2,
                "home_over_2.5_odd": 5,
                "home_under_0.5_odd": 3.6,
                "home_under_1.0_odd": 2.47,
                "home_under_1.5_odd": 1.6,
                "home_under_2.5_odd": 1.13,
                "home_over_0.75_odd": 1.26,
                "home_over_1.25_odd": 1.74,
                "home_over_1.75_odd": 2.51,
                "home_over_2.25_odd": 3.98,
                "home_under_0.75_odd": 3.22,
                "home_under_1.25_odd": 1.93,
                "home_under_1.75_odd": 1.44,
                "home_under_2.25_odd": 1.17,
                "away_over_0.5_odd": 1.37,
                "away_over_1.0_odd": 1.77,
                "away_over_1.5_odd": 2.65,
                "away_over_2.0_odd": 5.5,
                "away_over_2.5_odd": 7.1,
                "away_under_0.5_odd": 2.85,
                "away_under_1.0_odd": 1.94,
                "away_under_1.5_odd": 1.42,
                "away_under_2.0_odd": 1.11,
                "away_under_2.5_odd": 1.06,
                "away_over_0.75_odd": 1.58,
                "away_over_1.25_odd": 2.51,
                "away_over_1.75_odd": 4.05,
                "away_under_0.75_odd": 2.17,
                "away_under_1.25_odd": 1.44,
                "away_under_1.75_odd": 1.165
            },
            {
                "match_id": 639682112,
                "date": "26/07/2025",
                "time": "16:00",
                "home_team": "Kaysar",
                "away_team": "Kyzylzhar",
                "1_odd": 2.889,
                "draw_odd": 2.946,
                "2_odd": 2.643,
                "1X_odd": 1.447,
                "12_odd": 1.37,
                "X2_odd": 1.382,
                "both_score_odd": 1.83,
                "both_noscore_odd": 1.857,
                "over_0.5_odd": 1.025,
                "over_1.0_odd": 1.058,
                "over_1.5_odd": 1.33,
                "over_2.0_odd": 1.58,
                "over_2.5_odd": 2.209,
                "over_3.0_odd": 3.14,
                "over_3.5_odd": 3.9,
                "over_4.0_odd": 7.4,
                "over_4.5_odd": 8.5,
                "under_0.5_odd": 7.7,
                "under_1.0_odd": 6.25,
                "under_1.5_odd": 2.83,
                "under_2.0_odd": 2.12,
                "under_2.5_odd": 1.636,
                "under_3.0_odd": 1.27,
                "under_3.5_odd": 1.178,
                "under_4.0_odd": 1.03,
                "under_4.5_odd": 1.013,
                "over_0.75_odd": 1.039,
                "over_1.25_odd": 1.191,
                "over_1.75_odd": 1.42,
                "over_2.25_odd": 1.85,
                "over_2.75_odd": 2.48,
                "over_3.25_odd": 3.5,
                "over_3.75_odd": 5,
                "over_4.25_odd": 7.9,
                "under_0.75_odd": 7,
                "under_1.25_odd": 3.76,
                "under_1.75_odd": 2.49,
                "under_2.25_odd": 1.78,
                "under_2.75_odd": 1.43,
                "under_3.25_odd": 1.22,
                "under_3.75_odd": 1.104,
                "under_4.25_odd": 1.021,
                "home_handicap_-1.5_odd": 6.4,
                "home_handicap_-1.0_odd": 5.25,
                "home_handicap_0.0_odd": 1.964,
                "home_handicap_1.0_odd": 1.129,
                "home_handicap_1.5_odd": 1.077,
                "home_handicap_2.0_odd": 1.01,
                "away_handicap_1.5_odd": 1.054,
                "away_handicap_1.0_odd": 1.094,
                "away_handicap_0.0_odd": 1.802,
                "away_handicap_-1.0_odd": 4.55,
                "away_handicap_-1.5_odd": 5.65,
                "away_handicap_-2.0_odd": 11,
                "home_handicap_-1.75_odd": 8.9,
                "home_handicap_-1.25_odd": 5.8,
                "home_handicap_-0.75_odd": 3.48,
                "home_handicap_-0.25_odd": 2.32,
                "home_handicap_0.25_odd": 1.58,
                "home_handicap_0.75_odd": 1.28,
                "home_handicap_1.25_odd": 1.1,
                "home_handicap_1.75_odd": 1.024,
                "away_handicap_1.75_odd": 1.007,
                "away_handicap_1.25_odd": 1.071,
                "away_handicap_0.75_odd": 1.222,
                "away_handicap_0.25_odd": 1.49,
                "away_handicap_-0.25_odd": 2.13,
                "away_handicap_-0.75_odd": 3.08,
                "away_handicap_-1.25_odd": 5.1,
                "away_handicap_-1.75_odd": 7.8,
                "home_over_0.5_odd": 1.39,
                "home_over_1.0_odd": 1.84,
                "home_over_1.5_odd": 2.75,
                "home_over_2.0_odd": 6,
                "home_over_2.5_odd": 7.7,
                "home_under_0.5_odd": 2.75,
                "home_under_1.0_odd": 1.86,
                "home_under_1.5_odd": 1.39,
                "home_under_2.0_odd": 1.09,
                "home_under_2.5_odd": 1.05,
                "home_over_0.75_odd": 1.49,
                "home_over_1.25_odd": 2.3,
                "home_over_1.75_odd": 3.58,
                "home_under_0.75_odd": 2.375,
                "home_under_1.25_odd": 1.52,
                "home_under_1.75_odd": 1.21,
                "away_over_0.5_odd": 1.36,
                "away_over_1.0_odd": 1.75,
                "away_over_1.5_odd": 2.65,
                "away_over_2.0_odd": 5.5,
                "away_over_2.5_odd": 7,
                "away_under_0.5_odd": 2.9,
                "away_under_1.0_odd": 1.96,
                "away_under_1.5_odd": 1.43,
                "away_under_2.0_odd": 1.11,
                "away_under_2.5_odd": 1.07,
                "away_over_0.75_odd": 1.44,
                "away_over_1.25_odd": 2.17,
                "away_over_1.75_odd": 3.34,
                "away_under_0.75_odd": 2.51,
                "away_under_1.25_odd": 1.58,
                "away_under_1.75_odd": 1.24
            },
            {
                "match_id": 639682115,
                "date": "27/07/2025",
                "time": "16:00",
                "home_team": "Turan Turkistan",
                "away_team": "Ordabasy",
                "1_odd": 5.94,
                "draw_odd": 4.015,
                "2_odd": 1.547,
                "1X_odd": 2.364,
                "12_odd": 1.219,
                "X2_odd": 1.11,
                "both_score_odd": 1.952,
                "both_noscore_odd": 1.744,
                "over_0.5_odd": 1.01,
                "over_1.0_odd": 1.028,
                "over_1.5_odd": 1.26,
                "over_2.0_odd": 1.43,
                "over_2.5_odd": 1.927,
                "over_3.0_odd": 2.56,
                "over_3.5_odd": 3.14,
                "over_4.0_odd": 5.3,
                "over_4.5_odd": 5.9,
                "over_5.5_odd": 10.5,
                "under_0.5_odd": 8.7,
                "under_1.0_odd": 7.5,
                "under_1.5_odd": 3.22,
                "under_2.0_odd": 2.46,
                "under_2.5_odd": 1.835,
                "under_3.0_odd": 1.4,
                "under_3.5_odd": 1.27,
                "under_4.0_odd": 1.092,
                "under_4.5_odd": 1.068,
                "under_5.5_odd": 1.02,
                "over_0.75_odd": 1.018,
                "over_1.25_odd": 1.145,
                "over_1.75_odd": 1.33,
                "over_2.25_odd": 1.65,
                "over_2.75_odd": 2.11,
                "over_3.25_odd": 2.83,
                "over_3.75_odd": 3.88,
                "over_4.25_odd": 5.6,
                "under_0.75_odd": 8.1,
                "under_1.25_odd": 4.3,
                "under_1.75_odd": 2.83,
                "under_2.25_odd": 2.01,
                "under_2.75_odd": 1.59,
                "under_3.25_odd": 1.33,
                "under_3.75_odd": 1.179,
                "under_4.25_odd": 1.079,
                "home_handicap_-1.5_odd": 10.5,
                "home_handicap_-1.0_odd": 9.6,
                "home_handicap_0.0_odd": 4.25,
                "home_handicap_1.0_odd": 1.82,
                "home_handicap_1.5_odd": 1.497,
                "home_handicap_2.0_odd": 1.178,
                "home_handicap_2.5_odd": 1.124,
                "home_handicap_3.0_odd": 1.012,
                "home_handicap_3.5_odd": 1.004,
                "away_handicap_1.5_odd": 1.01,
                "away_handicap_1.0_odd": 1.02,
                "away_handicap_0.0_odd": 1.151,
                "away_handicap_-1.0_odd": 1.89,
                "away_handicap_-1.5_odd": 2.526,
                "away_handicap_-2.0_odd": 3.9,
                "away_handicap_-2.5_odd": 4.65,
                "away_handicap_-3.0_odd": 8.5,
                "away_handicap_-3.5_odd": 9.1,
                "home_handicap_-0.75_odd": 7,
                "home_handicap_-0.25_odd": 4.75,
                "home_handicap_0.25_odd": 2.875,
                "home_handicap_0.75_odd": 2.07,
                "home_handicap_1.25_odd": 1.57,
                "home_handicap_1.75_odd": 1.31,
                "home_handicap_2.25_odd": 1.148,
                "home_handicap_2.75_odd": 1.068,
                "away_handicap_0.75_odd": 1.039,
                "away_handicap_0.25_odd": 1.119,
                "away_handicap_-0.25_odd": 1.32,
                "away_handicap_-0.75_odd": 1.62,
                "away_handicap_-1.25_odd": 2.15,
                "away_handicap_-1.75_odd": 2.92,
                "away_handicap_-2.25_odd": 4.3,
                "away_handicap_-2.75_odd": 5.9,
                "home_over_0.5_odd": 1.63,
                "home_over_1.0_odd": 2.6,
                "home_over_1.5_odd": 3.9,
                "home_over_2.0_odd": 10,
                "home_under_0.5_odd": 2.14,
                "home_under_1.0_odd": 1.43,
                "home_under_1.5_odd": 1.21,
                "home_under_2.0_odd": 1.02,
                "home_over_0.75_odd": 2.03,
                "home_over_1.25_odd": 3.74,
                "home_over_1.75_odd": 6,
                "home_under_0.75_odd": 1.666,
                "home_under_1.25_odd": 1.21,
                "home_under_1.75_odd": 1.065,
                "away_over_0.5_odd": 1.13,
                "away_over_1.5_odd": 1.74,
                "away_over_2.5_odd": 3.3,
                "away_over_3.5_odd": 7.3,
                "away_under_0.5_odd": 5,
                "away_under_1.5_odd": 1.98,
                "away_under_2.5_odd": 1.29,
                "away_under_3.5_odd": 1.06,
                "away_over_0.75_odd": 1.138,
                "away_over_1.25_odd": 1.45,
                "away_over_1.75_odd": 1.92,
                "away_over_2.25_odd": 2.7,
                "away_under_0.75_odd": 4.4,
                "away_under_1.25_odd": 2.48,
                "away_under_1.75_odd": 1.75,
                "away_under_2.25_odd": 1.36
            }
        ]
    },
    {
        "tournament_id": 121877,
        "tournament_name": "Kazakhstan Cup",
        "matches": [
            {
                "match_id": 637784743,
                "date": "30/08/2025",
                "time": "11:00",
                "home_team": "Jenis",
                "away_team": "Tobol Kostanay",
                "1_odd": 3.615,
                "draw_odd": 3.2,
                "2_odd": 2.06,
                "1X_odd": 1.69,
                "12_odd": 1.3,
                "X2_odd": 1.24,
                "home_qualify_odd": 4.9,
                "away_qualify_odd": 1.14,
                "both_score_odd": 1.92,
                "both_noscore_odd": 1.8,
                "over_0.5_odd": 1.04,
                "over_1.0_odd": 1.1,
                "over_1.5_odd": 1.36,
                "over_2.0_odd": 1.59,
                "over_2.5_odd": 2.1,
                "over_3.0_odd": 3,
                "over_3.5_odd": 3.7,
                "over_4.0_odd": 6.2,
                "over_4.5_odd": 7.8,
                "under_0.5_odd": 8.1,
                "under_1.0_odd": 5.9,
                "under_1.5_odd": 2.9,
                "under_2.0_odd": 2.2,
                "under_2.5_odd": 1.65,
                "under_3.0_odd": 1.34,
                "under_3.5_odd": 1.23,
                "under_4.0_odd": 1.09,
                "under_4.5_odd": 1.05,
                "over_1.25_odd": 1.23,
                "over_1.75_odd": 1.45,
                "over_2.25_odd": 1.85,
                "over_2.75_odd": 2.42,
                "over_3.25_odd": 3.4,
                "over_3.75_odd": 4.5,
                "under_1.25_odd": 3.7,
                "under_1.75_odd": 2.55,
                "under_2.25_odd": 1.85,
                "under_2.75_odd": 1.5,
                "under_3.25_odd": 1.28,
                "under_3.75_odd": 1.16,
                "home_handicap_-1.5_odd": 7.7,
                "home_handicap_0.0_odd": 2.6,
                "home_handicap_1.0_odd": 1.35,
                "home_handicap_1.5_odd": 1.23,
                "home_handicap_2.5_odd": 1.04,
                "away_handicap_1.5_odd": 1.05,
                "away_handicap_0.0_odd": 1.44,
                "away_handicap_-1.0_odd": 3,
                "away_handicap_-1.5_odd": 3.7,
                "away_handicap_-2.5_odd": 8.1,
                "home_handicap_-0.25_odd": 3.1,
                "home_handicap_0.25_odd": 2,
                "home_handicap_0.75_odd": 1.53,
                "home_handicap_1.25_odd": 1.28,
                "away_handicap_0.25_odd": 1.32,
                "away_handicap_-0.25_odd": 1.73,
                "away_handicap_-0.75_odd": 2.34,
                "away_handicap_-1.25_odd": 3.4,
                "home_over_0.5_odd": 1.48,
                "home_over_1.0_odd": 2.1,
                "home_over_1.5_odd": 3.1,
                "home_over_2.5_odd": 9.2,
                "home_under_0.5_odd": 2.48,
                "home_under_1.0_odd": 1.66,
                "home_under_1.5_odd": 1.31,
                "home_under_2.5_odd": 1.03,
                "away_over_0.5_odd": 1.24,
                "away_over_1.5_odd": 2.15,
                "away_over_2.5_odd": 4.9,
                "away_under_0.5_odd": 3.7,
                "away_under_1.5_odd": 1.62,
                "away_under_2.5_odd": 1.14
            },
            {
                "match_id": 637784746,
                "date": "30/08/2025",
                "time": "11:00",
                "home_team": "Ordabasy",
                "away_team": "Kyzylzhar",
                "1_odd": 1.85,
                "draw_odd": 3.3,
                "2_odd": 4.305,
                "1X_odd": 1.18,
                "12_odd": 1.29,
                "X2_odd": 1.87,
                "home_qualify_odd": 1.41,
                "away_qualify_odd": 2.7,
                "both_score_odd": 2.04,
                "both_noscore_odd": 1.708,
                "over_0.5_odd": 1.05,
                "over_1.0_odd": 1.11,
                "over_1.5_odd": 1.39,
                "over_2.0_odd": 1.65,
                "over_2.5_odd": 2.2,
                "over_3.0_odd": 3.2,
                "over_3.5_odd": 4,
                "over_4.0_odd": 6.6,
                "over_4.5_odd": 8.4,
                "under_0.5_odd": 7.7,
                "under_1.0_odd": 5.6,
                "under_1.5_odd": 2.8,
                "under_2.0_odd": 2.1,
                "under_2.5_odd": 1.6,
                "under_3.0_odd": 1.3,
                "under_3.5_odd": 1.21,
                "under_4.0_odd": 1.08,
                "under_4.5_odd": 1.04,
                "over_1.25_odd": 1.25,
                "over_1.75_odd": 1.49,
                "over_2.25_odd": 1.93,
                "over_2.75_odd": 2.55,
                "over_3.25_odd": 3.6,
                "over_3.75_odd": 4.9,
                "under_1.25_odd": 3.6,
                "under_1.75_odd": 2.45,
                "under_2.25_odd": 1.78,
                "under_2.75_odd": 1.45,
                "under_3.25_odd": 1.24,
                "under_3.75_odd": 1.14,
                "home_handicap_-2.5_odd": 7.1,
                "home_handicap_-1.5_odd": 3.3,
                "home_handicap_-1.0_odd": 2.55,
                "home_handicap_0.0_odd": 1.32,
                "home_handicap_1.5_odd": 1.03,
                "away_handicap_2.5_odd": 1.06,
                "away_handicap_1.5_odd": 1.29,
                "away_handicap_1.0_odd": 1.45,
                "away_handicap_0.0_odd": 3.1,
                "away_handicap_-1.5_odd": 9.4,
                "home_handicap_-1.25_odd": 2.9,
                "home_handicap_-0.75_odd": 2.1,
                "home_handicap_-0.25_odd": 1.58,
                "home_handicap_0.25_odd": 1.23,
                "away_handicap_1.25_odd": 1.35,
                "away_handicap_0.75_odd": 1.66,
                "away_handicap_0.25_odd": 2.24,
                "away_handicap_-0.25_odd": 3.7,
                "home_over_0.5_odd": 1.22,
                "home_over_1.5_odd": 2.07,
                "home_over_2.5_odd": 4.5,
                "home_over_3.5_odd": 11,
                "home_under_0.5_odd": 3.9,
                "home_under_1.5_odd": 1.67,
                "home_under_2.5_odd": 1.16,
                "home_under_3.5_odd": 1.01,
                "away_over_0.5_odd": 1.6,
                "away_over_1.0_odd": 2.48,
                "away_over_1.5_odd": 3.7,
                "away_under_0.5_odd": 2.2,
                "away_under_1.0_odd": 1.48,
                "away_under_1.5_odd": 1.23
            }
        ]
    },
    {
        "tournament_id": 50365,
        "tournament_name": "1st Division",
        "matches": [
            {
                "match_id": 639175912,
                "date": "25/07/2025",
                "time": "13:00",
                "home_team": "Altay Ust-Kamenogorsk",
                "away_team": "Taraz",
                "1_odd": 1.35,
                "draw_odd": 4.79,
                "2_odd": 6.3,
                "X2_odd": 2.67,
                "over_2.5_odd": 1.43,
                "over_3.0_odd": 1.71,
                "over_3.5_odd": 2.2,
                "over_4.0_odd": 3.19,
                "under_2.5_odd": 2.53,
                "under_3.0_odd": 1.97,
                "under_3.5_odd": 1.57,
                "under_4.0_odd": 1.28,
                "home_handicap_-1.5_odd": 2.09,
                "home_handicap_-1.0_odd": 1.61,
                "away_handicap_1.5_odd": 1.63,
                "away_handicap_1.0_odd": 2.11,
                "home_over_1.5_odd": 1.37,
                "home_over_2.0_odd": 1.67,
                "home_under_1.5_odd": 2.75,
                "home_under_2.0_odd": 2.03,
                "away_over_1.0_odd": 2.21,
                "away_under_1.0_odd": 1.56
            },
            {
                "match_id": 639178832,
                "date": "25/07/2025",
                "time": "13:00",
                "home_team": "Shakhter Karagandy",
                "away_team": "Han-Tengri",
                "1_odd": 1.3,
                "draw_odd": 5.19,
                "2_odd": 6.68,
                "X2_odd": 2.85,
                "over_2.5_odd": 1.32,
                "over_3.0_odd": 1.5,
                "over_3.5_odd": 1.91,
                "over_4.0_odd": 2.56,
                "under_2.5_odd": 2.99,
                "under_3.0_odd": 2.35,
                "under_3.5_odd": 1.76,
                "under_4.0_odd": 1.42,
                "home_handicap_-1.0_odd": 1.52,
                "away_handicap_1.0_odd": 2.29,
                "home_over_2.5_odd": 1.99,
                "home_under_2.5_odd": 1.69,
                "away_over_1.0_odd": 1.99,
                "away_under_1.0_odd": 1.69
            },
            {
                "match_id": 639176974,
                "date": "25/07/2025",
                "time": "13:00",
                "home_team": "Zhetisay",
                "away_team": "Turkistan",
                "1_odd": 1.24,
                "draw_odd": 5.44,
                "2_odd": 8.3,
                "X2_odd": 3.21,
                "both_score_odd": 1.68,
                "both_noscore_odd": 2,
                "over_2.5_odd": 1.39,
                "over_3.0_odd": 1.63,
                "over_3.5_odd": 2.09,
                "over_4.0_odd": 2.95,
                "under_2.5_odd": 2.67,
                "under_3.0_odd": 2.09,
                "under_3.5_odd": 1.63,
                "under_4.0_odd": 1.33,
                "home_handicap_-1.5_odd": 1.82,
                "home_handicap_-1.0_odd": 1.42,
                "away_handicap_1.5_odd": 1.84,
                "away_handicap_1.0_odd": 2.57,
                "home_over_2.0_odd": 1.5,
                "home_over_2.5_odd": 2.01,
                "home_under_2.0_odd": 2.36,
                "home_under_2.5_odd": 1.68,
                "away_over_0.5_odd": 1.53,
                "away_under_0.5_odd": 2.22
            },
            {
                "match_id": 639180307,
                "date": "25/07/2025",
                "time": "15:00",
                "home_team": "Akas",
                "away_team": "SD Family",
                "1_odd": 1.67,
                "draw_odd": 4.06,
                "2_odd": 3.76,
                "1X_odd": 1.18,
                "12_odd": 1.14,
                "X2_odd": 1.93,
                "both_score_odd": 1.46,
                "both_noscore_odd": 2.45,
                "over_2.5_odd": 1.44,
                "over_3.0_odd": 1.73,
                "over_3.5_odd": 2.23,
                "under_2.5_odd": 2.5,
                "under_3.0_odd": 1.94,
                "under_3.5_odd": 1.55,
                "home_handicap_-1.0_odd": 2.27,
                "home_handicap_0.0_odd": 1.33,
                "away_handicap_1.0_odd": 1.53,
                "away_handicap_0.0_odd": 2.93,
                "home_over_1.5_odd": 1.55,
                "home_over_2.0_odd": 2.09,
                "home_under_1.5_odd": 2.24,
                "home_under_2.0_odd": 1.63,
                "away_over_0.5_odd": 1.25,
                "away_over_1.0_odd": 1.6,
                "away_under_0.5_odd": 3.28,
                "away_under_1.0_odd": 2.14
            }
        ]
    }
]