[
    {
        "last_updated": "2025-07-24T20:45:28.404543+01:00"
    },
    {
        "tournament_id": 120501,
        "tournament_name": "Virsliga",
        "matches": [
            {
                "match_id": 639324895,
                "date": "26/07/2025",
                "time": "15:00",
                "home_team": "Super Nova",
                "away_team": "Grobina",
                "1_odd": 2.09,
                "draw_odd": 3.54,
                "2_odd": 2.963,
                "1X_odd": 1.31,
                "12_odd": 1.21,
                "X2_odd": 1.6,
                "both_score_odd": 1.62,
                "both_noscore_odd": 2.136,
                "over_0.5_odd": 1.01,
                "over_1.0_odd": 1.04,
                "over_1.5_odd": 1.2,
                "over_2.0_odd": 1.32,
                "over_2.5_odd": 1.75,
                "over_3.0_odd": 2.26,
                "over_3.5_odd": 2.83,
                "over_4.0_odd": 4.65,
                "over_4.5_odd": 5.35,
                "over_5.5_odd": 11,
                "over_6.5_odd": 13,
                "over_7.5_odd": 21,
                "under_0.5_odd": 11,
                "under_1.0_odd": 8.1,
                "under_1.5_odd": 3.68,
                "under_2.0_odd": 2.875,
                "under_2.5_odd": 1.95,
                "under_3.0_odd": 1.51,
                "under_3.5_odd": 1.33,
                "under_4.0_odd": 1.124,
                "under_4.5_odd": 1.089,
                "under_5.5_odd": 1.05,
                "under_6.5_odd": 1.012,
                "under_7.5_odd": 1.002,
                "over_1.25_odd": 1.098,
                "over_1.75_odd": 1.25,
                "over_2.25_odd": 1.52,
                "over_2.75_odd": 1.909,
                "over_3.25_odd": 2.56,
                "over_3.75_odd": 3.42,
                "over_4.25_odd": 5,
                "over_4.75_odd": 6.8,
                "under_1.25_odd": 5.15,
                "under_1.75_odd": 3.28,
                "under_2.25_odd": 2.24,
                "under_2.75_odd": 1.72,
                "under_3.25_odd": 1.4,
                "under_3.75_odd": 1.23,
                "under_4.25_odd": 1.105,
                "under_4.75_odd": 1.043,
                "home_handicap_-2.5_odd": 8.5,
                "home_handicap_-2.0_odd": 7.7,
                "home_handicap_-1.5_odd": 3.96,
                "home_handicap_-1.0_odd": 3.18,
                "home_handicap_0.0_odd": 1.59,
                "home_handicap_1.0_odd": 1.105,
                "home_handicap_1.5_odd": 1.061,
                "home_handicap_2.0_odd": 1.01,
                "away_handicap_2.5_odd": 1.013,
                "away_handicap_2.0_odd": 1.026,
                "away_handicap_1.5_odd": 1.173,
                "away_handicap_1.0_odd": 1.285,
                "away_handicap_0.0_odd": 2.21,
                "away_handicap_-1.0_odd": 5.35,
                "away_handicap_-1.5_odd": 6.15,
                "away_handicap_-2.0_odd": 10.5,
                "home_handicap_-1.75_odd": 5.1,
                "home_handicap_-1.25_odd": 3.58,
                "home_handicap_-0.75_odd": 2.43,
                "home_handicap_-0.25_odd": 1.84,
                "home_handicap_0.25_odd": 1.45,
                "home_handicap_0.75_odd": 1.24,
                "home_handicap_1.25_odd": 1.081,
                "home_handicap_1.75_odd": 1.017,
                "away_handicap_1.75_odd": 1.1,
                "away_handicap_1.25_odd": 1.22,
                "away_handicap_0.75_odd": 1.48,
                "away_handicap_0.25_odd": 1.86,
                "away_handicap_-0.25_odd": 2.56,
                "away_handicap_-0.75_odd": 3.56,
                "away_handicap_-1.25_odd": 5.75,
                "away_handicap_-1.75_odd": 8.2,
                "home_over_0.5_odd": 1.176,
                "home_over_1.0_odd": 1.35,
                "home_over_1.5_odd": 1.98,
                "home_over_2.0_odd": 3.2,
                "home_over_2.5_odd": 4.25,
                "home_over_3.0_odd": 9,
                "home_under_0.5_odd": 4.15,
                "home_under_1.0_odd": 2.79,
                "home_under_1.5_odd": 1.7,
                "home_under_2.0_odd": 1.27,
                "home_under_2.5_odd": 1.151,
                "home_under_3.0_odd": 1.006,
                "home_over_0.75_odd": 1.23,
                "home_over_1.25_odd": 1.68,
                "home_over_1.75_odd": 2.375,
                "home_over_2.25_odd": 3.74,
                "home_under_0.75_odd": 3.42,
                "home_under_1.25_odd": 2.01,
                "home_under_1.75_odd": 1.49,
                "home_under_2.25_odd": 1.193,
                "away_over_0.5_odd": 1.29,
                "away_over_1.0_odd": 1.64,
                "away_over_1.5_odd": 2.47,
                "away_over_2.0_odd": 4.85,
                "away_over_2.5_odd": 6,
                "away_under_0.5_odd": 3.14,
                "away_under_1.0_odd": 2.07,
                "away_under_1.5_odd": 1.44,
                "away_under_2.0_odd": 1.112,
                "away_under_2.5_odd": 1.065,
                "away_over_0.75_odd": 1.41,
                "away_over_1.25_odd": 2.07,
                "away_over_1.75_odd": 3.08,
                "away_over_2.75_odd": 8.2,
                "away_under_0.75_odd": 2.6,
                "away_under_1.25_odd": 1.64,
                "away_under_1.75_odd": 1.28,
                "away_under_2.75_odd": 1.017
            },
            {
                "match_id": 639436178,
                "date": "26/07/2025",
                "time": "17:00",
                "home_team": "Rigas Futbola skola",
                "away_team": "Tukums 2000",
                "1_odd": 1.086,
                "draw_odd": 8.6,
                "2_odd": 13.7,
                "1X_odd": 1.027,
                "12_odd": 1.008,
                "X2_odd": 5.35,
                "both_score_odd": 1.952,
                "both_noscore_odd": 1.744,
                "over_0.5_odd": 1.01,
                "over_1.5_odd": 1.022,
                "over_2.0_odd": 1.044,
                "over_2.5_odd": 1.24,
                "over_3.0_odd": 1.35,
                "over_3.5_odd": 1.71,
                "over_4.0_odd": 2.07,
                "over_4.5_odd": 2.56,
                "over_5.0_odd": 3.74,
                "over_5.5_odd": 4.4,
                "over_6.0_odd": 7.4,
                "over_6.5_odd": 7,
                "over_7.5_odd": 10,
                "over_8.5_odd": 15,
                "over_9.5_odd": 21,
                "under_0.5_odd": 29,
                "under_1.5_odd": 7.9,
                "under_2.0_odd": 6.75,
                "under_2.5_odd": 3.34,
                "under_3.0_odd": 2.74,
                "under_3.5_odd": 2,
                "under_4.0_odd": 1.61,
                "under_4.5_odd": 1.4,
                "under_5.0_odd": 1.193,
                "under_5.5_odd": 1.141,
                "under_6.0_odd": 1.03,
                "under_6.5_odd": 1.083,
                "under_7.5_odd": 1.03,
                "under_8.5_odd": 1.01,
                "under_9.5_odd": 1.002,
                "over_1.75_odd": 1.032,
                "over_2.25_odd": 1.138,
                "over_2.75_odd": 1.285,
                "over_3.25_odd": 1.52,
                "over_3.75_odd": 1.83,
                "over_4.25_odd": 2.3,
                "over_4.75_odd": 2.97,
                "over_5.25_odd": 4.05,
                "under_1.75_odd": 7.3,
                "under_2.25_odd": 4.4,
                "under_2.75_odd": 3.05,
                "under_3.25_odd": 2.24,
                "under_3.75_odd": 1.79,
                "under_4.25_odd": 1.49,
                "under_4.75_odd": 1.3,
                "under_5.25_odd": 1.164,
                "home_handicap_-5.0_odd": 8.6,
                "home_handicap_-4.5_odd": 5.3,
                "home_handicap_-4.0_odd": 4.6,
                "home_handicap_-3.5_odd": 2.98,
                "home_handicap_-3.0_odd": 2.49,
                "home_handicap_-2.5_odd": 1.92,
                "home_handicap_-2.0_odd": 1.56,
                "home_handicap_-1.5_odd": 1.36,
                "home_handicap_-1.0_odd": 1.133,
                "home_handicap_0.0_odd": 1.03,
                "away_handicap_5.0_odd": 1.04,
                "away_handicap_4.5_odd": 1.091,
                "away_handicap_4.0_odd": 1.126,
                "away_handicap_3.5_odd": 1.31,
                "away_handicap_3.0_odd": 1.46,
                "away_handicap_2.5_odd": 1.79,
                "away_handicap_2.0_odd": 2.24,
                "away_handicap_1.5_odd": 2.75,
                "away_handicap_1.0_odd": 4.5,
                "away_handicap_0.0_odd": 15,
                "home_handicap_-4.25_odd": 4.95,
                "home_handicap_-3.75_odd": 3.5,
                "home_handicap_-3.25_odd": 2.72,
                "home_handicap_-2.75_odd": 2.14,
                "home_handicap_-2.25_odd": 1.75,
                "home_handicap_-1.75_odd": 1.44,
                "home_handicap_-1.25_odd": 1.25,
                "home_handicap_-0.75_odd": 1.109,
                "away_handicap_4.25_odd": 1.107,
                "away_handicap_3.75_odd": 1.22,
                "away_handicap_3.25_odd": 1.38,
                "away_handicap_2.75_odd": 1.63,
                "away_handicap_2.25_odd": 1.96,
                "away_handicap_1.75_odd": 2.51,
                "away_handicap_1.25_odd": 3.28,
                "away_handicap_0.75_odd": 4.9,
                "home_over_0.5_odd": 1.025,
                "home_over_1.5_odd": 1.167,
                "home_over_2.5_odd": 1.571,
                "home_over_3.5_odd": 2.375,
                "home_over_4.5_odd": 4.33,
                "home_over_5.5_odd": 7,
                "home_over_6.5_odd": 10.5,
                "home_over_7.5_odd": 17,
                "home_under_0.5_odd": 10.5,
                "home_under_1.5_odd": 4.5,
                "home_under_2.5_odd": 2.25,
                "home_under_3.5_odd": 1.533,
                "home_under_4.5_odd": 1.2,
                "home_under_5.5_odd": 1.083,
                "home_under_6.5_odd": 1.025,
                "home_under_7.5_odd": 1.005,
                "home_over_2.25_odd": 1.34,
                "home_over_2.75_odd": 1.63,
                "home_over_3.25_odd": 2.04,
                "home_over_3.75_odd": 2.59,
                "home_under_2.25_odd": 2.78,
                "home_under_2.75_odd": 2.09,
                "home_under_3.25_odd": 1.66,
                "home_under_3.75_odd": 1.39,
                "away_over_0.5_odd": 1.909,
                "away_over_1.5_odd": 5.5,
                "away_over_2.5_odd": 12,
                "away_over_3.5_odd": 21,
                "away_under_0.5_odd": 1.8,
                "away_under_1.5_odd": 1.125,
                "away_under_2.5_odd": 1.015,
                "away_under_3.5_odd": 1.002,
                "away_over_0.75_odd": 2.32,
                "away_over_1.25_odd": 4.8,
                "away_over_1.75_odd": 8.4,
                "away_under_0.75_odd": 1.51,
                "away_under_1.25_odd": 1.129,
                "away_under_1.75_odd": 1.014
            },
            {
                "match_id": 639324889,
                "date": "27/07/2025",
                "time": "13:00",
                "home_team": "BFC Daugavpils",
                "away_team": "Jelgava",
                "1_odd": 2.47,
                "draw_odd": 3.125,
                "2_odd": 2.6,
                "1X_odd": 1.39,
                "12_odd": 1.27,
                "X2_odd": 1.42,
                "both_score_odd": 1.65,
                "both_noscore_odd": 2.084,
                "over_0.5_odd": 1.013,
                "over_1.0_odd": 1.03,
                "over_1.5_odd": 1.24,
                "over_2.0_odd": 1.38,
                "over_2.5_odd": 1.833,
                "over_3.0_odd": 2.375,
                "over_3.5_odd": 2.92,
                "over_4.0_odd": 4.8,
                "over_4.5_odd": 5.45,
                "over_5.0_odd": 9.7,
                "over_5.5_odd": 9,
                "over_6.5_odd": 15,
                "over_7.5_odd": 21,
                "under_0.5_odd": 8.5,
                "under_1.0_odd": 7.4,
                "under_1.5_odd": 3.34,
                "under_2.0_odd": 2.625,
                "under_2.5_odd": 1.86,
                "under_3.0_odd": 1.46,
                "under_3.5_odd": 1.31,
                "under_4.0_odd": 1.116,
                "under_4.5_odd": 1.085,
                "under_5.0_odd": 1.001,
                "under_5.5_odd": 1.04,
                "under_6.5_odd": 1.01,
                "under_7.5_odd": 1.002,
                "over_0.75_odd": 1.02,
                "over_1.25_odd": 1.134,
                "over_1.75_odd": 1.3,
                "over_2.25_odd": 1.59,
                "over_2.75_odd": 2,
                "over_3.25_odd": 2.66,
                "over_3.75_odd": 3.58,
                "over_4.25_odd": 5.1,
                "under_0.75_odd": 8,
                "under_1.25_odd": 4.5,
                "under_1.75_odd": 2.97,
                "under_2.25_odd": 2.1,
                "under_2.75_odd": 1.65,
                "under_3.25_odd": 1.37,
                "under_3.75_odd": 1.21,
                "under_4.25_odd": 1.099,
                "home_handicap_-2.5_odd": 10.5,
                "home_handicap_-2.0_odd": 9,
                "home_handicap_-1.5_odd": 4.75,
                "home_handicap_-1.0_odd": 4.05,
                "home_handicap_0.0_odd": 1.81,
                "home_handicap_1.0_odd": 1.159,
                "home_handicap_1.5_odd": 1.101,
                "home_handicap_2.0_odd": 1.02,
                "home_handicap_2.5_odd": 1.01,
                "away_handicap_2.5_odd": 1.01,
                "away_handicap_2.0_odd": 1.006,
                "away_handicap_1.5_odd": 1.119,
                "away_handicap_1.0_odd": 1.185,
                "away_handicap_0.0_odd": 1.89,
                "away_handicap_-1.0_odd": 4.35,
                "away_handicap_-1.5_odd": 5.1,
                "away_handicap_-2.0_odd": 10,
                "away_handicap_-2.5_odd": 11.5,
                "home_handicap_-1.75_odd": 6.1,
                "home_handicap_-1.25_odd": 4.4,
                "home_handicap_-0.75_odd": 2.94,
                "home_handicap_-0.25_odd": 2.12,
                "home_handicap_0.25_odd": 1.571,
                "home_handicap_0.75_odd": 1.3,
                "home_handicap_1.25_odd": 1.127,
                "home_handicap_1.75_odd": 1.049,
                "away_handicap_1.75_odd": 1.062,
                "away_handicap_1.25_odd": 1.148,
                "away_handicap_0.75_odd": 1.34,
                "away_handicap_0.25_odd": 1.64,
                "away_handicap_-0.25_odd": 2.25,
                "away_handicap_-0.75_odd": 3.15,
                "away_handicap_-1.25_odd": 4.75,
                "away_handicap_-1.75_odd": 6.55,
                "home_over_0.5_odd": 1.25,
                "home_over_1.0_odd": 1.51,
                "home_over_1.5_odd": 2.25,
                "home_over_2.0_odd": 3.96,
                "home_over_2.5_odd": 4.95,
                "home_under_0.5_odd": 3.42,
                "home_under_1.0_odd": 2.29,
                "home_under_1.5_odd": 1.54,
                "home_under_2.0_odd": 1.18,
                "home_under_2.5_odd": 1.108,
                "home_over_0.75_odd": 1.33,
                "home_over_1.25_odd": 1.89,
                "home_over_1.75_odd": 2.78,
                "home_over_2.25_odd": 4.45,
                "home_under_0.75_odd": 2.83,
                "home_under_1.25_odd": 1.77,
                "home_under_1.75_odd": 1.363,
                "home_under_2.25_odd": 1.136,
                "away_over_0.5_odd": 1.27,
                "away_over_1.0_odd": 1.57,
                "away_over_1.5_odd": 2.34,
                "away_over_2.0_odd": 4.2,
                "away_over_2.5_odd": 5.2,
                "away_under_0.5_odd": 3.28,
                "away_under_1.0_odd": 2.19,
                "away_under_1.5_odd": 1.49,
                "away_under_2.0_odd": 1.153,
                "away_under_2.5_odd": 1.095,
                "away_over_0.75_odd": 1.37,
                "away_over_1.25_odd": 1.952,
                "away_over_1.75_odd": 2.875,
                "away_over_2.75_odd": 6.85,
                "away_under_0.75_odd": 2.75,
                "away_under_1.25_odd": 1.72,
                "away_under_1.75_odd": 1.32,
                "away_under_2.75_odd": 1.042
            },
            {
                "match_id": 639324898,
                "date": "27/07/2025",
                "time": "15:00",
                "home_team": "Liepaja",
                "away_team": "Auda",
                "1_odd": 2.47,
                "draw_odd": 3.34,
                "2_odd": 2.47,
                "1X_odd": 1.42,
                "12_odd": 1.24,
                "X2_odd": 1.42,
                "both_score_odd": 1.59,
                "both_noscore_odd": 2.188,
                "over_0.5_odd": 1.01,
                "over_1.0_odd": 1.05,
                "over_1.5_odd": 1.188,
                "over_2.0_odd": 1.31,
                "over_2.5_odd": 1.75,
                "over_3.0_odd": 2.26,
                "over_3.5_odd": 2.875,
                "over_4.0_odd": 4.85,
                "over_4.5_odd": 5.7,
                "over_5.5_odd": 11,
                "over_6.5_odd": 13,
                "over_7.5_odd": 21,
                "under_0.5_odd": 11,
                "under_1.0_odd": 8,
                "under_1.5_odd": 3.8,
                "under_2.0_odd": 2.92,
                "under_2.5_odd": 1.95,
                "under_3.0_odd": 1.51,
                "under_3.5_odd": 1.32,
                "under_4.0_odd": 1.113,
                "under_4.5_odd": 1.076,
                "under_5.5_odd": 1.05,
                "under_6.5_odd": 1.012,
                "under_7.5_odd": 1.002,
                "over_1.25_odd": 1.087,
                "over_1.75_odd": 1.24,
                "over_2.25_odd": 1.52,
                "over_2.75_odd": 1.909,
                "over_3.25_odd": 2.56,
                "over_3.75_odd": 3.5,
                "over_4.25_odd": 5.25,
                "over_4.75_odd": 7.4,
                "under_1.25_odd": 5.4,
                "under_1.75_odd": 3.34,
                "under_2.25_odd": 2.24,
                "under_2.75_odd": 1.72,
                "under_3.25_odd": 1.4,
                "under_3.75_odd": 1.22,
                "under_4.25_odd": 1.093,
                "under_4.75_odd": 1.03,
                "home_handicap_-2.5_odd": 10.5,
                "home_handicap_-2.0_odd": 9.3,
                "home_handicap_-1.5_odd": 5.25,
                "home_handicap_-1.0_odd": 4.33,
                "home_handicap_0.0_odd": 1.85,
                "home_handicap_1.0_odd": 1.16,
                "home_handicap_1.5_odd": 1.092,
                "home_handicap_2.0_odd": 1.04,
                "home_handicap_2.5_odd": 1.02,
                "away_handicap_2.5_odd": 1.02,
                "away_handicap_2.0_odd": 1.03,
                "away_handicap_1.5_odd": 1.093,
                "away_handicap_1.0_odd": 1.161,
                "away_handicap_0.0_odd": 1.85,
                "away_handicap_-1.0_odd": 4.33,
                "away_handicap_-1.5_odd": 5.3,
                "away_handicap_-2.0_odd": 8.7,
                "away_handicap_-2.5_odd": 9.7,
                "home_handicap_-1.75_odd": 7.1,
                "home_handicap_-1.25_odd": 4.8,
                "home_handicap_-0.75_odd": 3.04,
                "home_handicap_-0.25_odd": 2.18,
                "home_handicap_0.25_odd": 1.61,
                "home_handicap_0.75_odd": 1.32,
                "home_handicap_1.25_odd": 1.122,
                "home_handicap_1.75_odd": 1.035,
                "away_handicap_1.75_odd": 1.036,
                "away_handicap_1.25_odd": 1.123,
                "away_handicap_0.75_odd": 1.32,
                "away_handicap_0.25_odd": 1.61,
                "away_handicap_-0.25_odd": 2.18,
                "away_handicap_-0.75_odd": 3.04,
                "away_handicap_-1.25_odd": 4.85,
                "away_handicap_-1.75_odd": 7.2,
                "home_over_0.5_odd": 1.22,
                "home_over_1.0_odd": 1.46,
                "home_over_1.5_odd": 2.23,
                "home_over_2.0_odd": 4.1,
                "home_over_2.5_odd": 5.3,
                "home_under_0.5_odd": 3.65,
                "home_under_1.0_odd": 2.41,
                "home_under_1.5_odd": 1.55,
                "home_under_2.0_odd": 1.17,
                "home_under_2.5_odd": 1.091,
                "home_over_0.75_odd": 1.29,
                "home_over_1.25_odd": 1.85,
                "home_over_1.75_odd": 2.78,
                "home_over_2.25_odd": 4.7,
                "home_under_0.75_odd": 3.04,
                "home_under_1.25_odd": 1.81,
                "home_under_1.75_odd": 1.363,
                "home_under_2.25_odd": 1.121,
                "away_over_0.5_odd": 1.22,
                "away_over_1.0_odd": 1.46,
                "away_over_1.5_odd": 2.23,
                "away_over_2.0_odd": 4.1,
                "away_over_2.5_odd": 5.3,
                "away_under_0.5_odd": 3.65,
                "away_under_1.0_odd": 2.41,
                "away_under_1.5_odd": 1.55,
                "away_under_2.0_odd": 1.168,
                "away_under_2.5_odd": 1.09,
                "away_over_0.75_odd": 1.29,
                "away_over_1.25_odd": 1.85,
                "away_over_1.75_odd": 2.78,
                "away_over_2.25_odd": 4.7,
                "away_under_0.75_odd": 3.04,
                "away_under_1.25_odd": 1.81,
                "away_under_1.75_odd": 1.363,
                "away_under_2.25_odd": 1.12
            },
            {
                "match_id": 639324892,
                "date": "27/07/2025",
                "time": "16:00",
                "home_team": "Riga FC",
                "away_team": "Metta",
                "1_odd": 1.017,
                "draw_odd": 11,
                "2_odd": 29,
                "1X_odd": 1.013,
                "12_odd": 1.01,
                "X2_odd": 8,
                "both_score_odd": 2.05,
                "both_noscore_odd": 1.672,
                "over_0.5_odd": 1.005,
                "over_1.5_odd": 1.03,
                "over_2.0_odd": 1.012,
                "over_2.5_odd": 1.168,
                "over_3.0_odd": 1.25,
                "over_3.5_odd": 1.53,
                "over_4.0_odd": 1.81,
                "over_4.5_odd": 2.26,
                "over_5.0_odd": 3.05,
                "over_5.5_odd": 3.58,
                "over_6.0_odd": 5.8,
                "over_6.5_odd": 6.5,
                "over_7.5_odd": 9,
                "over_8.5_odd": 12,
                "over_9.5_odd": 17,
                "under_0.5_odd": 17,
                "under_1.5_odd": 8.8,
                "under_2.0_odd": 8.5,
                "under_2.5_odd": 4.05,
                "under_3.0_odd": 3.28,
                "under_3.5_odd": 2.21,
                "under_4.0_odd": 1.81,
                "under_4.5_odd": 1.56,
                "under_5.0_odd": 1.285,
                "under_5.5_odd": 1.21,
                "under_6.0_odd": 1.072,
                "under_6.5_odd": 1.051,
                "under_7.5_odd": 1.04,
                "under_8.5_odd": 1.015,
                "under_9.5_odd": 1.005,
                "over_2.75_odd": 1.21,
                "over_3.25_odd": 1.39,
                "over_3.75_odd": 1.64,
                "over_4.25_odd": 2,
                "over_4.75_odd": 2.52,
                "over_5.25_odd": 3.34,
                "over_5.75_odd": 4.4,
                "over_6.25_odd": 6.15,
                "under_2.75_odd": 3.58,
                "under_3.25_odd": 2.59,
                "under_3.75_odd": 2.02,
                "under_4.25_odd": 1.65,
                "under_4.75_odd": 1.41,
                "under_5.25_odd": 1.24,
                "under_5.75_odd": 1.139,
                "under_6.25_odd": 1.061,
                "home_handicap_-5.5_odd": 7.5,
                "home_handicap_-5.0_odd": 6.75,
                "home_handicap_-4.5_odd": 4.05,
                "home_handicap_-4.0_odd": 3.42,
                "home_handicap_-3.5_odd": 2.43,
                "home_handicap_-3.0_odd": 2,
                "home_handicap_-2.5_odd": 1.64,
                "home_handicap_-2.0_odd": 1.33,
                "home_handicap_-1.5_odd": 1.22,
                "home_handicap_-1.0_odd": 1.041,
                "home_handicap_0.0_odd": 1.015,
                "away_handicap_5.5_odd": 1.028,
                "away_handicap_5.0_odd": 1.044,
                "away_handicap_4.5_odd": 1.165,
                "away_handicap_4.0_odd": 1.24,
                "away_handicap_3.5_odd": 1.48,
                "away_handicap_3.0_odd": 1.72,
                "away_handicap_2.5_odd": 2.1,
                "away_handicap_2.0_odd": 2.88,
                "away_handicap_1.5_odd": 3.5,
                "away_handicap_1.0_odd": 6.9,
                "away_handicap_0.0_odd": 23,
                "home_handicap_-4.75_odd": 5,
                "home_handicap_-4.25_odd": 3.75,
                "home_handicap_-3.75_odd": 2.8,
                "home_handicap_-3.25_odd": 2.23,
                "home_handicap_-2.75_odd": 1.8,
                "home_handicap_-2.25_odd": 1.48,
                "home_handicap_-1.75_odd": 1.26,
                "home_handicap_-1.25_odd": 1.129,
                "away_handicap_4.75_odd": 1.104,
                "away_handicap_4.25_odd": 1.193,
                "away_handicap_3.75_odd": 1.36,
                "away_handicap_3.25_odd": 1.58,
                "away_handicap_2.75_odd": 1.909,
                "away_handicap_2.25_odd": 2.4,
                "away_handicap_1.75_odd": 3.22,
                "away_handicap_1.25_odd": 4.55,
                "home_over_0.5_odd": 1.012,
                "home_over_1.5_odd": 1.1,
                "home_over_2.5_odd": 1.364,
                "home_over_3.5_odd": 1.833,
                "home_over_4.5_odd": 3,
                "home_over_5.5_odd": 4.5,
                "home_over_6.5_odd": 8,
                "home_over_7.5_odd": 11,
                "home_over_8.5_odd": 17,
                "home_under_0.5_odd": 13,
                "home_under_1.5_odd": 6.5,
                "home_under_2.5_odd": 3,
                "home_under_3.5_odd": 1.833,
                "home_under_4.5_odd": 1.364,
                "home_under_5.5_odd": 1.167,
                "home_under_6.5_odd": 1.062,
                "home_under_7.5_odd": 1.02,
                "home_under_8.5_odd": 1.005,
                "home_over_2.75_odd": 1.41,
                "home_over_3.25_odd": 1.727,
                "home_over_3.75_odd": 2.15,
                "home_over_4.25_odd": 2.78,
                "home_under_2.75_odd": 2.52,
                "home_under_3.25_odd": 1.95,
                "home_under_3.75_odd": 1.59,
                "home_under_4.25_odd": 1.34,
                "away_over_0.5_odd": 2,
                "away_over_1.5_odd": 6,
                "away_over_2.5_odd": 13,
                "away_under_0.5_odd": 1.727,
                "away_under_1.5_odd": 1.111,
                "away_under_2.5_odd": 1.012,
                "away_over_0.75_odd": 2.6,
                "away_over_1.25_odd": 5.95,
                "away_under_0.75_odd": 1.41,
                "away_under_1.25_odd": 1.08
            }
        ]
    }
]