[
    {
        "last_updated": "2025-07-24T20:45:27.272787+01:00"
    },
    {
        "tournament_id": 55427,
        "tournament_name": "League 1",
        "matches": [
            {
                "match_id": 639686371,
                "date": "25/07/2025",
                "time": "16:00",
                "home_team": "Nevėžis",
                "away_team": "Panevezys II",
                "1_odd": 1.591,
                "draw_odd": 4.33,
                "2_odd": 4.07,
                "1X_odd": 1.167,
                "12_odd": 1.143,
                "X2_odd": 2.15,
                "both_score_odd": 1.47,
                "both_noscore_odd": 2.599,
                "over_0.5_odd": 1.01,
                "over_1.5_odd": 1.08,
                "over_2.5_odd": 1.3,
                "over_3.0_odd": 1.6,
                "over_3.5_odd": 1.8,
                "over_4.0_odd": 2.65,
                "over_4.5_odd": 2.88,
                "over_5.5_odd": 5,
                "under_0.5_odd": 26,
                "under_1.5_odd": 6.5,
                "under_2.5_odd": 3.2,
                "under_3.0_odd": 2.2,
                "under_3.5_odd": 1.91,
                "under_4.0_odd": 1.42,
                "under_4.5_odd": 1.36,
                "under_5.5_odd": 1.14,
                "home_handicap_-2.5_odd": 4.3,
                "home_handicap_-2.0_odd": 3.6,
                "home_handicap_-1.5_odd": 2.42,
                "home_handicap_-1.0_odd": 1.93,
                "home_handicap_0.0_odd": 1.28,
                "away_handicap_2.5_odd": 1.18,
                "away_handicap_2.0_odd": 1.24,
                "away_handicap_1.5_odd": 1.5,
                "away_handicap_1.0_odd": 1.78,
                "away_handicap_0.0_odd": 3.4,
                "home_over_0.5_odd": 1.06,
                "home_over_1.5_odd": 1.44,
                "home_over_2.5_odd": 2.4,
                "home_under_0.5_odd": 7.4,
                "home_under_1.5_odd": 2.6,
                "home_under_2.5_odd": 1.51,
                "away_over_0.5_odd": 1.3,
                "away_over_1.5_odd": 2.4,
                "away_over_2.5_odd": 5.8,
                "away_under_0.5_odd": 3.2,
                "away_under_1.5_odd": 1.5,
                "away_under_2.5_odd": 1.1
            },
            {
                "match_id": 639755170,
                "date": "25/07/2025",
                "time": "16:00",
                "home_team": "VMFD Zalgiris Vilnius II",
                "away_team": "Babrungas",
                "1_odd": 3.04,
                "draw_odd": 3.5,
                "2_odd": 2.1,
                "1X_odd": 1.67,
                "12_odd": 1.26,
                "X2_odd": 1.34,
                "both_score_odd": 1.51,
                "both_noscore_odd": 2.423,
                "over_0.5_odd": 1.01,
                "over_1.5_odd": 1.14,
                "over_2.0_odd": 1.24,
                "over_2.5_odd": 1.53,
                "over_3.0_odd": 1.9,
                "over_3.5_odd": 2.38,
                "over_4.0_odd": 3.5,
                "over_4.5_odd": 4,
                "over_5.5_odd": 7.5,
                "under_0.5_odd": 17,
                "under_1.5_odd": 5,
                "under_2.0_odd": 3.6,
                "under_2.5_odd": 2.38,
                "under_3.0_odd": 1.81,
                "under_3.5_odd": 1.53,
                "under_4.0_odd": 1.26,
                "under_4.5_odd": 1.2,
                "under_5.5_odd": 1.06,
                "home_handicap_-1.5_odd": 5.5,
                "home_handicap_-1.0_odd": 4.7,
                "home_handicap_0.0_odd": 2.25,
                "home_handicap_1.0_odd": 1.36,
                "home_handicap_1.5_odd": 1.25,
                "away_handicap_1.5_odd": 1.11,
                "away_handicap_1.0_odd": 1.15,
                "away_handicap_0.0_odd": 1.57,
                "away_handicap_-1.0_odd": 2.9,
                "away_handicap_-1.5_odd": 3.5,
                "home_handicap_0.25_odd": 1.925,
                "away_handicap_-0.25_odd": 1.875,
                "home_over_0.5_odd": 1.25,
                "home_over_1.5_odd": 2.2,
                "home_over_2.5_odd": 5,
                "home_under_0.5_odd": 3.6,
                "home_under_1.5_odd": 1.6,
                "home_under_2.5_odd": 1.14,
                "away_over_0.5_odd": 1.15,
                "away_over_1.5_odd": 1.79,
                "away_over_2.5_odd": 3.5,
                "away_under_0.5_odd": 4.8,
                "away_under_1.5_odd": 1.9,
                "away_under_2.5_odd": 1.26
            },
            {
                "match_id": 639686374,
                "date": "26/07/2025",
                "time": "12:00",
                "home_team": "Tauras Tauragė",
                "away_team": "Siauliai II",
                "1_odd": 1.343,
                "draw_odd": 5,
                "2_odd": 6.24,
                "1X_odd": 1.083,
                "12_odd": 1.111,
                "X2_odd": 2.875,
                "both_score_odd": 1.6,
                "both_noscore_odd": 2.273,
                "over_0.5_odd": 1.01,
                "over_1.5_odd": 1.1,
                "over_2.5_odd": 1.33,
                "over_3.5_odd": 1.83,
                "over_4.5_odd": 3,
                "over_5.5_odd": 5,
                "under_0.5_odd": 26,
                "under_1.5_odd": 6,
                "under_2.5_odd": 3,
                "under_3.5_odd": 1.83,
                "under_4.5_odd": 1.33,
                "under_5.5_odd": 1.14,
                "home_handicap_-2.5_odd": 2.92,
                "home_handicap_-1.5_odd": 1.89,
                "home_handicap_0.0_odd": 1.14,
                "away_handicap_2.5_odd": 1.32,
                "away_handicap_1.5_odd": 1.81,
                "away_handicap_0.0_odd": 4.7,
                "home_handicap_-1.75_odd": 1.975,
                "away_handicap_1.75_odd": 1.825,
                "home_over_2.5_odd": 1.91,
                "home_under_2.5_odd": 1.79,
                "away_over_0.5_odd": 1.42,
                "away_under_0.5_odd": 2.52
            },
            {
                "match_id": 639686380,
                "date": "26/07/2025",
                "time": "16:00",
                "home_team": "BFA Vilnius",
                "away_team": "Jonava",
                "1_odd": 1.553,
                "draw_odd": 3.8,
                "2_odd": 5.09,
                "1X_odd": 1.111,
                "12_odd": 1.182,
                "X2_odd": 2.25,
                "both_score_odd": 1.91,
                "both_noscore_odd": 1.847,
                "over_0.5_odd": 1.02,
                "over_1.5_odd": 1.25,
                "over_2.5_odd": 1.83,
                "over_3.5_odd": 3.2,
                "under_0.5_odd": 11,
                "under_1.5_odd": 3.5,
                "under_2.5_odd": 1.83,
                "under_3.5_odd": 1.3,
                "home_handicap_-1.5_odd": 2.46,
                "home_handicap_-1.0_odd": 1.95,
                "home_handicap_0.0_odd": 1.222,
                "away_handicap_1.5_odd": 1.44,
                "away_handicap_1.0_odd": 1.85,
                "away_handicap_0.0_odd": 4,
                "home_over_1.5_odd": 1.71,
                "home_under_1.5_odd": 2.01,
                "away_over_0.5_odd": 1.62,
                "away_under_0.5_odd": 2.11
            },
            {
                "match_id": 639687236,
                "date": "27/07/2025",
                "time": "13:00",
                "home_team": "Atmosfera Mazeikiai",
                "away_team": "Hegelmann Litauen II",
                "1_odd": 2.22,
                "draw_odd": 3.6,
                "2_odd": 2.677,
                "1X_odd": 1.4,
                "12_odd": 1.222,
                "X2_odd": 1.55,
                "both_score_odd": 1.4,
                "both_noscore_odd": 2.851,
                "over_0.5_odd": 1.01,
                "over_1.5_odd": 1.12,
                "over_2.5_odd": 1.44,
                "over_3.5_odd": 2.2,
                "over_4.5_odd": 3.5,
                "over_5.5_odd": 6.5,
                "under_0.5_odd": 20,
                "under_1.5_odd": 5.5,
                "under_2.5_odd": 2.62,
                "under_3.5_odd": 1.62,
                "under_4.5_odd": 1.25,
                "under_5.5_odd": 1.08,
                "home_handicap_-1.5_odd": 3.7,
                "home_handicap_0.0_odd": 1.7,
                "away_handicap_1.5_odd": 1.22,
                "away_handicap_0.0_odd": 2.03,
                "home_handicap_-0.25_odd": 2,
                "away_handicap_0.25_odd": 1.8,
                "home_over_1.5_odd": 1.76,
                "home_under_1.5_odd": 1.95,
                "away_over_1.5_odd": 1.95,
                "away_under_1.5_odd": 1.76
            }
        ]
    },
    {
        "tournament_id": 33371,
        "tournament_name": "A Liga",
        "matches": [
            {
                "match_id": 639324901,
                "date": "27/07/2025",
                "time": "14:45",
                "home_team": "Suduva Marijampole",
                "away_team": "Dziugas Telsiai",
                "1_odd": 1.68,
                "draw_odd": 3.38,
                "2_odd": 4.83,
                "1X_odd": 1.113,
                "12_odd": 1.23,
                "X2_odd": 1.98,
                "both_score_odd": 2.09,
                "both_noscore_odd": 1.651,
                "over_0.5_odd": 1.02,
                "over_1.0_odd": 1.054,
                "over_1.5_odd": 1.36,
                "over_2.0_odd": 1.64,
                "over_2.5_odd": 2.24,
                "over_3.0_odd": 3.34,
                "over_3.5_odd": 4.2,
                "over_4.0_odd": 8,
                "over_4.5_odd": 8.9,
                "over_5.5_odd": 23,
                "over_6.5_odd": 21,
                "under_0.5_odd": 8,
                "under_1.0_odd": 6.4,
                "under_1.5_odd": 2.7,
                "under_2.0_odd": 2.02,
                "under_2.5_odd": 1.57,
                "under_3.0_odd": 1.24,
                "under_3.5_odd": 1.153,
                "under_4.0_odd": 1.02,
                "under_4.5_odd": 1.007,
                "under_5.5_odd": 1.015,
                "under_6.5_odd": 1.002,
                "over_0.75_odd": 1.035,
                "over_1.25_odd": 1.21,
                "over_1.75_odd": 1.47,
                "over_2.25_odd": 1.909,
                "over_2.75_odd": 2.59,
                "over_3.25_odd": 3.8,
                "over_3.75_odd": 5.4,
                "over_4.25_odd": 8.5,
                "under_0.75_odd": 7.2,
                "under_1.25_odd": 3.58,
                "under_1.75_odd": 2.35,
                "under_2.25_odd": 1.72,
                "under_2.75_odd": 1.39,
                "under_3.25_odd": 1.188,
                "under_3.75_odd": 1.087,
                "under_4.25_odd": 1.013,
                "home_handicap_-2.5_odd": 6.9,
                "home_handicap_-2.0_odd": 5.95,
                "home_handicap_-1.5_odd": 3.15,
                "home_handicap_-1.0_odd": 2.375,
                "home_handicap_0.0_odd": 1.24,
                "home_handicap_1.0_odd": 1.03,
                "home_handicap_1.5_odd": 1.01,
                "away_handicap_2.5_odd": 1.041,
                "away_handicap_2.0_odd": 1.074,
                "away_handicap_1.5_odd": 1.3,
                "away_handicap_1.0_odd": 1.52,
                "away_handicap_0.0_odd": 3.5,
                "away_handicap_-1.0_odd": 9.4,
                "away_handicap_-1.5_odd": 10.5,
                "home_handicap_-2.75_odd": 9.5,
                "home_handicap_-2.25_odd": 6.45,
                "home_handicap_-1.75_odd": 4.05,
                "home_handicap_-1.25_odd": 2.77,
                "home_handicap_-0.75_odd": 1.92,
                "home_handicap_-0.25_odd": 1.47,
                "home_handicap_0.25_odd": 1.172,
                "home_handicap_0.75_odd": 1.055,
                "away_handicap_2.75_odd": 1.001,
                "away_handicap_2.25_odd": 1.053,
                "away_handicap_1.75_odd": 1.183,
                "away_handicap_1.25_odd": 1.39,
                "away_handicap_0.75_odd": 1.79,
                "away_handicap_0.25_odd": 2.46,
                "away_handicap_-0.25_odd": 4.1,
                "away_handicap_-0.75_odd": 6.35,
                "home_over_0.5_odd": 1.2,
                "home_over_1.0_odd": 1.38,
                "home_over_1.5_odd": 2.02,
                "home_over_2.5_odd": 4.3,
                "home_over_3.5_odd": 10,
                "home_under_0.5_odd": 4,
                "home_under_1.0_odd": 2.8,
                "home_under_1.5_odd": 1.71,
                "home_under_2.5_odd": 1.18,
                "home_under_3.5_odd": 1.02,
                "home_over_1.25_odd": 1.69,
                "home_over_1.75_odd": 2.42,
                "home_under_1.25_odd": 2,
                "home_under_1.75_odd": 1.47,
                "away_over_0.5_odd": 1.72,
                "away_over_1.0_odd": 2.9,
                "away_over_1.5_odd": 4.3,
                "away_under_0.5_odd": 2,
                "away_under_1.0_odd": 1.36,
                "away_under_1.5_odd": 1.18,
                "away_over_0.75_odd": 2.04,
                "away_over_1.25_odd": 3.88,
                "away_under_0.75_odd": 1.66,
                "away_under_1.25_odd": 1.196
            },
            {
                "match_id": 639296189,
                "date": "28/07/2025",
                "time": "17:00",
                "home_team": "Siauliai",
                "away_team": "Zalgiris Kaunas",
                "1_odd": 5.71,
                "draw_odd": 3.8,
                "2_odd": 1.51,
                "both_score_odd": 1.95,
                "both_noscore_odd": 1.77,
                "over_0.5_odd": 1.02,
                "over_1.5_odd": 1.29,
                "over_2.5_odd": 1.91,
                "over_3.5_odd": 3.25,
                "over_4.5_odd": 6,
                "over_5.5_odd": 10.5,
                "under_0.5_odd": 11,
                "under_1.5_odd": 3.25,
                "under_2.5_odd": 1.8,
                "under_3.5_odd": 1.29,
                "under_4.5_odd": 1.1,
                "under_5.5_odd": 1.02,
                "home_handicap_0.0_odd": 3.8,
                "home_handicap_1.5_odd": 1.45,
                "away_handicap_0.0_odd": 1.21,
                "away_handicap_-1.5_odd": 2.43,
                "home_over_0.5_odd": 1.63,
                "home_under_0.5_odd": 2.09,
                "away_over_1.5_odd": 1.7,
                "away_under_1.5_odd": 2.03
            },
            {
                "match_id": 639296185,
                "date": "28/07/2025",
                "time": "17:30",
                "home_team": "Panevezys",
                "away_team": "Banga Gargzdai",
                "1_odd": 1.72,
                "draw_odd": 3.3,
                "2_odd": 4.595,
                "both_score_odd": 2,
                "both_noscore_odd": 1.739,
                "over_0.5_odd": 1.04,
                "over_1.5_odd": 1.36,
                "over_2.5_odd": 2.2,
                "over_3.5_odd": 4,
                "over_4.5_odd": 8,
                "over_5.5_odd": 12,
                "under_0.5_odd": 8.5,
                "under_1.5_odd": 2.88,
                "under_2.5_odd": 1.62,
                "under_3.5_odd": 1.2,
                "under_4.5_odd": 1.06,
                "under_5.5_odd": 1.02,
                "home_handicap_-1.5_odd": 2.97,
                "home_handicap_0.0_odd": 1.29,
                "away_handicap_1.5_odd": 1.31,
                "away_handicap_0.0_odd": 3.15,
                "home_over_1.5_odd": 2.01,
                "home_under_1.5_odd": 1.71,
                "away_over_0.5_odd": 1.65,
                "away_under_0.5_odd": 2.06
            },
            {
                "match_id": 639327259,
                "date": "28/07/2025",
                "time": "18:00",
                "home_team": "Hegelmann Litauen",
                "away_team": "Riteriai",
                "1_odd": 1.24,
                "draw_odd": 5.1,
                "2_odd": 10.3,
                "1X_odd": 1.02,
                "12_odd": 1.096,
                "X2_odd": 3.38,
                "both_score_odd": 1.97,
                "both_noscore_odd": 1.733,
                "over_0.5_odd": 1.019,
                "over_1.0_odd": 1.02,
                "over_1.5_odd": 1.131,
                "over_2.0_odd": 1.21,
                "over_2.5_odd": 1.53,
                "over_3.0_odd": 1.86,
                "over_3.5_odd": 2.39,
                "over_4.0_odd": 3.5,
                "over_4.5_odd": 4.2,
                "over_5.0_odd": 7.3,
                "over_5.5_odd": 8,
                "over_6.5_odd": 10.5,
                "over_7.5_odd": 17,
                "under_0.5_odd": 13.3,
                "under_1.0_odd": 9.6,
                "under_1.5_odd": 4.55,
                "under_2.0_odd": 3.58,
                "under_2.5_odd": 2.21,
                "under_3.0_odd": 1.76,
                "under_3.5_odd": 1.5,
                "under_4.0_odd": 1.22,
                "under_4.5_odd": 1.155,
                "under_5.0_odd": 1.033,
                "under_5.5_odd": 1.02,
                "under_6.5_odd": 1.025,
                "under_7.5_odd": 1.005,
                "over_1.75_odd": 1.162,
                "over_2.25_odd": 1.37,
                "over_2.75_odd": 1.66,
                "over_3.25_odd": 2.12,
                "over_3.75_odd": 2.74,
                "over_4.25_odd": 3.84,
                "over_4.75_odd": 5.25,
                "over_5.25_odd": 7.7,
                "under_1.75_odd": 4.1,
                "under_2.25_odd": 2.66,
                "under_2.75_odd": 1.99,
                "under_3.25_odd": 1.58,
                "under_3.75_odd": 1.35,
                "under_4.25_odd": 1.183,
                "under_4.75_odd": 1.094,
                "under_5.25_odd": 1.026,
                "home_handicap_-4.5_odd": 11.5,
                "home_handicap_-4.0_odd": 10.5,
                "home_handicap_-3.5_odd": 5.5,
                "home_handicap_-3.0_odd": 4.75,
                "home_handicap_-2.5_odd": 2.93,
                "home_handicap_-2.0_odd": 2.36,
                "home_handicap_-1.5_odd": 1.8,
                "home_handicap_-1.0_odd": 1.39,
                "home_handicap_0.0_odd": 1.022,
                "away_handicap_4.5_odd": 1.01,
                "away_handicap_4.0_odd": 1.02,
                "away_handicap_3.5_odd": 1.082,
                "away_handicap_3.0_odd": 1.117,
                "away_handicap_2.5_odd": 1.32,
                "away_handicap_2.0_odd": 1.51,
                "away_handicap_1.5_odd": 1.909,
                "away_handicap_1.0_odd": 2.72,
                "away_handicap_0.0_odd": 7.9,
                "home_handicap_-3.75_odd": 7.1,
                "home_handicap_-3.25_odd": 5.15,
                "home_handicap_-2.75_odd": 3.5,
                "home_handicap_-2.25_odd": 2.64,
                "home_handicap_-1.75_odd": 2.02,
                "home_handicap_-1.25_odd": 1.6,
                "home_handicap_-0.75_odd": 1.3,
                "home_handicap_-0.25_odd": 1.131,
                "away_handicap_3.75_odd": 1.036,
                "away_handicap_3.25_odd": 1.098,
                "away_handicap_2.75_odd": 1.22,
                "away_handicap_2.25_odd": 1.4,
                "away_handicap_1.75_odd": 1.71,
                "away_handicap_1.25_odd": 2.19,
                "away_handicap_0.75_odd": 3.1,
                "away_handicap_0.25_odd": 4.65,
                "home_over_0.5_odd": 1.071,
                "home_over_1.5_odd": 1.4,
                "home_over_2.5_odd": 2.2,
                "home_over_3.5_odd": 4,
                "home_over_4.5_odd": 7.5,
                "home_over_5.5_odd": 11,
                "home_over_6.5_odd": 17,
                "home_under_0.5_odd": 7.5,
                "home_under_1.5_odd": 2.75,
                "home_under_2.5_odd": 1.615,
                "home_under_3.5_odd": 1.222,
                "home_under_4.5_odd": 1.071,
                "home_under_5.5_odd": 1.02,
                "home_under_6.5_odd": 1.005,
                "home_over_2.25_odd": 1.85,
                "home_over_2.75_odd": 2.48,
                "home_under_2.25_odd": 1.81,
                "home_under_2.75_odd": 1.45,
                "away_over_0.5_odd": 1.833,
                "away_over_1.5_odd": 5,
                "away_over_2.5_odd": 11,
                "away_over_3.5_odd": 21,
                "away_under_0.5_odd": 1.833,
                "away_under_1.5_odd": 1.143,
                "away_under_2.5_odd": 1.02,
                "away_under_3.5_odd": 1.002,
                "away_over_0.75_odd": 2.27,
                "away_over_1.25_odd": 4.6,
                "away_under_0.75_odd": 1.533,
                "away_under_1.25_odd": 1.141
            }
        ]
    }
]