[
    {
        "last_updated": "2025-07-24T20:45:26.870389+01:00"
    },
    {
        "tournament_id": 177397,
        "tournament_name": "Mozambique Championship",
        "matches": [
            {
                "match_id": 639817584,
                "date": "25/07/2025",
                "time": "13:45",
                "home_team": "Costa do Sol",
                "away_team": "Chingale de Tete",
                "1_odd": 1.81,
                "draw_odd": 3.05,
                "2_odd": 4.59,
                "1X_odd": 1.128,
                "12_odd": 1.285,
                "X2_odd": 1.82,
                "both_score_odd": 2.03,
                "both_noscore_odd": 1.688,
                "over_1.0_odd": 1.092,
                "over_1.5_odd": 1.38,
                "over_2.0_odd": 1.66,
                "over_2.5_odd": 2.24,
                "over_3.0_odd": 3.2,
                "over_3.5_odd": 3.92,
                "over_4.0_odd": 6.9,
                "under_1.0_odd": 5.3,
                "under_1.5_odd": 2.625,
                "under_2.0_odd": 1.99,
                "under_2.5_odd": 1.57,
                "under_3.0_odd": 1.26,
                "under_3.5_odd": 1.176,
                "under_4.0_odd": 1.041,
                "over_1.25_odd": 1.24,
                "over_1.75_odd": 1.49,
                "over_2.25_odd": 1.92,
                "over_2.75_odd": 2.56,
                "over_3.25_odd": 3.58,
                "under_1.25_odd": 3.34,
                "under_1.75_odd": 2.3,
                "under_2.25_odd": 1.71,
                "under_2.75_odd": 1.4,
                "under_3.25_odd": 1.21,
                "home_handicap_-2.5_odd": 6.55,
                "home_handicap_-2.0_odd": 5.85,
                "home_handicap_-1.5_odd": 3.28,
                "home_handicap_-1.0_odd": 2.58,
                "home_handicap_0.0_odd": 1.285,
                "home_handicap_1.0_odd": 1.005,
                "away_handicap_2.5_odd": 1.049,
                "away_handicap_2.0_odd": 1.077,
                "away_handicap_1.5_odd": 1.28,
                "away_handicap_1.0_odd": 1.444,
                "away_handicap_0.0_odd": 3.18,
                "away_handicap_-1.0_odd": 9,
                "home_handicap_-1.75_odd": 4.15,
                "home_handicap_-1.25_odd": 2.94,
                "home_handicap_-0.75_odd": 2.06,
                "home_handicap_-0.25_odd": 1.55,
                "home_handicap_0.25_odd": 1.21,
                "away_handicap_1.75_odd": 1.175,
                "away_handicap_1.25_odd": 1.35,
                "away_handicap_0.75_odd": 1.68,
                "away_handicap_0.25_odd": 2.27,
                "away_handicap_-0.25_odd": 3.68,
                "home_over_0.5_odd": 1.22,
                "home_over_1.0_odd": 1.42,
                "home_over_1.5_odd": 2.09,
                "home_over_2.0_odd": 3.34,
                "home_under_0.5_odd": 3.65,
                "home_under_1.0_odd": 2.53,
                "home_under_1.5_odd": 1.63,
                "home_under_2.0_odd": 1.25,
                "away_over_0.5_odd": 1.65,
                "away_over_1.0_odd": 2.79,
                "away_over_1.5_odd": 4.15,
                "away_under_0.5_odd": 2.05,
                "away_under_1.0_odd": 1.36,
                "away_under_1.5_odd": 1.164
            }
        ]
    }
]