[
    {
        "last_updated": "2025-07-24T20:45:27.839098+01:00"
    },
    {
        "tournament_id": 54631,
        "tournament_name": "Women",
        "matches": [
            {
                "match_id": 639721497,
                "date": "25/07/2025",
                "time": "08:30",
                "home_team": "West Coast Rangers (Women)",
                "away_team": "Auckland United (Women)",
                "1_odd": 3.175,
                "draw_odd": 3.96,
                "2_odd": 1.88,
                "1X_odd": 1.76,
                "12_odd": 1.168,
                "X2_odd": 1.27,
                "over_1.5_odd": 1.07,
                "over_2.0_odd": 1.081,
                "over_2.5_odd": 1.3,
                "over_3.0_odd": 1.45,
                "over_3.5_odd": 1.85,
                "over_4.0_odd": 2.33,
                "over_4.5_odd": 2.83,
                "over_5.0_odd": 4.3,
                "over_5.5_odd": 6.5,
                "under_0.5_odd": 17,
                "under_1.5_odd": 7,
                "under_2.0_odd": 5.55,
                "under_2.5_odd": 2.97,
                "under_3.0_odd": 2.41,
                "under_3.5_odd": 1.85,
                "under_4.0_odd": 1.48,
                "under_4.5_odd": 1.33,
                "under_5.0_odd": 1.146,
                "under_5.5_odd": 1.08,
                "over_2.75_odd": 1.36,
                "over_3.25_odd": 1.63,
                "over_3.75_odd": 2,
                "over_4.25_odd": 2.59,
                "over_4.75_odd": 3.34,
                "under_2.75_odd": 2.7,
                "under_3.25_odd": 2.04,
                "under_3.75_odd": 1.65,
                "under_4.25_odd": 1.39,
                "under_4.75_odd": 1.24,
                "home_handicap_-1.5_odd": 5.95,
                "home_handicap_-1.0_odd": 5.3,
                "home_handicap_0.0_odd": 2.47,
                "home_handicap_1.0_odd": 1.44,
                "home_handicap_1.5_odd": 1.285,
                "home_handicap_2.0_odd": 1.103,
                "home_handicap_2.5_odd": 1.074,
                "away_handicap_1.5_odd": 1.067,
                "away_handicap_1.0_odd": 1.106,
                "away_handicap_0.0_odd": 1.48,
                "away_handicap_-1.0_odd": 2.51,
                "away_handicap_-1.5_odd": 3.06,
                "away_handicap_-2.0_odd": 5.05,
                "away_handicap_-2.5_odd": 5.75,
                "home_handicap_-0.75_odd": 3.84,
                "home_handicap_-0.25_odd": 2.77,
                "home_handicap_0.25_odd": 2.05,
                "home_handicap_0.75_odd": 1.63,
                "home_handicap_1.25_odd": 1.35,
                "away_handicap_0.75_odd": 1.21,
                "away_handicap_0.25_odd": 1.39,
                "away_handicap_-0.25_odd": 1.69,
                "away_handicap_-0.75_odd": 2.11,
                "away_handicap_-1.25_odd": 2.79,
                "home_over_1.0_odd": 1.32,
                "home_over_1.5_odd": 1.93,
                "home_over_2.0_odd": 3.04,
                "home_under_1.0_odd": 2.92,
                "home_under_1.5_odd": 1.74,
                "home_under_2.0_odd": 1.3,
                "away_over_1.5_odd": 1.49,
                "away_over_2.0_odd": 1.92,
                "away_over_2.5_odd": 2.56,
                "away_under_1.5_odd": 2.34,
                "away_under_2.0_odd": 1.75,
                "away_under_2.5_odd": 1.41
            }
        ]
    },
    {
        "tournament_id": 2881527,
        "tournament_name": "South League",
        "matches": [
            {
                "match_id": 639812334,
                "date": "26/07/2025",
                "time": "01:15",
                "home_team": "Dunedin City Royals",
                "away_team": "Coastal Spirit",
                "1_odd": 20,
                "draw_odd": 10.7,
                "2_odd": 1.033,
                "1X_odd": 7.1,
                "12_odd": 1.02,
                "X2_odd": 1.005,
                "both_score_odd": 1.92,
                "both_noscore_odd": 1.774,
                "over_1.5_odd": 1.03,
                "over_2.0_odd": 1.014,
                "over_2.5_odd": 1.154,
                "over_3.0_odd": 1.22,
                "over_3.5_odd": 1.48,
                "over_4.0_odd": 1.72,
                "over_4.5_odd": 2.13,
                "over_5.0_odd": 2.74,
                "over_5.5_odd": 3.28,
                "over_6.0_odd": 4.95,
                "over_6.5_odd": 5.5,
                "under_1.5_odd": 9,
                "under_2.0_odd": 8.4,
                "under_2.5_odd": 4.2,
                "under_3.0_odd": 3.5,
                "under_3.5_odd": 2.33,
                "under_4.0_odd": 1.909,
                "under_4.5_odd": 1.63,
                "under_5.0_odd": 1.35,
                "under_5.5_odd": 1.25,
                "under_6.0_odd": 1.106,
                "under_6.5_odd": 1.082,
                "over_2.75_odd": 1.182,
                "over_3.25_odd": 1.35,
                "over_3.75_odd": 1.58,
                "over_4.25_odd": 1.9,
                "over_4.75_odd": 2.35,
                "over_5.25_odd": 3.04,
                "over_5.75_odd": 3.9,
                "over_6.25_odd": 5.25,
                "under_2.75_odd": 3.85,
                "under_3.25_odd": 2.74,
                "under_3.75_odd": 2.12,
                "under_4.25_odd": 1.727,
                "under_4.75_odd": 1.47,
                "under_5.25_odd": 1.29,
                "under_5.75_odd": 1.178,
                "under_6.25_odd": 1.093,
                "home_handicap_0.0_odd": 10,
                "home_handicap_1.0_odd": 6.35,
                "home_handicap_1.5_odd": 3.42,
                "home_handicap_2.0_odd": 2.875,
                "home_handicap_2.5_odd": 2.1,
                "home_handicap_3.0_odd": 1.73,
                "home_handicap_3.5_odd": 1.49,
                "home_handicap_4.0_odd": 1.25,
                "home_handicap_4.5_odd": 1.182,
                "home_handicap_5.0_odd": 1.061,
                "home_handicap_5.5_odd": 1.046,
                "away_handicap_0.0_odd": 1.03,
                "away_handicap_-1.0_odd": 1.055,
                "away_handicap_-1.5_odd": 1.23,
                "away_handicap_-2.0_odd": 1.333,
                "away_handicap_-2.5_odd": 1.64,
                "away_handicap_-3.0_odd": 1.99,
                "away_handicap_-3.5_odd": 2.41,
                "away_handicap_-4.0_odd": 3.34,
                "away_handicap_-4.5_odd": 3.85,
                "away_handicap_-5.0_odd": 6.15,
                "away_handicap_-5.5_odd": 6.7,
                "home_handicap_1.25_odd": 4.35,
                "home_handicap_1.75_odd": 3.15,
                "home_handicap_2.25_odd": 2.375,
                "home_handicap_2.75_odd": 1.92,
                "home_handicap_3.25_odd": 1.59,
                "home_handicap_3.75_odd": 1.37,
                "home_handicap_4.25_odd": 1.21,
                "home_handicap_4.75_odd": 1.122,
                "away_handicap_-1.25_odd": 1.142,
                "away_handicap_-1.75_odd": 1.27,
                "away_handicap_-2.25_odd": 1.49,
                "away_handicap_-2.75_odd": 1.79,
                "away_handicap_-3.25_odd": 2.21,
                "away_handicap_-3.75_odd": 2.76,
                "away_handicap_-4.25_odd": 3.6,
                "away_handicap_-4.75_odd": 4.7,
                "home_over_0.5_odd": 1.87,
                "home_over_1.0_odd": 3.94,
                "home_over_1.5_odd": 5.6,
                "home_under_0.5_odd": 1.79,
                "home_under_1.0_odd": 1.191,
                "home_under_1.5_odd": 1.086,
                "home_over_0.75_odd": 2.375,
                "home_over_1.25_odd": 4.8,
                "home_under_0.75_odd": 1.49,
                "home_under_1.25_odd": 1.129,
                "away_over_2.5_odd": 1.32,
                "away_over_3.0_odd": 1.49,
                "away_over_3.5_odd": 1.86,
                "away_over_4.0_odd": 2.41,
                "away_under_2.5_odd": 2.875,
                "away_under_3.0_odd": 2.34,
                "away_under_3.5_odd": 1.8,
                "away_under_4.0_odd": 1.46,
                "away_over_3.25_odd": 1.69,
                "away_over_3.75_odd": 2.07,
                "away_under_3.25_odd": 2,
                "away_under_3.75_odd": 1.64
            }
        ]
    },
    {
        "tournament_id": 2881234,
        "tournament_name": "Central League",
        "matches": [
            {
                "match_id": 639799775,
                "date": "26/07/2025",
                "time": "04:00",
                "home_team": "Petone",
                "away_team": "Wellington Phoenix II",
                "1_odd": 4.79,
                "draw_odd": 3.75,
                "2_odd": 1.62,
                "1X_odd": 2.15,
                "12_odd": 1.2,
                "X2_odd": 1.125,
                "both_score_odd": 1.411,
                "both_noscore_odd": 2.787,
                "over_2.5_odd": 1.333,
                "over_3.5_odd": 1.8,
                "under_2.5_odd": 3.25,
                "under_3.5_odd": 2,
                "home_handicap_0.0_odd": 3.75,
                "home_handicap_1.0_odd": 1.875,
                "away_handicap_0.0_odd": 1.25,
                "away_handicap_-1.0_odd": 1.925
            }
        ]
    },
    {
        "tournament_id": 131217,
        "tournament_name": "New Zealand Cup",
        "matches": [
            {
                "match_id": 639812970,
                "date": "26/07/2025",
                "time": "03:00",
                "home_team": "Western Suburbs",
                "away_team": "Wellington Olympic",
                "1_odd": 3.78,
                "draw_odd": 3.72,
                "2_odd": 1.77,
                "1X_odd": 1.87,
                "12_odd": 1.191,
                "X2_odd": 1.191,
                "home_qualify_odd": 2.6,
                "away_qualify_odd": 1.41,
                "both_score_odd": 1.42,
                "both_noscore_odd": 2.624,
                "over_0.5_odd": 1.01,
                "over_1.0_odd": 1.03,
                "over_1.5_odd": 1.13,
                "over_2.0_odd": 1.141,
                "over_2.5_odd": 1.4,
                "over_3.0_odd": 1.615,
                "over_3.5_odd": 2.05,
                "over_4.0_odd": 2.7,
                "over_4.5_odd": 3.2,
                "over_5.0_odd": 5.05,
                "over_5.5_odd": 7,
                "under_0.5_odd": 13,
                "under_1.0_odd": 10,
                "under_1.5_odd": 5.1,
                "under_2.0_odd": 4.4,
                "under_2.5_odd": 2.56,
                "under_3.0_odd": 2.06,
                "under_3.5_odd": 1.68,
                "under_4.0_odd": 1.36,
                "under_4.5_odd": 1.26,
                "under_5.0_odd": 1.103,
                "under_5.5_odd": 1.07,
                "over_2.25_odd": 1.28,
                "over_2.75_odd": 1.49,
                "over_3.25_odd": 1.81,
                "over_3.75_odd": 2.26,
                "over_4.25_odd": 2.97,
                "over_4.75_odd": 4,
                "under_2.25_odd": 3.08,
                "under_2.75_odd": 2.3,
                "under_3.25_odd": 1.81,
                "under_3.75_odd": 1.51,
                "under_4.25_odd": 1.3,
                "under_4.75_odd": 1.21,
                "home_handicap_-1.5_odd": 7.1,
                "home_handicap_-1.0_odd": 6.4,
                "home_handicap_0.0_odd": 2.84,
                "home_handicap_1.0_odd": 1.55,
                "home_handicap_1.5_odd": 1.36,
                "home_handicap_2.0_odd": 1.146,
                "home_handicap_2.5_odd": 1.104,
                "home_handicap_3.5_odd": 1.02,
                "away_handicap_1.5_odd": 1.037,
                "away_handicap_1.0_odd": 1.054,
                "away_handicap_0.0_odd": 1.35,
                "away_handicap_-1.0_odd": 2.3,
                "away_handicap_-1.5_odd": 2.84,
                "away_handicap_-2.0_odd": 4.45,
                "away_handicap_-2.5_odd": 5,
                "away_handicap_-3.5_odd": 10,
                "home_handicap_-0.25_odd": 3.15,
                "home_handicap_0.25_odd": 2.25,
                "home_handicap_0.75_odd": 1.76,
                "home_handicap_1.25_odd": 1.44,
                "home_handicap_1.75_odd": 1.26,
                "home_handicap_2.25_odd": 1.15,
                "away_handicap_0.25_odd": 1.28,
                "away_handicap_-0.25_odd": 1.56,
                "away_handicap_-0.75_odd": 1.95,
                "away_handicap_-1.25_odd": 2.59,
                "away_handicap_-1.75_odd": 3.34,
                "away_handicap_-2.25_odd": 4.7,
                "home_over_0.5_odd": 1.26,
                "home_over_1.0_odd": 1.533,
                "home_over_1.5_odd": 2.27,
                "home_over_2.0_odd": 4.05,
                "home_under_0.5_odd": 3.34,
                "home_under_1.0_odd": 2.27,
                "home_under_1.5_odd": 1.52,
                "home_under_2.0_odd": 1.164,
                "away_over_0.5_odd": 1.077,
                "away_over_1.5_odd": 1.52,
                "away_over_2.0_odd": 1.952,
                "away_over_2.5_odd": 2.6,
                "away_under_0.5_odd": 6.05,
                "away_under_1.5_odd": 2.27,
                "away_under_2.0_odd": 1.72,
                "away_under_2.5_odd": 1.4
            },
            {
                "match_id": 639812967,
                "date": "26/07/2025",
                "time": "04:00",
                "home_team": "Christchurch United",
                "away_team": "Auckland United",
                "1_odd": 2.46,
                "draw_odd": 3.28,
                "2_odd": 2.51,
                "1X_odd": 1.41,
                "12_odd": 1.25,
                "X2_odd": 1.43,
                "home_qualify_odd": 1.82,
                "away_qualify_odd": 1.84,
                "both_score_odd": 1.42,
                "both_noscore_odd": 2.624,
                "over_0.5_odd": 1.03,
                "over_1.0_odd": 1.04,
                "over_1.5_odd": 1.13,
                "over_2.0_odd": 1.184,
                "over_2.5_odd": 1.49,
                "over_3.0_odd": 1.77,
                "over_3.5_odd": 2.24,
                "over_4.0_odd": 3.08,
                "over_4.5_odd": 3.74,
                "over_5.0_odd": 6.05,
                "over_5.5_odd": 8,
                "under_0.5_odd": 10,
                "under_1.0_odd": 8.5,
                "under_1.5_odd": 5.1,
                "under_2.0_odd": 3.84,
                "under_2.5_odd": 2.3,
                "under_3.0_odd": 1.85,
                "under_3.5_odd": 1.57,
                "under_4.0_odd": 1.28,
                "under_4.5_odd": 1.193,
                "under_5.0_odd": 1.063,
                "under_5.5_odd": 1.05,
                "over_1.75_odd": 1.16,
                "over_2.25_odd": 1.34,
                "over_2.75_odd": 1.6,
                "over_3.25_odd": 1.98,
                "over_3.75_odd": 2.52,
                "over_4.25_odd": 3.42,
                "under_1.75_odd": 4.5,
                "under_2.25_odd": 2.78,
                "under_2.75_odd": 2.08,
                "under_3.25_odd": 1.666,
                "under_3.75_odd": 1.41,
                "under_4.25_odd": 1.23,
                "home_handicap_-2.5_odd": 8.8,
                "home_handicap_-2.0_odd": 8.4,
                "home_handicap_-1.5_odd": 4.55,
                "home_handicap_-1.0_odd": 3.85,
                "home_handicap_0.0_odd": 1.84,
                "home_handicap_1.0_odd": 1.19,
                "home_handicap_1.5_odd": 1.124,
                "home_handicap_2.0_odd": 1.01,
                "home_handicap_2.5_odd": 1.03,
                "away_handicap_2.5_odd": 1.03,
                "away_handicap_2.0_odd": 1.014,
                "away_handicap_1.5_odd": 1.13,
                "away_handicap_1.0_odd": 1.2,
                "away_handicap_0.0_odd": 1.86,
                "away_handicap_-1.0_odd": 3.96,
                "away_handicap_-1.5_odd": 4.65,
                "away_handicap_-2.0_odd": 8.7,
                "away_handicap_-2.5_odd": 9,
                "home_handicap_-1.25_odd": 4.2,
                "home_handicap_-0.75_odd": 2.94,
                "home_handicap_-0.25_odd": 2.14,
                "home_handicap_0.25_odd": 1.6,
                "home_handicap_0.75_odd": 1.33,
                "home_handicap_1.25_odd": 1.19,
                "away_handicap_1.25_odd": 1.161,
                "away_handicap_0.75_odd": 1.34,
                "away_handicap_0.25_odd": 1.63,
                "away_handicap_-0.25_odd": 2.19,
                "away_handicap_-0.75_odd": 2.98,
                "away_handicap_-1.25_odd": 4.1,
                "home_over_0.5_odd": 1.162,
                "home_over_1.0_odd": 1.31,
                "home_over_1.5_odd": 1.909,
                "home_over_2.0_odd": 2.92,
                "home_under_0.5_odd": 4.3,
                "home_under_1.0_odd": 2.98,
                "home_under_1.5_odd": 1.76,
                "home_under_2.0_odd": 1.32,
                "away_over_0.5_odd": 1.168,
                "away_over_1.0_odd": 1.32,
                "away_over_1.5_odd": 1.93,
                "away_over_2.0_odd": 2.97,
                "away_under_0.5_odd": 4.25,
                "away_under_1.0_odd": 2.92,
                "away_under_1.5_odd": 1.74,
                "away_under_2.0_odd": 1.31
            },
            {
                "match_id": 639812964,
                "date": "26/07/2025",
                "time": "07:00",
                "home_team": "Fencibles United",
                "away_team": "Eastern Suburbs AFC",
                "1_odd": 9.55,
                "draw_odd": 5.15,
                "2_odd": 1.25,
                "1X_odd": 3.32,
                "12_odd": 1.093,
                "X2_odd": 1.022,
                "home_qualify_odd": 6,
                "away_qualify_odd": 1.079,
                "both_score_odd": 1.64,
                "both_noscore_odd": 2.104,
                "over_1.0_odd": 1.02,
                "over_1.5_odd": 1.1,
                "over_2.0_odd": 1.09,
                "over_2.5_odd": 1.33,
                "over_3.0_odd": 1.5,
                "over_3.5_odd": 1.89,
                "over_4.0_odd": 2.43,
                "over_4.5_odd": 2.97,
                "over_5.0_odd": 4.65,
                "over_5.5_odd": 5.5,
                "under_0.5_odd": 19,
                "under_1.0_odd": 11.5,
                "under_1.5_odd": 5.8,
                "under_2.0_odd": 5.3,
                "under_2.5_odd": 2.83,
                "under_3.0_odd": 2.28,
                "under_3.5_odd": 1.8,
                "under_4.0_odd": 1.44,
                "under_4.5_odd": 1.3,
                "under_5.0_odd": 1.123,
                "under_5.5_odd": 1.11,
                "over_2.25_odd": 1.26,
                "over_2.75_odd": 1.4,
                "over_3.25_odd": 1.68,
                "over_3.75_odd": 2.08,
                "over_4.25_odd": 2.7,
                "over_4.75_odd": 3.58,
                "under_2.25_odd": 3.5,
                "under_2.75_odd": 2.56,
                "under_3.25_odd": 1.96,
                "under_3.75_odd": 1.6,
                "under_4.25_odd": 1.36,
                "under_4.75_odd": 1.21,
                "home_handicap_0.0_odd": 7.7,
                "home_handicap_1.0_odd": 2.72,
                "home_handicap_1.5_odd": 1.97,
                "home_handicap_2.0_odd": 1.58,
                "home_handicap_2.5_odd": 1.38,
                "home_handicap_3.0_odd": 1.157,
                "home_handicap_3.5_odd": 1.112,
                "away_handicap_0.0_odd": 1.025,
                "away_handicap_-1.0_odd": 1.39,
                "away_handicap_-1.5_odd": 1.75,
                "away_handicap_-2.0_odd": 2.2,
                "away_handicap_-2.5_odd": 2.67,
                "away_handicap_-3.0_odd": 4.15,
                "away_handicap_-3.5_odd": 4.85,
                "home_handicap_0.25_odd": 4.55,
                "home_handicap_0.75_odd": 3.04,
                "home_handicap_1.25_odd": 2.25,
                "home_handicap_1.75_odd": 1.78,
                "home_handicap_2.25_odd": 1.46,
                "home_handicap_2.75_odd": 1.28,
                "away_handicap_-0.25_odd": 1.137,
                "away_handicap_-0.75_odd": 1.31,
                "away_handicap_-1.25_odd": 1.57,
                "away_handicap_-1.75_odd": 1.93,
                "away_handicap_-2.25_odd": 2.45,
                "away_handicap_-2.75_odd": 3.3,
                "home_over_0.5_odd": 1.5,
                "home_over_1.0_odd": 2.17,
                "home_over_1.5_odd": 3.3,
                "home_over_2.5_odd": 9.6,
                "home_under_0.5_odd": 2.4,
                "home_under_1.0_odd": 1.61,
                "home_under_1.5_odd": 1.29,
                "home_under_2.5_odd": 1.02,
                "away_over_0.5_odd": 1.01,
                "away_over_1.5_odd": 1.26,
                "away_over_2.5_odd": 1.9,
                "away_over_3.5_odd": 3.2,
                "away_under_0.5_odd": 10.5,
                "away_under_1.5_odd": 3.5,
                "away_under_2.5_odd": 1.8,
                "away_under_3.5_odd": 1.3
            }
        ]
    },
    {
        "tournament_id": 2881112,
        "tournament_name": "Northern League",
        "matches": [
            {
                "match_id": 639812331,
                "date": "26/07/2025",
                "time": "06:00",
                "home_team": "Western Springs",
                "away_team": "Auckland City",
                "1_odd": 2.21,
                "draw_odd": 3.5,
                "2_odd": 2.771,
                "1X_odd": 1.35,
                "12_odd": 1.22,
                "X2_odd": 1.533,
                "both_score_odd": 1.52,
                "both_noscore_odd": 2.342,
                "over_1.5_odd": 1.152,
                "over_2.0_odd": 1.25,
                "over_2.5_odd": 1.63,
                "over_3.0_odd": 2.02,
                "over_3.5_odd": 2.56,
                "over_4.0_odd": 3.98,
                "over_4.5_odd": 4.7,
                "over_5.0_odd": 8.6,
                "over_5.5_odd": 9.3,
                "under_1.5_odd": 4.2,
                "under_2.0_odd": 3.28,
                "under_2.5_odd": 2.13,
                "under_3.0_odd": 1.64,
                "under_3.5_odd": 1.4,
                "under_4.0_odd": 1.17,
                "under_4.5_odd": 1.12,
                "under_5.0_odd": 1.011,
                "under_5.5_odd": 1.002,
                "over_1.25_odd": 1.067,
                "over_1.75_odd": 1.19,
                "over_2.25_odd": 1.42,
                "over_2.75_odd": 1.76,
                "over_3.25_odd": 2.28,
                "over_3.75_odd": 3.05,
                "over_4.25_odd": 4.35,
                "over_4.75_odd": 5.95,
                "under_1.25_odd": 5.95,
                "under_1.75_odd": 3.78,
                "under_2.25_odd": 2.49,
                "under_2.75_odd": 1.86,
                "under_3.25_odd": 1.5,
                "under_3.75_odd": 1.285,
                "under_4.25_odd": 1.142,
                "under_4.75_odd": 1.066,
                "home_handicap_-2.5_odd": 9.3,
                "home_handicap_-2.0_odd": 8.4,
                "home_handicap_-1.5_odd": 4.25,
                "home_handicap_-1.0_odd": 3.42,
                "home_handicap_0.0_odd": 1.68,
                "home_handicap_1.0_odd": 1.13,
                "home_handicap_1.5_odd": 1.077,
                "home_handicap_2.5_odd": 1.01,
                "away_handicap_2.5_odd": 1.002,
                "away_handicap_2.0_odd": 1.014,
                "away_handicap_1.5_odd": 1.15,
                "away_handicap_1.0_odd": 1.25,
                "away_handicap_0.0_odd": 2.06,
                "away_handicap_-1.0_odd": 4.8,
                "away_handicap_-1.5_odd": 5.65,
                "away_handicap_-2.5_odd": 11,
                "home_handicap_-1.75_odd": 5.5,
                "home_handicap_-1.25_odd": 3.85,
                "home_handicap_-0.75_odd": 2.61,
                "home_handicap_-0.25_odd": 1.94,
                "home_handicap_0.25_odd": 1.51,
                "home_handicap_0.75_odd": 1.27,
                "home_handicap_1.25_odd": 1.101,
                "home_handicap_1.75_odd": 1.027,
                "away_handicap_1.75_odd": 1.082,
                "away_handicap_1.25_odd": 1.191,
                "away_handicap_0.75_odd": 1.42,
                "away_handicap_0.25_odd": 1.77,
                "away_handicap_-0.25_odd": 2.39,
                "away_handicap_-0.75_odd": 3.34,
                "away_handicap_-1.25_odd": 5.25,
                "away_handicap_-1.75_odd": 7.6,
                "home_over_0.5_odd": 1.161,
                "home_over_1.0_odd": 1.32,
                "home_over_1.5_odd": 1.95,
                "home_over_2.0_odd": 3.14,
                "home_over_2.5_odd": 4.15,
                "home_under_0.5_odd": 4.3,
                "home_under_1.0_odd": 2.92,
                "home_under_1.5_odd": 1.727,
                "home_under_2.0_odd": 1.28,
                "home_under_2.5_odd": 1.159,
                "home_over_1.25_odd": 1.64,
                "home_over_1.75_odd": 2.32,
                "home_under_1.25_odd": 2.07,
                "home_under_1.75_odd": 1.51,
                "away_over_0.5_odd": 1.23,
                "away_over_1.0_odd": 1.47,
                "away_over_1.5_odd": 2.23,
                "away_over_2.0_odd": 4.05,
                "away_over_2.5_odd": 5.15,
                "away_under_0.5_odd": 3.56,
                "away_under_1.0_odd": 2.39,
                "away_under_1.5_odd": 1.55,
                "away_under_2.0_odd": 1.174,
                "away_under_2.5_odd": 1.097,
                "away_over_1.25_odd": 1.85,
                "away_over_1.75_odd": 2.75,
                "away_under_1.25_odd": 1.81,
                "away_under_1.75_odd": 1.37
            }
        ]
    }
]