[
    {
        "last_updated": "2025-07-24T20:45:28.989084+01:00"
    },
    {
        "tournament_id": 2135347,
        "tournament_name": "Primera Division. Statistics Round",
        "matches": [
            {
                "match_id": 639515440,
                "date": "25/07/2025",
                "time": "21:00",
                "home_team": "Home",
                "away_team": "Away",
                "1_odd": 1.21,
                "draw_odd": 14,
                "2_odd": 5.67,
                "1X_odd": 1.1,
                "X2_odd": 4,
                "over_20.5_odd": 1.33,
                "over_21.5_odd": 1.47,
                "over_22.5_odd": 1.65,
                "over_23.5_odd": 1.9,
                "over_24.5_odd": 2.2,
                "over_25.5_odd": 2.65,
                "over_26.5_odd": 3.2,
                "under_20.5_odd": 3,
                "under_21.5_odd": 2.5,
                "under_22.5_odd": 2.1,
                "under_23.5_odd": 1.8,
                "under_24.5_odd": 1.6,
                "under_25.5_odd": 1.43,
                "under_26.5_odd": 1.3,
                "home_handicap_-7.5_odd": 3.2,
                "home_handicap_-6.5_odd": 2.65,
                "home_handicap_-5.5_odd": 2.2,
                "home_handicap_-4.5_odd": 1.87,
                "home_handicap_-3.5_odd": 1.63,
                "home_handicap_-2.5_odd": 1.46,
                "home_handicap_-1.5_odd": 1.33,
                "away_handicap_7.5_odd": 1.3,
                "away_handicap_6.5_odd": 1.43,
                "away_handicap_5.5_odd": 1.6,
                "away_handicap_4.5_odd": 1.83,
                "away_handicap_3.5_odd": 2.13,
                "away_handicap_2.5_odd": 2.52,
                "away_handicap_1.5_odd": 3,
                "home_over_12.5_odd": 1.5,
                "home_over_13.5_odd": 1.8,
                "home_over_14.5_odd": 2.23,
                "home_under_12.5_odd": 2.4,
                "home_under_13.5_odd": 1.9,
                "home_under_14.5_odd": 1.58,
                "away_over_8.5_odd": 1.55,
                "away_over_9.5_odd": 1.93,
                "away_over_10.5_odd": 2.45,
                "away_under_8.5_odd": 2.3,
                "away_under_9.5_odd": 1.77,
                "away_under_10.5_odd": 1.48
            }
        ]
    },
    {
        "tournament_id": 120503,
        "tournament_name": "Primera Division",
        "matches": [
            {
                "match_id": 638933093,
                "date": "25/07/2025",
                "time": "21:00",
                "home_team": "Sport Huancayo",
                "away_team": "Juan Pablo II",
                "1_odd": 1.441,
                "draw_odd": 4.495,
                "2_odd": 7.95,
                "1X_odd": 1.075,
                "12_odd": 1.212,
                "X2_odd": 2.831,
                "both_score_odd": 2.03,
                "both_noscore_odd": 1.717,
                "over_0.5_odd": 1.003,
                "over_1.0_odd": 1.005,
                "over_1.5_odd": 1.22,
                "over_2.0_odd": 1.36,
                "over_2.5_odd": 1.865,
                "over_3.0_odd": 2.35,
                "over_3.5_odd": 2.93,
                "over_4.0_odd": 4.85,
                "over_4.5_odd": 5.65,
                "over_5.0_odd": 8.7,
                "over_5.5_odd": 11,
                "over_6.5_odd": 26,
                "over_7.5_odd": 50,
                "under_0.5_odd": 10.4,
                "under_1.0_odd": 9,
                "under_1.5_odd": 3.52,
                "under_2.0_odd": 2.8,
                "under_2.5_odd": 1.978,
                "under_3.0_odd": 1.5,
                "under_3.5_odd": 1.31,
                "under_4.0_odd": 1.112,
                "under_4.5_odd": 1.078,
                "under_5.0_odd": 1.03,
                "under_5.5_odd": 1.01,
                "under_6.5_odd": 1.01,
                "under_7.5_odd": 1.002,
                "over_1.25_odd": 1.108,
                "over_1.75_odd": 1.28,
                "over_2.25_odd": 1.58,
                "over_2.75_odd": 2,
                "over_3.25_odd": 2.64,
                "over_3.75_odd": 3.58,
                "over_4.25_odd": 5.25,
                "over_4.75_odd": 7.2,
                "under_1.25_odd": 4.95,
                "under_1.75_odd": 3.15,
                "under_2.25_odd": 2.21,
                "under_2.75_odd": 1.71,
                "under_3.25_odd": 1.39,
                "under_3.75_odd": 1.21,
                "under_4.25_odd": 1.093,
                "under_4.75_odd": 1.034,
                "home_handicap_-3.5_odd": 8.2,
                "home_handicap_-3.0_odd": 7.3,
                "home_handicap_-2.5_odd": 3.94,
                "home_handicap_-2.0_odd": 3.14,
                "home_handicap_-1.5_odd": 2.252,
                "home_handicap_-1.0_odd": 1.67,
                "home_handicap_0.0_odd": 1.077,
                "away_handicap_3.5_odd": 1.017,
                "away_handicap_3.0_odd": 1.032,
                "away_handicap_2.5_odd": 1.175,
                "away_handicap_2.0_odd": 1.27,
                "away_handicap_1.5_odd": 1.673,
                "away_handicap_1.0_odd": 2.14,
                "away_handicap_0.0_odd": 5.75,
                "home_handicap_-3.25_odd": 7.8,
                "home_handicap_-2.75_odd": 5,
                "home_handicap_-2.25_odd": 3.5,
                "home_handicap_-1.75_odd": 2.49,
                "home_handicap_-1.25_odd": 1.9,
                "home_handicap_-0.75_odd": 1.48,
                "home_handicap_-0.25_odd": 1.23,
                "home_handicap_0.25_odd": 1.07,
                "away_handicap_3.25_odd": 1.024,
                "away_handicap_2.75_odd": 1.104,
                "away_handicap_2.25_odd": 1.22,
                "away_handicap_1.75_odd": 1.43,
                "away_handicap_1.25_odd": 1.78,
                "away_handicap_0.75_odd": 2.42,
                "away_handicap_0.25_odd": 3.54,
                "away_handicap_-0.25_odd": 5.9,
                "home_over_0.5_odd": 1.111,
                "home_over_1.5_odd": 1.571,
                "home_over_2.5_odd": 2.75,
                "home_over_3.5_odd": 6,
                "home_over_4.5_odd": 15,
                "home_over_5.5_odd": 29,
                "home_under_0.5_odd": 6.5,
                "home_under_1.5_odd": 2.25,
                "home_under_2.5_odd": 1.4,
                "home_under_3.5_odd": 1.125,
                "home_under_4.5_odd": 1.03,
                "home_under_5.5_odd": 1.007,
                "home_over_1.25_odd": 1.34,
                "home_over_1.75_odd": 1.74,
                "home_over_2.25_odd": 2.39,
                "home_over_2.75_odd": 3.34,
                "home_under_1.25_odd": 2.88,
                "home_under_1.75_odd": 1.98,
                "home_under_2.25_odd": 1.51,
                "home_under_2.75_odd": 1.26,
                "away_over_0.5_odd": 1.8,
                "away_over_1.5_odd": 5,
                "away_over_2.5_odd": 19,
                "away_over_3.5_odd": 50,
                "away_under_0.5_odd": 1.909,
                "away_under_1.5_odd": 1.167,
                "away_under_2.5_odd": 1.02,
                "away_under_3.5_odd": 1.002,
                "away_over_0.75_odd": 2.23,
                "away_over_1.25_odd": 4.5,
                "away_over_1.75_odd": 7.7,
                "away_under_0.75_odd": 1.58,
                "away_under_1.25_odd": 1.164,
                "away_under_1.75_odd": 1.038
            },
            {
                "match_id": 639442588,
                "date": "26/07/2025",
                "time": "00:00",
                "home_team": "EM Deportivo Binacional",
                "away_team": "Universidad Tecnica de Cajamarca",
                "1_odd": 2.085,
                "draw_odd": 3.535,
                "2_odd": 3.575,
                "1X_odd": 1.303,
                "12_odd": 1.308,
                "X2_odd": 1.762,
                "both_score_odd": 1.8,
                "both_noscore_odd": 1.923,
                "over_0.5_odd": 1.02,
                "over_1.0_odd": 1.02,
                "over_1.5_odd": 1.27,
                "over_2.0_odd": 1.47,
                "over_2.5_odd": 2.039,
                "over_3.0_odd": 2.79,
                "over_3.5_odd": 3.44,
                "over_4.0_odd": 6.15,
                "over_4.5_odd": 6.95,
                "over_5.0_odd": 10.5,
                "over_5.5_odd": 13.5,
                "over_6.5_odd": 29,
                "under_0.5_odd": 8.5,
                "under_1.0_odd": 8,
                "under_1.5_odd": 3.15,
                "under_2.0_odd": 2.43,
                "under_2.5_odd": 1.814,
                "under_3.0_odd": 1.363,
                "under_3.5_odd": 1.23,
                "under_4.0_odd": 1.061,
                "under_4.5_odd": 1.04,
                "under_5.0_odd": 1.01,
                "under_5.5_odd": 1.03,
                "under_6.5_odd": 1.007,
                "over_0.75_odd": 1.008,
                "over_1.25_odd": 1.144,
                "over_1.75_odd": 1.35,
                "over_2.25_odd": 1.727,
                "over_2.75_odd": 2.25,
                "over_3.25_odd": 3.125,
                "over_3.75_odd": 4.33,
                "over_4.25_odd": 6.55,
                "under_0.75_odd": 8.8,
                "under_1.25_odd": 4.33,
                "under_1.75_odd": 2.8,
                "under_2.25_odd": 1.97,
                "under_2.75_odd": 1.56,
                "under_3.25_odd": 1.285,
                "under_3.75_odd": 1.144,
                "under_4.25_odd": 1.049,
                "home_handicap_-2.5_odd": 8.7,
                "home_handicap_-2.0_odd": 7.7,
                "home_handicap_-1.5_odd": 3.85,
                "home_handicap_-1.0_odd": 2.95,
                "home_handicap_0.0_odd": 1.49,
                "home_handicap_1.0_odd": 1.045,
                "home_handicap_1.5_odd": 1.02,
                "away_handicap_2.5_odd": 1.009,
                "away_handicap_2.0_odd": 1.025,
                "away_handicap_1.5_odd": 1.182,
                "away_handicap_1.0_odd": 1.31,
                "away_handicap_0.0_odd": 2.53,
                "away_handicap_-1.0_odd": 6.9,
                "away_handicap_-1.5_odd": 8,
                "home_handicap_-2.25_odd": 8.3,
                "home_handicap_-1.75_odd": 5,
                "home_handicap_-1.25_odd": 3.42,
                "home_handicap_-0.75_odd": 2.31,
                "home_handicap_-0.25_odd": 1.72,
                "home_handicap_0.25_odd": 1.34,
                "home_handicap_0.75_odd": 1.154,
                "home_handicap_1.25_odd": 1.03,
                "away_handicap_2.25_odd": 1.016,
                "away_handicap_1.75_odd": 1.104,
                "away_handicap_1.25_odd": 1.23,
                "away_handicap_0.75_odd": 1.51,
                "away_handicap_0.25_odd": 1.97,
                "away_handicap_-0.25_odd": 2.91,
                "away_handicap_-0.75_odd": 4.35,
                "away_handicap_-1.25_odd": 7.4,
                "home_over_0.5_odd": 1.21,
                "home_over_1.0_odd": 1.39,
                "home_over_1.5_odd": 2.04,
                "home_over_2.5_odd": 4.5,
                "home_over_3.5_odd": 11,
                "home_under_0.5_odd": 4,
                "home_under_1.0_odd": 2.75,
                "home_under_1.5_odd": 1.69,
                "home_under_2.5_odd": 1.17,
                "home_under_3.5_odd": 1.01,
                "home_over_0.75_odd": 1.27,
                "home_over_1.25_odd": 1.77,
                "home_over_1.75_odd": 2.57,
                "home_over_2.25_odd": 4.15,
                "home_under_0.75_odd": 3.28,
                "home_under_1.25_odd": 1.94,
                "home_under_1.75_odd": 1.444,
                "home_under_2.25_odd": 1.173,
                "away_over_0.5_odd": 1.45,
                "away_over_1.0_odd": 2,
                "away_over_1.5_odd": 3,
                "away_over_2.0_odd": 6.9,
                "away_over_2.5_odd": 8.7,
                "away_under_0.5_odd": 2.55,
                "away_under_1.0_odd": 1.73,
                "away_under_1.5_odd": 1.34,
                "away_under_2.0_odd": 1.07,
                "away_under_2.5_odd": 1.04,
                "away_over_0.75_odd": 1.6,
                "away_over_1.25_odd": 2.57,
                "away_over_1.75_odd": 4.15,
                "away_under_0.75_odd": 2.19,
                "away_under_1.25_odd": 1.444,
                "away_under_1.75_odd": 1.173
            },
            {
                "match_id": 638901216,
                "date": "26/07/2025",
                "time": "19:00",
                "home_team": "Alianza Universidad",
                "away_team": "Ayacucho",
                "1_odd": 1.89,
                "draw_odd": 3.575,
                "2_odd": 4.29,
                "1X_odd": 1.228,
                "12_odd": 1.303,
                "X2_odd": 1.93,
                "both_score_odd": 1.84,
                "both_noscore_odd": 1.881,
                "over_0.5_odd": 1.01,
                "over_1.0_odd": 1.031,
                "over_1.5_odd": 1.28,
                "over_2.0_odd": 1.47,
                "over_2.5_odd": 2.022,
                "over_3.0_odd": 2.68,
                "over_3.5_odd": 3.28,
                "over_4.0_odd": 5.7,
                "over_4.5_odd": 6.4,
                "over_5.0_odd": 10.5,
                "over_5.5_odd": 13.5,
                "over_6.5_odd": 29,
                "under_0.5_odd": 8.7,
                "under_1.0_odd": 7.4,
                "under_1.5_odd": 3.1,
                "under_2.0_odd": 2.43,
                "under_2.5_odd": 1.828,
                "under_3.0_odd": 1.39,
                "under_3.5_odd": 1.25,
                "under_4.0_odd": 1.075,
                "under_4.5_odd": 1.053,
                "under_5.0_odd": 1.02,
                "under_5.5_odd": 1.03,
                "under_6.5_odd": 1.007,
                "over_0.75_odd": 1.019,
                "over_1.25_odd": 1.151,
                "over_1.75_odd": 1.35,
                "over_2.25_odd": 1.71,
                "over_2.75_odd": 2.23,
                "over_3.25_odd": 2.99,
                "over_3.75_odd": 4.15,
                "over_4.25_odd": 6.05,
                "under_0.75_odd": 8.1,
                "under_1.25_odd": 4.25,
                "under_1.75_odd": 2.8,
                "under_2.25_odd": 2,
                "under_2.75_odd": 1.57,
                "under_3.25_odd": 1.31,
                "under_3.75_odd": 1.159,
                "under_4.25_odd": 1.063,
                "home_handicap_-2.5_odd": 6.7,
                "home_handicap_-2.0_odd": 5.85,
                "home_handicap_-1.5_odd": 3.24,
                "home_handicap_-1.0_odd": 2.59,
                "home_handicap_0.0_odd": 1.32,
                "home_handicap_1.0_odd": 1.016,
                "home_handicap_1.5_odd": 1.003,
                "away_handicap_2.5_odd": 1.046,
                "away_handicap_2.0_odd": 1.07,
                "away_handicap_1.5_odd": 1.27,
                "away_handicap_1.0_odd": 1.47,
                "away_handicap_0.0_odd": 2.9,
                "away_handicap_-1.0_odd": 8.3,
                "away_handicap_-1.5_odd": 9.2,
                "home_handicap_-2.75_odd": 8.7,
                "home_handicap_-2.25_odd": 6.25,
                "home_handicap_-1.75_odd": 4.1,
                "home_handicap_-1.25_odd": 2.91,
                "home_handicap_-0.75_odd": 2.04,
                "home_handicap_-0.25_odd": 1.55,
                "home_handicap_0.25_odd": 1.24,
                "home_handicap_0.75_odd": 1.099,
                "away_handicap_2.75_odd": 1.009,
                "away_handicap_2.25_odd": 1.057,
                "away_handicap_1.75_odd": 1.168,
                "away_handicap_1.25_odd": 1.34,
                "away_handicap_0.75_odd": 1.67,
                "away_handicap_0.25_odd": 2.22,
                "away_handicap_-0.25_odd": 3.34,
                "away_handicap_-0.75_odd": 5.1,
                "home_over_0.5_odd": 1.174,
                "home_over_1.0_odd": 1.33,
                "home_over_1.5_odd": 1.95,
                "home_over_2.0_odd": 3.04,
                "home_over_2.5_odd": 3.94,
                "home_over_3.0_odd": 7.9,
                "home_under_0.5_odd": 4.35,
                "home_under_1.0_odd": 2.98,
                "home_under_1.5_odd": 1.76,
                "home_under_2.0_odd": 1.32,
                "home_under_2.5_odd": 1.182,
                "home_under_3.0_odd": 1.021,
                "home_over_0.75_odd": 1.222,
                "home_over_1.25_odd": 1.65,
                "home_over_1.75_odd": 2.29,
                "home_over_2.25_odd": 3.48,
                "home_under_0.75_odd": 3.64,
                "home_under_1.25_odd": 2.11,
                "home_under_1.75_odd": 1.55,
                "home_under_2.25_odd": 1.24,
                "away_over_0.5_odd": 1.5,
                "away_over_1.0_odd": 2.29,
                "away_over_1.5_odd": 3.48,
                "away_over_2.0_odd": 8.3,
                "away_over_2.5_odd": 9.5,
                "away_under_0.5_odd": 2.41,
                "away_under_1.0_odd": 1.55,
                "away_under_1.5_odd": 1.25,
                "away_under_2.0_odd": 1.022,
                "away_under_2.5_odd": 1.006,
                "away_over_0.75_odd": 1.74,
                "away_over_1.25_odd": 2.89,
                "away_over_1.75_odd": 4.75,
                "away_under_0.75_odd": 1.98,
                "away_under_1.25_odd": 1.36,
                "away_under_1.75_odd": 1.134
            },
            {
                "match_id": 638901213,
                "date": "26/07/2025",
                "time": "21:15",
                "home_team": "Atletico Grau",
                "away_team": "ADT Tarma",
                "1_odd": 1.718,
                "draw_odd": 3.76,
                "2_odd": 5.16,
                "1X_odd": 1.172,
                "12_odd": 1.28,
                "X2_odd": 2.151,
                "both_score_odd": 1.9,
                "both_noscore_odd": 1.82,
                "over_0.5_odd": 1.009,
                "over_1.0_odd": 1.029,
                "over_1.5_odd": 1.27,
                "over_2.0_odd": 1.46,
                "over_2.5_odd": 2.011,
                "over_3.0_odd": 2.65,
                "over_3.5_odd": 3.28,
                "over_4.0_odd": 5.6,
                "over_4.5_odd": 6.35,
                "over_5.0_odd": 9.9,
                "over_5.5_odd": 12.5,
                "over_6.5_odd": 29,
                "under_0.5_odd": 8.7,
                "under_1.0_odd": 7.5,
                "under_1.5_odd": 3.15,
                "under_2.0_odd": 2.46,
                "under_2.5_odd": 1.837,
                "under_3.0_odd": 1.4,
                "under_3.5_odd": 1.25,
                "under_4.0_odd": 1.079,
                "under_4.5_odd": 1.055,
                "under_5.0_odd": 1.02,
                "under_5.5_odd": 1.03,
                "under_6.5_odd": 1.007,
                "over_0.75_odd": 1.018,
                "over_1.25_odd": 1.148,
                "over_1.75_odd": 1.35,
                "over_2.25_odd": 1.7,
                "over_2.75_odd": 2.19,
                "over_3.25_odd": 2.99,
                "over_3.75_odd": 4.05,
                "over_4.25_odd": 5.95,
                "under_0.75_odd": 8.1,
                "under_1.25_odd": 4.3,
                "under_1.75_odd": 2.8,
                "under_2.25_odd": 2.01,
                "under_2.75_odd": 1.59,
                "under_3.25_odd": 1.31,
                "under_3.75_odd": 1.164,
                "under_4.25_odd": 1.066,
                "home_handicap_-3.5_odd": 10.5,
                "home_handicap_-3.0_odd": 9.7,
                "home_handicap_-2.5_odd": 5.65,
                "home_handicap_-2.0_odd": 4.8,
                "home_handicap_-1.5_odd": 2.82,
                "home_handicap_-1.0_odd": 2.21,
                "home_handicap_0.0_odd": 1.22,
                "home_handicap_1.0_odd": 1.02,
                "home_handicap_1.5_odd": 1.01,
                "away_handicap_3.5_odd": 1.01,
                "away_handicap_3.0_odd": 1.02,
                "away_handicap_2.5_odd": 1.078,
                "away_handicap_2.0_odd": 1.115,
                "away_handicap_1.5_odd": 1.35,
                "away_handicap_1.0_odd": 1.63,
                "away_handicap_0.0_odd": 3.54,
                "away_handicap_-1.0_odd": 10,
                "away_handicap_-1.5_odd": 11,
                "home_handicap_-2.75_odd": 7.3,
                "home_handicap_-2.25_odd": 5.2,
                "home_handicap_-1.75_odd": 3.46,
                "home_handicap_-1.25_odd": 2.5,
                "home_handicap_-0.75_odd": 1.82,
                "home_handicap_-0.25_odd": 1.43,
                "home_handicap_0.25_odd": 1.162,
                "home_handicap_0.75_odd": 1.059,
                "away_handicap_2.75_odd": 1.032,
                "away_handicap_2.25_odd": 1.095,
                "away_handicap_1.75_odd": 1.23,
                "away_handicap_1.25_odd": 1.45,
                "away_handicap_0.75_odd": 1.85,
                "away_handicap_0.25_odd": 2.52,
                "away_handicap_-0.25_odd": 4.1,
                "away_handicap_-0.75_odd": 6.2,
                "home_over_0.5_odd": 1.145,
                "home_over_1.0_odd": 1.26,
                "home_over_1.5_odd": 1.83,
                "home_over_2.0_odd": 2.68,
                "home_over_2.5_odd": 3.5,
                "home_over_3.0_odd": 6.75,
                "home_under_0.5_odd": 4.8,
                "home_under_1.0_odd": 3.4,
                "home_under_1.5_odd": 1.87,
                "home_under_2.0_odd": 1.4,
                "home_under_2.5_odd": 1.23,
                "home_under_3.0_odd": 1.044,
                "home_over_0.75_odd": 1.181,
                "home_over_1.25_odd": 1.55,
                "home_over_1.75_odd": 2.11,
                "home_over_2.25_odd": 3.08,
                "home_under_0.75_odd": 4.05,
                "home_under_1.25_odd": 2.29,
                "home_under_1.75_odd": 1.65,
                "home_under_2.25_odd": 1.3,
                "away_over_0.5_odd": 1.6,
                "away_over_1.0_odd": 2.65,
                "away_over_1.5_odd": 4.05,
                "away_over_2.0_odd": 10.2,
                "away_under_0.5_odd": 2.19,
                "away_under_1.0_odd": 1.42,
                "away_under_1.5_odd": 1.192,
                "away_under_2.0_odd": 1.004,
                "away_over_0.75_odd": 1.88,
                "away_over_1.25_odd": 3.34,
                "away_over_1.75_odd": 5.55,
                "away_under_0.75_odd": 1.82,
                "away_under_1.25_odd": 1.28,
                "away_under_1.75_odd": 1.096
            },
            {
                "match_id": 638932587,
                "date": "26/07/2025",
                "time": "21:30",
                "home_team": "Sport Boys",
                "away_team": "Sporting Cristal",
                "1_odd": 4.425,
                "draw_odd": 4,
                "2_odd": 1.767,
                "1X_odd": 2.078,
                "12_odd": 1.254,
                "X2_odd": 1.218,
                "both_score_odd": 1.66,
                "both_noscore_odd": 2.116,
                "over_0.5_odd": 1.01,
                "over_1.0_odd": 1.04,
                "over_1.5_odd": 1.175,
                "over_2.0_odd": 1.29,
                "over_2.5_odd": 1.733,
                "over_3.0_odd": 2.12,
                "over_3.5_odd": 2.63,
                "over_4.0_odd": 4.15,
                "over_4.5_odd": 4.8,
                "over_5.0_odd": 8.5,
                "over_5.5_odd": 9.1,
                "over_6.5_odd": 21,
                "over_7.5_odd": 41,
                "under_0.5_odd": 11.5,
                "under_1.0_odd": 8.5,
                "under_1.5_odd": 3.94,
                "under_2.0_odd": 3.15,
                "under_2.5_odd": 2.151,
                "under_3.0_odd": 1.615,
                "under_3.5_odd": 1.38,
                "under_4.0_odd": 1.158,
                "under_4.5_odd": 1.114,
                "under_5.0_odd": 1.012,
                "under_5.5_odd": 1.004,
                "under_6.5_odd": 1.015,
                "under_7.5_odd": 1.004,
                "over_1.25_odd": 1.084,
                "over_1.75_odd": 1.23,
                "over_2.25_odd": 1.48,
                "over_2.75_odd": 1.85,
                "over_3.25_odd": 2.375,
                "over_3.75_odd": 3.14,
                "over_4.25_odd": 4.5,
                "over_4.75_odd": 6.05,
                "under_1.25_odd": 5.45,
                "under_1.75_odd": 3.5,
                "under_2.25_odd": 2.44,
                "under_2.75_odd": 1.85,
                "under_3.25_odd": 1.48,
                "under_3.75_odd": 1.27,
                "under_4.25_odd": 1.134,
                "under_4.75_odd": 1.063,
                "home_handicap_-1.5_odd": 9,
                "home_handicap_-1.0_odd": 8.2,
                "home_handicap_0.0_odd": 3.24,
                "home_handicap_1.0_odd": 1.54,
                "home_handicap_1.5_odd": 1.33,
                "home_handicap_2.0_odd": 1.115,
                "home_handicap_2.5_odd": 1.08,
                "home_handicap_3.0_odd": 1.02,
                "home_handicap_3.5_odd": 1.01,
                "away_handicap_1.5_odd": 1.005,
                "away_handicap_1.0_odd": 1.02,
                "away_handicap_0.0_odd": 1.32,
                "away_handicap_-1.0_odd": 2.21,
                "away_handicap_-1.5_odd": 2.83,
                "away_handicap_-2.0_odd": 4.8,
                "away_handicap_-2.5_odd": 5.55,
                "away_handicap_-3.0_odd": 10,
                "away_handicap_-3.5_odd": 11,
                "home_handicap_-1.25_odd": 8.6,
                "home_handicap_-0.75_odd": 5.3,
                "home_handicap_-0.25_odd": 3.62,
                "home_handicap_0.25_odd": 2.39,
                "home_handicap_0.75_odd": 1.79,
                "home_handicap_1.25_odd": 1.41,
                "home_handicap_1.75_odd": 1.222,
                "home_handicap_2.25_odd": 1.096,
                "away_handicap_1.25_odd": 1.011,
                "away_handicap_0.75_odd": 1.103,
                "away_handicap_0.25_odd": 1.23,
                "away_handicap_-0.25_odd": 1.49,
                "away_handicap_-0.75_odd": 1.86,
                "away_handicap_-1.25_odd": 2.52,
                "away_handicap_-1.75_odd": 3.48,
                "away_handicap_-2.25_odd": 5.2,
                "home_over_0.5_odd": 1.42,
                "home_over_1.0_odd": 1.99,
                "home_over_1.5_odd": 3.04,
                "home_over_2.0_odd": 6.65,
                "home_over_2.5_odd": 7.9,
                "home_under_0.5_odd": 2.65,
                "home_under_1.0_odd": 1.727,
                "home_under_1.5_odd": 1.32,
                "home_under_2.0_odd": 1.053,
                "home_under_2.5_odd": 1.022,
                "home_over_0.75_odd": 1.6,
                "home_over_1.25_odd": 2.52,
                "home_over_1.75_odd": 4.05,
                "home_under_0.75_odd": 2.19,
                "home_under_1.25_odd": 1.46,
                "home_under_1.75_odd": 1.184,
                "away_over_0.5_odd": 1.115,
                "away_over_1.0_odd": 1.2,
                "away_over_1.5_odd": 1.7,
                "away_over_2.0_odd": 2.375,
                "away_over_2.5_odd": 3.14,
                "away_over_3.0_odd": 5.85,
                "away_under_0.5_odd": 5.4,
                "away_under_1.0_odd": 3.94,
                "away_under_1.5_odd": 2.03,
                "away_under_2.0_odd": 1.5,
                "away_under_2.5_odd": 1.28,
                "away_under_3.0_odd": 1.07,
                "away_over_0.75_odd": 1.14,
                "away_over_1.25_odd": 1.46,
                "away_over_1.75_odd": 1.93,
                "away_over_2.25_odd": 2.78,
                "away_under_0.75_odd": 4.65,
                "away_under_1.25_odd": 2.52,
                "away_under_1.75_odd": 1.78,
                "away_under_2.25_odd": 1.363
            },
            {
                "match_id": 638690041,
                "date": "27/07/2025",
                "time": "00:30",
                "home_team": "Club Cienciano Cusco",
                "away_team": "Club Universitario de Deportes",
                "1_odd": 3.17,
                "draw_odd": 3.17,
                "2_odd": 2.434,
                "1X_odd": 1.572,
                "12_odd": 1.367,
                "X2_odd": 1.367,
                "both_score_odd": 2.08,
                "both_noscore_odd": 1.683,
                "over_0.5_odd": 1.032,
                "over_1.0_odd": 1.078,
                "over_1.5_odd": 1.44,
                "over_2.0_odd": 1.83,
                "over_2.5_odd": 2.603,
                "over_3.0_odd": 4.2,
                "over_3.5_odd": 5.05,
                "over_4.0_odd": 8.3,
                "over_4.5_odd": 10.5,
                "over_5.5_odd": 20,
                "over_6.5_odd": 50,
                "under_0.5_odd": 7.3,
                "under_1.0_odd": 5.65,
                "under_1.5_odd": 2.44,
                "under_2.0_odd": 1.833,
                "under_2.5_odd": 1.521,
                "under_3.0_odd": 1.173,
                "under_3.5_odd": 1.103,
                "under_4.0_odd": 1.04,
                "under_4.5_odd": 1.01,
                "under_5.5_odd": 1.01,
                "under_6.5_odd": 1.002,
                "over_0.75_odd": 1.051,
                "over_1.25_odd": 1.26,
                "over_1.75_odd": 1.58,
                "over_2.25_odd": 2.17,
                "over_2.75_odd": 3.04,
                "over_3.25_odd": 4.65,
                "over_3.75_odd": 6.75,
                "under_0.75_odd": 6.5,
                "under_1.25_odd": 3.22,
                "under_1.75_odd": 2.15,
                "under_2.25_odd": 1.6,
                "under_2.75_odd": 1.32,
                "under_3.25_odd": 1.134,
                "under_3.75_odd": 1.045,
                "home_handicap_-1.5_odd": 7.9,
                "home_handicap_-1.0_odd": 6.45,
                "home_handicap_0.0_odd": 2.209,
                "home_handicap_1.0_odd": 1.161,
                "home_handicap_1.5_odd": 1.09,
                "home_handicap_2.0_odd": 1.02,
                "home_handicap_2.5_odd": 1.01,
                "away_handicap_1.5_odd": 1.022,
                "away_handicap_1.0_odd": 1.056,
                "away_handicap_0.0_odd": 1.698,
                "away_handicap_-1.0_odd": 4.15,
                "away_handicap_-1.5_odd": 5.3,
                "away_handicap_-2.0_odd": 10,
                "away_handicap_-2.5_odd": 11.5,
                "home_handicap_-1.25_odd": 7.1,
                "home_handicap_-0.75_odd": 3.94,
                "home_handicap_-0.25_odd": 2.56,
                "home_handicap_0.25_odd": 1.727,
                "home_handicap_0.75_odd": 1.35,
                "home_handicap_1.25_odd": 1.118,
                "home_handicap_1.75_odd": 1.03,
                "away_handicap_1.25_odd": 1.036,
                "away_handicap_0.75_odd": 1.188,
                "away_handicap_0.25_odd": 1.43,
                "away_handicap_-0.25_odd": 1.96,
                "away_handicap_-0.75_odd": 2.82,
                "away_handicap_-1.25_odd": 4.75,
                "away_handicap_-1.75_odd": 7.4,
                "home_over_0.5_odd": 1.49,
                "home_over_1.0_odd": 2.16,
                "home_over_1.5_odd": 3.3,
                "home_over_2.0_odd": 7.8,
                "home_over_2.5_odd": 9.6,
                "home_under_0.5_odd": 2.44,
                "home_under_1.0_odd": 1.62,
                "home_under_1.5_odd": 1.29,
                "home_under_2.0_odd": 1.05,
                "home_under_2.5_odd": 1.02,
                "home_over_0.75_odd": 1.7,
                "home_over_1.25_odd": 2.875,
                "home_over_1.75_odd": 4.8,
                "home_over_2.25_odd": 8.7,
                "home_under_0.75_odd": 2.03,
                "home_under_1.25_odd": 1.363,
                "home_under_1.75_odd": 1.129,
                "home_under_2.25_odd": 1.03,
                "away_over_0.5_odd": 1.37,
                "away_over_1.0_odd": 1.79,
                "away_over_1.5_odd": 2.7,
                "away_over_2.0_odd": 5.6,
                "away_over_2.5_odd": 7.1,
                "away_under_0.5_odd": 2.85,
                "away_under_1.0_odd": 1.92,
                "away_under_1.5_odd": 1.4,
                "away_under_2.0_odd": 1.11,
                "away_under_2.5_odd": 1.06,
                "away_over_0.75_odd": 1.49,
                "away_over_1.25_odd": 2.29,
                "away_over_1.75_odd": 3.65,
                "away_over_2.25_odd": 6.3,
                "away_under_0.75_odd": 2.44,
                "away_under_1.25_odd": 1.55,
                "away_under_1.75_odd": 1.22,
                "away_under_2.25_odd": 1.08
            },
            {
                "match_id": 638932584,
                "date": "27/07/2025",
                "time": "19:00",
                "home_team": "Melgar",
                "away_team": "Cusco",
                "1_odd": 1.646,
                "draw_odd": 3.905,
                "2_odd": 5.62,
                "1X_odd": 1.15,
                "12_odd": 1.264,
                "X2_odd": 2.275,
                "both_score_odd": 1.85,
                "both_noscore_odd": 1.871,
                "over_0.5_odd": 1.009,
                "over_1.0_odd": 1.009,
                "over_1.5_odd": 1.222,
                "over_2.0_odd": 1.38,
                "over_2.5_odd": 1.895,
                "over_3.0_odd": 2.43,
                "over_3.5_odd": 3.04,
                "over_4.0_odd": 5.1,
                "over_4.5_odd": 5.85,
                "over_5.0_odd": 9.2,
                "over_5.5_odd": 11.5,
                "over_6.5_odd": 26,
                "over_7.5_odd": 50,
                "under_0.5_odd": 9.85,
                "under_1.0_odd": 8.7,
                "under_1.5_odd": 3.5,
                "under_2.0_odd": 2.72,
                "under_2.5_odd": 1.945,
                "under_3.0_odd": 1.47,
                "under_3.5_odd": 1.29,
                "under_4.0_odd": 1.1,
                "under_4.5_odd": 1.07,
                "under_5.0_odd": 1.03,
                "under_5.5_odd": 1.01,
                "under_6.5_odd": 1.01,
                "under_7.5_odd": 1.002,
                "over_1.25_odd": 1.116,
                "over_1.75_odd": 1.29,
                "over_2.25_odd": 1.61,
                "over_2.75_odd": 2.05,
                "over_3.25_odd": 2.74,
                "over_3.75_odd": 3.72,
                "over_4.25_odd": 5.45,
                "over_4.75_odd": 7.6,
                "under_1.25_odd": 4.8,
                "under_1.75_odd": 3.1,
                "under_2.25_odd": 2.15,
                "under_2.75_odd": 1.67,
                "under_3.25_odd": 1.363,
                "under_3.75_odd": 1.195,
                "under_4.25_odd": 1.084,
                "under_4.75_odd": 1.027,
                "home_handicap_-3.5_odd": 10.5,
                "home_handicap_-3.0_odd": 9.7,
                "home_handicap_-2.5_odd": 5.2,
                "home_handicap_-2.0_odd": 4.4,
                "home_handicap_-1.5_odd": 2.62,
                "home_handicap_-1.0_odd": 2.06,
                "home_handicap_0.0_odd": 1.179,
                "home_handicap_1.0_odd": 1.03,
                "home_handicap_1.5_odd": 1.01,
                "away_handicap_3.5_odd": 1.01,
                "away_handicap_3.0_odd": 1.02,
                "away_handicap_2.5_odd": 1.095,
                "away_handicap_2.0_odd": 1.141,
                "away_handicap_1.5_odd": 1.4,
                "away_handicap_1.0_odd": 1.72,
                "away_handicap_0.0_odd": 3.94,
                "away_handicap_-1.0_odd": 9.5,
                "away_handicap_-1.5_odd": 10.5,
                "home_handicap_-2.75_odd": 6.8,
                "home_handicap_-2.25_odd": 4.8,
                "home_handicap_-1.75_odd": 3.18,
                "home_handicap_-1.25_odd": 2.34,
                "home_handicap_-0.75_odd": 1.74,
                "home_handicap_-0.25_odd": 1.38,
                "home_handicap_0.25_odd": 1.135,
                "home_handicap_0.75_odd": 1.04,
                "away_handicap_2.75_odd": 1.043,
                "away_handicap_2.25_odd": 1.116,
                "away_handicap_1.75_odd": 1.27,
                "away_handicap_1.25_odd": 1.51,
                "away_handicap_0.75_odd": 1.94,
                "away_handicap_0.25_odd": 2.69,
                "away_handicap_-0.25_odd": 4.45,
                "away_handicap_-0.75_odd": 6.95,
                "home_over_0.5_odd": 1.13,
                "home_over_1.5_odd": 1.71,
                "home_over_2.5_odd": 3.3,
                "home_over_3.5_odd": 7.3,
                "home_under_0.5_odd": 5.2,
                "home_under_1.5_odd": 2,
                "home_under_2.5_odd": 1.29,
                "home_under_3.5_odd": 1.06,
                "home_over_0.75_odd": 1.141,
                "home_over_1.25_odd": 1.47,
                "home_over_1.75_odd": 1.95,
                "home_over_2.25_odd": 2.79,
                "home_under_0.75_odd": 4.6,
                "home_under_1.25_odd": 2.49,
                "home_under_1.75_odd": 1.76,
                "home_under_2.25_odd": 1.36,
                "away_over_0.5_odd": 1.55,
                "away_over_1.0_odd": 2.32,
                "away_over_1.5_odd": 3.5,
                "away_over_2.0_odd": 8.8,
                "away_over_2.5_odd": 11,
                "away_under_0.5_odd": 2.3,
                "away_under_1.0_odd": 1.54,
                "away_under_1.5_odd": 1.26,
                "away_under_2.0_odd": 1.03,
                "away_under_2.5_odd": 1.01,
                "away_over_0.75_odd": 1.87,
                "away_over_1.25_odd": 3.34,
                "away_over_1.75_odd": 5.65,
                "away_under_0.75_odd": 1.83,
                "away_under_1.25_odd": 1.28,
                "away_under_1.75_odd": 1.092
            },
            {
                "match_id": 638932581,
                "date": "27/07/2025",
                "time": "21:15",
                "home_team": "Club Comerciantes Unidos",
                "away_team": "Deportivo Garcilaso",
                "1_odd": 3.02,
                "draw_odd": 3.35,
                "2_odd": 2.425,
                "1X_odd": 1.575,
                "12_odd": 1.336,
                "X2_odd": 1.396,
                "both_score_odd": 1.81,
                "both_noscore_odd": 1.912,
                "over_0.5_odd": 1.023,
                "over_1.0_odd": 1.025,
                "over_1.5_odd": 1.29,
                "over_2.0_odd": 1.53,
                "over_2.5_odd": 2.133,
                "over_3.0_odd": 2.99,
                "over_3.5_odd": 3.74,
                "over_4.0_odd": 7,
                "over_4.5_odd": 8,
                "over_5.5_odd": 15.5,
                "over_6.5_odd": 34,
                "under_0.5_odd": 7.85,
                "under_1.0_odd": 7.7,
                "under_1.5_odd": 3.04,
                "under_2.0_odd": 2.28,
                "under_2.5_odd": 1.745,
                "under_3.0_odd": 1.32,
                "under_3.5_odd": 1.195,
                "under_4.0_odd": 1.039,
                "under_4.5_odd": 1.02,
                "under_5.5_odd": 1.025,
                "under_6.5_odd": 1.005,
                "over_0.75_odd": 1.011,
                "over_1.25_odd": 1.157,
                "over_1.75_odd": 1.39,
                "over_2.25_odd": 1.8,
                "over_2.75_odd": 2.38,
                "over_3.25_odd": 3.35,
                "over_3.75_odd": 4.8,
                "over_4.25_odd": 7.5,
                "under_0.75_odd": 8.6,
                "under_1.25_odd": 4.15,
                "under_1.75_odd": 2.64,
                "under_2.25_odd": 1.89,
                "under_2.75_odd": 1.5,
                "under_3.25_odd": 1.25,
                "under_3.75_odd": 1.116,
                "under_4.25_odd": 1.029,
                "home_handicap_-1.5_odd": 6.8,
                "home_handicap_-1.0_odd": 5.6,
                "home_handicap_0.0_odd": 2.158,
                "home_handicap_1.0_odd": 1.181,
                "home_handicap_1.5_odd": 1.107,
                "home_handicap_2.0_odd": 1.03,
                "home_handicap_2.5_odd": 1.02,
                "away_handicap_1.5_odd": 1.043,
                "away_handicap_1.0_odd": 1.083,
                "away_handicap_0.0_odd": 1.729,
                "away_handicap_-1.0_odd": 3.92,
                "away_handicap_-1.5_odd": 4.95,
                "away_handicap_-2.0_odd": 9.1,
                "away_handicap_-2.5_odd": 10,
                "home_handicap_-1.25_odd": 6.2,
                "home_handicap_-0.75_odd": 3.62,
                "home_handicap_-0.25_odd": 2.44,
                "home_handicap_0.25_odd": 1.72,
                "home_handicap_0.75_odd": 1.36,
                "home_handicap_1.25_odd": 1.137,
                "home_handicap_1.75_odd": 1.045,
                "away_handicap_1.25_odd": 1.059,
                "away_handicap_0.75_odd": 1.22,
                "away_handicap_0.25_odd": 1.47,
                "away_handicap_-0.25_odd": 1.97,
                "away_handicap_-0.75_odd": 2.77,
                "away_handicap_-1.25_odd": 4.45,
                "away_handicap_-1.75_odd": 6.75,
                "home_over_0.5_odd": 1.39,
                "home_over_1.0_odd": 1.83,
                "home_over_1.5_odd": 2.75,
                "home_over_2.0_odd": 5.9,
                "home_over_2.5_odd": 7.5,
                "home_under_0.5_odd": 2.75,
                "home_under_1.0_odd": 1.87,
                "home_under_1.5_odd": 1.39,
                "home_under_2.0_odd": 1.1,
                "home_under_2.5_odd": 1.06,
                "home_over_0.75_odd": 1.51,
                "home_over_1.25_odd": 2.34,
                "home_over_1.75_odd": 3.74,
                "home_under_0.75_odd": 2.39,
                "home_under_1.25_odd": 1.53,
                "home_under_1.75_odd": 1.21,
                "away_over_0.5_odd": 1.3,
                "away_over_1.0_odd": 1.6,
                "away_over_1.5_odd": 2.4,
                "away_over_2.5_odd": 5.9,
                "away_under_0.5_odd": 3.2,
                "away_under_1.0_odd": 2.18,
                "away_under_1.5_odd": 1.5,
                "away_under_2.5_odd": 1.1,
                "away_over_0.75_odd": 1.37,
                "away_over_1.25_odd": 2,
                "away_over_1.75_odd": 3.04,
                "away_over_2.75_odd": 8.5,
                "away_under_0.75_odd": 2.84,
                "away_under_1.25_odd": 1.72,
                "away_under_1.75_odd": 1.31,
                "away_under_2.75_odd": 1.013
            },
            {
                "match_id": 638932578,
                "date": "28/07/2025",
                "time": "00:00",
                "home_team": "Alianza Lima",
                "away_team": "Alianza Atletico Sullana",
                "1_odd": 1.41,
                "draw_odd": 4.445,
                "2_odd": 9.25,
                "1X_odd": 1.056,
                "12_odd": 1.216,
                "X2_odd": 2.959,
                "both_score_odd": 2.44,
                "both_noscore_odd": 1.503,
                "over_0.5_odd": 1.017,
                "over_1.0_odd": 1.042,
                "over_1.5_odd": 1.32,
                "over_2.0_odd": 1.55,
                "over_2.5_odd": 2.133,
                "over_3.0_odd": 2.94,
                "over_3.5_odd": 3.6,
                "over_4.0_odd": 6.4,
                "over_4.5_odd": 7.2,
                "over_5.5_odd": 15.5,
                "over_6.5_odd": 41,
                "under_0.5_odd": 8.2,
                "under_1.0_odd": 6.85,
                "under_1.5_odd": 2.88,
                "under_2.0_odd": 2.24,
                "under_2.5_odd": 1.745,
                "under_3.0_odd": 1.33,
                "under_3.5_odd": 1.21,
                "under_4.0_odd": 1.053,
                "under_4.5_odd": 1.035,
                "under_5.5_odd": 1.02,
                "under_6.5_odd": 1.004,
                "over_0.75_odd": 1.028,
                "over_1.25_odd": 1.177,
                "over_1.75_odd": 1.41,
                "over_2.25_odd": 1.81,
                "over_2.75_odd": 2.38,
                "over_3.25_odd": 3.28,
                "over_3.75_odd": 4.55,
                "over_4.25_odd": 6.8,
                "under_0.75_odd": 7.5,
                "under_1.25_odd": 3.9,
                "under_1.75_odd": 2.57,
                "under_2.25_odd": 1.88,
                "under_2.75_odd": 1.5,
                "under_3.25_odd": 1.26,
                "under_3.75_odd": 1.129,
                "under_4.25_odd": 1.043,
                "home_handicap_-3.5_odd": 8.3,
                "home_handicap_-3.0_odd": 7.5,
                "home_handicap_-2.5_odd": 4,
                "home_handicap_-2.0_odd": 3.22,
                "home_handicap_-1.5_odd": 2.252,
                "home_handicap_-1.0_odd": 1.64,
                "home_handicap_0.0_odd": 1.058,
                "away_handicap_3.5_odd": 1.016,
                "away_handicap_3.0_odd": 1.029,
                "away_handicap_2.5_odd": 1.169,
                "away_handicap_2.0_odd": 1.26,
                "away_handicap_1.5_odd": 1.673,
                "away_handicap_1.0_odd": 2.19,
                "away_handicap_0.0_odd": 6.4,
                "home_handicap_-3.25_odd": 7.9,
                "home_handicap_-2.75_odd": 5.1,
                "home_handicap_-2.25_odd": 3.58,
                "home_handicap_-1.75_odd": 2.52,
                "home_handicap_-1.25_odd": 1.87,
                "home_handicap_-0.75_odd": 1.444,
                "home_handicap_-0.25_odd": 1.21,
                "home_handicap_0.25_odd": 1.049,
                "away_handicap_3.25_odd": 1.022,
                "away_handicap_2.75_odd": 1.099,
                "away_handicap_2.25_odd": 1.21,
                "away_handicap_1.75_odd": 1.42,
                "away_handicap_1.25_odd": 1.8,
                "away_handicap_0.75_odd": 2.52,
                "away_handicap_0.25_odd": 3.72,
                "away_handicap_-0.25_odd": 6.6,
                "home_over_0.5_odd": 1.1,
                "home_over_1.0_odd": 1.2,
                "home_over_1.5_odd": 1.7,
                "home_over_2.0_odd": 2.2,
                "home_over_2.5_odd": 2.8,
                "home_over_3.0_odd": 5.2,
                "home_over_3.5_odd": 6.2,
                "home_under_0.5_odd": 5.9,
                "home_under_1.0_odd": 4,
                "home_under_1.5_odd": 2.02,
                "home_under_2.0_odd": 1.6,
                "home_under_2.5_odd": 1.38,
                "home_under_3.0_odd": 1.12,
                "home_under_3.5_odd": 1.09,
                "home_over_0.75_odd": 1.128,
                "home_over_1.25_odd": 1.43,
                "home_over_1.75_odd": 1.87,
                "home_over_2.25_odd": 2.64,
                "home_under_0.75_odd": 4.85,
                "home_under_1.25_odd": 2.62,
                "home_under_1.75_odd": 1.83,
                "home_under_2.25_odd": 1.4,
                "away_over_0.5_odd": 2.15,
                "away_over_1.0_odd": 5,
                "away_over_1.5_odd": 6.9,
                "away_under_0.5_odd": 1.62,
                "away_under_1.0_odd": 1.13,
                "away_under_1.5_odd": 1.07,
                "away_over_0.75_odd": 2.76,
                "away_over_1.25_odd": 6.3,
                "away_over_1.75_odd": 10.2,
                "away_under_0.75_odd": 1.39,
                "away_under_1.25_odd": 1.084,
                "away_under_1.75_odd": 1.004
            }
        ]
    }
]