[
    {
        "last_updated": "2025-07-24T20:45:05.174706+01:00"
    },
    {
        "tournament_id": 219553,
        "tournament_name": "Portugal Super Cup",
        "matches": [
            {
                "match_id": 632215008,
                "date": "31/07/2025",
                "time": "20:45",
                "home_team": "Sporting Clube de Portugal",
                "away_team": "Benfica",
                "1_odd": 2.52,
                "draw_odd": 3.36,
                "2_odd": 2.77,
                "1X_odd": 1.444,
                "12_odd": 1.33,
                "X2_odd": 1.53,
                "both_score_odd": 1.69,
                "both_noscore_odd": 2.066,
                "over_0.5_odd": 1.012,
                "over_1.0_odd": 1.029,
                "over_1.5_odd": 1.26,
                "over_2.0_odd": 1.43,
                "over_2.5_odd": 1.92,
                "over_3.0_odd": 2.51,
                "over_3.5_odd": 3.08,
                "over_4.0_odd": 5.05,
                "over_4.5_odd": 5.7,
                "under_0.5_odd": 8.5,
                "under_1.0_odd": 7.5,
                "under_1.5_odd": 3.32,
                "under_2.0_odd": 2.61,
                "under_2.5_odd": 1.88,
                "under_3.0_odd": 1.46,
                "under_3.5_odd": 1.3,
                "under_4.0_odd": 1.103,
                "under_4.5_odd": 1.076,
                "over_0.75_odd": 1.019,
                "over_1.25_odd": 1.143,
                "over_1.75_odd": 1.33,
                "over_2.25_odd": 1.66,
                "over_2.75_odd": 2.13,
                "over_3.25_odd": 2.83,
                "over_3.75_odd": 3.78,
                "over_4.25_odd": 5.35,
                "under_0.75_odd": 8.1,
                "under_1.25_odd": 4.45,
                "under_1.75_odd": 2.97,
                "under_2.25_odd": 2.11,
                "under_2.75_odd": 1.65,
                "under_3.25_odd": 1.36,
                "under_3.75_odd": 1.197,
                "under_4.25_odd": 1.088,
                "home_handicap_-2.5_odd": 9.8,
                "home_handicap_-2.0_odd": 8.9,
                "home_handicap_-1.5_odd": 4.65,
                "home_handicap_-1.0_odd": 3.92,
                "home_handicap_0.0_odd": 1.81,
                "home_handicap_1.0_odd": 1.15,
                "home_handicap_1.5_odd": 1.094,
                "home_handicap_2.0_odd": 1.01,
                "away_handicap_2.5_odd": 1.02,
                "away_handicap_2.0_odd": 1.007,
                "away_handicap_1.5_odd": 1.124,
                "away_handicap_1.0_odd": 1.195,
                "away_handicap_0.0_odd": 1.97,
                "away_handicap_-1.0_odd": 4.5,
                "away_handicap_-1.5_odd": 5.25,
                "away_handicap_-2.0_odd": 11,
                "home_handicap_-1.75_odd": 6,
                "home_handicap_-1.25_odd": 4.3,
                "home_handicap_-0.75_odd": 2.85,
                "home_handicap_-0.25_odd": 2.09,
                "home_handicap_0.25_odd": 1.56,
                "home_handicap_0.75_odd": 1.29,
                "home_handicap_1.25_odd": 1.119,
                "home_handicap_1.75_odd": 1.043,
                "away_handicap_1.75_odd": 1.065,
                "away_handicap_1.25_odd": 1.155,
                "away_handicap_0.75_odd": 1.36,
                "away_handicap_0.25_odd": 1.666,
                "away_handicap_-0.25_odd": 2.28,
                "away_handicap_-0.75_odd": 3.22,
                "away_handicap_-1.25_odd": 4.9,
                "away_handicap_-1.75_odd": 6.8,
                "home_over_0.5_odd": 1.27,
                "home_over_1.0_odd": 1.55,
                "home_over_1.5_odd": 2.34,
                "home_over_2.0_odd": 4.2,
                "home_over_2.5_odd": 5.25,
                "home_over_3.0_odd": 11,
                "home_under_0.5_odd": 3.4,
                "home_under_1.0_odd": 2.38,
                "home_under_1.5_odd": 1.58,
                "home_under_2.0_odd": 1.21,
                "home_under_2.5_odd": 1.128,
                "home_under_3.0_odd": 1.003,
                "home_over_0.75_odd": 1.37,
                "home_over_1.25_odd": 1.96,
                "home_over_1.75_odd": 2.89,
                "home_over_2.25_odd": 4.8,
                "home_under_0.75_odd": 2.93,
                "home_under_1.25_odd": 1.82,
                "home_under_1.75_odd": 1.4,
                "home_under_2.25_odd": 1.161,
                "away_over_0.5_odd": 1.3,
                "away_over_1.0_odd": 1.66,
                "away_over_1.5_odd": 2.48,
                "away_over_2.0_odd": 4.7,
                "away_over_2.5_odd": 5.75,
                "away_under_0.5_odd": 3.2,
                "away_under_1.0_odd": 2.19,
                "away_under_1.5_odd": 1.51,
                "away_under_2.0_odd": 1.159,
                "away_under_2.5_odd": 1.101,
                "away_over_0.75_odd": 1.43,
                "away_over_1.25_odd": 2.08,
                "away_over_1.75_odd": 3.14,
                "away_over_2.75_odd": 7.6,
                "away_under_0.75_odd": 2.77,
                "away_under_1.25_odd": 1.727,
                "away_under_1.75_odd": 1.33,
                "away_under_2.75_odd": 1.045
            }
        ]
    }
]