[
    {
        "last_updated": "2025-07-24T20:45:29.665728+01:00"
    },
    {
        "tournament_id": 2800655,
        "tournament_name": "W",
        "matches": [
            {
                "match_id": 639867918,
                "date": "25/07/2025",
                "time": "04:30",
                "home_team": "Shark FC",
                "away_team": "Titan FC",
                "1_odd": 2.34,
                "draw_odd": 5.82,
                "2_odd": 2.13,
                "1X_odd": 1.67,
                "12_odd": 1.11,
                "X2_odd": 1.56,
                "over_5.5_odd": 1.45,
                "over_6.0_odd": 1.63,
                "over_6.5_odd": 1.93,
                "under_5.5_odd": 2.49,
                "under_6.0_odd": 2.09,
                "under_6.5_odd": 1.74,
                "home_handicap_0.0_odd": 2,
                "away_handicap_0.0_odd": 1.81,
                "home_over_2.5_odd": 1.48,
                "home_under_2.5_odd": 2.4,
                "away_over_2.5_odd": 1.42,
                "away_under_2.5_odd": 2.57
            },
            {
                "match_id": 639867919,
                "date": "25/07/2025",
                "time": "06:20",
                "home_team": "Academy FC",
                "away_team": "Griffin FC",
                "1_odd": 2.12,
                "draw_odd": 5.83,
                "2_odd": 2.34,
                "1X_odd": 1.56,
                "12_odd": 1.11,
                "X2_odd": 1.67,
                "over_5.5_odd": 1.44,
                "over_6.0_odd": 1.61,
                "over_6.5_odd": 1.92,
                "under_5.5_odd": 2.52,
                "under_6.0_odd": 2.12,
                "under_6.5_odd": 1.75,
                "home_handicap_0.0_odd": 1.81,
                "away_handicap_0.0_odd": 2,
                "home_over_2.5_odd": 1.41,
                "home_under_2.5_odd": 2.6,
                "away_over_2.5_odd": 1.47,
                "away_under_2.5_odd": 2.42
            },
            {
                "match_id": 639867920,
                "date": "25/07/2025",
                "time": "08:10",
                "home_team": "Pride FC",
                "away_team": "Glory FC",
                "1_odd": 2.35,
                "draw_odd": 5.83,
                "2_odd": 2.11,
                "1X_odd": 1.68,
                "12_odd": 1.11,
                "X2_odd": 1.55,
                "over_5.5_odd": 1.44,
                "over_6.0_odd": 1.61,
                "over_6.5_odd": 1.91,
                "under_5.5_odd": 2.52,
                "under_6.0_odd": 2.12,
                "under_6.5_odd": 1.75,
                "home_handicap_0.0_odd": 2.01,
                "away_handicap_0.0_odd": 1.8,
                "home_over_2.5_odd": 1.47,
                "home_under_2.5_odd": 2.41,
                "away_over_2.5_odd": 1.41,
                "away_under_2.5_odd": 2.61
            },
            {
                "match_id": 639867921,
                "date": "25/07/2025",
                "time": "10:00",
                "home_team": "Athletic FC",
                "away_team": "Vortex FC",
                "1_odd": 2.16,
                "draw_odd": 5.78,
                "2_odd": 2.31,
                "1X_odd": 1.57,
                "12_odd": 1.12,
                "X2_odd": 1.65,
                "over_5.5_odd": 1.46,
                "over_6.0_odd": 1.64,
                "over_6.5_odd": 1.96,
                "under_5.5_odd": 2.45,
                "under_6.0_odd": 2.06,
                "under_6.5_odd": 1.72,
                "home_handicap_0.0_odd": 1.84,
                "away_handicap_0.0_odd": 1.97,
                "home_over_2.5_odd": 1.43,
                "home_under_2.5_odd": 2.53,
                "away_over_2.5_odd": 1.48,
                "away_under_2.5_odd": 2.4
            }
        ]
    },
    {
        "tournament_id": 2800651,
        "tournament_name": "A",
        "matches": [
            {
                "match_id": 639866817,
                "date": "25/07/2025",
                "time": "04:00",
                "home_team": "Leader FC",
                "away_team": "Megapolis FC",
                "1_odd": 2.28,
                "draw_odd": 6.29,
                "2_odd": 2.12,
                "1X_odd": 1.67,
                "X2_odd": 1.59,
                "over_6.5_odd": 1.44,
                "over_7.5_odd": 1.87,
                "under_6.5_odd": 2.52,
                "under_7.5_odd": 1.79,
                "home_handicap_-1.5_odd": 3.34,
                "home_handicap_0.0_odd": 1.97,
                "home_handicap_1.5_odd": 1.31,
                "away_handicap_1.5_odd": 1.26,
                "away_handicap_0.0_odd": 1.83,
                "away_handicap_-1.5_odd": 3.04,
                "home_over_3.5_odd": 1.77,
                "home_under_3.5_odd": 1.89,
                "away_over_3.5_odd": 1.7,
                "away_under_3.5_odd": 1.99
            },
            {
                "match_id": 639867243,
                "date": "25/07/2025",
                "time": "05:50",
                "home_team": "Nordwind FC",
                "away_team": "Phoenix FC",
                "1_odd": 2.09,
                "draw_odd": 7.13,
                "2_odd": 2.22,
                "1X_odd": 1.62,
                "X2_odd": 1.69,
                "over_8.5_odd": 1.45,
                "over_9.5_odd": 1.82,
                "under_8.5_odd": 2.49,
                "under_9.5_odd": 1.84,
                "home_handicap_-1.5_odd": 2.85,
                "home_handicap_0.0_odd": 1.85,
                "home_handicap_1.5_odd": 1.3,
                "away_handicap_1.5_odd": 1.35,
                "away_handicap_0.0_odd": 1.96,
                "away_handicap_-1.5_odd": 3.06,
                "home_over_4.5_odd": 1.69,
                "home_under_4.5_odd": 2,
                "away_over_4.5_odd": 1.75,
                "away_under_4.5_odd": 1.92
            },
            {
                "match_id": 639867244,
                "date": "25/07/2025",
                "time": "07:40",
                "home_team": "Victory FC",
                "away_team": "United FC",
                "1_odd": 2.12,
                "draw_odd": 7.09,
                "2_odd": 2.19,
                "1X_odd": 1.63,
                "X2_odd": 1.67,
                "over_8.5_odd": 1.48,
                "over_9.5_odd": 1.87,
                "under_8.5_odd": 2.41,
                "under_9.5_odd": 1.79,
                "home_handicap_-1.5_odd": 2.9,
                "home_handicap_0.0_odd": 1.87,
                "home_handicap_1.5_odd": 1.31,
                "away_handicap_1.5_odd": 1.34,
                "away_handicap_0.0_odd": 1.93,
                "away_handicap_-1.5_odd": 3.02,
                "home_over_4.5_odd": 1.73,
                "home_under_4.5_odd": 1.94,
                "away_over_4.5_odd": 1.76,
                "away_under_4.5_odd": 1.9
            }
        ]
    }
]