[
    {
        "last_updated": "2025-07-24T20:45:30.279517+01:00"
    },
    {
        "tournament_id": 2012419,
        "tournament_name": "Liga 1. Statistics Round",
        "matches": [
            {
                "match_id": 639277114,
                "date": "25/07/2025",
                "time": "17:45",
                "home_team": "Home",
                "away_team": "Away",
                "1_odd": 1.49,
                "draw_odd": 9,
                "2_odd": 3.375,
                "1X_odd": 1.28,
                "12_odd": 1.03,
                "X2_odd": 2.45,
                "over_17.5_odd": 1.28,
                "over_18.5_odd": 1.4,
                "over_19.5_odd": 1.6,
                "over_20.5_odd": 1.83,
                "over_21.5_odd": 2.15,
                "over_22.5_odd": 2.55,
                "over_23.5_odd": 3,
                "under_17.5_odd": 3.3,
                "under_18.5_odd": 2.7,
                "under_19.5_odd": 2.2,
                "under_20.5_odd": 1.87,
                "under_21.5_odd": 1.62,
                "under_22.5_odd": 1.45,
                "under_23.5_odd": 1.33,
                "home_handicap_-6.5_odd": 4.9,
                "home_handicap_-5.5_odd": 3.8,
                "home_handicap_-4.5_odd": 3,
                "home_handicap_-3.5_odd": 2.4,
                "home_handicap_-2.5_odd": 2.03,
                "home_handicap_-1.5_odd": 1.72,
                "home_handicap_1.5_odd": 1.22,
                "away_handicap_6.5_odd": 1.14,
                "away_handicap_5.5_odd": 1.22,
                "away_handicap_4.5_odd": 1.33,
                "away_handicap_3.5_odd": 1.5,
                "away_handicap_2.5_odd": 1.7,
                "away_handicap_1.5_odd": 2,
                "away_handicap_-1.5_odd": 3.8,
                "home_over_10.5_odd": 1.63,
                "home_over_11.5_odd": 2.03,
                "home_over_12.5_odd": 2.65,
                "home_under_10.5_odd": 2.13,
                "home_under_11.5_odd": 1.7,
                "home_under_12.5_odd": 1.43,
                "away_over_8.5_odd": 1.58,
                "away_over_9.5_odd": 1.95,
                "away_over_10.5_odd": 2.55,
                "away_under_8.5_odd": 2.23,
                "away_under_9.5_odd": 1.75,
                "away_under_10.5_odd": 1.45
            }
        ]
    },
    {
        "tournament_id": 11121,
        "tournament_name": "Liga 1",
        "matches": [
            {
                "match_id": 638463933,
                "date": "25/07/2025",
                "time": "17:45",
                "home_team": "CS Metaloglobus Bucuresti",
                "away_team": "Petrolul Ploiesti",
                "1_odd": 5.07,
                "draw_odd": 3.58,
                "2_odd": 1.71,
                "1X_odd": 2.12,
                "12_odd": 1.28,
                "X2_odd": 1.15,
                "both_score_odd": 2.12,
                "both_noscore_odd": 1.657,
                "over_0.5_odd": 1.035,
                "over_1.0_odd": 1.067,
                "over_1.5_odd": 1.37,
                "over_2.0_odd": 1.65,
                "over_2.5_odd": 2.24,
                "over_3.0_odd": 3.28,
                "over_3.5_odd": 3.94,
                "over_4.0_odd": 7,
                "over_4.5_odd": 7.7,
                "over_5.0_odd": 13,
                "over_5.5_odd": 16.5,
                "over_6.5_odd": 50,
                "under_0.5_odd": 7.2,
                "under_1.0_odd": 5.95,
                "under_1.5_odd": 2.67,
                "under_2.0_odd": 2.06,
                "under_2.5_odd": 1.62,
                "under_3.0_odd": 1.27,
                "under_3.5_odd": 1.175,
                "under_4.0_odd": 1.039,
                "under_4.5_odd": 1.026,
                "under_5.0_odd": 1.01,
                "under_5.5_odd": 1.015,
                "under_6.5_odd": 1.002,
                "over_0.75_odd": 1.049,
                "over_1.25_odd": 1.22,
                "over_1.75_odd": 1.48,
                "over_2.25_odd": 1.92,
                "over_2.75_odd": 2.55,
                "over_3.25_odd": 3.6,
                "over_3.75_odd": 4.95,
                "over_4.25_odd": 7.3,
                "under_0.75_odd": 6.55,
                "under_1.25_odd": 3.5,
                "under_1.75_odd": 2.375,
                "under_2.25_odd": 1.77,
                "under_2.75_odd": 1.44,
                "under_3.25_odd": 1.22,
                "under_3.75_odd": 1.107,
                "under_4.25_odd": 1.032,
                "home_handicap_-1.5_odd": 11,
                "home_handicap_-1.0_odd": 9.8,
                "home_handicap_0.0_odd": 3.54,
                "home_handicap_1.0_odd": 1.59,
                "home_handicap_1.5_odd": 1.33,
                "home_handicap_2.0_odd": 1.098,
                "home_handicap_2.5_odd": 1.067,
                "away_handicap_1.5_odd": 1.02,
                "away_handicap_1.0_odd": 1.03,
                "away_handicap_0.0_odd": 1.22,
                "away_handicap_-1.0_odd": 2.29,
                "away_handicap_-1.5_odd": 2.91,
                "away_handicap_-2.0_odd": 5.15,
                "away_handicap_-2.5_odd": 5.95,
                "home_handicap_-0.75_odd": 6.15,
                "home_handicap_-0.25_odd": 4.1,
                "home_handicap_0.25_odd": 2.52,
                "home_handicap_0.75_odd": 1.83,
                "home_handicap_1.25_odd": 1.42,
                "home_handicap_1.75_odd": 1.21,
                "home_handicap_2.25_odd": 1.081,
                "home_handicap_2.75_odd": 1.026,
                "away_handicap_0.75_odd": 1.061,
                "away_handicap_0.25_odd": 1.163,
                "away_handicap_-0.25_odd": 1.43,
                "away_handicap_-0.75_odd": 1.84,
                "away_handicap_-1.25_odd": 2.59,
                "away_handicap_-1.75_odd": 3.64,
                "away_handicap_-2.25_odd": 5.55,
                "away_handicap_-2.75_odd": 7.7,
                "home_over_0.5_odd": 1.71,
                "home_over_1.0_odd": 2.85,
                "home_over_1.5_odd": 4.3,
                "home_over_2.0_odd": 12,
                "home_under_0.5_odd": 2.06,
                "home_under_1.0_odd": 1.37,
                "home_under_1.5_odd": 1.2,
                "home_under_2.0_odd": 1.01,
                "home_over_0.75_odd": 2.09,
                "home_over_1.25_odd": 3.92,
                "home_over_1.75_odd": 6.4,
                "home_under_0.75_odd": 1.66,
                "home_under_1.25_odd": 1.21,
                "home_under_1.75_odd": 1.067,
                "away_over_0.5_odd": 1.22,
                "away_over_1.0_odd": 1.4,
                "away_over_1.5_odd": 2.06,
                "away_over_2.5_odd": 4.5,
                "away_over_3.5_odd": 11,
                "away_under_0.5_odd": 4,
                "away_under_1.0_odd": 2.7,
                "away_under_1.5_odd": 1.72,
                "away_under_2.5_odd": 1.18,
                "away_under_3.5_odd": 1.02,
                "away_over_0.75_odd": 1.24,
                "away_over_1.25_odd": 1.67,
                "away_over_1.75_odd": 2.34,
                "away_over_2.25_odd": 3.56,
                "away_under_0.75_odd": 3.48,
                "away_under_1.25_odd": 2.07,
                "away_under_1.75_odd": 1.53,
                "away_under_2.25_odd": 1.23
            },
            {
                "match_id": 638139665,
                "date": "25/07/2025",
                "time": "20:00",
                "home_team": "Csikszereda Miercurea Ciuc",
                "away_team": "Rapid Bucuresti",
                "1_odd": 5.85,
                "draw_odd": 3.95,
                "2_odd": 1.57,
                "1X_odd": 2.39,
                "12_odd": 1.24,
                "X2_odd": 1.115,
                "both_score_odd": 2.03,
                "both_noscore_odd": 1.717,
                "over_0.5_odd": 1.007,
                "over_1.0_odd": 1.028,
                "over_1.5_odd": 1.28,
                "over_2.0_odd": 1.48,
                "over_2.5_odd": 2,
                "over_3.0_odd": 2.76,
                "over_3.5_odd": 3.35,
                "over_4.0_odd": 5.9,
                "over_4.5_odd": 6.6,
                "over_5.0_odd": 10.5,
                "over_5.5_odd": 13,
                "over_6.5_odd": 34,
                "under_0.5_odd": 8.9,
                "under_1.0_odd": 7.5,
                "under_1.5_odd": 3.1,
                "under_2.0_odd": 2.4,
                "under_2.5_odd": 1.78,
                "under_3.0_odd": 1.37,
                "under_3.5_odd": 1.24,
                "under_4.0_odd": 1.069,
                "under_4.5_odd": 1.048,
                "under_5.0_odd": 1.03,
                "under_5.5_odd": 1.01,
                "under_6.5_odd": 1.005,
                "over_0.75_odd": 1.016,
                "over_1.25_odd": 1.152,
                "over_1.75_odd": 1.36,
                "over_2.25_odd": 1.727,
                "over_2.75_odd": 2.25,
                "over_3.25_odd": 3.1,
                "over_3.75_odd": 4.25,
                "over_4.25_odd": 6.25,
                "under_0.75_odd": 8.3,
                "under_1.25_odd": 4.2,
                "under_1.75_odd": 2.76,
                "under_2.25_odd": 1.97,
                "under_2.75_odd": 1.56,
                "under_3.25_odd": 1.29,
                "under_3.75_odd": 1.151,
                "under_4.25_odd": 1.058,
                "home_handicap_-1.5_odd": 13,
                "home_handicap_-1.0_odd": 11.5,
                "home_handicap_0.0_odd": 4.3,
                "home_handicap_1.0_odd": 1.8,
                "home_handicap_1.5_odd": 1.43,
                "home_handicap_2.0_odd": 1.156,
                "home_handicap_2.5_odd": 1.106,
                "home_handicap_3.0_odd": 1.03,
                "home_handicap_3.5_odd": 1.02,
                "away_handicap_1.5_odd": 1.01,
                "away_handicap_1.0_odd": 1.02,
                "away_handicap_0.0_odd": 1.151,
                "away_handicap_-1.0_odd": 1.96,
                "away_handicap_-1.5_odd": 2.52,
                "away_handicap_-2.0_odd": 4.15,
                "away_handicap_-2.5_odd": 4.95,
                "away_handicap_-3.0_odd": 9.8,
                "away_handicap_-3.5_odd": 11,
                "home_handicap_-0.75_odd": 7.3,
                "home_handicap_-0.25_odd": 4.8,
                "home_handicap_0.25_odd": 2.91,
                "home_handicap_0.75_odd": 2.05,
                "home_handicap_1.25_odd": 1.56,
                "home_handicap_1.75_odd": 1.29,
                "home_handicap_2.25_odd": 1.128,
                "home_handicap_2.75_odd": 1.052,
                "away_handicap_0.75_odd": 1.032,
                "away_handicap_0.25_odd": 1.116,
                "away_handicap_-0.25_odd": 1.33,
                "away_handicap_-0.75_odd": 1.66,
                "away_handicap_-1.25_odd": 2.23,
                "away_handicap_-1.75_odd": 3.06,
                "away_handicap_-2.25_odd": 4.6,
                "away_handicap_-2.75_odd": 6.45,
                "home_over_0.5_odd": 1.72,
                "home_over_1.0_odd": 2.85,
                "home_over_1.5_odd": 4.3,
                "home_over_2.0_odd": 12,
                "home_under_0.5_odd": 2.05,
                "home_under_1.0_odd": 1.36,
                "home_under_1.5_odd": 1.2,
                "home_under_2.0_odd": 1.01,
                "home_over_0.75_odd": 2.11,
                "home_over_1.25_odd": 3.92,
                "home_over_1.75_odd": 6.65,
                "home_under_0.75_odd": 1.65,
                "home_under_1.25_odd": 1.21,
                "home_under_1.75_odd": 1.06,
                "away_over_0.5_odd": 1.14,
                "away_over_1.5_odd": 1.75,
                "away_over_2.0_odd": 2.5,
                "away_over_2.5_odd": 3.4,
                "away_over_3.5_odd": 7.7,
                "away_under_0.5_odd": 5.2,
                "away_under_1.5_odd": 2,
                "away_under_2.0_odd": 1.49,
                "away_under_2.5_odd": 1.29,
                "away_under_3.5_odd": 1.06,
                "away_over_0.75_odd": 1.155,
                "away_over_1.25_odd": 1.49,
                "away_over_1.75_odd": 2,
                "away_over_2.25_odd": 2.93,
                "away_under_0.75_odd": 4.4,
                "away_under_1.25_odd": 2.44,
                "away_under_1.75_odd": 1.72,
                "away_under_2.25_odd": 1.33
            },
            {
                "match_id": 638406480,
                "date": "26/07/2025",
                "time": "16:30",
                "home_team": "UTA Arad",
                "away_team": "Hermannstadt",
                "1_odd": 2.03,
                "draw_odd": 3.46,
                "2_odd": 3.585,
                "1X_odd": 1.28,
                "12_odd": 1.29,
                "X2_odd": 1.77,
                "both_score_odd": 1.82,
                "both_noscore_odd": 1.902,
                "over_0.5_odd": 1.009,
                "over_1.0_odd": 1.03,
                "over_1.5_odd": 1.285,
                "over_2.0_odd": 1.49,
                "over_2.5_odd": 2.01,
                "over_3.0_odd": 2.8,
                "over_3.5_odd": 3.44,
                "over_4.0_odd": 5.95,
                "over_4.5_odd": 6.75,
                "over_5.0_odd": 10.5,
                "over_5.5_odd": 13,
                "over_6.5_odd": 34,
                "under_0.5_odd": 8.7,
                "under_1.0_odd": 7.4,
                "under_1.5_odd": 3.08,
                "under_2.0_odd": 2.375,
                "under_2.5_odd": 1.77,
                "under_3.0_odd": 1.36,
                "under_3.5_odd": 1.23,
                "under_4.0_odd": 1.066,
                "under_4.5_odd": 1.045,
                "under_5.0_odd": 1.03,
                "under_5.5_odd": 1.01,
                "under_6.5_odd": 1.005,
                "over_0.75_odd": 1.018,
                "over_1.25_odd": 1.156,
                "over_1.75_odd": 1.363,
                "over_2.25_odd": 1.74,
                "over_2.75_odd": 2.27,
                "over_3.25_odd": 3.125,
                "over_3.75_odd": 4.3,
                "over_4.25_odd": 6.35,
                "under_0.75_odd": 8.1,
                "under_1.25_odd": 4.15,
                "under_1.75_odd": 2.74,
                "under_2.25_odd": 1.96,
                "under_2.75_odd": 1.55,
                "under_3.25_odd": 1.285,
                "under_3.75_odd": 1.147,
                "under_4.25_odd": 1.055,
                "home_handicap_-2.5_odd": 7.9,
                "home_handicap_-2.0_odd": 7.1,
                "home_handicap_-1.5_odd": 3.68,
                "home_handicap_-1.0_odd": 2.86,
                "home_handicap_0.0_odd": 1.47,
                "home_handicap_1.0_odd": 1.046,
                "home_handicap_1.5_odd": 1.023,
                "away_handicap_2.5_odd": 1.021,
                "away_handicap_2.0_odd": 1.037,
                "away_handicap_1.5_odd": 1.2,
                "away_handicap_1.0_odd": 1.33,
                "away_handicap_0.0_odd": 2.59,
                "away_handicap_-1.0_odd": 6.85,
                "away_handicap_-1.5_odd": 7.8,
                "home_handicap_-2.25_odd": 7.5,
                "home_handicap_-1.75_odd": 4.75,
                "home_handicap_-1.25_odd": 3.28,
                "home_handicap_-0.75_odd": 2.24,
                "home_handicap_-0.25_odd": 1.69,
                "home_handicap_0.25_odd": 1.33,
                "home_handicap_0.75_odd": 1.151,
                "home_handicap_1.25_odd": 1.032,
                "away_handicap_2.25_odd": 1.029,
                "away_handicap_1.75_odd": 1.118,
                "away_handicap_1.25_odd": 1.25,
                "away_handicap_0.75_odd": 1.54,
                "away_handicap_0.25_odd": 2.01,
                "away_handicap_-0.25_odd": 2.96,
                "away_handicap_-0.75_odd": 4.4,
                "away_handicap_-1.25_odd": 7.3,
                "home_over_0.5_odd": 1.22,
                "home_over_1.0_odd": 1.4,
                "home_over_1.5_odd": 2.06,
                "home_over_2.5_odd": 4.6,
                "home_over_3.5_odd": 11.5,
                "home_under_0.5_odd": 4,
                "home_under_1.0_odd": 2.7,
                "home_under_1.5_odd": 1.71,
                "home_under_2.5_odd": 1.17,
                "home_under_3.5_odd": 1.02,
                "home_over_0.75_odd": 1.27,
                "home_over_1.25_odd": 1.76,
                "home_over_1.75_odd": 2.52,
                "home_over_2.25_odd": 4.05,
                "home_under_0.75_odd": 3.28,
                "home_under_1.25_odd": 1.95,
                "home_under_1.75_odd": 1.46,
                "home_under_2.25_odd": 1.184,
                "away_over_0.5_odd": 1.46,
                "away_over_1.0_odd": 2.02,
                "away_over_1.5_odd": 3,
                "away_over_2.0_odd": 7.2,
                "away_over_2.5_odd": 9,
                "away_under_0.5_odd": 2.6,
                "away_under_1.0_odd": 1.71,
                "away_under_1.5_odd": 1.35,
                "away_under_2.0_odd": 1.07,
                "away_under_2.5_odd": 1.04,
                "away_over_0.75_odd": 1.63,
                "away_over_1.25_odd": 2.62,
                "away_over_1.75_odd": 4.25,
                "away_over_2.25_odd": 8.1,
                "away_under_0.75_odd": 2.14,
                "away_under_1.25_odd": 1.43,
                "away_under_1.75_odd": 1.168,
                "away_under_2.25_odd": 1.05
            },
            {
                "match_id": 638406483,
                "date": "26/07/2025",
                "time": "19:30",
                "home_team": "FCSB",
                "away_team": "Farul Constanta",
                "1_odd": 1.84,
                "draw_odd": 3.76,
                "2_odd": 3.965,
                "1X_odd": 1.23,
                "12_odd": 1.26,
                "X2_odd": 1.95,
                "both_score_odd": 1.68,
                "both_noscore_odd": 2.084,
                "over_0.5_odd": 1.008,
                "over_1.0_odd": 1.008,
                "over_1.5_odd": 1.21,
                "over_2.0_odd": 1.33,
                "over_2.5_odd": 1.76,
                "over_3.0_odd": 2.22,
                "over_3.5_odd": 2.75,
                "over_4.0_odd": 4.33,
                "over_4.5_odd": 4.95,
                "over_5.0_odd": 8.6,
                "over_5.5_odd": 9,
                "over_6.5_odd": 23,
                "over_7.5_odd": 50,
                "under_0.5_odd": 13.4,
                "under_1.0_odd": 8.8,
                "under_1.5_odd": 3.6,
                "under_2.0_odd": 2.94,
                "under_2.5_odd": 2.02,
                "under_3.0_odd": 1.56,
                "under_3.5_odd": 1.35,
                "under_4.0_odd": 1.144,
                "under_4.5_odd": 1.106,
                "under_5.0_odd": 1.011,
                "under_5.5_odd": 1.005,
                "under_6.5_odd": 1.012,
                "under_7.5_odd": 1.002,
                "over_1.25_odd": 1.105,
                "over_1.75_odd": 1.26,
                "over_2.25_odd": 1.53,
                "over_2.75_odd": 1.909,
                "over_3.25_odd": 2.48,
                "over_3.75_odd": 3.28,
                "over_4.25_odd": 4.65,
                "over_4.75_odd": 6.2,
                "under_1.25_odd": 5,
                "under_1.75_odd": 3.28,
                "under_2.25_odd": 2.31,
                "under_2.75_odd": 1.78,
                "under_3.25_odd": 1.44,
                "under_3.75_odd": 1.25,
                "under_4.25_odd": 1.123,
                "under_4.75_odd": 1.059,
                "home_handicap_-3.5_odd": 12,
                "home_handicap_-3.0_odd": 11,
                "home_handicap_-2.5_odd": 5.9,
                "home_handicap_-2.0_odd": 5.2,
                "home_handicap_-1.5_odd": 3.06,
                "home_handicap_-1.0_odd": 2.45,
                "home_handicap_0.0_odd": 1.333,
                "home_handicap_1.0_odd": 1.036,
                "home_handicap_1.5_odd": 1.021,
                "away_handicap_3.5_odd": 1.01,
                "away_handicap_3.0_odd": 1.02,
                "away_handicap_2.5_odd": 1.068,
                "away_handicap_2.0_odd": 1.096,
                "away_handicap_1.5_odd": 1.3,
                "away_handicap_1.0_odd": 1.52,
                "away_handicap_0.0_odd": 2.84,
                "away_handicap_-1.0_odd": 7.1,
                "away_handicap_-1.5_odd": 7.9,
                "home_handicap_-2.25_odd": 5.55,
                "home_handicap_-1.75_odd": 3.76,
                "home_handicap_-1.25_odd": 2.74,
                "home_handicap_-0.75_odd": 1.98,
                "home_handicap_-0.25_odd": 1.55,
                "home_handicap_0.25_odd": 1.26,
                "home_handicap_0.75_odd": 1.121,
                "home_handicap_1.25_odd": 1.028,
                "away_handicap_2.25_odd": 1.081,
                "away_handicap_1.75_odd": 1.196,
                "away_handicap_1.25_odd": 1.38,
                "away_handicap_0.75_odd": 1.71,
                "away_handicap_0.25_odd": 2.22,
                "away_handicap_-0.25_odd": 3.2,
                "away_handicap_-0.75_odd": 4.7,
                "away_handicap_-1.25_odd": 7.5,
                "home_over_0.5_odd": 1.142,
                "home_over_1.0_odd": 1.25,
                "home_over_1.5_odd": 1.79,
                "home_over_2.0_odd": 2.58,
                "home_over_2.5_odd": 3.34,
                "home_over_3.0_odd": 6.3,
                "home_under_0.5_odd": 4.85,
                "home_under_1.0_odd": 3.48,
                "home_under_1.5_odd": 1.92,
                "home_under_2.0_odd": 1.43,
                "home_under_2.5_odd": 1.25,
                "home_under_3.0_odd": 1.056,
                "home_over_0.75_odd": 1.175,
                "home_over_1.25_odd": 1.53,
                "home_over_1.75_odd": 2.06,
                "home_over_2.25_odd": 2.98,
                "home_under_0.75_odd": 4.15,
                "home_under_1.25_odd": 2.34,
                "home_under_1.75_odd": 1.68,
                "home_under_2.25_odd": 1.32,
                "away_over_0.5_odd": 1.41,
                "away_over_1.0_odd": 1.95,
                "away_over_1.5_odd": 2.96,
                "away_over_2.0_odd": 6.25,
                "away_over_2.5_odd": 7.2,
                "away_under_0.5_odd": 2.69,
                "away_under_1.0_odd": 1.76,
                "away_under_1.5_odd": 1.333,
                "away_under_2.0_odd": 1.065,
                "away_under_2.5_odd": 1.034,
                "away_over_0.75_odd": 1.59,
                "away_over_1.25_odd": 2.46,
                "away_over_1.75_odd": 3.88,
                "away_over_2.25_odd": 7.8,
                "away_under_0.75_odd": 2.21,
                "away_under_1.25_odd": 1.48,
                "away_under_1.75_odd": 1.197,
                "away_under_2.25_odd": 1.06
            },
            {
                "match_id": 638769819,
                "date": "27/07/2025",
                "time": "16:30",
                "home_team": "CFR Cluj",
                "away_team": "Arges Pitesti",
                "1_odd": 1.32,
                "draw_odd": 4.95,
                "2_odd": 9.8,
                "1X_odd": 1.037,
                "12_odd": 1.16,
                "X2_odd": 3.34,
                "both_score_odd": 2.27,
                "both_noscore_odd": 1.575,
                "over_0.5_odd": 1.008,
                "over_1.0_odd": 1.009,
                "over_1.5_odd": 1.22,
                "over_2.0_odd": 1.37,
                "over_2.5_odd": 1.83,
                "over_3.0_odd": 2.35,
                "over_3.5_odd": 2.93,
                "over_4.0_odd": 4.8,
                "over_4.5_odd": 5.5,
                "over_5.0_odd": 8.8,
                "over_5.5_odd": 11,
                "over_6.5_odd": 26,
                "over_7.5_odd": 50,
                "under_0.5_odd": 12.9,
                "under_1.0_odd": 8.7,
                "under_1.5_odd": 3.52,
                "under_2.0_odd": 2.76,
                "under_2.5_odd": 1.94,
                "under_3.0_odd": 1.5,
                "under_3.5_odd": 1.31,
                "under_4.0_odd": 1.115,
                "under_4.5_odd": 1.083,
                "under_5.0_odd": 1.05,
                "under_5.5_odd": 1.02,
                "under_6.5_odd": 1.01,
                "under_7.5_odd": 1.002,
                "over_1.25_odd": 1.114,
                "over_1.75_odd": 1.28,
                "over_2.25_odd": 1.58,
                "over_2.75_odd": 2,
                "over_3.25_odd": 2.64,
                "over_3.75_odd": 3.5,
                "over_4.25_odd": 5.15,
                "over_4.75_odd": 7,
                "under_1.25_odd": 4.8,
                "under_1.75_odd": 3.15,
                "under_2.25_odd": 2.21,
                "under_2.75_odd": 1.71,
                "under_3.25_odd": 1.39,
                "under_3.75_odd": 1.22,
                "under_4.25_odd": 1.098,
                "under_4.75_odd": 1.039,
                "home_handicap_-4.0_odd": 12.5,
                "home_handicap_-3.5_odd": 6.5,
                "home_handicap_-3.0_odd": 5.75,
                "home_handicap_-2.5_odd": 3.28,
                "home_handicap_-2.0_odd": 2.625,
                "home_handicap_-1.5_odd": 1.9,
                "home_handicap_-1.0_odd": 1.48,
                "home_handicap_0.0_odd": 1.038,
                "away_handicap_4.0_odd": 1.01,
                "away_handicap_3.5_odd": 1.051,
                "away_handicap_3.0_odd": 1.074,
                "away_handicap_2.5_odd": 1.25,
                "away_handicap_2.0_odd": 1.38,
                "away_handicap_1.5_odd": 1.76,
                "away_handicap_1.0_odd": 2.56,
                "away_handicap_0.0_odd": 7.3,
                "home_handicap_-3.75_odd": 8.4,
                "home_handicap_-3.25_odd": 6.1,
                "home_handicap_-2.75_odd": 4.1,
                "home_handicap_-2.25_odd": 2.97,
                "home_handicap_-1.75_odd": 2.15,
                "home_handicap_-1.25_odd": 1.69,
                "home_handicap_-0.75_odd": 1.35,
                "home_handicap_-0.25_odd": 1.155,
                "away_handicap_3.75_odd": 1.014,
                "away_handicap_3.25_odd": 1.062,
                "away_handicap_2.75_odd": 1.16,
                "away_handicap_2.25_odd": 1.3,
                "away_handicap_1.75_odd": 1.57,
                "away_handicap_1.25_odd": 2.01,
                "away_handicap_0.75_odd": 2.86,
                "away_handicap_0.25_odd": 4.35,
                "home_over_0.5_odd": 1.07,
                "home_over_1.0_odd": 1.15,
                "home_over_1.5_odd": 1.55,
                "home_over_2.0_odd": 1.95,
                "home_over_2.5_odd": 2.55,
                "home_over_3.0_odd": 4.2,
                "home_over_3.5_odd": 5.1,
                "home_under_0.5_odd": 8.5,
                "home_under_1.0_odd": 5.5,
                "home_under_1.5_odd": 2.45,
                "home_under_2.0_odd": 1.85,
                "home_under_2.5_odd": 1.52,
                "home_under_3.0_odd": 1.23,
                "home_under_3.5_odd": 1.17,
                "home_over_1.25_odd": 1.29,
                "home_over_1.75_odd": 1.63,
                "home_over_2.25_odd": 2.19,
                "home_over_2.75_odd": 2.98,
                "home_under_1.25_odd": 3.14,
                "home_under_1.75_odd": 2.14,
                "home_under_2.25_odd": 1.6,
                "home_under_2.75_odd": 1.32,
                "away_over_0.5_odd": 2.15,
                "away_over_1.0_odd": 4.6,
                "away_over_1.5_odd": 6.3,
                "away_under_0.5_odd": 1.7,
                "away_under_1.0_odd": 1.2,
                "away_under_1.5_odd": 1.12,
                "away_over_0.75_odd": 2.62,
                "away_over_1.25_odd": 5.75,
                "away_over_1.75_odd": 9.5,
                "away_under_0.75_odd": 1.43,
                "away_under_1.25_odd": 1.101,
                "away_under_1.75_odd": 1.012
            },
            {
                "match_id": 638769816,
                "date": "27/07/2025",
                "time": "19:30",
                "home_team": "Otelul Galati",
                "away_team": "Dinamo Bucuresti",
                "1_odd": 2.53,
                "draw_odd": 3.1,
                "2_odd": 2.89,
                "1X_odd": 1.4,
                "12_odd": 1.35,
                "X2_odd": 1.5,
                "both_score_odd": 1.98,
                "both_noscore_odd": 1.754,
                "over_0.5_odd": 1.049,
                "over_1.0_odd": 1.096,
                "over_1.5_odd": 1.45,
                "over_2.0_odd": 1.727,
                "over_2.5_odd": 2.26,
                "over_3.0_odd": 3.48,
                "over_3.5_odd": 4.2,
                "over_4.0_odd": 7.6,
                "over_4.5_odd": 8.3,
                "over_5.5_odd": 18,
                "over_6.5_odd": 50,
                "under_0.5_odd": 6.6,
                "under_1.0_odd": 5.55,
                "under_1.5_odd": 2.68,
                "under_2.0_odd": 1.95,
                "under_2.5_odd": 1.51,
                "under_3.0_odd": 1.222,
                "under_3.5_odd": 1.152,
                "under_4.0_odd": 1.027,
                "under_4.5_odd": 1.016,
                "under_5.5_odd": 1.01,
                "under_6.5_odd": 1.002,
                "over_0.75_odd": 1.069,
                "over_1.25_odd": 1.27,
                "over_1.75_odd": 1.54,
                "over_2.25_odd": 2,
                "over_2.75_odd": 2.66,
                "over_3.25_odd": 3.85,
                "over_3.75_odd": 5.3,
                "under_0.75_odd": 6.15,
                "under_1.25_odd": 3.34,
                "under_1.75_odd": 2.29,
                "under_2.25_odd": 1.67,
                "under_2.75_odd": 1.37,
                "under_3.25_odd": 1.182,
                "under_3.75_odd": 1.09,
                "home_handicap_-2.5_odd": 12.5,
                "home_handicap_-2.0_odd": 11,
                "home_handicap_-1.5_odd": 5.05,
                "home_handicap_-1.0_odd": 4.15,
                "home_handicap_0.0_odd": 1.77,
                "home_handicap_1.0_odd": 1.107,
                "home_handicap_1.5_odd": 1.067,
                "home_handicap_2.0_odd": 1.01,
                "away_handicap_2.5_odd": 1.01,
                "away_handicap_2.0_odd": 1.02,
                "away_handicap_1.5_odd": 1.102,
                "away_handicap_1.0_odd": 1.161,
                "away_handicap_0.0_odd": 2,
                "away_handicap_-1.0_odd": 5.05,
                "away_handicap_-1.5_odd": 5.95,
                "away_handicap_-2.0_odd": 13.5,
                "home_handicap_-1.75_odd": 6.65,
                "home_handicap_-1.25_odd": 4.6,
                "home_handicap_-0.75_odd": 2.91,
                "home_handicap_-0.25_odd": 2.05,
                "home_handicap_0.25_odd": 1.51,
                "home_handicap_0.75_odd": 1.25,
                "home_handicap_1.25_odd": 1.083,
                "home_handicap_1.75_odd": 1.022,
                "away_handicap_1.75_odd": 1.047,
                "away_handicap_1.25_odd": 1.126,
                "away_handicap_0.75_odd": 1.33,
                "away_handicap_0.25_odd": 1.66,
                "away_handicap_-0.25_odd": 2.34,
                "away_handicap_-0.75_odd": 3.38,
                "away_handicap_-1.25_odd": 5.5,
                "away_handicap_-1.75_odd": 7.9,
                "home_over_0.5_odd": 1.38,
                "home_over_1.0_odd": 1.8,
                "home_over_1.5_odd": 2.7,
                "home_over_2.0_odd": 5.7,
                "home_over_2.5_odd": 7.3,
                "home_under_0.5_odd": 2.9,
                "home_under_1.0_odd": 1.9,
                "home_under_1.5_odd": 1.43,
                "home_under_2.0_odd": 1.12,
                "home_under_2.5_odd": 1.07,
                "home_over_0.75_odd": 1.5,
                "home_over_1.25_odd": 2.27,
                "home_over_1.75_odd": 3.42,
                "home_over_2.25_odd": 6.5,
                "home_over_2.75_odd": 8.5,
                "home_under_0.75_odd": 2.41,
                "home_under_1.25_odd": 1.56,
                "home_under_1.75_odd": 1.25,
                "home_under_2.25_odd": 1.09,
                "home_under_2.75_odd": 1.012,
                "away_over_0.5_odd": 1.44,
                "away_over_1.0_odd": 1.97,
                "away_over_1.5_odd": 3,
                "away_over_2.0_odd": 6.8,
                "away_over_2.5_odd": 8.5,
                "away_under_0.5_odd": 2.65,
                "away_under_1.0_odd": 1.74,
                "away_under_1.5_odd": 1.36,
                "away_under_2.0_odd": 1.08,
                "away_under_2.5_odd": 1.05,
                "away_over_0.75_odd": 1.6,
                "away_over_1.25_odd": 2.52,
                "away_over_1.75_odd": 3.92,
                "away_over_2.25_odd": 7.7,
                "away_under_0.75_odd": 2.19,
                "away_under_1.25_odd": 1.46,
                "away_under_1.75_odd": 1.192,
                "away_under_2.25_odd": 1.06
            },
            {
                "match_id": 639122801,
                "date": "28/07/2025",
                "time": "17:00",
                "home_team": "Botosani",
                "away_team": "Unirea Slobozia",
                "1_odd": 1.92,
                "draw_odd": 3.4,
                "2_odd": 4.07,
                "1X_odd": 1.22,
                "12_odd": 1.3,
                "X2_odd": 1.86,
                "both_score_odd": 1.93,
                "both_noscore_odd": 1.796,
                "over_0.5_odd": 1.029,
                "over_1.0_odd": 1.056,
                "over_1.5_odd": 1.33,
                "over_2.0_odd": 1.57,
                "over_2.5_odd": 2.14,
                "over_3.0_odd": 2.99,
                "over_3.5_odd": 3.6,
                "over_4.0_odd": 6.35,
                "over_4.5_odd": 7,
                "over_5.0_odd": 11.5,
                "over_5.5_odd": 14.5,
                "over_6.5_odd": 41,
                "under_0.5_odd": 7.5,
                "under_1.0_odd": 6.3,
                "under_1.5_odd": 2.84,
                "under_2.0_odd": 2.2,
                "under_2.5_odd": 1.68,
                "under_3.0_odd": 1.32,
                "under_3.5_odd": 1.21,
                "under_4.0_odd": 1.055,
                "under_4.5_odd": 1.039,
                "under_5.0_odd": 1.02,
                "under_5.5_odd": 1.02,
                "under_6.5_odd": 1.004,
                "over_0.75_odd": 1.041,
                "over_1.25_odd": 1.192,
                "over_1.75_odd": 1.43,
                "over_2.25_odd": 1.84,
                "over_2.75_odd": 2.41,
                "over_3.25_odd": 3.35,
                "over_3.75_odd": 4.55,
                "over_4.25_odd": 6.65,
                "under_0.75_odd": 6.9,
                "under_1.25_odd": 3.75,
                "under_1.75_odd": 2.51,
                "under_2.25_odd": 1.85,
                "under_2.75_odd": 1.49,
                "under_3.25_odd": 1.25,
                "under_3.75_odd": 1.129,
                "under_4.25_odd": 1.047,
                "home_handicap_-2.5_odd": 6.95,
                "home_handicap_-2.0_odd": 6.15,
                "home_handicap_-1.5_odd": 3.38,
                "home_handicap_-1.0_odd": 2.72,
                "home_handicap_0.0_odd": 1.35,
                "home_handicap_1.0_odd": 1.025,
                "home_handicap_1.5_odd": 1.011,
                "away_handicap_2.5_odd": 1.04,
                "away_handicap_2.0_odd": 1.06,
                "away_handicap_1.5_odd": 1.25,
                "away_handicap_1.0_odd": 1.43,
                "away_handicap_0.0_odd": 2.77,
                "away_handicap_-1.0_odd": 7.7,
                "away_handicap_-1.5_odd": 8.6,
                "home_handicap_-2.25_odd": 6.55,
                "home_handicap_-1.75_odd": 4.3,
                "home_handicap_-1.25_odd": 3.06,
                "home_handicap_-0.75_odd": 2.1,
                "home_handicap_-0.25_odd": 1.59,
                "home_handicap_0.25_odd": 1.26,
                "home_handicap_0.75_odd": 1.112,
                "home_handicap_1.25_odd": 1.018,
                "away_handicap_2.25_odd": 1.049,
                "away_handicap_1.75_odd": 1.151,
                "away_handicap_1.25_odd": 1.31,
                "away_handicap_0.75_odd": 1.63,
                "away_handicap_0.25_odd": 2.14,
                "away_handicap_-0.25_odd": 3.2,
                "away_handicap_-0.75_odd": 4.85,
                "away_handicap_-1.25_odd": 8.1,
                "home_over_0.5_odd": 1.21,
                "home_over_1.0_odd": 1.4,
                "home_over_1.5_odd": 2.08,
                "home_over_2.0_odd": 3.4,
                "home_over_2.5_odd": 4.3,
                "home_over_3.0_odd": 8.6,
                "home_under_0.5_odd": 3.92,
                "home_under_1.0_odd": 2.68,
                "home_under_1.5_odd": 1.666,
                "home_under_2.0_odd": 1.26,
                "home_under_2.5_odd": 1.153,
                "home_under_3.0_odd": 1.011,
                "home_over_0.75_odd": 1.27,
                "home_over_1.25_odd": 1.75,
                "home_over_1.75_odd": 2.49,
                "home_over_2.25_odd": 3.88,
                "home_under_0.75_odd": 3.28,
                "home_under_1.25_odd": 1.96,
                "home_under_1.75_odd": 1.47,
                "home_under_2.25_odd": 1.196,
                "away_over_0.5_odd": 1.54,
                "away_over_1.0_odd": 2.41,
                "away_over_1.5_odd": 3.56,
                "away_over_2.0_odd": 8.3,
                "away_over_2.5_odd": 9.2,
                "away_under_0.5_odd": 2.32,
                "away_under_1.0_odd": 1.5,
                "away_under_1.5_odd": 1.24,
                "away_under_2.0_odd": 1.021,
                "away_under_2.5_odd": 1.003,
                "away_over_0.75_odd": 1.79,
                "away_over_1.25_odd": 3.04,
                "away_over_1.75_odd": 4.9,
                "away_under_0.75_odd": 1.92,
                "away_under_1.25_odd": 1.33,
                "away_under_1.75_odd": 1.126
            },
            {
                "match_id": 638989685,
                "date": "28/07/2025",
                "time": "19:30",
                "home_team": "CS Universitatea Craiova",
                "away_team": "Universitatea Cluj",
                "1_odd": 2.04,
                "draw_odd": 3.54,
                "2_odd": 3.465,
                "1X_odd": 1.29,
                "12_odd": 1.28,
                "X2_odd": 1.76,
                "both_score_odd": 1.71,
                "both_noscore_odd": 2.04,
                "over_0.5_odd": 1.003,
                "over_1.0_odd": 1.004,
                "over_1.5_odd": 1.23,
                "over_2.0_odd": 1.39,
                "over_2.5_odd": 1.87,
                "over_3.0_odd": 2.46,
                "over_3.5_odd": 3.1,
                "over_4.0_odd": 5.25,
                "over_4.5_odd": 6.05,
                "over_5.0_odd": 9.1,
                "over_5.5_odd": 11.5,
                "over_6.5_odd": 26,
                "over_7.5_odd": 50,
                "under_0.5_odd": 11.9,
                "under_1.0_odd": 9.1,
                "under_1.5_odd": 3.44,
                "under_2.0_odd": 2.68,
                "under_2.5_odd": 1.9,
                "under_3.0_odd": 1.46,
                "under_3.5_odd": 1.28,
                "under_4.0_odd": 1.093,
                "under_4.5_odd": 1.064,
                "under_5.0_odd": 1.04,
                "under_5.5_odd": 1.02,
                "under_6.5_odd": 1.01,
                "under_7.5_odd": 1.002,
                "over_1.25_odd": 1.113,
                "over_1.75_odd": 1.29,
                "over_2.25_odd": 1.61,
                "over_2.75_odd": 2.07,
                "over_3.25_odd": 2.76,
                "over_3.75_odd": 3.82,
                "over_4.25_odd": 5.65,
                "over_4.75_odd": 7.8,
                "under_1.25_odd": 4.85,
                "under_1.75_odd": 3.1,
                "under_2.25_odd": 2.15,
                "under_2.75_odd": 1.66,
                "under_3.25_odd": 1.36,
                "under_3.75_odd": 1.186,
                "under_4.25_odd": 1.077,
                "under_4.75_odd": 1.023,
                "home_handicap_-2.5_odd": 8.3,
                "home_handicap_-2.0_odd": 7.3,
                "home_handicap_-1.5_odd": 3.72,
                "home_handicap_-1.0_odd": 3.02,
                "home_handicap_0.0_odd": 1.444,
                "home_handicap_1.0_odd": 1.049,
                "home_handicap_1.5_odd": 1.026,
                "away_handicap_2.5_odd": 1.016,
                "away_handicap_2.0_odd": 1.033,
                "away_handicap_1.5_odd": 1.21,
                "away_handicap_1.0_odd": 1.36,
                "away_handicap_0.0_odd": 2.44,
                "away_handicap_-1.0_odd": 6.55,
                "away_handicap_-1.5_odd": 7.7,
                "home_handicap_-2.25_odd": 7.8,
                "home_handicap_-1.75_odd": 4.85,
                "home_handicap_-1.25_odd": 3.38,
                "home_handicap_-0.75_odd": 2.29,
                "home_handicap_-0.25_odd": 1.7,
                "home_handicap_0.25_odd": 1.33,
                "home_handicap_0.75_odd": 1.152,
                "home_handicap_1.25_odd": 1.036,
                "away_handicap_2.25_odd": 1.024,
                "away_handicap_1.75_odd": 1.118,
                "away_handicap_1.25_odd": 1.26,
                "away_handicap_0.75_odd": 1.533,
                "away_handicap_0.25_odd": 1.97,
                "away_handicap_-0.25_odd": 2.83,
                "away_handicap_-0.75_odd": 4.2,
                "away_handicap_-1.25_odd": 7.1,
                "home_over_0.5_odd": 1.177,
                "home_over_1.0_odd": 1.35,
                "home_over_1.5_odd": 1.99,
                "home_over_2.0_odd": 3.26,
                "home_over_2.5_odd": 4.25,
                "home_over_3.0_odd": 9.2,
                "home_under_0.5_odd": 4.3,
                "home_under_1.0_odd": 2.88,
                "home_under_1.5_odd": 1.727,
                "home_under_2.0_odd": 1.28,
                "home_under_2.5_odd": 1.157,
                "home_under_3.0_odd": 1.003,
                "home_over_0.75_odd": 1.23,
                "home_over_1.25_odd": 1.68,
                "home_over_1.75_odd": 2.39,
                "home_over_2.25_odd": 3.74,
                "home_under_0.75_odd": 3.56,
                "home_under_1.25_odd": 2.06,
                "home_under_1.75_odd": 1.51,
                "home_under_2.25_odd": 1.21,
                "away_over_0.5_odd": 1.37,
                "away_over_1.0_odd": 1.86,
                "away_over_1.5_odd": 2.84,
                "away_over_2.0_odd": 6.25,
                "away_over_2.5_odd": 7.6,
                "away_under_0.5_odd": 2.84,
                "away_under_1.0_odd": 1.84,
                "away_under_1.5_odd": 1.36,
                "away_under_2.0_odd": 1.064,
                "away_under_2.5_odd": 1.027,
                "away_over_0.75_odd": 1.53,
                "away_over_1.25_odd": 2.39,
                "away_over_1.75_odd": 3.74,
                "away_over_2.25_odd": 6.5,
                "away_under_0.75_odd": 2.34,
                "away_under_1.25_odd": 1.51,
                "away_under_1.75_odd": 1.21,
                "away_under_2.25_odd": 1.09
            },
            {
                "match_id": 639022344,
                "date": "01/08/2025",
                "time": "17:00",
                "home_team": "Farul Constanta",
                "away_team": "CS Metaloglobus Bucuresti",
                "1_odd": 1.49,
                "draw_odd": 3.85,
                "2_odd": 6.88,
                "both_score_odd": 2.179,
                "both_noscore_odd": 1.679,
                "over_1.5_odd": 1.3,
                "over_2.5_odd": 1.96,
                "over_3.5_odd": 3.3,
                "over_4.5_odd": 6.15,
                "under_1.5_odd": 3,
                "under_2.5_odd": 1.75,
                "under_3.5_odd": 1.27,
                "under_4.5_odd": 1.09,
                "home_handicap_-2.5_odd": 4.25,
                "home_handicap_-1.5_odd": 2.31,
                "home_handicap_0.0_odd": 1.15,
                "away_handicap_2.5_odd": 1.17,
                "away_handicap_1.5_odd": 1.51,
                "away_handicap_0.0_odd": 4.55,
                "home_over_1.5_odd": 1.69,
                "home_under_1.5_odd": 2.04,
                "away_over_0.5_odd": 1.83,
                "away_under_0.5_odd": 1.87
            },
            {
                "match_id": 639022343,
                "date": "01/08/2025",
                "time": "19:30",
                "home_team": "Petrolul Ploiesti",
                "away_team": "UTA Arad",
                "1_odd": 2.34,
                "draw_odd": 3.05,
                "2_odd": 3.12,
                "home_handicap_0.0_odd": 1.62,
                "away_handicap_0.0_odd": 2.11
            },
            {
                "match_id": 639022341,
                "date": "02/08/2025",
                "time": "16:30",
                "home_team": "Arges Pitesti",
                "away_team": "Csikszereda Miercurea Ciuc",
                "1_odd": 2.39,
                "draw_odd": 3.05,
                "2_odd": 3.025,
                "home_handicap_0.0_odd": 1.65,
                "away_handicap_0.0_odd": 2.06
            },
            {
                "match_id": 638996017,
                "date": "02/08/2025",
                "time": "19:30",
                "home_team": "Dinamo Bucuresti",
                "away_team": "FCSB",
                "1_odd": 3.8,
                "draw_odd": 3.45,
                "2_odd": 1.97,
                "1X_odd": 1.82,
                "12_odd": 1.3,
                "X2_odd": 1.25,
                "both_score_odd": 1.86,
                "both_noscore_odd": 1.861,
                "over_0.5_odd": 1.005,
                "over_1.0_odd": 1.029,
                "over_1.5_odd": 1.3,
                "over_2.0_odd": 1.52,
                "over_2.5_odd": 2.08,
                "over_3.0_odd": 2.94,
                "over_3.5_odd": 3.6,
                "over_4.0_odd": 6.6,
                "over_4.5_odd": 7.5,
                "over_5.0_odd": 11.5,
                "under_0.5_odd": 9,
                "under_1.0_odd": 7.5,
                "under_1.5_odd": 2.98,
                "under_2.0_odd": 2.3,
                "under_2.5_odd": 1.72,
                "under_3.0_odd": 1.33,
                "under_3.5_odd": 1.21,
                "under_4.0_odd": 1.048,
                "under_4.5_odd": 1.029,
                "under_5.0_odd": 1.02,
                "over_0.75_odd": 1.015,
                "over_1.25_odd": 1.161,
                "over_1.75_odd": 1.39,
                "over_2.25_odd": 1.79,
                "over_2.75_odd": 2.36,
                "over_3.25_odd": 3.28,
                "over_3.75_odd": 4.65,
                "over_4.25_odd": 7.1,
                "under_0.75_odd": 8.3,
                "under_1.25_odd": 4.1,
                "under_1.75_odd": 2.64,
                "under_2.25_odd": 1.9,
                "under_2.75_odd": 1.51,
                "under_3.25_odd": 1.26,
                "under_3.75_odd": 1.125,
                "under_4.25_odd": 1.038,
                "home_handicap_-1.5_odd": 9.1,
                "home_handicap_-1.0_odd": 7.9,
                "home_handicap_0.0_odd": 2.76,
                "home_handicap_1.0_odd": 1.35,
                "home_handicap_1.5_odd": 1.21,
                "home_handicap_2.0_odd": 1.035,
                "home_handicap_2.5_odd": 1.017,
                "away_handicap_1.5_odd": 1.004,
                "away_handicap_1.0_odd": 1.025,
                "away_handicap_0.0_odd": 1.42,
                "away_handicap_-1.0_odd": 2.77,
                "away_handicap_-1.5_odd": 3.58,
                "away_handicap_-2.0_odd": 7.2,
                "away_handicap_-2.5_odd": 8.2,
                "home_handicap_-1.25_odd": 8.5,
                "home_handicap_-0.75_odd": 4.85,
                "home_handicap_-0.25_odd": 3.18,
                "home_handicap_0.25_odd": 2.09,
                "home_handicap_0.75_odd": 1.57,
                "home_handicap_1.25_odd": 1.26,
                "home_handicap_1.75_odd": 1.12,
                "home_handicap_2.25_odd": 1.025,
                "away_handicap_1.25_odd": 1.012,
                "away_handicap_0.75_odd": 1.125,
                "away_handicap_0.25_odd": 1.29,
                "away_handicap_-0.25_odd": 1.64,
                "away_handicap_-0.75_odd": 2.18,
                "away_handicap_-1.25_odd": 3.2,
                "away_handicap_-1.75_odd": 4.7,
                "away_handicap_-2.25_odd": 7.7,
                "home_over_0.5_odd": 1.51,
                "home_over_1.0_odd": 2.17,
                "home_over_1.5_odd": 3.3,
                "home_over_2.0_odd": 8.1,
                "home_over_2.5_odd": 10,
                "home_under_0.5_odd": 2.46,
                "home_under_1.0_odd": 1.61,
                "home_under_1.5_odd": 1.31,
                "home_under_2.0_odd": 1.06,
                "home_under_2.5_odd": 1.03,
                "home_over_0.75_odd": 1.7,
                "home_over_1.25_odd": 2.84,
                "home_over_1.75_odd": 4.7,
                "home_over_2.25_odd": 9.1,
                "home_under_0.75_odd": 2.03,
                "home_under_1.25_odd": 1.37,
                "home_under_1.75_odd": 1.136,
                "home_under_2.25_odd": 1.04,
                "away_over_0.5_odd": 1.23,
                "away_over_1.0_odd": 1.44,
                "away_over_1.5_odd": 2.12,
                "away_over_2.5_odd": 4.8,
                "away_over_3.5_odd": 12,
                "away_under_0.5_odd": 3.9,
                "away_under_1.0_odd": 2.6,
                "away_under_1.5_odd": 1.67,
                "away_under_2.5_odd": 1.16,
                "away_under_3.5_odd": 1.01,
                "away_over_0.75_odd": 1.26,
                "away_over_1.25_odd": 1.75,
                "away_over_1.75_odd": 2.52,
                "away_over_2.25_odd": 4.1,
                "away_under_0.75_odd": 3.34,
                "away_under_1.25_odd": 1.96,
                "away_under_1.75_odd": 1.46,
                "away_under_2.25_odd": 1.178
            },
            {
                "match_id": 639022340,
                "date": "03/08/2025",
                "time": "16:30",
                "home_team": "Hermannstadt",
                "away_team": "Universitatea Cluj",
                "1_odd": 2.7,
                "draw_odd": 3.05,
                "2_odd": 2.6,
                "home_handicap_0.0_odd": 1.9,
                "away_handicap_0.0_odd": 1.8
            },
            {
                "match_id": 639022342,
                "date": "03/08/2025",
                "time": "19:30",
                "home_team": "CFR Cluj",
                "away_team": "CS Universitatea Craiova",
                "1_odd": 2.21,
                "draw_odd": 3.05,
                "2_odd": 3.375,
                "home_handicap_0.0_odd": 1.53,
                "away_handicap_0.0_odd": 2.29
            },
            {
                "match_id": 639022345,
                "date": "04/08/2025",
                "time": "17:00",
                "home_team": "Unirea Slobozia",
                "away_team": "Otelul Galati",
                "1_odd": 2.5,
                "draw_odd": 3.05,
                "2_odd": 2.8,
                "home_handicap_0.0_odd": 1.76,
                "away_handicap_0.0_odd": 1.95
            },
            {
                "match_id": 639122107,
                "date": "04/08/2025",
                "time": "19:30",
                "home_team": "Rapid Bucuresti",
                "away_team": "Botosani",
                "1_odd": 1.63,
                "draw_odd": 3.65,
                "2_odd": 5.52,
                "home_handicap_0.0_odd": 1.21,
                "away_handicap_0.0_odd": 3.8
            }
        ]
    }
]