[
    {
        "last_updated": "2025-07-24T20:45:27.778565+01:00"
    },
    {
        "tournament_id": 831037,
        "tournament_name": "Premier League",
        "matches": [
            {
                "match_id": 639712939,
                "date": "25/07/2025",
                "time": "17:15",
                "home_team": "Bhantal",
                "away_team": "Wilberforce Strikers",
                "1_odd": 1.78,
                "draw_odd": 3.125,
                "2_odd": 4.595,
                "1X_odd": 1.128,
                "12_odd": 1.27,
                "X2_odd": 1.85,
                "both_score_odd": 2.35,
                "both_noscore_odd": 1.518,
                "over_0.5_odd": 1.051,
                "over_1.0_odd": 1.107,
                "over_1.5_odd": 1.53,
                "over_2.0_odd": 1.94,
                "over_2.5_odd": 2.59,
                "over_3.0_odd": 4.55,
                "over_3.5_odd": 5.45,
                "under_0.5_odd": 6.5,
                "under_1.0_odd": 4.95,
                "under_1.5_odd": 2.32,
                "under_2.0_odd": 1.7,
                "under_2.5_odd": 1.39,
                "under_3.0_odd": 1.13,
                "under_3.5_odd": 1.084,
                "over_0.75_odd": 1.074,
                "over_1.25_odd": 1.31,
                "over_1.75_odd": 1.66,
                "over_2.25_odd": 2.28,
                "over_2.75_odd": 3.2,
                "under_0.75_odd": 5.75,
                "under_1.25_odd": 2.92,
                "under_1.75_odd": 1.99,
                "under_2.25_odd": 1.5,
                "under_2.75_odd": 1.26,
                "home_handicap_-2.5_odd": 8.6,
                "home_handicap_-2.0_odd": 7.6,
                "home_handicap_-1.5_odd": 3.65,
                "home_handicap_-1.0_odd": 2.73,
                "home_handicap_0.0_odd": 1.28,
                "home_handicap_1.5_odd": 1.03,
                "away_handicap_2.5_odd": 1.011,
                "away_handicap_2.0_odd": 1.034,
                "away_handicap_1.5_odd": 1.23,
                "away_handicap_1.0_odd": 1.4,
                "away_handicap_0.0_odd": 3.22,
                "away_handicap_-1.5_odd": 9.5,
                "home_handicap_-1.75_odd": 4.8,
                "home_handicap_-1.25_odd": 3.22,
                "home_handicap_-0.75_odd": 2.09,
                "home_handicap_-0.25_odd": 1.533,
                "home_handicap_0.25_odd": 1.194,
                "away_handicap_1.75_odd": 1.13,
                "away_handicap_1.25_odd": 1.3,
                "away_handicap_0.75_odd": 1.66,
                "away_handicap_0.25_odd": 2.3,
                "away_handicap_-0.25_odd": 3.82,
                "home_over_0.5_odd": 1.25,
                "home_over_1.0_odd": 1.53,
                "home_over_1.5_odd": 2.31,
                "home_over_2.0_odd": 4.4,
                "home_under_0.5_odd": 3.42,
                "home_under_1.0_odd": 2.28,
                "home_under_1.5_odd": 1.5,
                "home_under_2.0_odd": 1.141,
                "away_over_0.5_odd": 1.78,
                "away_over_1.0_odd": 3.48,
                "away_over_1.5_odd": 5.25,
                "away_under_0.5_odd": 1.88,
                "away_under_1.0_odd": 1.24,
                "away_under_1.5_odd": 1.1
            },
            {
                "match_id": 639712936,
                "date": "25/07/2025",
                "time": "17:15",
                "home_team": "Luawa",
                "away_team": "Bullom Stars",
                "1_odd": 2.17,
                "draw_odd": 2.94,
                "2_odd": 3.35,
                "1X_odd": 1.25,
                "12_odd": 1.31,
                "X2_odd": 1.56,
                "both_score_odd": 2.16,
                "both_noscore_odd": 1.61,
                "over_0.5_odd": 1.059,
                "over_1.0_odd": 1.113,
                "over_1.5_odd": 1.52,
                "over_2.0_odd": 1.9,
                "over_2.5_odd": 2.56,
                "over_3.0_odd": 4.3,
                "over_3.5_odd": 5.1,
                "under_0.5_odd": 6.2,
                "under_1.0_odd": 4.85,
                "under_1.5_odd": 2.35,
                "under_2.0_odd": 1.727,
                "under_2.5_odd": 1.4,
                "under_3.0_odd": 1.147,
                "under_3.5_odd": 1.099,
                "over_0.75_odd": 1.082,
                "over_1.25_odd": 1.31,
                "over_1.75_odd": 1.64,
                "over_2.25_odd": 2.24,
                "over_2.75_odd": 3.08,
                "under_0.75_odd": 5.5,
                "under_1.25_odd": 2.92,
                "under_1.75_odd": 2.02,
                "under_2.25_odd": 1.52,
                "under_2.75_odd": 1.28,
                "home_handicap_-2.5_odd": 10.5,
                "home_handicap_-1.5_odd": 4.6,
                "home_handicap_-1.0_odd": 3.66,
                "home_handicap_0.0_odd": 1.53,
                "home_handicap_1.0_odd": 1.05,
                "home_handicap_1.5_odd": 1.019,
                "away_handicap_2.5_odd": 1.01,
                "away_handicap_1.5_odd": 1.126,
                "away_handicap_1.0_odd": 1.22,
                "away_handicap_0.0_odd": 2.34,
                "away_handicap_-1.0_odd": 7.1,
                "away_handicap_-1.5_odd": 8.1,
                "home_handicap_-1.25_odd": 4.15,
                "home_handicap_-0.75_odd": 2.61,
                "home_handicap_-0.25_odd": 1.85,
                "home_handicap_0.25_odd": 1.38,
                "home_handicap_0.75_odd": 1.168,
                "away_handicap_1.25_odd": 1.165,
                "away_handicap_0.75_odd": 1.42,
                "away_handicap_0.25_odd": 1.85,
                "away_handicap_-0.25_odd": 2.81,
                "away_handicap_-0.75_odd": 4.33,
                "home_over_0.5_odd": 1.33,
                "home_over_1.0_odd": 1.75,
                "home_over_1.5_odd": 2.67,
                "home_over_2.0_odd": 5.45,
                "home_under_0.5_odd": 2.93,
                "home_under_1.0_odd": 1.92,
                "home_under_1.5_odd": 1.38,
                "home_under_2.0_odd": 1.085,
                "away_over_0.5_odd": 1.56,
                "away_over_1.0_odd": 2.51,
                "away_over_1.5_odd": 3.82,
                "away_under_0.5_odd": 2.21,
                "away_under_1.0_odd": 1.44,
                "away_under_1.5_odd": 1.194
            }
        ]
    }
]