[
    {
        "last_updated": "2025-07-24T20:45:28.620342+01:00"
    },
    {
        "tournament_id": 2103539,
        "tournament_name": "League 1. Statistics Round",
        "matches": [
            {
                "match_id": 639045459,
                "date": "26/07/2025",
                "time": "16:30",
                "home_team": "Home",
                "away_team": "Away",
                "1_odd": 1.55,
                "draw_odd": 8,
                "2_odd": 3.275,
                "1X_odd": 1.3,
                "12_odd": 1.05,
                "X2_odd": 2.35,
                "over_12.5_odd": 1.19,
                "over_13.5_odd": 1.33,
                "over_14.5_odd": 1.5,
                "over_15.5_odd": 1.75,
                "over_16.5_odd": 2.1,
                "over_17.5_odd": 2.65,
                "over_18.5_odd": 3.3,
                "under_12.5_odd": 4.2,
                "under_13.5_odd": 3,
                "under_14.5_odd": 2.4,
                "under_15.5_odd": 1.95,
                "under_16.5_odd": 1.65,
                "under_17.5_odd": 1.43,
                "under_18.5_odd": 1.28,
                "home_handicap_-5.5_odd": 4.9,
                "home_handicap_-4.5_odd": 3.55,
                "home_handicap_-3.5_odd": 2.8,
                "home_handicap_-2.5_odd": 2.23,
                "home_handicap_-1.5_odd": 1.83,
                "home_handicap_1.5_odd": 1.22,
                "home_handicap_2.5_odd": 1.13,
                "away_handicap_5.5_odd": 1.14,
                "away_handicap_4.5_odd": 1.25,
                "away_handicap_3.5_odd": 1.38,
                "away_handicap_2.5_odd": 1.58,
                "away_handicap_1.5_odd": 1.87,
                "away_handicap_-1.5_odd": 3.8,
                "away_handicap_-2.5_odd": 5.1,
                "home_over_7.5_odd": 1.46,
                "home_over_8.5_odd": 1.83,
                "home_over_9.5_odd": 2.4,
                "home_under_7.5_odd": 2.52,
                "home_under_8.5_odd": 1.87,
                "home_under_9.5_odd": 1.5,
                "away_over_6.5_odd": 1.62,
                "away_over_7.5_odd": 2.1,
                "away_over_8.5_odd": 2.9,
                "away_under_6.5_odd": 2.15,
                "away_under_7.5_odd": 1.65,
                "away_under_8.5_odd": 1.35
            }
        ]
    },
    {
        "tournament_id": 30049,
        "tournament_name": "League 1",
        "matches": [
            {
                "match_id": 638788927,
                "date": "26/07/2025",
                "time": "16:30",
                "home_team": "NK Bravo",
                "away_team": "Mura",
                "1_odd": 1.68,
                "draw_odd": 3.68,
                "2_odd": 4.65,
                "1X_odd": 1.144,
                "12_odd": 1.23,
                "X2_odd": 2.06,
                "both_score_odd": 1.83,
                "both_noscore_odd": 1.857,
                "over_0.5_odd": 1.008,
                "over_1.0_odd": 1.025,
                "over_1.5_odd": 1.26,
                "over_2.0_odd": 1.41,
                "over_2.5_odd": 1.88,
                "over_3.0_odd": 2.49,
                "over_3.5_odd": 3.08,
                "over_4.0_odd": 5.1,
                "over_4.5_odd": 5.75,
                "over_5.0_odd": 10,
                "over_5.5_odd": 12.5,
                "over_6.5_odd": 15,
                "over_7.5_odd": 21,
                "under_0.5_odd": 8.8,
                "under_1.0_odd": 7.7,
                "under_1.5_odd": 3.22,
                "under_2.0_odd": 2.52,
                "under_2.5_odd": 1.833,
                "under_3.0_odd": 1.42,
                "under_3.5_odd": 1.28,
                "under_4.0_odd": 1.099,
                "under_4.5_odd": 1.073,
                "under_5.0_odd": 1.03,
                "under_5.5_odd": 1.01,
                "under_6.5_odd": 1.01,
                "under_7.5_odd": 1.002,
                "over_0.75_odd": 1.015,
                "over_1.25_odd": 1.138,
                "over_1.75_odd": 1.32,
                "over_2.25_odd": 1.63,
                "over_2.75_odd": 2.08,
                "over_3.25_odd": 2.78,
                "over_3.75_odd": 3.8,
                "over_4.25_odd": 5.45,
                "under_0.75_odd": 8.3,
                "under_1.25_odd": 4.4,
                "under_1.75_odd": 2.875,
                "under_2.25_odd": 2.05,
                "under_2.75_odd": 1.61,
                "under_3.25_odd": 1.34,
                "under_3.75_odd": 1.188,
                "under_4.25_odd": 1.085,
                "home_handicap_-3.5_odd": 12,
                "home_handicap_-3.0_odd": 11,
                "home_handicap_-2.5_odd": 5.45,
                "home_handicap_-2.0_odd": 4.7,
                "home_handicap_-1.5_odd": 2.78,
                "home_handicap_-1.0_odd": 2.19,
                "home_handicap_0.0_odd": 1.24,
                "home_handicap_1.0_odd": 1.007,
                "home_handicap_1.5_odd": 1.03,
                "away_handicap_3.5_odd": 1.01,
                "away_handicap_3.0_odd": 1.02,
                "away_handicap_2.5_odd": 1.084,
                "away_handicap_2.0_odd": 1.12,
                "away_handicap_1.5_odd": 1.34,
                "away_handicap_1.0_odd": 1.61,
                "away_handicap_0.0_odd": 3.34,
                "away_handicap_-1.0_odd": 8.9,
                "away_handicap_-1.5_odd": 10.5,
                "home_handicap_-2.75_odd": 7,
                "home_handicap_-2.25_odd": 5.1,
                "home_handicap_-1.75_odd": 3.42,
                "home_handicap_-1.25_odd": 2.46,
                "home_handicap_-0.75_odd": 1.81,
                "home_handicap_-0.25_odd": 1.43,
                "home_handicap_0.25_odd": 1.186,
                "home_handicap_0.75_odd": 1.078,
                "away_handicap_2.75_odd": 1.039,
                "away_handicap_2.25_odd": 1.1,
                "away_handicap_1.75_odd": 1.23,
                "away_handicap_1.25_odd": 1.44,
                "away_handicap_0.75_odd": 1.82,
                "away_handicap_0.25_odd": 2.46,
                "away_handicap_-0.25_odd": 3.82,
                "away_handicap_-0.75_odd": 5.65,
                "home_over_0.5_odd": 1.15,
                "home_over_1.5_odd": 1.78,
                "home_over_2.0_odd": 2.6,
                "home_over_2.5_odd": 3.5,
                "home_over_3.5_odd": 8,
                "home_under_0.5_odd": 5,
                "home_under_1.5_odd": 1.97,
                "home_under_2.0_odd": 1.46,
                "home_under_2.5_odd": 1.28,
                "home_under_3.5_odd": 1.06,
                "home_over_1.25_odd": 1.52,
                "home_over_1.75_odd": 2.05,
                "home_over_2.25_odd": 3,
                "home_under_1.25_odd": 2.3,
                "home_under_1.75_odd": 1.65,
                "home_under_2.25_odd": 1.35,
                "away_over_0.5_odd": 1.55,
                "away_over_1.0_odd": 2.3,
                "away_over_1.5_odd": 3.5,
                "away_over_2.0_odd": 8.9,
                "away_over_2.5_odd": 11,
                "away_under_0.5_odd": 2.35,
                "away_under_1.0_odd": 1.54,
                "away_under_1.5_odd": 1.28,
                "away_under_2.0_odd": 1.05,
                "away_under_2.5_odd": 1.02,
                "away_over_0.75_odd": 1.8,
                "away_over_1.25_odd": 3.04,
                "away_over_1.75_odd": 4.8,
                "away_over_2.25_odd": 9.9,
                "away_under_0.75_odd": 1.86,
                "away_under_1.25_odd": 1.31,
                "away_under_1.75_odd": 1.17,
                "away_under_2.25_odd": 1.03
            },
            {
                "match_id": 638788930,
                "date": "26/07/2025",
                "time": "19:15",
                "home_team": "NK Aluminij",
                "away_team": "Olimpija Ljubljana",
                "1_odd": 6.65,
                "draw_odd": 4.3,
                "2_odd": 1.43,
                "1X_odd": 2.6,
                "12_odd": 1.168,
                "X2_odd": 1.068,
                "both_score_odd": 1.92,
                "both_noscore_odd": 1.774,
                "over_0.5_odd": 1.003,
                "over_1.0_odd": 1.004,
                "over_1.5_odd": 1.21,
                "over_2.0_odd": 1.34,
                "over_2.5_odd": 1.78,
                "over_3.0_odd": 2.28,
                "over_3.5_odd": 2.875,
                "over_4.0_odd": 4.7,
                "over_4.5_odd": 5.4,
                "over_5.0_odd": 9.6,
                "over_5.5_odd": 12,
                "over_6.5_odd": 15,
                "over_7.5_odd": 21,
                "under_0.5_odd": 12.4,
                "under_1.0_odd": 9.1,
                "under_1.5_odd": 3.58,
                "under_2.0_odd": 2.78,
                "under_2.5_odd": 1.94,
                "under_3.0_odd": 1.5,
                "under_3.5_odd": 1.32,
                "under_4.0_odd": 1.121,
                "under_4.5_odd": 1.087,
                "under_5.0_odd": 1.04,
                "under_5.5_odd": 1.01,
                "under_6.5_odd": 1.01,
                "under_7.5_odd": 1.002,
                "over_1.25_odd": 1.107,
                "over_1.75_odd": 1.26,
                "over_2.25_odd": 1.54,
                "over_2.75_odd": 1.94,
                "over_3.25_odd": 2.59,
                "over_3.75_odd": 3.5,
                "over_4.25_odd": 5.05,
                "over_4.75_odd": 6.85,
                "under_1.25_odd": 4.95,
                "under_1.75_odd": 3.22,
                "under_2.25_odd": 2.21,
                "under_2.75_odd": 1.7,
                "under_3.25_odd": 1.39,
                "under_3.75_odd": 1.22,
                "under_4.25_odd": 1.102,
                "under_4.75_odd": 1.042,
                "home_handicap_-1.0_odd": 13.5,
                "home_handicap_0.0_odd": 4.9,
                "home_handicap_1.0_odd": 1.95,
                "home_handicap_1.5_odd": 1.56,
                "home_handicap_2.0_odd": 1.24,
                "home_handicap_2.5_odd": 1.158,
                "home_handicap_3.0_odd": 1.026,
                "home_handicap_3.5_odd": 1.014,
                "away_handicap_1.0_odd": 1.01,
                "away_handicap_0.0_odd": 1.11,
                "away_handicap_-1.0_odd": 1.69,
                "away_handicap_-1.5_odd": 2.29,
                "away_handicap_-2.0_odd": 3.34,
                "away_handicap_-2.5_odd": 4.15,
                "away_handicap_-3.0_odd": 7.7,
                "away_handicap_-3.5_odd": 8.4,
                "home_handicap_-0.25_odd": 5.45,
                "home_handicap_0.25_odd": 3.22,
                "home_handicap_0.75_odd": 2.26,
                "home_handicap_1.25_odd": 1.69,
                "home_handicap_1.75_odd": 1.39,
                "home_handicap_2.25_odd": 1.19,
                "home_handicap_2.75_odd": 1.092,
                "home_handicap_3.25_odd": 1.02,
                "away_handicap_0.25_odd": 1.085,
                "away_handicap_-0.25_odd": 1.26,
                "away_handicap_-0.75_odd": 1.51,
                "away_handicap_-1.25_odd": 1.96,
                "away_handicap_-1.75_odd": 2.62,
                "away_handicap_-2.25_odd": 3.78,
                "away_handicap_-2.75_odd": 5.3,
                "away_handicap_-3.25_odd": 8,
                "home_over_0.5_odd": 1.727,
                "home_over_1.5_odd": 4.5,
                "home_over_2.5_odd": 10,
                "home_over_3.5_odd": 21,
                "home_under_0.5_odd": 2,
                "home_under_1.5_odd": 1.167,
                "home_under_2.5_odd": 1.03,
                "home_under_3.5_odd": 1.002,
                "home_over_0.75_odd": 2.04,
                "home_over_1.25_odd": 3.84,
                "home_over_1.75_odd": 6.4,
                "home_under_0.75_odd": 1.66,
                "home_under_1.25_odd": 1.2,
                "home_under_1.75_odd": 1.09,
                "away_over_0.5_odd": 1.125,
                "away_over_1.5_odd": 1.615,
                "away_over_2.5_odd": 3,
                "away_over_3.5_odd": 5.5,
                "away_over_4.5_odd": 10,
                "away_over_5.5_odd": 17,
                "away_under_0.5_odd": 5.5,
                "away_under_1.5_odd": 2.2,
                "away_under_2.5_odd": 1.364,
                "away_under_3.5_odd": 1.125,
                "away_under_4.5_odd": 1.03,
                "away_under_5.5_odd": 1.005,
                "away_over_1.75_odd": 1.75,
                "away_over_2.25_odd": 2.42,
                "away_under_1.75_odd": 1.92,
                "away_under_2.25_odd": 1.47
            },
            {
                "match_id": 638789593,
                "date": "27/07/2025",
                "time": "19:15",
                "home_team": "Celje",
                "away_team": "NK Radomlje",
                "1_odd": 1.23,
                "draw_odd": 6,
                "2_odd": 9.75,
                "1X_odd": 1.015,
                "12_odd": 1.085,
                "X2_odd": 3.72,
                "both_score_odd": 1.58,
                "both_noscore_odd": 2.208,
                "over_0.5_odd": 1.01,
                "over_1.0_odd": 1.02,
                "over_1.5_odd": 1.031,
                "over_2.0_odd": 1.055,
                "over_2.5_odd": 1.25,
                "over_3.0_odd": 1.37,
                "over_3.5_odd": 1.74,
                "over_4.0_odd": 2.12,
                "over_4.5_odd": 2.59,
                "over_5.0_odd": 3.82,
                "over_5.5_odd": 4.4,
                "over_6.0_odd": 7.4,
                "over_6.5_odd": 7.5,
                "over_7.5_odd": 10.5,
                "over_8.5_odd": 17,
                "over_9.5_odd": 21,
                "under_0.5_odd": 27,
                "under_1.0_odd": 18,
                "under_1.5_odd": 7.4,
                "under_2.0_odd": 6.35,
                "under_2.5_odd": 3.28,
                "under_3.0_odd": 2.66,
                "under_3.5_odd": 1.98,
                "under_4.0_odd": 1.58,
                "under_4.5_odd": 1.39,
                "under_5.0_odd": 1.186,
                "under_5.5_odd": 1.138,
                "under_6.0_odd": 1.031,
                "under_6.5_odd": 1.071,
                "under_7.5_odd": 1.025,
                "under_8.5_odd": 1.005,
                "under_9.5_odd": 1.002,
                "over_1.75_odd": 1.042,
                "over_2.25_odd": 1.152,
                "over_2.75_odd": 1.3,
                "over_3.25_odd": 1.54,
                "over_3.75_odd": 1.86,
                "over_4.25_odd": 2.35,
                "over_4.75_odd": 3.04,
                "over_5.25_odd": 4.1,
                "under_1.75_odd": 6.85,
                "under_2.25_odd": 4.2,
                "under_2.75_odd": 2.97,
                "under_3.25_odd": 2.21,
                "under_3.75_odd": 1.77,
                "under_4.25_odd": 1.47,
                "under_4.75_odd": 1.29,
                "under_5.25_odd": 1.16,
                "home_handicap_-4.5_odd": 7.9,
                "home_handicap_-4.0_odd": 7.2,
                "home_handicap_-3.5_odd": 4.2,
                "home_handicap_-3.0_odd": 3.5,
                "home_handicap_-2.5_odd": 2.43,
                "home_handicap_-2.0_odd": 1.96,
                "home_handicap_-1.5_odd": 1.65,
                "home_handicap_-1.0_odd": 1.3,
                "home_handicap_0.0_odd": 1.023,
                "away_handicap_4.5_odd": 1.022,
                "away_handicap_4.0_odd": 1.035,
                "away_handicap_3.5_odd": 1.154,
                "away_handicap_3.0_odd": 1.22,
                "away_handicap_2.5_odd": 1.44,
                "away_handicap_2.0_odd": 1.68,
                "away_handicap_1.5_odd": 2.12,
                "away_handicap_1.0_odd": 2.97,
                "away_handicap_0.0_odd": 7.8,
                "home_handicap_-3.75_odd": 5.2,
                "home_handicap_-3.25_odd": 3.88,
                "home_handicap_-2.75_odd": 2.83,
                "home_handicap_-2.25_odd": 2.19,
                "home_handicap_-1.75_odd": 1.76,
                "home_handicap_-1.25_odd": 1.46,
                "home_handicap_-0.75_odd": 1.24,
                "home_handicap_-0.25_odd": 1.11,
                "away_handicap_3.75_odd": 1.095,
                "away_handicap_3.25_odd": 1.18,
                "away_handicap_2.75_odd": 1.33,
                "away_handicap_2.25_odd": 1.54,
                "away_handicap_1.75_odd": 1.88,
                "away_handicap_1.25_odd": 2.4,
                "away_handicap_0.75_odd": 3.34,
                "away_handicap_0.25_odd": 4.9,
                "home_over_0.5_odd": 1.04,
                "home_over_1.5_odd": 1.222,
                "home_over_2.5_odd": 1.727,
                "home_over_3.5_odd": 2.75,
                "home_over_4.5_odd": 4.5,
                "home_over_5.5_odd": 8.5,
                "home_over_6.5_odd": 12,
                "home_over_7.5_odd": 21,
                "home_under_0.5_odd": 9,
                "home_under_1.5_odd": 4,
                "home_under_2.5_odd": 2,
                "home_under_3.5_odd": 1.4,
                "home_under_4.5_odd": 1.167,
                "home_under_5.5_odd": 1.05,
                "home_under_6.5_odd": 1.015,
                "home_under_7.5_odd": 1.002,
                "home_over_2.25_odd": 1.49,
                "home_over_2.75_odd": 1.85,
                "home_under_2.25_odd": 2.375,
                "home_under_2.75_odd": 1.81,
                "away_over_0.5_odd": 1.533,
                "away_over_1.5_odd": 3.5,
                "away_over_2.5_odd": 8.5,
                "away_over_3.5_odd": 15,
                "away_under_0.5_odd": 2.375,
                "away_under_1.5_odd": 1.286,
                "away_under_2.5_odd": 1.05,
                "away_under_3.5_odd": 1.01,
                "away_over_0.75_odd": 1.75,
                "away_over_1.25_odd": 2.98,
                "away_over_1.75_odd": 4.9,
                "away_under_0.75_odd": 1.92,
                "away_under_1.25_odd": 1.32,
                "away_under_1.75_odd": 1.16
            },
            {
                "match_id": 638901209,
                "date": "27/07/2025",
                "time": "19:15",
                "home_team": "Domzale",
                "away_team": "Maribor",
                "1_odd": 4.77,
                "draw_odd": 4.4,
                "2_odd": 1.55,
                "1X_odd": 2.3,
                "12_odd": 1.161,
                "X2_odd": 1.136,
                "both_score_odd": 1.48,
                "both_noscore_odd": 2.446,
                "over_0.5_odd": 1.02,
                "over_1.0_odd": 1.03,
                "over_1.5_odd": 1.084,
                "over_2.0_odd": 1.128,
                "over_2.5_odd": 1.39,
                "over_3.0_odd": 1.61,
                "over_3.5_odd": 2.07,
                "over_4.0_odd": 2.74,
                "over_4.5_odd": 3.28,
                "over_5.0_odd": 5.3,
                "over_5.5_odd": 5.95,
                "over_6.5_odd": 9,
                "over_7.5_odd": 15,
                "over_8.5_odd": 21,
                "under_0.5_odd": 23,
                "under_1.0_odd": 16,
                "under_1.5_odd": 5.45,
                "under_2.0_odd": 4.6,
                "under_2.5_odd": 2.59,
                "under_3.0_odd": 2.07,
                "under_3.5_odd": 1.68,
                "under_4.0_odd": 1.35,
                "under_4.5_odd": 1.25,
                "under_5.0_odd": 1.09,
                "under_5.5_odd": 1.066,
                "under_6.5_odd": 1.04,
                "under_7.5_odd": 1.01,
                "under_8.5_odd": 1.002,
                "over_1.75_odd": 1.103,
                "over_2.25_odd": 1.26,
                "over_2.75_odd": 1.48,
                "over_3.25_odd": 1.82,
                "over_3.75_odd": 2.29,
                "over_4.25_odd": 3.04,
                "over_4.75_odd": 4.05,
                "over_5.25_odd": 5.65,
                "under_1.75_odd": 5.05,
                "under_2.25_odd": 3.22,
                "under_2.75_odd": 2.33,
                "under_3.25_odd": 1.81,
                "under_3.75_odd": 1.5,
                "under_4.25_odd": 1.29,
                "under_4.75_odd": 1.166,
                "under_5.25_odd": 1.077,
                "home_handicap_-1.5_odd": 9.4,
                "home_handicap_-1.0_odd": 9,
                "home_handicap_0.0_odd": 3.7,
                "home_handicap_1.0_odd": 1.85,
                "home_handicap_1.5_odd": 1.48,
                "home_handicap_2.0_odd": 1.23,
                "home_handicap_2.5_odd": 1.159,
                "home_handicap_3.0_odd": 1.033,
                "home_handicap_3.5_odd": 1.021,
                "away_handicap_1.5_odd": 1.04,
                "away_handicap_1.0_odd": 1.005,
                "away_handicap_0.0_odd": 1.197,
                "away_handicap_-1.0_odd": 1.86,
                "away_handicap_-1.5_odd": 2.33,
                "away_handicap_-2.0_odd": 3.42,
                "away_handicap_-2.5_odd": 4.15,
                "away_handicap_-3.0_odd": 7.3,
                "away_handicap_-3.5_odd": 7.9,
                "home_handicap_-0.75_odd": 5.9,
                "home_handicap_-0.25_odd": 4.15,
                "home_handicap_0.25_odd": 2.74,
                "home_handicap_0.75_odd": 2.05,
                "home_handicap_1.25_odd": 1.61,
                "home_handicap_1.75_odd": 1.36,
                "home_handicap_2.25_odd": 1.188,
                "home_handicap_2.75_odd": 1.096,
                "away_handicap_0.75_odd": 1.068,
                "away_handicap_0.25_odd": 1.159,
                "away_handicap_-0.25_odd": 1.35,
                "away_handicap_-0.75_odd": 1.63,
                "away_handicap_-1.25_odd": 2.08,
                "away_handicap_-1.75_odd": 2.7,
                "away_handicap_-2.25_odd": 3.8,
                "away_handicap_-2.75_odd": 5.2,
                "home_over_0.5_odd": 1.4,
                "home_over_1.5_odd": 2.75,
                "home_over_2.5_odd": 7,
                "home_over_3.5_odd": 12,
                "home_over_4.5_odd": 21,
                "home_under_0.5_odd": 2.75,
                "home_under_1.5_odd": 1.4,
                "home_under_2.5_odd": 1.083,
                "home_under_3.5_odd": 1.015,
                "home_under_4.5_odd": 1.002,
                "home_over_0.75_odd": 1.48,
                "home_over_1.25_odd": 2.23,
                "home_over_1.75_odd": 3.2,
                "home_over_2.25_odd": 5.8,
                "home_under_0.75_odd": 2.4,
                "home_under_1.25_odd": 1.55,
                "home_under_1.75_odd": 1.31,
                "home_under_2.25_odd": 1.11,
                "away_over_0.5_odd": 1.083,
                "away_over_1.5_odd": 1.444,
                "away_over_2.5_odd": 2.375,
                "away_over_3.5_odd": 4.5,
                "away_over_4.5_odd": 8,
                "away_over_5.5_odd": 12,
                "away_over_6.5_odd": 21,
                "away_under_0.5_odd": 7,
                "away_under_1.5_odd": 2.625,
                "away_under_2.5_odd": 1.533,
                "away_under_3.5_odd": 1.167,
                "away_under_4.5_odd": 1.062,
                "away_under_5.5_odd": 1.015,
                "away_under_6.5_odd": 1.002,
                "away_over_1.75_odd": 1.533,
                "away_over_2.25_odd": 2.04,
                "away_under_1.75_odd": 2.27,
                "away_under_2.25_odd": 1.66
            },
            {
                "match_id": 638789581,
                "date": "28/07/2025",
                "time": "19:00",
                "home_team": "Koper",
                "away_team": "ND Primorje",
                "1_odd": 1.56,
                "draw_odd": 4.1,
                "2_odd": 5.07,
                "1X_odd": 1.12,
                "12_odd": 1.184,
                "X2_odd": 2.28,
                "both_score_odd": 1.59,
                "both_noscore_odd": 2.188,
                "over_0.5_odd": 1.019,
                "over_1.0_odd": 1.02,
                "over_1.5_odd": 1.128,
                "over_2.0_odd": 1.196,
                "over_2.5_odd": 1.54,
                "over_3.0_odd": 1.82,
                "over_3.5_odd": 2.28,
                "over_4.0_odd": 3.34,
                "over_4.5_odd": 3.98,
                "over_5.0_odd": 6.7,
                "over_5.5_odd": 7.3,
                "over_6.5_odd": 10.5,
                "over_7.5_odd": 17,
                "under_0.5_odd": 15.5,
                "under_1.0_odd": 11.5,
                "under_1.5_odd": 4.6,
                "under_2.0_odd": 3.72,
                "under_2.5_odd": 2.33,
                "under_3.0_odd": 1.8,
                "under_3.5_odd": 1.5,
                "under_4.0_odd": 1.24,
                "under_4.5_odd": 1.171,
                "under_5.0_odd": 1.046,
                "under_5.5_odd": 1.032,
                "under_6.5_odd": 1.025,
                "under_7.5_odd": 1.005,
                "over_1.25_odd": 1.055,
                "over_1.75_odd": 1.157,
                "over_2.25_odd": 1.36,
                "over_2.75_odd": 1.64,
                "over_3.25_odd": 2.06,
                "over_3.75_odd": 2.66,
                "over_4.25_odd": 3.58,
                "over_4.75_odd": 4.9,
                "under_1.25_odd": 6.35,
                "under_1.75_odd": 4.15,
                "under_2.25_odd": 2.72,
                "under_2.75_odd": 2.03,
                "under_3.25_odd": 1.615,
                "under_3.75_odd": 1.37,
                "under_4.25_odd": 1.21,
                "under_4.75_odd": 1.109,
                "home_handicap_-3.5_odd": 8.6,
                "home_handicap_-3.0_odd": 7.9,
                "home_handicap_-2.5_odd": 4.35,
                "home_handicap_-2.0_odd": 3.58,
                "home_handicap_-1.5_odd": 2.375,
                "home_handicap_-1.0_odd": 1.909,
                "home_handicap_0.0_odd": 1.188,
                "home_handicap_1.0_odd": 1.04,
                "home_handicap_1.5_odd": 1.03,
                "away_handicap_3.5_odd": 1.011,
                "away_handicap_3.0_odd": 1.022,
                "away_handicap_2.5_odd": 1.142,
                "away_handicap_2.0_odd": 1.21,
                "away_handicap_1.5_odd": 1.46,
                "away_handicap_1.0_odd": 1.81,
                "away_handicap_0.0_odd": 3.8,
                "away_handicap_-1.0_odd": 8.9,
                "away_handicap_-1.5_odd": 10,
                "home_handicap_-2.75_odd": 5.5,
                "home_handicap_-2.25_odd": 4.05,
                "home_handicap_-1.75_odd": 2.83,
                "home_handicap_-1.25_odd": 2.13,
                "home_handicap_-0.75_odd": 1.65,
                "home_handicap_-0.25_odd": 1.35,
                "home_handicap_0.25_odd": 1.148,
                "home_handicap_0.75_odd": 1.058,
                "away_handicap_2.75_odd": 1.082,
                "away_handicap_2.25_odd": 1.168,
                "away_handicap_1.75_odd": 1.33,
                "away_handicap_1.25_odd": 1.58,
                "away_handicap_0.75_odd": 2.02,
                "away_handicap_0.25_odd": 2.74,
                "away_handicap_-0.25_odd": 4.3,
                "away_handicap_-0.75_odd": 6.25,
                "home_over_0.5_odd": 1.09,
                "home_over_1.0_odd": 1.18,
                "home_over_1.5_odd": 1.55,
                "home_over_2.0_odd": 1.95,
                "home_over_2.5_odd": 2.6,
                "home_over_3.0_odd": 4.3,
                "home_over_3.5_odd": 5.2,
                "home_under_0.5_odd": 7.5,
                "home_under_1.0_odd": 4.9,
                "home_under_1.5_odd": 2.45,
                "home_under_2.0_odd": 1.85,
                "home_under_2.5_odd": 1.5,
                "home_under_3.0_odd": 1.22,
                "home_under_3.5_odd": 1.16,
                "home_over_1.75_odd": 1.66,
                "home_over_2.25_odd": 2.25,
                "home_under_1.75_odd": 2.04,
                "home_under_2.25_odd": 1.54,
                "away_over_0.5_odd": 1.5,
                "away_over_1.0_odd": 2.15,
                "away_over_1.5_odd": 3.2,
                "away_over_2.0_odd": 6.1,
                "away_over_2.5_odd": 7.2,
                "away_under_0.5_odd": 2.55,
                "away_under_1.0_odd": 1.7,
                "away_under_1.5_odd": 1.35,
                "away_under_2.0_odd": 1.12,
                "away_under_2.5_odd": 1.1,
                "away_over_0.75_odd": 1.6,
                "away_over_1.25_odd": 2.54,
                "away_over_1.75_odd": 4,
                "away_over_2.25_odd": 7.8,
                "away_under_0.75_odd": 2.14,
                "away_under_1.25_odd": 1.43,
                "away_under_1.75_odd": 1.22,
                "away_under_2.25_odd": 1.06
            }
        ]
    }
]