[
    {
        "last_updated": "2025-07-24T20:45:05.058371+01:00"
    },
    {
        "tournament_id": 127733,
        "tournament_name": "La Liga",
        "matches": [
            {
                "match_id": 635319163,
                "date": "15/08/2025",
                "time": "18:00",
                "home_team": "Girona",
                "away_team": "Rayo Vallecano",
                "1_odd": 2.356,
                "draw_odd": 3.435,
                "2_odd": 3.33,
                "1X_odd": 1.378,
                "12_odd": 1.361,
                "X2_odd": 1.663,
                "both_score_odd": 1.82,
                "both_noscore_odd": 1.902,
                "over_0.5_odd": 1.022,
                "over_1.0_odd": 1.057,
                "over_1.5_odd": 1.333,
                "over_2.0_odd": 1.57,
                "over_2.5_odd": 2.179,
                "over_3.0_odd": 3,
                "over_3.5_odd": 3.64,
                "over_4.0_odd": 6.5,
                "over_4.5_odd": 7.1,
                "over_5.0_odd": 12.5,
                "over_5.5_odd": 15.5,
                "over_6.5_odd": 34,
                "under_0.5_odd": 8.4,
                "under_1.0_odd": 7.1,
                "under_1.5_odd": 3.08,
                "under_2.0_odd": 2.35,
                "under_2.5_odd": 1.797,
                "under_3.0_odd": 1.37,
                "under_3.5_odd": 1.25,
                "under_4.0_odd": 1.072,
                "under_4.5_odd": 1.044,
                "under_5.0_odd": 1.03,
                "under_5.5_odd": 1.01,
                "under_6.5_odd": 1.005,
                "over_0.75_odd": 1.038,
                "over_1.25_odd": 1.194,
                "over_1.75_odd": 1.43,
                "over_2.25_odd": 1.84,
                "over_2.75_odd": 2.43,
                "over_3.25_odd": 3.34,
                "over_3.75_odd": 4.65,
                "over_4.25_odd": 6.85,
                "under_0.75_odd": 7.8,
                "under_1.25_odd": 4.15,
                "under_1.75_odd": 2.71,
                "under_2.25_odd": 1.95,
                "under_2.75_odd": 1.55,
                "under_3.25_odd": 1.3,
                "under_3.75_odd": 1.156,
                "under_4.25_odd": 1.057,
                "home_handicap_-2.5_odd": 9.7,
                "home_handicap_-2.0_odd": 8.8,
                "home_handicap_-1.5_odd": 4.45,
                "home_handicap_-1.0_odd": 3.56,
                "home_handicap_0.0_odd": 1.689,
                "home_handicap_1.0_odd": 1.1,
                "home_handicap_1.5_odd": 1.06,
                "home_handicap_2.0_odd": 1.01,
                "home_handicap_2.5_odd": 1.01,
                "away_handicap_2.5_odd": 1.005,
                "away_handicap_2.0_odd": 1.016,
                "away_handicap_1.5_odd": 1.161,
                "away_handicap_1.0_odd": 1.26,
                "away_handicap_0.0_odd": 2.363,
                "away_handicap_-1.0_odd": 6.05,
                "away_handicap_-1.5_odd": 7,
                "away_handicap_-2.0_odd": 15.5,
                "away_handicap_-2.5_odd": 17,
                "home_handicap_-1.75_odd": 5.8,
                "home_handicap_-1.25_odd": 3.94,
                "home_handicap_-0.75_odd": 2.64,
                "home_handicap_-0.25_odd": 1.92,
                "home_handicap_0.25_odd": 1.45,
                "home_handicap_0.75_odd": 1.23,
                "home_handicap_1.25_odd": 1.078,
                "home_handicap_1.75_odd": 1.015,
                "away_handicap_1.75_odd": 1.088,
                "away_handicap_1.25_odd": 1.21,
                "away_handicap_0.75_odd": 1.45,
                "away_handicap_0.25_odd": 1.85,
                "away_handicap_-0.25_odd": 2.68,
                "away_handicap_-0.75_odd": 3.9,
                "away_handicap_-1.25_odd": 6.55,
                "away_handicap_-1.75_odd": 9.3,
                "home_over_0.5_odd": 1.29,
                "home_over_1.0_odd": 1.54,
                "home_over_1.5_odd": 2.3,
                "home_over_2.0_odd": 4.2,
                "home_over_2.5_odd": 5.6,
                "home_over_3.0_odd": 13,
                "home_over_3.5_odd": 15,
                "home_under_0.5_odd": 3.6,
                "home_under_1.0_odd": 2.37,
                "home_under_1.5_odd": 1.61,
                "home_under_2.0_odd": 1.22,
                "home_under_2.5_odd": 1.15,
                "home_under_3.0_odd": 1.02,
                "home_under_3.5_odd": 1.02,
                "home_over_0.75_odd": 1.37,
                "home_over_1.25_odd": 1.97,
                "home_over_1.75_odd": 2.95,
                "home_over_2.25_odd": 4.9,
                "home_under_0.75_odd": 2.99,
                "home_under_1.25_odd": 1.833,
                "home_under_1.75_odd": 1.4,
                "home_under_2.25_odd": 1.161,
                "away_over_0.5_odd": 1.42,
                "away_over_1.0_odd": 1.9,
                "away_over_1.5_odd": 2.85,
                "away_over_2.0_odd": 6.4,
                "away_over_2.5_odd": 8.1,
                "away_under_0.5_odd": 2.9,
                "away_under_1.0_odd": 1.85,
                "away_under_1.5_odd": 1.42,
                "away_under_2.0_odd": 1.12,
                "away_under_2.5_odd": 1.08,
                "away_over_0.75_odd": 1.6,
                "away_over_1.25_odd": 2.5,
                "away_over_1.75_odd": 3.98,
                "away_over_2.25_odd": 7.2,
                "away_over_2.75_odd": 11,
                "away_under_0.75_odd": 2.33,
                "away_under_1.25_odd": 1.53,
                "away_under_1.75_odd": 1.23,
                "away_under_2.25_odd": 1.1,
                "away_under_2.75_odd": 1.01
            },
            {
                "match_id": 635319166,
                "date": "15/08/2025",
                "time": "20:30",
                "home_team": "Villarreal",
                "away_team": "Real Oviedo",
                "1_odd": 1.41,
                "draw_odd": 4.955,
                "2_odd": 9.6,
                "1X_odd": 1.07,
                "12_odd": 1.214,
                "X2_odd": 3.16,
                "both_score_odd": 2.17,
                "both_noscore_odd": 1.626,
                "over_0.5_odd": 1.017,
                "over_1.0_odd": 1.019,
                "over_1.5_odd": 1.26,
                "over_2.0_odd": 1.41,
                "over_2.5_odd": 1.939,
                "over_3.0_odd": 2.5,
                "over_3.5_odd": 3.1,
                "over_4.0_odd": 5.25,
                "over_4.5_odd": 5.95,
                "over_5.0_odd": 10,
                "over_5.5_odd": 12.5,
                "over_6.5_odd": 26,
                "over_7.5_odd": 50,
                "under_0.5_odd": 12.3,
                "under_1.0_odd": 9.5,
                "under_1.5_odd": 3.56,
                "under_2.0_odd": 2.83,
                "under_2.5_odd": 2.001,
                "under_3.0_odd": 1.51,
                "under_3.5_odd": 1.33,
                "under_4.0_odd": 1.116,
                "under_4.5_odd": 1.075,
                "under_5.0_odd": 1.05,
                "under_5.5_odd": 1.03,
                "under_6.5_odd": 1.01,
                "under_7.5_odd": 1.002,
                "over_0.75_odd": 1.005,
                "over_1.25_odd": 1.135,
                "over_1.75_odd": 1.32,
                "over_2.25_odd": 1.64,
                "over_2.75_odd": 2.1,
                "over_3.25_odd": 2.82,
                "over_3.75_odd": 3.84,
                "over_4.25_odd": 5.6,
                "under_0.75_odd": 10.2,
                "under_1.25_odd": 5,
                "under_1.75_odd": 3.22,
                "under_2.25_odd": 2.24,
                "under_2.75_odd": 1.72,
                "under_3.25_odd": 1.4,
                "under_3.75_odd": 1.22,
                "under_4.25_odd": 1.094,
                "home_handicap_-4.5_odd": 16.5,
                "home_handicap_-4.0_odd": 15.5,
                "home_handicap_-3.5_odd": 7.6,
                "home_handicap_-3.0_odd": 6.9,
                "home_handicap_-2.5_odd": 3.74,
                "home_handicap_-2.0_odd": 3.05,
                "home_handicap_-1.5_odd": 2.194,
                "home_handicap_-1.0_odd": 1.56,
                "home_handicap_0.0_odd": 1.071,
                "away_handicap_4.5_odd": 1.01,
                "away_handicap_4.0_odd": 1.01,
                "away_handicap_3.5_odd": 1.028,
                "away_handicap_3.0_odd": 1.056,
                "away_handicap_2.5_odd": 1.23,
                "away_handicap_2.0_odd": 1.35,
                "away_handicap_1.5_odd": 1.787,
                "away_handicap_1.0_odd": 2.34,
                "away_handicap_0.0_odd": 6.7,
                "home_handicap_-3.25_odd": 7.3,
                "home_handicap_-2.75_odd": 4.8,
                "home_handicap_-2.25_odd": 3.42,
                "home_handicap_-1.75_odd": 2.44,
                "home_handicap_-1.25_odd": 1.833,
                "home_handicap_-0.75_odd": 1.42,
                "home_handicap_-0.25_odd": 1.196,
                "away_handicap_3.25_odd": 1.041,
                "away_handicap_2.75_odd": 1.141,
                "away_handicap_2.25_odd": 1.28,
                "away_handicap_1.75_odd": 1.533,
                "away_handicap_1.25_odd": 1.93,
                "away_handicap_0.75_odd": 2.7,
                "away_handicap_0.25_odd": 4.1,
                "home_over_0.5_odd": 1.1,
                "home_over_1.5_odd": 1.55,
                "home_over_2.0_odd": 2,
                "home_over_2.5_odd": 2.75,
                "home_over_3.5_odd": 5.7,
                "home_over_4.5_odd": 13,
                "home_under_0.5_odd": 7,
                "home_under_1.5_odd": 2.46,
                "home_under_2.0_odd": 1.8,
                "home_under_2.5_odd": 1.46,
                "home_under_3.5_odd": 1.14,
                "home_under_4.5_odd": 1.03,
                "home_over_1.25_odd": 1.35,
                "home_over_1.75_odd": 1.74,
                "home_over_2.25_odd": 2.4,
                "home_over_2.75_odd": 3.32,
                "home_under_1.25_odd": 3.08,
                "home_under_1.75_odd": 2.09,
                "home_under_2.25_odd": 1.57,
                "home_under_2.75_odd": 1.31,
                "away_over_0.5_odd": 2,
                "away_over_1.0_odd": 3.9,
                "away_over_1.5_odd": 5.7,
                "away_under_0.5_odd": 1.82,
                "away_under_1.0_odd": 1.23,
                "away_under_1.5_odd": 1.14,
                "away_over_0.75_odd": 2.53,
                "away_over_1.25_odd": 5.55,
                "away_over_1.75_odd": 9.7,
                "away_under_0.75_odd": 1.52,
                "away_under_1.25_odd": 1.145,
                "away_under_1.75_odd": 1.04
            },
            {
                "match_id": 635319606,
                "date": "16/08/2025",
                "time": "16:00",
                "home_team": "Deportivo Alaves",
                "away_team": "Levante UD",
                "1_odd": 2.256,
                "draw_odd": 3.17,
                "2_odd": 3.89,
                "1X_odd": 1.301,
                "12_odd": 1.407,
                "X2_odd": 1.717,
                "both_score_odd": 2.08,
                "both_noscore_odd": 1.683,
                "over_0.5_odd": 1.089,
                "over_1.0_odd": 1.147,
                "over_1.5_odd": 1.51,
                "over_2.0_odd": 1.87,
                "over_2.5_odd": 2.594,
                "over_3.0_odd": 3.84,
                "over_3.5_odd": 4.5,
                "over_4.0_odd": 8.1,
                "over_4.5_odd": 8.7,
                "over_5.5_odd": 23,
                "over_6.5_odd": 50,
                "under_0.5_odd": 6.4,
                "under_1.0_odd": 5.25,
                "under_1.5_odd": 2.59,
                "under_2.0_odd": 1.9,
                "under_2.5_odd": 1.588,
                "under_3.0_odd": 1.21,
                "under_3.5_odd": 1.141,
                "under_4.0_odd": 1.018,
                "under_4.5_odd": 1.009,
                "under_5.5_odd": 1.01,
                "under_6.5_odd": 1.002,
                "over_0.75_odd": 1.114,
                "over_1.25_odd": 1.33,
                "over_1.75_odd": 1.64,
                "over_2.25_odd": 2.16,
                "over_2.75_odd": 2.9,
                "over_3.25_odd": 4.2,
                "over_3.75_odd": 5.65,
                "under_0.75_odd": 5.85,
                "under_1.25_odd": 3.28,
                "under_1.75_odd": 2.24,
                "under_2.25_odd": 1.65,
                "under_2.75_odd": 1.36,
                "under_3.25_odd": 1.172,
                "under_3.75_odd": 1.078,
                "home_handicap_-2.5_odd": 9.3,
                "home_handicap_-2.0_odd": 8.6,
                "home_handicap_-1.5_odd": 4.4,
                "home_handicap_-1.0_odd": 3.46,
                "home_handicap_0.0_odd": 1.48,
                "home_handicap_1.0_odd": 1.048,
                "home_handicap_1.5_odd": 1.021,
                "away_handicap_2.5_odd": 1.022,
                "away_handicap_2.0_odd": 1.037,
                "away_handicap_1.5_odd": 1.191,
                "away_handicap_1.0_odd": 1.31,
                "away_handicap_0.0_odd": 2.51,
                "away_handicap_-1.0_odd": 7.3,
                "away_handicap_-1.5_odd": 8,
                "home_handicap_-1.75_odd": 5.65,
                "home_handicap_-1.25_odd": 3.9,
                "home_handicap_-0.75_odd": 2.52,
                "home_handicap_-0.25_odd": 1.8,
                "home_handicap_0.25_odd": 1.34,
                "home_handicap_0.75_odd": 1.152,
                "home_handicap_1.25_odd": 1.033,
                "away_handicap_1.75_odd": 1.114,
                "away_handicap_1.25_odd": 1.24,
                "away_handicap_0.75_odd": 1.5,
                "away_handicap_0.25_odd": 1.95,
                "away_handicap_-0.25_odd": 2.99,
                "away_handicap_-0.75_odd": 4.6,
                "away_handicap_-1.25_odd": 7.7,
                "home_over_0.5_odd": 1.36,
                "home_over_1.0_odd": 1.74,
                "home_over_1.5_odd": 2.65,
                "home_over_2.0_odd": 5.3,
                "home_over_2.5_odd": 6.9,
                "home_over_3.0_odd": 17,
                "home_under_0.5_odd": 3.1,
                "home_under_1.0_odd": 2.03,
                "home_under_1.5_odd": 1.49,
                "home_under_2.0_odd": 1.16,
                "home_under_2.5_odd": 1.1,
                "home_under_3.0_odd": 1.01,
                "home_over_0.75_odd": 1.46,
                "home_over_1.25_odd": 2.13,
                "home_over_1.75_odd": 3.2,
                "home_over_2.25_odd": 6.1,
                "home_over_2.75_odd": 7.8,
                "home_under_0.75_odd": 2.71,
                "home_under_1.25_odd": 1.71,
                "home_under_1.75_odd": 1.33,
                "home_under_2.25_odd": 1.12,
                "home_under_2.75_odd": 1.049,
                "away_over_0.5_odd": 1.61,
                "away_over_1.0_odd": 2.5,
                "away_over_1.5_odd": 3.8,
                "away_over_2.0_odd": 10,
                "away_over_2.5_odd": 12.5,
                "away_under_0.5_odd": 2.32,
                "away_under_1.0_odd": 1.5,
                "away_under_1.5_odd": 1.27,
                "away_under_2.0_odd": 1.05,
                "away_under_2.5_odd": 1.03,
                "away_over_0.75_odd": 1.9,
                "away_over_1.25_odd": 3.32,
                "away_over_1.75_odd": 5.4,
                "away_under_0.75_odd": 1.9,
                "away_under_1.25_odd": 1.33,
                "away_under_1.75_odd": 1.136
            },
            {
                "match_id": 635320696,
                "date": "16/08/2025",
                "time": "18:30",
                "home_team": "Mallorca",
                "away_team": "Barcelona",
                "1_odd": 5.66,
                "draw_odd": 4.46,
                "2_odd": 1.627,
                "1X_odd": 2.433,
                "12_odd": 1.247,
                "X2_odd": 1.178,
                "both_score_odd": 1.71,
                "both_noscore_odd": 2.04,
                "over_0.5_odd": 1.008,
                "over_1.0_odd": 1.009,
                "over_1.5_odd": 1.193,
                "over_2.0_odd": 1.3,
                "over_2.5_odd": 1.734,
                "over_3.0_odd": 2.08,
                "over_3.5_odd": 2.6,
                "over_4.0_odd": 3.84,
                "over_4.5_odd": 4.5,
                "over_5.0_odd": 7.5,
                "over_5.5_odd": 8.1,
                "over_6.5_odd": 21,
                "over_7.5_odd": 41,
                "under_0.5_odd": 15,
                "under_1.0_odd": 10.5,
                "under_1.5_odd": 4.25,
                "under_2.0_odd": 3.4,
                "under_2.5_odd": 2.281,
                "under_3.0_odd": 1.72,
                "under_3.5_odd": 1.45,
                "under_4.0_odd": 1.21,
                "under_4.5_odd": 1.143,
                "under_5.0_odd": 1.029,
                "under_5.5_odd": 1.019,
                "under_6.5_odd": 1.015,
                "under_7.5_odd": 1.004,
                "over_1.25_odd": 1.101,
                "over_1.75_odd": 1.24,
                "over_2.25_odd": 1.49,
                "over_2.75_odd": 1.83,
                "over_3.25_odd": 2.34,
                "over_3.75_odd": 3.04,
                "over_4.25_odd": 4.2,
                "over_4.75_odd": 5.5,
                "under_1.25_odd": 5.8,
                "under_1.75_odd": 3.82,
                "under_2.25_odd": 2.59,
                "under_2.75_odd": 1.96,
                "under_3.25_odd": 1.56,
                "under_3.75_odd": 1.33,
                "under_4.25_odd": 1.171,
                "under_4.75_odd": 1.084,
                "home_handicap_-1.5_odd": 11.5,
                "home_handicap_-1.0_odd": 10.2,
                "home_handicap_0.0_odd": 4.05,
                "home_handicap_1.0_odd": 1.86,
                "home_handicap_1.5_odd": 1.5,
                "home_handicap_2.0_odd": 1.22,
                "home_handicap_2.5_odd": 1.151,
                "home_handicap_3.0_odd": 1.024,
                "home_handicap_3.5_odd": 1.014,
                "away_handicap_1.5_odd": 1.03,
                "away_handicap_1.0_odd": 1.007,
                "away_handicap_0.0_odd": 1.21,
                "away_handicap_-1.0_odd": 1.95,
                "away_handicap_-1.5_odd": 2.49,
                "away_handicap_-2.0_odd": 3.84,
                "away_handicap_-2.5_odd": 4.5,
                "away_handicap_-3.0_odd": 7.8,
                "away_handicap_-3.5_odd": 8.4,
                "home_handicap_-0.75_odd": 6.5,
                "home_handicap_-0.25_odd": 4.45,
                "home_handicap_0.25_odd": 2.91,
                "home_handicap_0.75_odd": 2.12,
                "home_handicap_1.25_odd": 1.63,
                "home_handicap_1.75_odd": 1.36,
                "home_handicap_2.25_odd": 1.182,
                "home_handicap_2.75_odd": 1.088,
                "away_handicap_0.75_odd": 1.073,
                "away_handicap_0.25_odd": 1.168,
                "away_handicap_-0.25_odd": 1.38,
                "away_handicap_-0.75_odd": 1.69,
                "away_handicap_-1.25_odd": 2.23,
                "away_handicap_-1.75_odd": 2.95,
                "away_handicap_-2.25_odd": 4.2,
                "away_handicap_-2.75_odd": 5.6,
                "home_over_0.5_odd": 1.53,
                "home_over_1.0_odd": 2.24,
                "home_over_1.5_odd": 3.4,
                "home_over_2.0_odd": 8.6,
                "home_over_2.5_odd": 10.5,
                "home_under_0.5_odd": 2.5,
                "home_under_1.0_odd": 1.6,
                "home_under_1.5_odd": 1.32,
                "home_under_2.0_odd": 1.07,
                "home_under_2.5_odd": 1.04,
                "home_over_0.75_odd": 1.77,
                "home_over_1.25_odd": 2.95,
                "home_over_1.75_odd": 4.8,
                "home_over_2.75_odd": 12.7,
                "home_under_0.75_odd": 2.05,
                "home_under_1.25_odd": 1.4,
                "home_under_1.75_odd": 1.168,
                "home_under_2.75_odd": 1.002,
                "away_over_0.5_odd": 1.12,
                "away_over_1.0_odd": 1.19,
                "away_over_1.5_odd": 1.63,
                "away_over_2.0_odd": 2.2,
                "away_over_2.5_odd": 3,
                "away_over_3.5_odd": 6.5,
                "away_over_4.5_odd": 15,
                "away_under_0.5_odd": 6.3,
                "away_under_1.0_odd": 4.3,
                "away_under_1.5_odd": 2.27,
                "away_under_2.0_odd": 1.67,
                "away_under_2.5_odd": 1.39,
                "away_under_3.5_odd": 1.11,
                "away_under_4.5_odd": 1.01,
                "away_over_1.25_odd": 1.38,
                "away_over_1.75_odd": 1.79,
                "away_over_2.25_odd": 2.5,
                "away_over_2.75_odd": 3.5,
                "away_under_1.25_odd": 2.94,
                "away_under_1.75_odd": 2.02,
                "away_under_2.25_odd": 1.53,
                "away_under_2.75_odd": 1.285
            },
            {
                "match_id": 635320702,
                "date": "16/08/2025",
                "time": "20:30",
                "home_team": "Valencia",
                "away_team": "Real Sociedad",
                "1_odd": 2.864,
                "draw_odd": 2.977,
                "2_odd": 3.025,
                "1X_odd": 1.438,
                "12_odd": 1.45,
                "X2_odd": 1.478,
                "both_score_odd": 2.27,
                "both_noscore_odd": 1.575,
                "over_0.5_odd": 1.106,
                "over_1.0_odd": 1.191,
                "over_1.5_odd": 1.704,
                "over_2.0_odd": 2.17,
                "over_2.5_odd": 2.9,
                "over_3.0_odd": 5.2,
                "over_3.5_odd": 6,
                "over_4.0_odd": 11.5,
                "over_4.5_odd": 14,
                "over_5.5_odd": 27,
                "under_0.5_odd": 5.85,
                "under_1.0_odd": 4.5,
                "under_1.5_odd": 2.334,
                "under_2.0_odd": 1.66,
                "under_2.5_odd": 1.37,
                "under_3.0_odd": 1.12,
                "under_3.5_odd": 1.073,
                "under_4.0_odd": 1.04,
                "under_4.5_odd": 1.02,
                "under_5.5_odd": 1.007,
                "over_0.75_odd": 1.141,
                "over_1.25_odd": 1.42,
                "over_1.75_odd": 1.83,
                "over_2.25_odd": 2.54,
                "over_2.75_odd": 3.56,
                "over_3.25_odd": 5.6,
                "over_3.75_odd": 8,
                "under_0.75_odd": 5.2,
                "under_1.25_odd": 2.83,
                "under_1.75_odd": 1.96,
                "under_2.25_odd": 1.48,
                "under_2.75_odd": 1.25,
                "under_3.25_odd": 1.094,
                "under_3.75_odd": 1.022,
                "home_handicap_-2.5_odd": 17,
                "home_handicap_-2.0_odd": 15.5,
                "home_handicap_-1.5_odd": 6.6,
                "home_handicap_-1.0_odd": 5.4,
                "home_handicap_0.0_odd": 1.915,
                "home_handicap_1.0_odd": 1.104,
                "home_handicap_1.5_odd": 1.056,
                "home_handicap_2.0_odd": 1.01,
                "away_handicap_2.5_odd": 1.01,
                "away_handicap_2.0_odd": 1.01,
                "away_handicap_1.5_odd": 1.07,
                "away_handicap_1.0_odd": 1.125,
                "away_handicap_0.0_odd": 2.028,
                "away_handicap_-1.0_odd": 5.95,
                "away_handicap_-1.5_odd": 7.2,
                "away_handicap_-2.0_odd": 16.5,
                "home_handicap_-1.75_odd": 9.1,
                "home_handicap_-1.25_odd": 6,
                "home_handicap_-0.75_odd": 3.44,
                "home_handicap_-0.25_odd": 2.26,
                "home_handicap_0.25_odd": 1.55,
                "home_handicap_0.75_odd": 1.26,
                "home_handicap_1.25_odd": 1.077,
                "home_handicap_1.75_odd": 1.008,
                "away_handicap_1.75_odd": 1.018,
                "away_handicap_1.25_odd": 1.095,
                "away_handicap_0.75_odd": 1.285,
                "away_handicap_0.25_odd": 1.61,
                "away_handicap_-0.25_odd": 2.39,
                "away_handicap_-0.75_odd": 3.64,
                "away_handicap_-1.25_odd": 6.6,
                "away_handicap_-1.75_odd": 10,
                "home_over_0.5_odd": 1.52,
                "home_over_1.0_odd": 2.22,
                "home_over_1.5_odd": 3.4,
                "home_over_2.0_odd": 8.4,
                "home_over_2.5_odd": 10.5,
                "home_under_0.5_odd": 2.5,
                "home_under_1.0_odd": 1.62,
                "home_under_1.5_odd": 1.32,
                "home_under_2.0_odd": 1.07,
                "home_under_2.5_odd": 1.05,
                "home_over_0.75_odd": 1.73,
                "home_over_1.25_odd": 2.9,
                "home_over_1.75_odd": 4.8,
                "home_under_0.75_odd": 2.11,
                "home_under_1.25_odd": 1.41,
                "home_under_1.75_odd": 1.168,
                "away_over_0.5_odd": 1.55,
                "away_over_1.0_odd": 2.32,
                "away_over_1.5_odd": 3.5,
                "away_over_2.0_odd": 9.1,
                "away_over_2.5_odd": 11,
                "away_under_0.5_odd": 2.45,
                "away_under_1.0_odd": 1.57,
                "away_under_1.5_odd": 1.3,
                "away_under_2.0_odd": 1.06,
                "away_under_2.5_odd": 1.04,
                "away_over_0.75_odd": 1.79,
                "away_over_1.25_odd": 3.04,
                "away_over_1.75_odd": 5.15,
                "away_under_0.75_odd": 2.02,
                "away_under_1.25_odd": 1.38,
                "away_under_1.75_odd": 1.15
            },
            {
                "match_id": 635320699,
                "date": "17/08/2025",
                "time": "16:00",
                "home_team": "Celta",
                "away_team": "Getafe",
                "1_odd": 1.76,
                "draw_odd": 3.785,
                "2_odd": 5.45,
                "1X_odd": 1.187,
                "12_odd": 1.313,
                "X2_odd": 2.185,
                "both_score_odd": 2.21,
                "both_noscore_odd": 1.606,
                "over_0.5_odd": 1.037,
                "over_1.0_odd": 1.084,
                "over_1.5_odd": 1.44,
                "over_2.0_odd": 1.78,
                "over_2.5_odd": 2.487,
                "over_3.0_odd": 3.8,
                "over_3.5_odd": 4.65,
                "over_4.0_odd": 8.7,
                "over_4.5_odd": 9.3,
                "over_5.0_odd": 16,
                "over_5.5_odd": 21,
                "over_6.5_odd": 50,
                "under_0.5_odd": 7.5,
                "under_1.0_odd": 6.1,
                "under_1.5_odd": 2.63,
                "under_2.0_odd": 2,
                "under_2.5_odd": 1.631,
                "under_3.0_odd": 1.25,
                "under_3.5_odd": 1.165,
                "under_4.0_odd": 1.03,
                "under_4.5_odd": 1.015,
                "under_5.0_odd": 1.01,
                "under_5.5_odd": 1.01,
                "under_6.5_odd": 1.002,
                "over_0.75_odd": 1.057,
                "over_1.25_odd": 1.26,
                "over_1.75_odd": 1.57,
                "over_2.25_odd": 2.09,
                "over_2.75_odd": 2.875,
                "over_3.25_odd": 4.15,
                "over_3.75_odd": 5.9,
                "under_0.75_odd": 6.85,
                "under_1.25_odd": 3.48,
                "under_1.75_odd": 2.32,
                "under_2.25_odd": 1.727,
                "under_2.75_odd": 1.41,
                "under_3.25_odd": 1.21,
                "under_3.75_odd": 1.097,
                "home_handicap_-3.5_odd": 15.5,
                "home_handicap_-3.0_odd": 14.5,
                "home_handicap_-2.5_odd": 6.7,
                "home_handicap_-2.0_odd": 5.85,
                "home_handicap_-1.5_odd": 3.15,
                "home_handicap_-1.0_odd": 2.375,
                "home_handicap_0.0_odd": 1.24,
                "home_handicap_1.0_odd": 1.03,
                "home_handicap_1.5_odd": 1.02,
                "away_handicap_3.5_odd": 1.01,
                "away_handicap_3.0_odd": 1.02,
                "away_handicap_2.5_odd": 1.06,
                "away_handicap_2.0_odd": 1.099,
                "away_handicap_1.5_odd": 1.33,
                "away_handicap_1.0_odd": 1.59,
                "away_handicap_0.0_odd": 3.74,
                "away_handicap_-1.0_odd": 12.5,
                "away_handicap_-1.5_odd": 14,
                "home_handicap_-2.75_odd": 8.8,
                "home_handicap_-2.25_odd": 6.3,
                "home_handicap_-1.75_odd": 3.92,
                "home_handicap_-1.25_odd": 2.75,
                "home_handicap_-0.75_odd": 1.9,
                "home_handicap_-0.25_odd": 1.46,
                "home_handicap_0.25_odd": 1.179,
                "home_handicap_0.75_odd": 1.067,
                "away_handicap_2.75_odd": 1.015,
                "away_handicap_2.25_odd": 1.078,
                "away_handicap_1.75_odd": 1.22,
                "away_handicap_1.25_odd": 1.43,
                "away_handicap_0.75_odd": 1.87,
                "away_handicap_0.25_odd": 2.61,
                "away_handicap_-0.25_odd": 4.3,
                "away_handicap_-0.75_odd": 6.7,
                "home_over_0.5_odd": 1.23,
                "home_over_1.0_odd": 1.41,
                "home_over_1.5_odd": 2.08,
                "home_over_2.0_odd": 3.4,
                "home_over_2.5_odd": 4.5,
                "home_over_3.5_odd": 11.5,
                "home_under_0.5_odd": 4.2,
                "home_under_1.0_odd": 2.75,
                "home_under_1.5_odd": 1.75,
                "home_under_2.0_odd": 1.32,
                "home_under_2.5_odd": 1.2,
                "home_under_3.5_odd": 1.04,
                "home_over_0.75_odd": 1.28,
                "home_over_1.25_odd": 1.77,
                "home_over_1.75_odd": 2.56,
                "home_over_2.25_odd": 4.05,
                "home_under_0.75_odd": 3.52,
                "home_under_1.25_odd": 2.05,
                "home_under_1.75_odd": 1.51,
                "home_under_2.25_odd": 1.222,
                "away_over_0.5_odd": 1.87,
                "away_over_1.0_odd": 3.5,
                "away_over_1.5_odd": 5.1,
                "away_over_2.0_odd": 16.5,
                "away_under_0.5_odd": 1.93,
                "away_under_1.0_odd": 1.28,
                "away_under_1.5_odd": 1.17,
                "away_under_2.0_odd": 1.01,
                "away_over_0.75_odd": 2.25,
                "away_over_1.25_odd": 4.4,
                "away_over_1.75_odd": 7.6,
                "away_under_0.75_odd": 1.64,
                "away_under_1.25_odd": 1.21,
                "away_under_1.75_odd": 1.071
            },
            {
                "match_id": 635321979,
                "date": "17/08/2025",
                "time": "18:30",
                "home_team": "Athletic Bilbao",
                "away_team": "Sevilla",
                "1_odd": 1.741,
                "draw_odd": 3.85,
                "2_odd": 5.51,
                "1X_odd": 1.184,
                "12_odd": 1.305,
                "X2_odd": 2.216,
                "both_score_odd": 2.06,
                "both_noscore_odd": 1.696,
                "over_0.5_odd": 1.024,
                "over_1.0_odd": 1.061,
                "over_1.5_odd": 1.36,
                "over_2.0_odd": 1.615,
                "over_2.5_odd": 2.242,
                "over_3.0_odd": 3.22,
                "over_3.5_odd": 3.92,
                "over_4.0_odd": 7.1,
                "over_4.5_odd": 7.6,
                "over_5.0_odd": 13.5,
                "over_5.5_odd": 17,
                "over_6.5_odd": 34,
                "under_0.5_odd": 8.2,
                "under_1.0_odd": 6.95,
                "under_1.5_odd": 2.95,
                "under_2.0_odd": 2.25,
                "under_2.5_odd": 1.757,
                "under_3.0_odd": 1.33,
                "under_3.5_odd": 1.22,
                "under_4.0_odd": 1.059,
                "under_4.5_odd": 1.034,
                "under_5.0_odd": 1.02,
                "under_5.5_odd": 1.01,
                "under_6.5_odd": 1.005,
                "over_0.75_odd": 1.041,
                "over_1.25_odd": 1.21,
                "over_1.75_odd": 1.46,
                "over_2.25_odd": 1.9,
                "over_2.75_odd": 2.53,
                "over_3.25_odd": 3.55,
                "over_3.75_odd": 4.95,
                "over_4.25_odd": 7.4,
                "under_0.75_odd": 7.6,
                "under_1.25_odd": 3.94,
                "under_1.75_odd": 2.61,
                "under_2.25_odd": 1.89,
                "under_2.75_odd": 1.51,
                "under_3.25_odd": 1.27,
                "under_3.75_odd": 1.138,
                "under_4.25_odd": 1.046,
                "home_handicap_-3.5_odd": 14.5,
                "home_handicap_-3.0_odd": 13,
                "home_handicap_-2.5_odd": 6.1,
                "home_handicap_-2.0_odd": 5.3,
                "home_handicap_-1.5_odd": 2.98,
                "home_handicap_-1.0_odd": 2.26,
                "home_handicap_0.0_odd": 1.24,
                "home_handicap_1.0_odd": 1.04,
                "home_handicap_1.5_odd": 1.02,
                "away_handicap_3.5_odd": 1.02,
                "away_handicap_3.0_odd": 1.02,
                "away_handicap_2.5_odd": 1.078,
                "away_handicap_2.0_odd": 1.122,
                "away_handicap_1.5_odd": 1.363,
                "away_handicap_1.0_odd": 1.64,
                "away_handicap_0.0_odd": 3.74,
                "away_handicap_-1.0_odd": 11.5,
                "away_handicap_-1.5_odd": 13,
                "home_handicap_-2.75_odd": 7.9,
                "home_handicap_-2.25_odd": 5.7,
                "home_handicap_-1.75_odd": 3.64,
                "home_handicap_-1.25_odd": 2.61,
                "home_handicap_-0.75_odd": 1.86,
                "home_handicap_-0.25_odd": 1.444,
                "home_handicap_0.25_odd": 1.176,
                "home_handicap_0.75_odd": 1.068,
                "away_handicap_2.75_odd": 1.029,
                "away_handicap_2.25_odd": 1.098,
                "away_handicap_1.75_odd": 1.25,
                "away_handicap_1.25_odd": 1.47,
                "away_handicap_0.75_odd": 1.909,
                "away_handicap_0.25_odd": 2.66,
                "away_handicap_-0.25_odd": 4.35,
                "away_handicap_-0.75_odd": 6.65,
                "home_over_0.5_odd": 1.2,
                "home_over_1.0_odd": 1.34,
                "home_over_1.5_odd": 1.95,
                "home_over_2.0_odd": 3,
                "home_over_2.5_odd": 4.1,
                "home_over_3.5_odd": 9.9,
                "home_under_0.5_odd": 4.6,
                "home_under_1.0_odd": 3.1,
                "home_under_1.5_odd": 1.85,
                "home_under_2.0_odd": 1.38,
                "home_under_2.5_odd": 1.24,
                "home_under_3.5_odd": 1.05,
                "home_over_0.75_odd": 1.24,
                "home_over_1.25_odd": 1.66,
                "home_over_1.75_odd": 2.31,
                "home_over_2.25_odd": 3.52,
                "home_under_0.75_odd": 3.88,
                "home_under_1.25_odd": 2.22,
                "home_under_1.75_odd": 1.61,
                "home_under_2.25_odd": 1.28,
                "away_over_0.5_odd": 1.74,
                "away_over_1.0_odd": 3,
                "away_over_1.5_odd": 4.4,
                "away_over_2.0_odd": 13,
                "away_over_2.5_odd": 15.5,
                "away_under_0.5_odd": 2.1,
                "away_under_1.0_odd": 1.37,
                "away_under_1.5_odd": 1.21,
                "away_under_2.0_odd": 1.02,
                "away_under_2.5_odd": 1.01,
                "away_over_0.75_odd": 2.11,
                "away_over_1.25_odd": 3.94,
                "away_over_1.75_odd": 6.75,
                "away_under_0.75_odd": 1.727,
                "away_under_1.25_odd": 1.25,
                "away_under_1.75_odd": 1.091
            },
            {
                "match_id": 635321990,
                "date": "17/08/2025",
                "time": "20:30",
                "home_team": "Espanyol",
                "away_team": "Atletico Madrid",
                "1_odd": 6.53,
                "draw_odd": 4.17,
                "2_odd": 1.606,
                "1X_odd": 2.481,
                "12_odd": 1.272,
                "X2_odd": 1.146,
                "both_score_odd": 2.12,
                "both_noscore_odd": 1.657,
                "over_0.5_odd": 1.003,
                "over_1.0_odd": 1.039,
                "over_1.5_odd": 1.33,
                "over_2.0_odd": 1.57,
                "over_2.5_odd": 2.198,
                "over_3.0_odd": 3.1,
                "over_3.5_odd": 3.82,
                "over_4.0_odd": 7.3,
                "over_4.5_odd": 8.2,
                "over_5.0_odd": 12.5,
                "over_5.5_odd": 15.5,
                "over_6.5_odd": 34,
                "under_0.5_odd": 9.9,
                "under_1.0_odd": 8.1,
                "under_1.5_odd": 3.1,
                "under_2.0_odd": 2.35,
                "under_2.5_odd": 1.785,
                "under_3.0_odd": 1.35,
                "under_3.5_odd": 1.23,
                "under_4.0_odd": 1.054,
                "under_4.5_odd": 1.025,
                "under_5.0_odd": 1.03,
                "under_5.5_odd": 1.01,
                "under_6.5_odd": 1.005,
                "over_0.75_odd": 1.019,
                "over_1.25_odd": 1.182,
                "over_1.75_odd": 1.43,
                "over_2.25_odd": 1.85,
                "over_2.75_odd": 2.45,
                "over_3.25_odd": 3.48,
                "over_3.75_odd": 4.95,
                "over_4.25_odd": 7.7,
                "under_0.75_odd": 9,
                "under_1.25_odd": 4.3,
                "under_1.75_odd": 2.71,
                "under_2.25_odd": 1.94,
                "under_2.75_odd": 1.54,
                "under_3.25_odd": 1.28,
                "under_3.75_odd": 1.138,
                "under_4.25_odd": 1.039,
                "home_handicap_-1.5_odd": 16.5,
                "home_handicap_-1.0_odd": 15,
                "home_handicap_0.0_odd": 4.8,
                "home_handicap_1.0_odd": 1.82,
                "home_handicap_1.5_odd": 1.44,
                "home_handicap_2.0_odd": 1.159,
                "home_handicap_2.5_odd": 1.098,
                "home_handicap_3.0_odd": 1.05,
                "home_handicap_3.5_odd": 1.04,
                "away_handicap_1.5_odd": 1.01,
                "away_handicap_1.0_odd": 1.01,
                "away_handicap_0.0_odd": 1.155,
                "away_handicap_-1.0_odd": 1.99,
                "away_handicap_-1.5_odd": 2.67,
                "away_handicap_-2.0_odd": 4.6,
                "away_handicap_-2.5_odd": 5.5,
                "away_handicap_-3.0_odd": 10,
                "away_handicap_-3.5_odd": 11,
                "home_handicap_-0.75_odd": 8.9,
                "home_handicap_-0.25_odd": 5.2,
                "home_handicap_0.25_odd": 3.1,
                "home_handicap_0.75_odd": 2.12,
                "home_handicap_1.25_odd": 1.58,
                "home_handicap_1.75_odd": 1.3,
                "home_handicap_2.25_odd": 1.125,
                "home_handicap_2.75_odd": 1.038,
                "away_handicap_0.75_odd": 1.027,
                "away_handicap_0.25_odd": 1.128,
                "away_handicap_-0.25_odd": 1.34,
                "away_handicap_-0.75_odd": 1.69,
                "away_handicap_-1.25_odd": 2.33,
                "away_handicap_-1.75_odd": 3.28,
                "away_handicap_-2.25_odd": 5.05,
                "away_handicap_-2.75_odd": 7.4,
                "home_over_0.5_odd": 1.87,
                "home_over_1.0_odd": 3.5,
                "home_over_1.5_odd": 5.1,
                "home_over_2.0_odd": 16.5,
                "home_under_0.5_odd": 1.93,
                "home_under_1.0_odd": 1.28,
                "home_under_1.5_odd": 1.17,
                "home_under_2.0_odd": 1.01,
                "home_over_0.75_odd": 2.27,
                "home_over_1.25_odd": 4.7,
                "home_over_1.75_odd": 8.4,
                "home_under_0.75_odd": 1.63,
                "home_under_1.25_odd": 1.19,
                "home_under_1.75_odd": 1.058,
                "away_over_0.5_odd": 1.15,
                "away_over_1.0_odd": 1.25,
                "away_over_1.5_odd": 1.77,
                "away_over_2.0_odd": 2.55,
                "away_over_2.5_odd": 3.5,
                "away_over_3.5_odd": 8,
                "away_under_0.5_odd": 5.4,
                "away_under_1.0_odd": 3.7,
                "away_under_1.5_odd": 2.05,
                "away_under_2.0_odd": 1.51,
                "away_under_2.5_odd": 1.31,
                "away_under_3.5_odd": 1.08,
                "away_over_0.75_odd": 1.182,
                "away_over_1.25_odd": 1.55,
                "away_over_1.75_odd": 2.13,
                "away_over_2.25_odd": 3.2,
                "away_under_0.75_odd": 4.6,
                "away_under_1.25_odd": 2.45,
                "away_under_1.75_odd": 1.71,
                "away_under_2.25_odd": 1.33
            },
            {
                "match_id": 635321982,
                "date": "18/08/2025",
                "time": "20:00",
                "home_team": "Elche",
                "away_team": "Real Betis",
                "1_odd": 3.665,
                "draw_odd": 3.625,
                "2_odd": 2.142,
                "1X_odd": 1.789,
                "12_odd": 1.334,
                "X2_odd": 1.328,
                "both_score_odd": 1.8,
                "both_noscore_odd": 1.923,
                "over_0.5_odd": 1.013,
                "over_1.0_odd": 1.043,
                "over_1.5_odd": 1.31,
                "over_2.0_odd": 1.52,
                "over_2.5_odd": 2.096,
                "over_3.0_odd": 2.83,
                "over_3.5_odd": 3.48,
                "over_4.0_odd": 6.1,
                "over_4.5_odd": 6.75,
                "over_5.0_odd": 12,
                "over_5.5_odd": 14.5,
                "over_6.5_odd": 29,
                "under_0.5_odd": 9,
                "under_1.0_odd": 7.9,
                "under_1.5_odd": 3.22,
                "under_2.0_odd": 2.47,
                "under_2.5_odd": 1.858,
                "under_3.0_odd": 1.41,
                "under_3.5_odd": 1.27,
                "under_4.0_odd": 1.084,
                "under_4.5_odd": 1.053,
                "under_5.0_odd": 1.03,
                "under_5.5_odd": 1.02,
                "under_6.5_odd": 1.007,
                "over_0.75_odd": 1.027,
                "over_1.25_odd": 1.175,
                "over_1.75_odd": 1.39,
                "over_2.25_odd": 1.77,
                "over_2.75_odd": 2.31,
                "over_3.25_odd": 3.15,
                "over_3.75_odd": 4.4,
                "over_4.25_odd": 6.4,
                "under_0.75_odd": 8.4,
                "under_1.25_odd": 4.35,
                "under_1.75_odd": 2.86,
                "under_2.25_odd": 2.03,
                "under_2.75_odd": 1.6,
                "under_3.25_odd": 1.33,
                "under_3.75_odd": 1.173,
                "under_4.25_odd": 1.068,
                "home_handicap_-1.5_odd": 7.9,
                "home_handicap_-1.0_odd": 7,
                "home_handicap_0.0_odd": 2.57,
                "home_handicap_1.0_odd": 1.34,
                "home_handicap_1.5_odd": 1.21,
                "home_handicap_2.0_odd": 1.039,
                "home_handicap_2.5_odd": 1.018,
                "away_handicap_1.5_odd": 1.042,
                "away_handicap_1.0_odd": 1.073,
                "away_handicap_0.0_odd": 1.51,
                "away_handicap_-1.0_odd": 3.04,
                "away_handicap_-1.5_odd": 3.84,
                "away_handicap_-2.0_odd": 7.4,
                "away_handicap_-2.5_odd": 8.1,
                "home_handicap_-1.75_odd": 10.5,
                "home_handicap_-1.25_odd": 7.5,
                "home_handicap_-0.75_odd": 4.45,
                "home_handicap_-0.25_odd": 2.95,
                "home_handicap_0.25_odd": 2.02,
                "home_handicap_0.75_odd": 1.56,
                "home_handicap_1.25_odd": 1.27,
                "home_handicap_1.75_odd": 1.124,
                "away_handicap_1.75_odd": 1.003,
                "away_handicap_1.25_odd": 1.056,
                "away_handicap_0.75_odd": 1.184,
                "away_handicap_0.25_odd": 1.38,
                "away_handicap_-0.25_odd": 1.76,
                "away_handicap_-0.75_odd": 2.34,
                "away_handicap_-1.25_odd": 3.42,
                "away_handicap_-1.75_odd": 4.95,
                "home_over_0.5_odd": 1.47,
                "home_over_1.0_odd": 2.05,
                "home_over_1.5_odd": 3.1,
                "home_over_2.0_odd": 7.5,
                "home_over_2.5_odd": 9.4,
                "home_under_0.5_odd": 2.7,
                "home_under_1.0_odd": 1.72,
                "home_under_1.5_odd": 1.37,
                "home_under_2.0_odd": 1.09,
                "home_under_2.5_odd": 1.06,
                "home_over_0.75_odd": 1.65,
                "home_over_1.25_odd": 2.65,
                "home_over_1.75_odd": 4.2,
                "home_over_2.25_odd": 8.4,
                "home_over_2.75_odd": 11.7,
                "home_under_0.75_odd": 2.24,
                "home_under_1.25_odd": 1.48,
                "home_under_1.75_odd": 1.21,
                "home_under_2.25_odd": 1.07,
                "home_under_2.75_odd": 1.003,
                "away_over_0.5_odd": 1.23,
                "away_over_1.0_odd": 1.42,
                "away_over_1.5_odd": 2.1,
                "away_over_2.0_odd": 3.5,
                "away_over_2.5_odd": 4.7,
                "away_over_3.5_odd": 12,
                "away_under_0.5_odd": 4.1,
                "away_under_1.0_odd": 2.7,
                "away_under_1.5_odd": 1.74,
                "away_under_2.0_odd": 1.3,
                "away_under_2.5_odd": 1.19,
                "away_under_3.5_odd": 1.03,
                "away_over_0.75_odd": 1.3,
                "away_over_1.25_odd": 1.81,
                "away_over_1.75_odd": 2.61,
                "away_over_2.25_odd": 4.2,
                "away_under_0.75_odd": 3.38,
                "away_under_1.25_odd": 2,
                "away_under_1.75_odd": 1.49,
                "away_under_2.25_odd": 1.21
            },
            {
                "match_id": 635322496,
                "date": "19/08/2025",
                "time": "20:00",
                "home_team": "Real Madrid",
                "away_team": "Osasuna",
                "1_odd": 1.264,
                "draw_odd": 6.65,
                "2_odd": 13.5,
                "1X_odd": 1.038,
                "12_odd": 1.142,
                "X2_odd": 4.26,
                "both_score_odd": 2.11,
                "both_noscore_odd": 1.664,
                "over_0.5_odd": 1.019,
                "over_1.0_odd": 1.02,
                "over_1.5_odd": 1.145,
                "over_2.0_odd": 1.23,
                "over_2.5_odd": 1.631,
                "over_3.0_odd": 1.92,
                "over_3.5_odd": 2.43,
                "over_4.0_odd": 3.58,
                "over_4.5_odd": 4.3,
                "over_5.0_odd": 7.7,
                "over_5.5_odd": 8.5,
                "over_6.5_odd": 17,
                "over_7.5_odd": 29,
                "under_0.5_odd": 17.5,
                "under_1.0_odd": 13.5,
                "under_1.5_odd": 5,
                "under_2.0_odd": 4,
                "under_2.5_odd": 2.487,
                "under_3.0_odd": 1.85,
                "under_3.5_odd": 1.51,
                "under_4.0_odd": 1.24,
                "under_4.5_odd": 1.157,
                "under_5.0_odd": 1.025,
                "under_5.5_odd": 1.012,
                "under_6.5_odd": 1.025,
                "under_7.5_odd": 1.007,
                "over_1.25_odd": 1.061,
                "over_1.75_odd": 1.182,
                "over_2.25_odd": 1.41,
                "over_2.75_odd": 1.71,
                "over_3.25_odd": 2.16,
                "over_3.75_odd": 2.81,
                "over_4.25_odd": 3.94,
                "over_4.75_odd": 5.4,
                "under_1.25_odd": 7.3,
                "under_1.75_odd": 4.5,
                "under_2.25_odd": 2.875,
                "under_2.75_odd": 2.12,
                "under_3.25_odd": 1.65,
                "under_3.75_odd": 1.38,
                "under_4.25_odd": 1.192,
                "under_4.75_odd": 1.088,
                "home_handicap_-4.5_odd": 11,
                "home_handicap_-4.0_odd": 10,
                "home_handicap_-3.5_odd": 5.2,
                "home_handicap_-3.0_odd": 4.45,
                "home_handicap_-2.5_odd": 2.77,
                "home_handicap_-2.0_odd": 2.2,
                "home_handicap_-1.5_odd": 1.793,
                "home_handicap_-1.0_odd": 1.32,
                "home_handicap_0.0_odd": 1.04,
                "away_handicap_4.5_odd": 1.04,
                "away_handicap_4.0_odd": 1.05,
                "away_handicap_3.5_odd": 1.096,
                "away_handicap_3.0_odd": 1.152,
                "away_handicap_2.5_odd": 1.39,
                "away_handicap_2.0_odd": 1.63,
                "away_handicap_1.5_odd": 2.186,
                "away_handicap_1.0_odd": 3.22,
                "away_handicap_0.0_odd": 8.3,
                "home_handicap_-3.75_odd": 6.75,
                "home_handicap_-3.25_odd": 4.85,
                "home_handicap_-2.75_odd": 3.34,
                "home_handicap_-2.25_odd": 2.48,
                "home_handicap_-1.75_odd": 1.9,
                "home_handicap_-1.25_odd": 1.52,
                "home_handicap_-0.75_odd": 1.25,
                "home_handicap_-0.25_odd": 1.104,
                "away_handicap_3.75_odd": 1.044,
                "away_handicap_3.25_odd": 1.122,
                "away_handicap_2.75_odd": 1.27,
                "away_handicap_2.25_odd": 1.49,
                "away_handicap_1.75_odd": 1.87,
                "away_handicap_1.25_odd": 2.47,
                "away_handicap_0.75_odd": 3.64,
                "away_handicap_0.25_odd": 5.75,
                "home_over_0.5_odd": 1.05,
                "home_over_1.5_odd": 1.36,
                "home_over_2.0_odd": 1.59,
                "home_over_2.5_odd": 2.13,
                "home_over_3.5_odd": 3.9,
                "home_over_4.5_odd": 8.2,
                "home_under_0.5_odd": 9.9,
                "home_under_1.5_odd": 3.2,
                "home_under_2.0_odd": 2.36,
                "home_under_2.5_odd": 1.71,
                "home_under_3.5_odd": 1.26,
                "home_under_4.5_odd": 1.07,
                "home_over_1.75_odd": 1.42,
                "home_over_2.25_odd": 1.84,
                "home_over_2.75_odd": 2.45,
                "home_over_3.25_odd": 3.45,
                "home_under_1.75_odd": 2.77,
                "home_under_2.25_odd": 1.96,
                "home_under_2.75_odd": 1.55,
                "home_under_3.25_odd": 1.29,
                "away_over_0.5_odd": 1.96,
                "away_over_1.0_odd": 3.8,
                "away_over_1.5_odd": 5.5,
                "away_under_0.5_odd": 1.84,
                "away_under_1.0_odd": 1.24,
                "away_under_1.5_odd": 1.15,
                "away_over_0.75_odd": 2.58,
                "away_over_1.25_odd": 5.75,
                "away_over_1.75_odd": 10.5,
                "away_under_0.75_odd": 1.5,
                "away_under_1.25_odd": 1.137,
                "away_under_1.75_odd": 1.033
            }
        ]
    }
]