[
    {
        "last_updated": "2025-07-24T20:45:02.530721+01:00"
    },
    {
        "tournament_id": 118587,
        "tournament_name": "UEFA Champions League",
        "matches": [
            {
                "match_id": 639462678,
                "date": "29/07/2025",
                "time": "16:00",
                "home_team": "Kairat",
                "away_team": "Kuopion Palloseura",
                "1_odd": 1.438,
                "draw_odd": 4.655,
                "2_odd": 7.55,
                "1X_odd": 1.087,
                "12_odd": 1.201,
                "X2_odd": 2.843,
                "home_qualify_odd": 2.65,
                "away_qualify_odd": 1.42,
                "both_score_odd": 1.98,
                "both_noscore_odd": 1.754,
                "over_0.5_odd": 1.03,
                "over_1.0_odd": 1.06,
                "over_1.5_odd": 1.2,
                "over_2.0_odd": 1.34,
                "over_2.5_odd": 1.82,
                "over_3.0_odd": 2.33,
                "over_3.5_odd": 2.92,
                "over_4.0_odd": 4.9,
                "over_4.5_odd": 5.75,
                "over_5.0_odd": 10.5,
                "over_5.5_odd": 12.5,
                "under_0.5_odd": 12.5,
                "under_1.0_odd": 9.4,
                "under_1.5_odd": 3.82,
                "under_2.0_odd": 2.97,
                "under_2.5_odd": 2.032,
                "under_3.0_odd": 1.53,
                "under_3.5_odd": 1.33,
                "under_4.0_odd": 1.11,
                "under_4.5_odd": 1.074,
                "under_5.0_odd": 1.05,
                "under_5.5_odd": 1.03,
                "over_1.25_odd": 1.092,
                "over_1.75_odd": 1.26,
                "over_2.25_odd": 1.56,
                "over_2.75_odd": 1.97,
                "over_3.25_odd": 2.64,
                "over_3.75_odd": 3.56,
                "over_4.25_odd": 5.3,
                "over_4.75_odd": 7.5,
                "under_1.25_odd": 5.4,
                "under_1.75_odd": 3.4,
                "under_2.25_odd": 2.3,
                "under_2.75_odd": 1.76,
                "under_3.25_odd": 1.41,
                "under_3.75_odd": 1.22,
                "under_4.25_odd": 1.09,
                "under_4.75_odd": 1.028,
                "home_handicap_-3.5_odd": 9,
                "home_handicap_-3.0_odd": 8,
                "home_handicap_-2.5_odd": 4.1,
                "home_handicap_-2.0_odd": 3.28,
                "home_handicap_-1.5_odd": 2.282,
                "home_handicap_-1.0_odd": 1.69,
                "home_handicap_0.0_odd": 1.088,
                "home_handicap_1.0_odd": 1.01,
                "home_handicap_1.5_odd": 1.01,
                "away_handicap_3.5_odd": 1.005,
                "away_handicap_3.0_odd": 1.02,
                "away_handicap_2.5_odd": 1.161,
                "away_handicap_2.0_odd": 1.26,
                "away_handicap_1.5_odd": 1.657,
                "away_handicap_1.0_odd": 2.14,
                "away_handicap_0.0_odd": 5.8,
                "away_handicap_-1.0_odd": 15.5,
                "away_handicap_-1.5_odd": 17,
                "home_handicap_-3.25_odd": 8.5,
                "home_handicap_-2.75_odd": 5.3,
                "home_handicap_-2.25_odd": 3.7,
                "home_handicap_-1.75_odd": 2.58,
                "home_handicap_-1.25_odd": 1.93,
                "home_handicap_-0.75_odd": 1.49,
                "home_handicap_-0.25_odd": 1.24,
                "home_handicap_0.75_odd": 1.004,
                "away_handicap_3.25_odd": 1.012,
                "away_handicap_2.75_odd": 1.09,
                "away_handicap_2.25_odd": 1.2,
                "away_handicap_1.75_odd": 1.42,
                "away_handicap_1.25_odd": 1.78,
                "away_handicap_0.75_odd": 2.44,
                "away_handicap_0.25_odd": 3.58,
                "away_handicap_-0.75_odd": 10.5,
                "home_over_0.5_odd": 1.12,
                "home_over_1.0_odd": 1.18,
                "home_over_1.5_odd": 1.61,
                "home_over_2.0_odd": 2.17,
                "home_over_2.5_odd": 3,
                "home_over_3.5_odd": 6.4,
                "home_over_4.5_odd": 15,
                "home_under_0.5_odd": 6.4,
                "home_under_1.0_odd": 4.5,
                "home_under_1.5_odd": 2.3,
                "home_under_2.0_odd": 1.69,
                "home_under_2.5_odd": 1.4,
                "home_under_3.5_odd": 1.12,
                "home_under_4.5_odd": 1.02,
                "home_over_1.25_odd": 1.35,
                "home_over_1.75_odd": 1.75,
                "home_over_2.25_odd": 2.44,
                "home_over_2.75_odd": 3.45,
                "home_under_1.25_odd": 3.04,
                "home_under_1.75_odd": 2.05,
                "home_under_2.25_odd": 1.54,
                "home_under_2.75_odd": 1.28,
                "away_over_0.5_odd": 1.76,
                "away_over_1.0_odd": 3,
                "away_over_1.5_odd": 4.5,
                "away_over_2.0_odd": 14,
                "away_over_2.5_odd": 16.5,
                "away_under_0.5_odd": 2.06,
                "away_under_1.0_odd": 1.36,
                "away_under_1.5_odd": 1.21,
                "away_under_2.0_odd": 1.02,
                "away_under_2.5_odd": 1.01,
                "away_over_0.75_odd": 2.19,
                "away_over_1.25_odd": 4.3,
                "away_over_1.75_odd": 7.8,
                "away_under_0.75_odd": 1.66,
                "away_under_1.25_odd": 1.21,
                "away_under_1.75_odd": 1.061
            },
            {
                "match_id": 639461366,
                "date": "29/07/2025",
                "time": "19:00",
                "home_team": "Dynamo Kyiv",
                "away_team": "Hamrun Spartans",
                "1_odd": 1.207,
                "draw_odd": 6.84,
                "2_odd": 14.9,
                "1X_odd": 1.018,
                "12_odd": 1.11,
                "X2_odd": 4.56,
                "both_score_odd": 2.09,
                "both_noscore_odd": 1.676,
                "over_0.5_odd": 1.008,
                "over_1.0_odd": 1.01,
                "over_1.5_odd": 1.096,
                "over_2.0_odd": 1.15,
                "over_2.5_odd": 1.444,
                "over_3.0_odd": 1.727,
                "over_3.5_odd": 2.257,
                "over_4.0_odd": 3.08,
                "over_4.5_odd": 3.64,
                "over_5.0_odd": 6.05,
                "over_5.5_odd": 6.75,
                "over_6.5_odd": 11,
                "under_0.5_odd": 19.5,
                "under_1.0_odd": 15,
                "under_1.5_odd": 5.2,
                "under_2.0_odd": 4.25,
                "under_2.5_odd": 2.49,
                "under_3.0_odd": 1.99,
                "under_3.5_odd": 1.67,
                "under_4.0_odd": 1.32,
                "under_4.5_odd": 1.22,
                "under_5.0_odd": 1.064,
                "under_5.5_odd": 1.045,
                "under_6.5_odd": 1.02,
                "over_1.75_odd": 1.12,
                "over_2.25_odd": 1.3,
                "over_2.75_odd": 1.56,
                "over_3.25_odd": 1.952,
                "over_3.75_odd": 2.52,
                "over_4.25_odd": 3.32,
                "over_4.75_odd": 4.5,
                "over_5.25_odd": 6.4,
                "under_1.75_odd": 4.7,
                "under_2.25_odd": 3.02,
                "under_2.75_odd": 2.24,
                "under_3.25_odd": 1.77,
                "under_3.75_odd": 1.47,
                "under_4.25_odd": 1.27,
                "under_4.75_odd": 1.14,
                "under_5.25_odd": 1.054,
                "home_handicap_-5.5_odd": 17,
                "home_handicap_-5.0_odd": 16,
                "home_handicap_-4.5_odd": 8.3,
                "home_handicap_-4.0_odd": 7.5,
                "home_handicap_-3.5_odd": 4.25,
                "home_handicap_-3.0_odd": 3.6,
                "home_handicap_-2.5_odd": 2.44,
                "home_handicap_-2.0_odd": 1.97,
                "home_handicap_-1.5_odd": 1.636,
                "home_handicap_-1.0_odd": 1.23,
                "home_handicap_0.0_odd": 1.02,
                "away_handicap_5.5_odd": 1.01,
                "away_handicap_5.0_odd": 1.01,
                "away_handicap_4.5_odd": 1.015,
                "away_handicap_4.0_odd": 1.028,
                "away_handicap_3.5_odd": 1.149,
                "away_handicap_3.0_odd": 1.22,
                "away_handicap_2.5_odd": 1.48,
                "away_handicap_2.0_odd": 1.81,
                "away_handicap_1.5_odd": 2.323,
                "away_handicap_1.0_odd": 3.5,
                "away_handicap_0.0_odd": 13,
                "home_handicap_-3.75_odd": 5.35,
                "home_handicap_-3.25_odd": 3.92,
                "home_handicap_-2.75_odd": 2.85,
                "home_handicap_-2.25_odd": 2.18,
                "home_handicap_-1.75_odd": 1.72,
                "home_handicap_-1.25_odd": 1.4,
                "home_handicap_-0.75_odd": 1.192,
                "home_handicap_-0.25_odd": 1.065,
                "away_handicap_3.75_odd": 1.089,
                "away_handicap_3.25_odd": 1.178,
                "away_handicap_2.75_odd": 1.35,
                "away_handicap_2.25_odd": 1.61,
                "away_handicap_1.75_odd": 2.01,
                "away_handicap_1.25_odd": 2.65,
                "away_handicap_0.75_odd": 3.78,
                "away_handicap_0.25_odd": 6,
                "home_over_0.5_odd": 1.02,
                "home_over_1.0_odd": 1.06,
                "home_over_1.5_odd": 1.3,
                "home_over_2.0_odd": 1.45,
                "home_over_2.5_odd": 1.88,
                "home_over_3.0_odd": 2.5,
                "home_over_3.5_odd": 3.15,
                "home_over_4.0_odd": 5.2,
                "home_over_4.5_odd": 6,
                "home_under_0.5_odd": 15,
                "home_under_1.0_odd": 9.5,
                "home_under_1.5_odd": 3.5,
                "home_under_2.0_odd": 2.75,
                "home_under_2.5_odd": 1.92,
                "home_under_3.0_odd": 1.52,
                "home_under_3.5_odd": 1.35,
                "home_under_4.0_odd": 1.16,
                "home_under_4.5_odd": 1.13,
                "home_over_1.75_odd": 1.333,
                "home_over_2.25_odd": 1.68,
                "home_over_2.75_odd": 2.15,
                "home_over_3.25_odd": 2.89,
                "home_under_1.75_odd": 3.125,
                "home_under_2.25_odd": 2.16,
                "home_under_2.75_odd": 1.68,
                "home_under_3.25_odd": 1.38,
                "away_over_0.5_odd": 2.05,
                "away_over_1.0_odd": 4.3,
                "away_over_1.5_odd": 6.1,
                "away_under_0.5_odd": 1.77,
                "away_under_1.0_odd": 1.22,
                "away_under_1.5_odd": 1.12,
                "away_over_0.75_odd": 2.57,
                "away_over_1.25_odd": 5.7,
                "away_over_1.75_odd": 9.9,
                "away_under_0.75_odd": 1.49,
                "away_under_1.25_odd": 1.131,
                "away_under_1.75_odd": 1.031
            },
            {
                "match_id": 639461363,
                "date": "29/07/2025",
                "time": "19:00",
                "home_team": "KF Drita",
                "away_team": "Copenhagen",
                "1_odd": 8.6,
                "draw_odd": 4.76,
                "2_odd": 1.398,
                "1X_odd": 3.015,
                "12_odd": 1.195,
                "X2_odd": 1.066,
                "home_qualify_odd": 16,
                "away_qualify_odd": 1.01,
                "both_score_odd": 2.03,
                "both_noscore_odd": 1.717,
                "over_0.5_odd": 1.02,
                "over_1.0_odd": 1.05,
                "over_1.5_odd": 1.21,
                "over_2.0_odd": 1.34,
                "over_2.5_odd": 1.811,
                "over_3.0_odd": 2.27,
                "over_3.5_odd": 2.83,
                "over_4.0_odd": 4.6,
                "over_4.5_odd": 5.35,
                "over_5.0_odd": 9.9,
                "over_5.5_odd": 12,
                "over_6.5_odd": 15,
                "under_0.5_odd": 13,
                "under_1.0_odd": 9.9,
                "under_1.5_odd": 3.74,
                "under_2.0_odd": 2.97,
                "under_2.5_odd": 2.043,
                "under_3.0_odd": 1.56,
                "under_3.5_odd": 1.35,
                "under_4.0_odd": 1.127,
                "under_4.5_odd": 1.089,
                "under_5.0_odd": 1.05,
                "under_5.5_odd": 1.03,
                "under_6.5_odd": 1.01,
                "over_1.25_odd": 1.099,
                "over_1.75_odd": 1.26,
                "over_2.25_odd": 1.55,
                "over_2.75_odd": 1.94,
                "over_3.25_odd": 2.57,
                "over_3.75_odd": 3.4,
                "over_4.25_odd": 4.95,
                "over_4.75_odd": 6.85,
                "under_1.25_odd": 5.25,
                "under_1.75_odd": 3.4,
                "under_2.25_odd": 2.32,
                "under_2.75_odd": 1.78,
                "under_3.25_odd": 1.43,
                "under_3.75_odd": 1.24,
                "under_4.25_odd": 1.106,
                "under_4.75_odd": 1.042,
                "home_handicap_0.0_odd": 5.95,
                "home_handicap_1.0_odd": 2.23,
                "home_handicap_1.5_odd": 1.73,
                "home_handicap_2.0_odd": 1.33,
                "home_handicap_2.5_odd": 1.21,
                "home_handicap_3.0_odd": 1.047,
                "home_handicap_3.5_odd": 1.029,
                "home_handicap_4.0_odd": 1.01,
                "home_handicap_4.5_odd": 1.01,
                "away_handicap_0.0_odd": 1.069,
                "away_handicap_-1.0_odd": 1.57,
                "away_handicap_-1.5_odd": 2.157,
                "away_handicap_-2.0_odd": 2.99,
                "away_handicap_-2.5_odd": 3.68,
                "away_handicap_-3.0_odd": 6.65,
                "away_handicap_-3.5_odd": 7.5,
                "away_handicap_-4.0_odd": 15.5,
                "away_handicap_-4.5_odd": 16.5,
                "home_handicap_0.25_odd": 3.82,
                "home_handicap_0.75_odd": 2.58,
                "home_handicap_1.25_odd": 1.88,
                "home_handicap_1.75_odd": 1.5,
                "home_handicap_2.25_odd": 1.26,
                "home_handicap_2.75_odd": 1.125,
                "home_handicap_3.25_odd": 1.037,
                "away_handicap_-0.25_odd": 1.195,
                "away_handicap_-0.75_odd": 1.42,
                "away_handicap_-1.25_odd": 1.83,
                "away_handicap_-1.75_odd": 2.42,
                "away_handicap_-2.25_odd": 3.35,
                "away_handicap_-2.75_odd": 4.65,
                "away_handicap_-3.25_odd": 7.1,
                "home_over_0.5_odd": 1.86,
                "home_over_1.0_odd": 3.4,
                "home_over_1.5_odd": 4.9,
                "home_over_2.0_odd": 16,
                "home_under_0.5_odd": 1.95,
                "home_under_1.0_odd": 1.3,
                "home_under_1.5_odd": 1.18,
                "home_under_2.0_odd": 1.01,
                "home_over_0.75_odd": 2.3,
                "home_over_1.25_odd": 4.75,
                "home_over_1.75_odd": 8.2,
                "home_under_0.75_odd": 1.6,
                "home_under_1.25_odd": 1.178,
                "home_under_1.75_odd": 1.053,
                "away_over_0.5_odd": 1.1,
                "away_over_1.5_odd": 1.54,
                "away_over_2.0_odd": 2,
                "away_over_2.5_odd": 2.75,
                "away_over_3.5_odd": 5.7,
                "away_over_4.5_odd": 13,
                "away_under_0.5_odd": 7,
                "away_under_1.5_odd": 2.47,
                "away_under_2.0_odd": 1.81,
                "away_under_2.5_odd": 1.46,
                "away_under_3.5_odd": 1.14,
                "away_under_4.5_odd": 1.03,
                "away_over_1.25_odd": 1.33,
                "away_over_1.75_odd": 1.7,
                "away_over_2.25_odd": 2.3,
                "away_over_2.75_odd": 3.2,
                "away_under_1.25_odd": 3.14,
                "away_under_1.75_odd": 2.12,
                "away_under_2.25_odd": 1.6,
                "away_under_2.75_odd": 1.32
            },
            {
                "match_id": 639465933,
                "date": "29/07/2025",
                "time": "20:00",
                "home_team": "Crvena Zvezda",
                "away_team": "Lincoln Red Imps",
                "1_odd": 1.055,
                "draw_odd": 15.5,
                "2_odd": 33,
                "12_odd": 1.017,
                "X2_odd": 10,
                "both_score_odd": 2.62,
                "both_noscore_odd": 1.442,
                "over_0.5_odd": 1.01,
                "over_1.0_odd": 1.02,
                "over_1.5_odd": 1.035,
                "over_2.0_odd": 1.058,
                "over_2.5_odd": 1.27,
                "over_3.0_odd": 1.42,
                "over_3.5_odd": 1.852,
                "over_4.0_odd": 2.24,
                "over_4.5_odd": 2.7,
                "over_5.0_odd": 4.05,
                "over_5.5_odd": 4.65,
                "over_6.0_odd": 7.8,
                "over_6.5_odd": 7.5,
                "over_7.5_odd": 12,
                "under_0.5_odd": 29,
                "under_1.0_odd": 23,
                "under_1.5_odd": 7.2,
                "under_2.0_odd": 6.25,
                "under_2.5_odd": 3.25,
                "under_3.0_odd": 2.64,
                "under_3.5_odd": 1.993,
                "under_4.0_odd": 1.57,
                "under_4.5_odd": 1.38,
                "under_5.0_odd": 1.166,
                "under_5.5_odd": 1.124,
                "under_6.0_odd": 1.024,
                "under_6.5_odd": 1.09,
                "under_7.5_odd": 1.02,
                "over_1.75_odd": 1.046,
                "over_2.25_odd": 1.161,
                "over_2.75_odd": 1.33,
                "over_3.25_odd": 1.61,
                "over_3.75_odd": 1.97,
                "over_4.25_odd": 2.48,
                "over_4.75_odd": 3.2,
                "over_5.25_odd": 4.33,
                "under_1.75_odd": 6.7,
                "under_2.25_odd": 4.2,
                "under_2.75_odd": 2.97,
                "under_3.25_odd": 2.2,
                "under_3.75_odd": 1.76,
                "under_4.25_odd": 1.46,
                "under_4.75_odd": 1.27,
                "under_5.25_odd": 1.143,
                "home_handicap_-6.0_odd": 15.5,
                "home_handicap_-5.5_odd": 7.9,
                "home_handicap_-5.0_odd": 7.3,
                "home_handicap_-4.5_odd": 4.35,
                "home_handicap_-4.0_odd": 3.78,
                "home_handicap_-3.5_odd": 2.59,
                "home_handicap_-3.0_odd": 2.14,
                "home_handicap_-2.5_odd": 1.742,
                "home_handicap_-2.0_odd": 1.33,
                "home_handicap_-1.5_odd": 1.22,
                "home_handicap_-1.0_odd": 1.051,
                "home_handicap_0.0_odd": 1.01,
                "away_handicap_6.0_odd": 1.01,
                "away_handicap_5.5_odd": 1.021,
                "away_handicap_5.0_odd": 1.032,
                "away_handicap_4.5_odd": 1.142,
                "away_handicap_4.0_odd": 1.2,
                "away_handicap_3.5_odd": 1.43,
                "away_handicap_3.0_odd": 1.69,
                "away_handicap_2.5_odd": 2.138,
                "away_handicap_2.0_odd": 2.89,
                "away_handicap_1.5_odd": 3.5,
                "away_handicap_1.0_odd": 6.55,
                "away_handicap_0.0_odd": 29,
                "home_handicap_-4.75_odd": 5.4,
                "home_handicap_-4.25_odd": 4.05,
                "home_handicap_-3.75_odd": 2.99,
                "home_handicap_-3.25_odd": 2.34,
                "home_handicap_-2.75_odd": 1.85,
                "home_handicap_-2.25_odd": 1.5,
                "home_handicap_-1.75_odd": 1.26,
                "home_handicap_-1.25_odd": 1.121,
                "away_handicap_4.75_odd": 1.087,
                "away_handicap_4.25_odd": 1.166,
                "away_handicap_3.75_odd": 1.32,
                "away_handicap_3.25_odd": 1.53,
                "away_handicap_2.75_odd": 1.86,
                "away_handicap_2.25_odd": 2.35,
                "away_handicap_1.75_odd": 3.22,
                "away_handicap_1.25_odd": 4.7,
                "home_over_1.5_odd": 1.16,
                "home_over_2.0_odd": 1.22,
                "home_over_2.5_odd": 1.52,
                "home_over_3.0_odd": 1.77,
                "home_over_3.5_odd": 2.17,
                "home_over_4.0_odd": 2.9,
                "home_over_4.5_odd": 3.4,
                "home_over_5.0_odd": 5.5,
                "home_over_5.5_odd": 6.2,
                "home_under_1.5_odd": 5.3,
                "home_under_2.0_odd": 4.3,
                "home_under_2.5_odd": 2.5,
                "home_under_3.0_odd": 2.05,
                "home_under_3.5_odd": 1.7,
                "home_under_4.0_odd": 1.42,
                "home_under_4.5_odd": 1.32,
                "home_under_5.0_odd": 1.15,
                "home_under_5.5_odd": 1.12,
                "home_over_2.25_odd": 1.31,
                "home_over_2.75_odd": 1.57,
                "home_over_3.25_odd": 1.96,
                "home_over_3.75_odd": 2.5,
                "home_under_2.25_odd": 3.25,
                "home_under_2.75_odd": 2.375,
                "home_under_3.25_odd": 1.82,
                "home_under_3.75_odd": 1.49,
                "away_over_0.5_odd": 2.65,
                "away_under_0.5_odd": 1.48,
                "away_over_0.75_odd": 3.6,
                "away_over_1.25_odd": 7.3,
                "away_over_1.75_odd": 15.5,
                "away_under_0.75_odd": 1.28,
                "away_under_1.25_odd": 1.07,
                "away_under_1.75_odd": 1.004
            },
            {
                "match_id": 639462687,
                "date": "29/07/2025",
                "time": "20:00",
                "home_team": "Zrinjski",
                "away_team": "Slovan Bratislava",
                "1_odd": 2.837,
                "draw_odd": 3.395,
                "2_odd": 2.533,
                "1X_odd": 1.533,
                "12_odd": 1.329,
                "X2_odd": 1.439,
                "both_score_odd": 1.66,
                "both_noscore_odd": 2.116,
                "over_0.5_odd": 1.015,
                "over_1.0_odd": 1.017,
                "over_1.5_odd": 1.24,
                "over_2.0_odd": 1.39,
                "over_2.5_odd": 1.89,
                "over_3.0_odd": 2.43,
                "over_3.5_odd": 2.97,
                "over_4.0_odd": 4.9,
                "over_4.5_odd": 5.6,
                "over_5.0_odd": 10.5,
                "over_5.5_odd": 12.5,
                "under_0.5_odd": 12.3,
                "under_1.0_odd": 8.2,
                "under_1.5_odd": 3.48,
                "under_2.0_odd": 2.75,
                "under_2.5_odd": 1.951,
                "under_3.0_odd": 1.49,
                "under_3.5_odd": 1.32,
                "under_4.0_odd": 1.11,
                "under_4.5_odd": 1.079,
                "under_5.0_odd": 1.04,
                "under_5.5_odd": 1.03,
                "over_0.75_odd": 1.008,
                "over_1.25_odd": 1.125,
                "over_1.75_odd": 1.3,
                "over_2.25_odd": 1.615,
                "over_2.75_odd": 2.05,
                "over_3.25_odd": 2.71,
                "over_3.75_odd": 3.64,
                "over_4.25_odd": 5.25,
                "under_0.75_odd": 8.8,
                "under_1.25_odd": 4.75,
                "under_1.75_odd": 3.125,
                "under_2.25_odd": 2.19,
                "under_2.75_odd": 1.7,
                "under_3.25_odd": 1.39,
                "under_3.75_odd": 1.21,
                "under_4.25_odd": 1.093,
                "home_handicap_-2.5_odd": 13,
                "home_handicap_-2.0_odd": 12,
                "home_handicap_-1.5_odd": 5.45,
                "home_handicap_-1.0_odd": 4.65,
                "home_handicap_0.0_odd": 2.033,
                "home_handicap_1.0_odd": 1.195,
                "home_handicap_1.5_odd": 1.121,
                "home_handicap_2.0_odd": 1.002,
                "home_handicap_2.5_odd": 1.04,
                "away_handicap_2.5_odd": 1.02,
                "away_handicap_2.0_odd": 1.03,
                "away_handicap_1.5_odd": 1.087,
                "away_handicap_1.0_odd": 1.142,
                "away_handicap_0.0_odd": 1.819,
                "away_handicap_-1.0_odd": 3.92,
                "away_handicap_-1.5_odd": 4.7,
                "away_handicap_-2.0_odd": 9.3,
                "away_handicap_-2.5_odd": 11,
                "home_handicap_-1.75_odd": 7.1,
                "home_handicap_-1.25_odd": 5.05,
                "home_handicap_-0.75_odd": 3.28,
                "home_handicap_-0.25_odd": 2.3,
                "home_handicap_0.25_odd": 1.67,
                "home_handicap_0.75_odd": 1.36,
                "home_handicap_1.25_odd": 1.154,
                "home_handicap_1.75_odd": 1.061,
                "away_handicap_1.75_odd": 1.036,
                "away_handicap_1.25_odd": 1.112,
                "away_handicap_0.75_odd": 1.28,
                "away_handicap_0.25_odd": 1.55,
                "away_handicap_-0.25_odd": 2.08,
                "away_handicap_-0.75_odd": 2.85,
                "away_handicap_-1.25_odd": 4.33,
                "away_handicap_-1.75_odd": 6.15,
                "home_over_0.5_odd": 1.31,
                "home_over_1.0_odd": 1.59,
                "home_over_1.5_odd": 2.4,
                "home_over_2.0_odd": 4.5,
                "home_over_2.5_odd": 6,
                "home_over_3.0_odd": 14.5,
                "home_over_3.5_odd": 16,
                "home_under_0.5_odd": 3.5,
                "home_under_1.0_odd": 2.27,
                "home_under_1.5_odd": 1.58,
                "home_under_2.0_odd": 1.2,
                "home_under_2.5_odd": 1.13,
                "home_under_3.0_odd": 1.02,
                "home_under_3.5_odd": 1.01,
                "home_over_0.75_odd": 1.41,
                "home_over_1.25_odd": 2.05,
                "home_over_1.75_odd": 3.08,
                "home_over_2.25_odd": 5.2,
                "home_over_2.75_odd": 7.7,
                "home_under_0.75_odd": 2.85,
                "home_under_1.25_odd": 1.75,
                "home_under_1.75_odd": 1.34,
                "home_under_2.25_odd": 1.16,
                "home_under_2.75_odd": 1.043,
                "away_over_0.5_odd": 1.27,
                "away_over_1.0_odd": 1.5,
                "away_over_1.5_odd": 2.23,
                "away_over_2.0_odd": 4,
                "away_over_2.5_odd": 5.3,
                "away_over_3.0_odd": 12.5,
                "away_over_3.5_odd": 14,
                "away_under_0.5_odd": 3.8,
                "away_under_1.0_odd": 2.48,
                "away_under_1.5_odd": 1.65,
                "away_under_2.0_odd": 1.25,
                "away_under_2.5_odd": 1.16,
                "away_under_3.0_odd": 1.03,
                "away_under_3.5_odd": 1.02,
                "away_over_0.75_odd": 1.34,
                "away_over_1.25_odd": 1.909,
                "away_over_1.75_odd": 2.81,
                "away_over_2.25_odd": 4.65,
                "away_under_0.75_odd": 3.08,
                "away_under_1.25_odd": 1.87,
                "away_under_1.75_odd": 1.42,
                "away_under_2.25_odd": 1.169
            },
            {
                "match_id": 639647155,
                "date": "30/07/2025",
                "time": "17:00",
                "home_team": "Qarabag",
                "away_team": "Shelbourne",
                "1_odd": 1.191,
                "draw_odd": 7.55,
                "2_odd": 14.1,
                "1X_odd": 1.024,
                "12_odd": 1.092,
                "X2_odd": 4.8,
                "both_score_odd": 2.14,
                "both_noscore_odd": 1.645,
                "over_0.5_odd": 1.018,
                "over_1.0_odd": 1.02,
                "over_1.5_odd": 1.081,
                "over_2.0_odd": 1.126,
                "over_2.5_odd": 1.4,
                "over_3.0_odd": 1.64,
                "over_3.5_odd": 2.143,
                "over_4.0_odd": 2.83,
                "over_4.5_odd": 3.32,
                "over_5.0_odd": 5.4,
                "over_5.5_odd": 6.1,
                "over_6.5_odd": 10,
                "under_0.5_odd": 17.5,
                "under_1.0_odd": 14,
                "under_1.5_odd": 5.55,
                "under_2.0_odd": 4.6,
                "under_2.5_odd": 2.63,
                "under_3.0_odd": 2.12,
                "under_3.5_odd": 1.739,
                "under_4.0_odd": 1.37,
                "under_4.5_odd": 1.26,
                "under_5.0_odd": 1.086,
                "under_5.5_odd": 1.062,
                "under_6.5_odd": 1.03,
                "over_1.75_odd": 1.1,
                "over_2.25_odd": 1.26,
                "over_2.75_odd": 1.5,
                "over_3.25_odd": 1.86,
                "over_3.75_odd": 2.36,
                "over_4.25_odd": 3.08,
                "over_4.75_odd": 4.1,
                "over_5.25_odd": 5.75,
                "under_1.75_odd": 5.1,
                "under_2.25_odd": 3.26,
                "under_2.75_odd": 2.375,
                "under_3.25_odd": 1.86,
                "under_3.75_odd": 1.53,
                "under_4.25_odd": 1.31,
                "under_4.75_odd": 1.168,
                "under_5.25_odd": 1.073,
                "home_handicap_-5.5_odd": 13.5,
                "home_handicap_-5.0_odd": 12.5,
                "home_handicap_-4.5_odd": 7.1,
                "home_handicap_-4.0_odd": 6.4,
                "home_handicap_-3.5_odd": 3.76,
                "home_handicap_-3.0_odd": 3.15,
                "home_handicap_-2.5_odd": 2.323,
                "home_handicap_-2.0_odd": 1.833,
                "home_handicap_-1.5_odd": 1.51,
                "home_handicap_-1.0_odd": 1.2,
                "home_handicap_0.0_odd": 1.04,
                "away_handicap_5.5_odd": 1.02,
                "away_handicap_5.0_odd": 1.03,
                "away_handicap_4.5_odd": 1.036,
                "away_handicap_4.0_odd": 1.054,
                "away_handicap_3.5_odd": 1.191,
                "away_handicap_3.0_odd": 1.28,
                "away_handicap_2.5_odd": 1.636,
                "away_handicap_2.0_odd": 1.95,
                "away_handicap_1.5_odd": 2.36,
                "away_handicap_1.0_odd": 3.78,
                "away_handicap_0.0_odd": 20,
                "home_handicap_-3.75_odd": 4.7,
                "home_handicap_-3.25_odd": 3.44,
                "home_handicap_-2.75_odd": 2.58,
                "home_handicap_-2.25_odd": 2.02,
                "home_handicap_-1.75_odd": 1.63,
                "home_handicap_-1.25_odd": 1.35,
                "home_handicap_-0.75_odd": 1.177,
                "home_handicap_-0.25_odd": 1.06,
                "away_handicap_3.75_odd": 1.122,
                "away_handicap_3.25_odd": 1.23,
                "away_handicap_2.75_odd": 1.42,
                "away_handicap_2.25_odd": 1.71,
                "away_handicap_1.75_odd": 2.14,
                "away_handicap_1.25_odd": 2.84,
                "away_handicap_0.75_odd": 3.94,
                "away_handicap_0.25_odd": 6.15,
                "home_over_0.5_odd": 1.02,
                "home_over_1.0_odd": 1.06,
                "home_over_1.5_odd": 1.27,
                "home_over_2.0_odd": 1.4,
                "home_over_2.5_odd": 1.77,
                "home_over_3.0_odd": 2.4,
                "home_over_3.5_odd": 3.15,
                "home_over_4.0_odd": 4.8,
                "home_over_4.5_odd": 5.5,
                "home_under_0.5_odd": 17,
                "home_under_1.0_odd": 9.5,
                "home_under_1.5_odd": 3.75,
                "home_under_2.0_odd": 3,
                "home_under_2.5_odd": 2.05,
                "home_under_3.0_odd": 1.57,
                "home_under_3.5_odd": 1.35,
                "home_under_4.0_odd": 1.18,
                "home_under_4.5_odd": 1.15,
                "home_over_1.75_odd": 1.3,
                "home_over_2.25_odd": 1.6,
                "home_over_2.75_odd": 2.01,
                "home_over_3.25_odd": 2.64,
                "home_under_1.75_odd": 3.32,
                "home_under_2.25_odd": 2.3,
                "home_under_2.75_odd": 1.78,
                "home_under_3.25_odd": 1.444,
                "away_over_0.5_odd": 2.1,
                "away_over_1.0_odd": 4.7,
                "away_over_1.5_odd": 6.6,
                "away_under_0.5_odd": 1.75,
                "away_under_1.0_odd": 1.19,
                "away_under_1.5_odd": 1.11,
                "away_over_0.75_odd": 2.64,
                "away_over_1.25_odd": 5.8,
                "away_over_1.75_odd": 10,
                "away_under_0.75_odd": 1.47,
                "away_under_1.25_odd": 1.128,
                "away_under_1.75_odd": 1.03
            },
            {
                "match_id": 639461791,
                "date": "30/07/2025",
                "time": "18:00",
                "home_team": "Malmo",
                "away_team": "Rigas Futbola skola",
                "1_odd": 1.358,
                "draw_odd": 5.21,
                "2_odd": 8.8,
                "1X_odd": 1.063,
                "12_odd": 1.169,
                "X2_odd": 3.22,
                "both_score_odd": 1.88,
                "both_noscore_odd": 1.84,
                "over_0.5_odd": 1.01,
                "over_1.0_odd": 1.03,
                "over_1.5_odd": 1.157,
                "over_2.0_odd": 1.25,
                "over_2.5_odd": 1.629,
                "over_3.0_odd": 1.92,
                "over_3.5_odd": 2.39,
                "over_4.0_odd": 3.42,
                "over_4.5_odd": 4.1,
                "over_5.0_odd": 6.75,
                "over_5.5_odd": 7.3,
                "over_6.5_odd": 13,
                "under_0.5_odd": 16.5,
                "under_1.0_odd": 12.5,
                "under_1.5_odd": 4.33,
                "under_2.0_odd": 3.54,
                "under_2.5_odd": 2.337,
                "under_3.0_odd": 1.78,
                "under_3.5_odd": 1.48,
                "under_4.0_odd": 1.23,
                "under_4.5_odd": 1.163,
                "under_5.0_odd": 1.044,
                "under_5.5_odd": 1.032,
                "under_6.5_odd": 1.01,
                "over_1.25_odd": 1.073,
                "over_1.75_odd": 1.194,
                "over_2.25_odd": 1.42,
                "over_2.75_odd": 1.72,
                "over_3.25_odd": 2.16,
                "over_3.75_odd": 2.78,
                "over_4.25_odd": 3.78,
                "over_4.75_odd": 5,
                "under_1.25_odd": 5.95,
                "under_1.75_odd": 3.98,
                "under_2.25_odd": 2.68,
                "under_2.75_odd": 2.02,
                "under_3.25_odd": 1.6,
                "under_3.75_odd": 1.35,
                "under_4.25_odd": 1.189,
                "under_4.75_odd": 1.104,
                "home_handicap_-4.5_odd": 13.5,
                "home_handicap_-4.0_odd": 12.5,
                "home_handicap_-3.5_odd": 5.75,
                "home_handicap_-3.0_odd": 5.1,
                "home_handicap_-2.5_odd": 3.15,
                "home_handicap_-2.0_odd": 2.59,
                "home_handicap_-1.5_odd": 1.983,
                "home_handicap_-1.0_odd": 1.48,
                "home_handicap_0.0_odd": 1.066,
                "away_handicap_4.5_odd": 1.02,
                "away_handicap_4.0_odd": 1.03,
                "away_handicap_3.5_odd": 1.073,
                "away_handicap_3.0_odd": 1.099,
                "away_handicap_2.5_odd": 1.28,
                "away_handicap_2.0_odd": 1.43,
                "away_handicap_1.5_odd": 1.861,
                "away_handicap_1.0_odd": 2.44,
                "away_handicap_0.0_odd": 6.05,
                "home_handicap_-3.25_odd": 5.45,
                "home_handicap_-2.75_odd": 3.8,
                "home_handicap_-2.25_odd": 2.85,
                "home_handicap_-1.75_odd": 2.17,
                "home_handicap_-1.25_odd": 1.71,
                "home_handicap_-0.75_odd": 1.37,
                "home_handicap_-0.25_odd": 1.181,
                "home_handicap_0.75_odd": 1.003,
                "away_handicap_3.25_odd": 1.085,
                "away_handicap_2.75_odd": 1.188,
                "away_handicap_2.25_odd": 1.35,
                "away_handicap_1.75_odd": 1.615,
                "away_handicap_1.25_odd": 2.02,
                "away_handicap_0.75_odd": 2.76,
                "away_handicap_0.25_odd": 3.98,
                "away_handicap_-0.75_odd": 9.2,
                "home_over_0.5_odd": 1.07,
                "home_over_1.5_odd": 1.43,
                "home_over_2.0_odd": 1.74,
                "home_over_2.5_odd": 2.37,
                "home_over_3.5_odd": 4.6,
                "home_over_4.5_odd": 9.9,
                "home_under_0.5_odd": 8.6,
                "home_under_1.5_odd": 2.85,
                "home_under_2.0_odd": 2.1,
                "home_under_2.5_odd": 1.59,
                "home_under_3.5_odd": 1.2,
                "home_under_4.5_odd": 1.05,
                "home_over_1.25_odd": 1.26,
                "home_over_1.75_odd": 1.54,
                "home_over_2.25_odd": 2.01,
                "home_over_2.75_odd": 2.66,
                "home_under_1.25_odd": 3.6,
                "home_under_1.75_odd": 2.44,
                "home_under_2.25_odd": 1.78,
                "home_under_2.75_odd": 1.44,
                "away_over_0.5_odd": 1.78,
                "away_over_1.0_odd": 3,
                "away_over_1.5_odd": 4.5,
                "away_over_2.0_odd": 14,
                "away_over_2.5_odd": 16.5,
                "away_under_0.5_odd": 2.04,
                "away_under_1.0_odd": 1.35,
                "away_under_1.5_odd": 1.2,
                "away_under_2.0_odd": 1.02,
                "away_under_2.5_odd": 1.01,
                "away_over_0.75_odd": 2.14,
                "away_over_1.25_odd": 4.05,
                "away_over_1.75_odd": 6.7,
                "away_under_0.75_odd": 1.69,
                "away_under_1.25_odd": 1.23,
                "away_under_1.75_odd": 1.085
            },
            {
                "match_id": 639461788,
                "date": "30/07/2025",
                "time": "18:30",
                "home_team": "FCSB",
                "away_team": "Skendija",
                "1_odd": 1.256,
                "draw_odd": 6.12,
                "2_odd": 12.1,
                "1X_odd": 1.029,
                "12_odd": 1.131,
                "X2_odd": 3.98,
                "home_qualify_odd": 1.33,
                "away_qualify_odd": 3.04,
                "both_score_odd": 2.12,
                "both_noscore_odd": 1.657,
                "over_0.5_odd": 1.019,
                "over_1.0_odd": 1.02,
                "over_1.5_odd": 1.151,
                "over_2.0_odd": 1.24,
                "over_2.5_odd": 1.619,
                "over_3.0_odd": 1.9,
                "over_3.5_odd": 2.36,
                "over_4.0_odd": 3.42,
                "over_4.5_odd": 4,
                "over_5.0_odd": 6.65,
                "over_5.5_odd": 7.2,
                "over_6.5_odd": 12,
                "under_0.5_odd": 17.5,
                "under_1.0_odd": 13.5,
                "under_1.5_odd": 4.45,
                "under_2.0_odd": 3.62,
                "under_2.5_odd": 2.358,
                "under_3.0_odd": 1.8,
                "under_3.5_odd": 1.49,
                "under_4.0_odd": 1.23,
                "under_4.5_odd": 1.168,
                "under_5.0_odd": 1.047,
                "under_5.5_odd": 1.034,
                "under_6.5_odd": 1.02,
                "over_1.25_odd": 1.069,
                "over_1.75_odd": 1.188,
                "over_2.25_odd": 1.41,
                "over_2.75_odd": 1.7,
                "over_3.25_odd": 2.14,
                "over_3.75_odd": 2.74,
                "over_4.25_odd": 3.72,
                "over_4.75_odd": 4.95,
                "under_1.25_odd": 6.05,
                "under_1.75_odd": 4.05,
                "under_2.25_odd": 2.72,
                "under_2.75_odd": 2.05,
                "under_3.25_odd": 1.61,
                "under_3.75_odd": 1.36,
                "under_4.25_odd": 1.195,
                "under_4.75_odd": 1.107,
                "home_handicap_-4.5_odd": 8.7,
                "home_handicap_-4.0_odd": 8.2,
                "home_handicap_-3.5_odd": 4.75,
                "home_handicap_-3.0_odd": 4.1,
                "home_handicap_-2.5_odd": 2.64,
                "home_handicap_-2.0_odd": 2.14,
                "home_handicap_-1.5_odd": 1.757,
                "home_handicap_-1.0_odd": 1.32,
                "home_handicap_0.0_odd": 1.031,
                "away_handicap_4.5_odd": 1.009,
                "away_handicap_4.0_odd": 1.017,
                "away_handicap_3.5_odd": 1.119,
                "away_handicap_3.0_odd": 1.162,
                "away_handicap_2.5_odd": 1.39,
                "away_handicap_2.0_odd": 1.615,
                "away_handicap_1.5_odd": 2.116,
                "away_handicap_1.0_odd": 3.04,
                "away_handicap_0.0_odd": 7.5,
                "home_handicap_-3.75_odd": 5.9,
                "home_handicap_-3.25_odd": 4.4,
                "home_handicap_-2.75_odd": 3.1,
                "home_handicap_-2.25_odd": 2.4,
                "home_handicap_-1.75_odd": 1.87,
                "home_handicap_-1.25_odd": 1.51,
                "home_handicap_-0.75_odd": 1.25,
                "home_handicap_-0.25_odd": 1.109,
                "away_handicap_3.75_odd": 1.068,
                "away_handicap_3.25_odd": 1.138,
                "away_handicap_2.75_odd": 1.28,
                "away_handicap_2.25_odd": 1.48,
                "away_handicap_1.75_odd": 1.84,
                "away_handicap_1.25_odd": 2.39,
                "away_handicap_0.75_odd": 3.42,
                "away_handicap_0.25_odd": 5.1,
                "home_over_0.5_odd": 1.05,
                "home_over_1.5_odd": 1.36,
                "home_over_2.0_odd": 1.6,
                "home_over_2.5_odd": 2.15,
                "home_over_3.5_odd": 3.9,
                "home_over_4.5_odd": 8.2,
                "home_under_0.5_odd": 9.8,
                "home_under_1.5_odd": 3.2,
                "home_under_2.0_odd": 2.35,
                "home_under_2.5_odd": 1.7,
                "home_under_3.5_odd": 1.25,
                "home_under_4.5_odd": 1.07,
                "home_over_1.75_odd": 1.43,
                "home_over_2.25_odd": 1.84,
                "home_over_2.75_odd": 2.41,
                "home_over_3.25_odd": 3.32,
                "home_under_1.75_odd": 2.69,
                "home_under_2.25_odd": 1.94,
                "home_under_2.75_odd": 1.55,
                "home_under_3.25_odd": 1.3,
                "away_over_0.5_odd": 1.96,
                "away_over_1.0_odd": 3.8,
                "away_over_1.5_odd": 5.5,
                "away_under_0.5_odd": 1.84,
                "away_under_1.0_odd": 1.24,
                "away_under_1.5_odd": 1.15,
                "away_over_0.75_odd": 2.57,
                "away_over_1.25_odd": 5.45,
                "away_over_1.75_odd": 8.9,
                "away_under_0.75_odd": 1.49,
                "away_under_1.25_odd": 1.141,
                "away_under_1.75_odd": 1.043
            },
            {
                "match_id": 639462681,
                "date": "30/07/2025",
                "time": "18:30",
                "home_team": "Ludogorets 1945",
                "away_team": "Rijeka",
                "1_odd": 2.055,
                "draw_odd": 3.055,
                "2_odd": 4.385,
                "1X_odd": 1.221,
                "12_odd": 1.389,
                "X2_odd": 1.784,
                "home_qualify_odd": 1.444,
                "away_qualify_odd": 2.57,
                "both_score_odd": 1.94,
                "both_noscore_odd": 1.787,
                "over_0.5_odd": 1.051,
                "over_1.0_odd": 1.086,
                "over_1.5_odd": 1.36,
                "over_2.0_odd": 1.64,
                "over_2.5_odd": 2.257,
                "over_3.0_odd": 3.125,
                "over_3.5_odd": 3.72,
                "over_4.0_odd": 6.7,
                "over_4.5_odd": 7.5,
                "over_5.0_odd": 15.5,
                "over_5.5_odd": 19,
                "under_0.5_odd": 6.5,
                "under_1.0_odd": 5.4,
                "under_1.5_odd": 2.78,
                "under_2.0_odd": 2.12,
                "under_2.5_odd": 1.67,
                "under_3.0_odd": 1.31,
                "under_3.5_odd": 1.21,
                "under_4.0_odd": 1.046,
                "under_4.5_odd": 1.029,
                "under_5.0_odd": 1.01,
                "under_5.5_odd": 1.02,
                "over_0.75_odd": 1.066,
                "over_1.25_odd": 1.23,
                "over_1.75_odd": 1.47,
                "over_2.25_odd": 1.92,
                "over_2.75_odd": 2.55,
                "over_3.25_odd": 3.46,
                "over_3.75_odd": 4.75,
                "over_4.25_odd": 7.1,
                "under_0.75_odd": 5.95,
                "under_1.25_odd": 3.48,
                "under_1.75_odd": 2.45,
                "under_2.25_odd": 1.8,
                "under_2.75_odd": 1.46,
                "under_3.25_odd": 1.25,
                "under_3.75_odd": 1.123,
                "under_4.25_odd": 1.037,
                "home_handicap_-3.0_odd": 17,
                "home_handicap_-2.5_odd": 7.5,
                "home_handicap_-2.0_odd": 6.75,
                "home_handicap_-1.5_odd": 3.66,
                "home_handicap_-1.0_odd": 2.94,
                "home_handicap_0.0_odd": 1.36,
                "home_handicap_1.0_odd": 1.014,
                "home_handicap_1.5_odd": 1.001,
                "away_handicap_3.0_odd": 1.01,
                "away_handicap_2.5_odd": 1.029,
                "away_handicap_2.0_odd": 1.052,
                "away_handicap_1.5_odd": 1.23,
                "away_handicap_1.0_odd": 1.39,
                "away_handicap_0.0_odd": 2.8,
                "away_handicap_-1.0_odd": 8.4,
                "away_handicap_-1.5_odd": 9.5,
                "home_handicap_-2.25_odd": 7.1,
                "home_handicap_-1.75_odd": 4.65,
                "home_handicap_-1.25_odd": 3.32,
                "home_handicap_-0.75_odd": 2.28,
                "home_handicap_-0.25_odd": 1.66,
                "home_handicap_0.25_odd": 1.25,
                "home_handicap_0.75_odd": 1.096,
                "home_handicap_1.25_odd": 1.007,
                "away_handicap_2.25_odd": 1.038,
                "away_handicap_1.75_odd": 1.14,
                "away_handicap_1.25_odd": 1.285,
                "away_handicap_0.75_odd": 1.56,
                "away_handicap_0.25_odd": 2.07,
                "away_handicap_-0.25_odd": 3.35,
                "away_handicap_-0.75_odd": 5.2,
                "away_handicap_-1.25_odd": 8.9,
                "home_over_0.5_odd": 1.24,
                "home_over_1.0_odd": 1.45,
                "home_over_1.5_odd": 2.13,
                "home_over_2.0_odd": 3.7,
                "home_over_2.5_odd": 5,
                "home_over_3.5_odd": 13,
                "home_under_0.5_odd": 4,
                "home_under_1.0_odd": 2.65,
                "home_under_1.5_odd": 1.71,
                "home_under_2.0_odd": 1.28,
                "home_under_2.5_odd": 1.17,
                "home_under_3.5_odd": 1.03,
                "home_over_0.75_odd": 1.333,
                "home_over_1.25_odd": 1.87,
                "home_over_1.75_odd": 2.7,
                "home_over_2.25_odd": 4.25,
                "home_under_0.75_odd": 3.125,
                "home_under_1.25_odd": 1.909,
                "home_under_1.75_odd": 1.45,
                "home_under_2.25_odd": 1.196,
                "away_over_0.5_odd": 1.62,
                "away_over_1.0_odd": 2.48,
                "away_over_1.5_odd": 3.7,
                "away_over_2.0_odd": 11,
                "away_over_2.5_odd": 13.5,
                "away_under_0.5_odd": 2.3,
                "away_under_1.0_odd": 1.5,
                "away_under_1.5_odd": 1.27,
                "away_under_2.0_odd": 1.04,
                "away_under_2.5_odd": 1.02,
                "away_over_0.75_odd": 1.87,
                "away_over_1.25_odd": 3.25,
                "away_over_1.75_odd": 5.35,
                "away_under_0.75_odd": 1.909,
                "away_under_1.25_odd": 1.33,
                "away_under_1.75_odd": 1.132
            },
            {
                "match_id": 639461797,
                "date": "30/07/2025",
                "time": "19:00",
                "home_team": "Ferencvarosi",
                "away_team": "Noah Yerevan",
                "1_odd": 1.358,
                "draw_odd": 5.32,
                "2_odd": 8.5,
                "1X_odd": 1.071,
                "12_odd": 1.164,
                "X2_odd": 3.2,
                "home_qualify_odd": 1.04,
                "away_qualify_odd": 11.5,
                "both_score_odd": 1.86,
                "both_noscore_odd": 1.861,
                "over_0.5_odd": 1.019,
                "over_1.0_odd": 1.02,
                "over_1.5_odd": 1.146,
                "over_2.0_odd": 1.24,
                "over_2.5_odd": 1.619,
                "over_3.0_odd": 1.909,
                "over_3.5_odd": 2.39,
                "over_4.0_odd": 3.5,
                "over_4.5_odd": 4.15,
                "over_5.0_odd": 7.1,
                "over_5.5_odd": 7.8,
                "over_6.5_odd": 12,
                "under_0.5_odd": 17.5,
                "under_1.0_odd": 13,
                "under_1.5_odd": 4.5,
                "under_2.0_odd": 3.62,
                "under_2.5_odd": 2.358,
                "under_3.0_odd": 1.79,
                "under_3.5_odd": 1.48,
                "under_4.0_odd": 1.22,
                "under_4.5_odd": 1.156,
                "under_5.0_odd": 1.036,
                "under_5.5_odd": 1.024,
                "under_6.5_odd": 1.02,
                "over_1.25_odd": 1.063,
                "over_1.75_odd": 1.184,
                "over_2.25_odd": 1.41,
                "over_2.75_odd": 1.71,
                "over_3.25_odd": 2.16,
                "over_3.75_odd": 2.78,
                "over_4.25_odd": 3.84,
                "over_4.75_odd": 5.2,
                "under_1.25_odd": 6.25,
                "under_1.75_odd": 4.1,
                "under_2.25_odd": 2.72,
                "under_2.75_odd": 2.03,
                "under_3.25_odd": 1.6,
                "under_3.75_odd": 1.35,
                "under_4.25_odd": 1.183,
                "under_4.75_odd": 1.096,
                "home_handicap_-4.5_odd": 14.5,
                "home_handicap_-4.0_odd": 13.5,
                "home_handicap_-3.5_odd": 6.15,
                "home_handicap_-3.0_odd": 5.45,
                "home_handicap_-2.5_odd": 3.22,
                "home_handicap_-2.0_odd": 2.61,
                "home_handicap_-1.5_odd": 2.013,
                "home_handicap_-1.0_odd": 1.52,
                "home_handicap_0.0_odd": 1.072,
                "home_handicap_1.0_odd": 1.01,
                "home_handicap_1.5_odd": 1.01,
                "away_handicap_4.5_odd": 1.02,
                "away_handicap_4.0_odd": 1.02,
                "away_handicap_3.5_odd": 1.06,
                "away_handicap_3.0_odd": 1.085,
                "away_handicap_2.5_odd": 1.26,
                "away_handicap_2.0_odd": 1.4,
                "away_handicap_1.5_odd": 1.835,
                "away_handicap_1.0_odd": 2.49,
                "away_handicap_0.0_odd": 6.25,
                "away_handicap_-1.0_odd": 16,
                "away_handicap_-1.5_odd": 17,
                "home_handicap_-3.25_odd": 5.8,
                "home_handicap_-2.75_odd": 3.98,
                "home_handicap_-2.25_odd": 2.88,
                "home_handicap_-1.75_odd": 2.18,
                "home_handicap_-1.25_odd": 1.72,
                "home_handicap_-0.75_odd": 1.39,
                "home_handicap_-0.25_odd": 1.191,
                "home_handicap_0.75_odd": 1.003,
                "away_handicap_3.25_odd": 1.072,
                "away_handicap_2.75_odd": 1.171,
                "away_handicap_2.25_odd": 1.32,
                "away_handicap_1.75_odd": 1.58,
                "away_handicap_1.25_odd": 2.01,
                "away_handicap_0.75_odd": 2.77,
                "away_handicap_0.25_odd": 4.05,
                "away_handicap_-0.75_odd": 9.9,
                "home_over_0.5_odd": 1.07,
                "home_over_1.5_odd": 1.44,
                "home_over_2.0_odd": 1.77,
                "home_over_2.5_odd": 2.4,
                "home_over_3.5_odd": 4.7,
                "home_over_4.5_odd": 10,
                "home_under_0.5_odd": 8.3,
                "home_under_1.5_odd": 2.8,
                "home_under_2.0_odd": 2.06,
                "home_under_2.5_odd": 1.57,
                "home_under_3.5_odd": 1.19,
                "home_under_4.5_odd": 1.05,
                "home_over_1.25_odd": 1.25,
                "home_over_1.75_odd": 1.54,
                "home_over_2.25_odd": 2.02,
                "home_over_2.75_odd": 2.73,
                "home_under_1.25_odd": 3.68,
                "home_under_1.75_odd": 2.44,
                "home_under_2.25_odd": 1.77,
                "home_under_2.75_odd": 1.42,
                "away_over_0.5_odd": 1.68,
                "away_over_1.0_odd": 2.75,
                "away_over_1.5_odd": 4.1,
                "away_over_2.0_odd": 12,
                "away_over_2.5_odd": 14,
                "away_under_0.5_odd": 2.18,
                "away_under_1.0_odd": 1.42,
                "away_under_1.5_odd": 1.23,
                "away_under_2.0_odd": 1.03,
                "away_under_2.5_odd": 1.02,
                "away_over_0.75_odd": 2.11,
                "away_over_1.25_odd": 3.94,
                "away_over_1.75_odd": 6.7,
                "away_under_0.75_odd": 1.71,
                "away_under_1.25_odd": 1.24,
                "away_under_1.75_odd": 1.085
            },
            {
                "match_id": 639461794,
                "date": "30/07/2025",
                "time": "19:00",
                "home_team": "Maccabi Tel Aviv",
                "away_team": "Pafos",
                "1_odd": 2.095,
                "draw_odd": 3.52,
                "2_odd": 3.56,
                "1X_odd": 1.305,
                "12_odd": 1.31,
                "X2_odd": 1.755,
                "home_qualify_odd": 1.53,
                "away_qualify_odd": 2.34,
                "both_score_odd": 1.81,
                "both_noscore_odd": 1.912,
                "over_0.5_odd": 1.009,
                "over_1.0_odd": 1.031,
                "over_1.5_odd": 1.3,
                "over_2.0_odd": 1.51,
                "over_2.5_odd": 2.055,
                "over_3.0_odd": 2.83,
                "over_3.5_odd": 3.48,
                "over_4.0_odd": 6,
                "over_4.5_odd": 6.75,
                "over_5.0_odd": 13,
                "over_5.5_odd": 16,
                "over_6.5_odd": 17,
                "under_0.5_odd": 8.7,
                "under_1.0_odd": 7.4,
                "under_1.5_odd": 3.08,
                "under_2.0_odd": 2.375,
                "under_2.5_odd": 1.802,
                "under_3.0_odd": 1.37,
                "under_3.5_odd": 1.24,
                "under_4.0_odd": 1.065,
                "under_4.5_odd": 1.045,
                "under_5.0_odd": 1.03,
                "under_5.5_odd": 1.01,
                "under_6.5_odd": 1.005,
                "over_0.75_odd": 1.019,
                "over_1.25_odd": 1.161,
                "over_1.75_odd": 1.38,
                "over_2.25_odd": 1.76,
                "over_2.75_odd": 2.3,
                "over_3.25_odd": 3.125,
                "over_3.75_odd": 4.33,
                "over_4.25_odd": 6.4,
                "under_0.75_odd": 8.1,
                "under_1.25_odd": 4.2,
                "under_1.75_odd": 2.75,
                "under_2.25_odd": 1.97,
                "under_2.75_odd": 1.56,
                "under_3.25_odd": 1.3,
                "under_3.75_odd": 1.15,
                "under_4.25_odd": 1.054,
                "home_handicap_-2.5_odd": 8.3,
                "home_handicap_-2.0_odd": 7.4,
                "home_handicap_-1.5_odd": 3.8,
                "home_handicap_-1.0_odd": 2.99,
                "home_handicap_0.0_odd": 1.5,
                "home_handicap_1.0_odd": 1.06,
                "home_handicap_1.5_odd": 1.028,
                "away_handicap_2.5_odd": 1.016,
                "away_handicap_2.0_odd": 1.031,
                "away_handicap_1.5_odd": 1.189,
                "away_handicap_1.0_odd": 1.32,
                "away_handicap_0.0_odd": 2.54,
                "away_handicap_-1.0_odd": 6.7,
                "away_handicap_-1.5_odd": 7.6,
                "home_handicap_-2.25_odd": 7.8,
                "home_handicap_-1.75_odd": 4.9,
                "home_handicap_-1.25_odd": 3.35,
                "home_handicap_-0.75_odd": 2.31,
                "home_handicap_-0.25_odd": 1.74,
                "home_handicap_0.25_odd": 1.36,
                "home_handicap_0.75_odd": 1.169,
                "home_handicap_1.25_odd": 1.043,
                "away_handicap_2.25_odd": 1.023,
                "away_handicap_1.75_odd": 1.11,
                "away_handicap_1.25_odd": 1.25,
                "away_handicap_0.75_odd": 1.53,
                "away_handicap_0.25_odd": 1.98,
                "away_handicap_-0.25_odd": 2.9,
                "away_handicap_-0.75_odd": 4.33,
                "away_handicap_-1.25_odd": 7.2,
                "home_over_0.5_odd": 1.25,
                "home_over_1.0_odd": 1.45,
                "home_over_1.5_odd": 2.15,
                "home_over_2.0_odd": 3.7,
                "home_over_2.5_odd": 5,
                "home_over_3.0_odd": 11.5,
                "home_over_3.5_odd": 13,
                "home_under_0.5_odd": 4,
                "home_under_1.0_odd": 2.65,
                "home_under_1.5_odd": 1.7,
                "home_under_2.0_odd": 1.27,
                "home_under_2.5_odd": 1.17,
                "home_under_3.0_odd": 1.04,
                "home_under_3.5_odd": 1.03,
                "home_over_0.75_odd": 1.3,
                "home_over_1.25_odd": 1.82,
                "home_over_1.75_odd": 2.64,
                "home_over_2.25_odd": 4.3,
                "home_under_0.75_odd": 3.32,
                "home_under_1.25_odd": 1.96,
                "home_under_1.75_odd": 1.47,
                "home_under_2.25_odd": 1.195,
                "away_over_0.5_odd": 1.46,
                "away_over_1.0_odd": 2,
                "away_over_1.5_odd": 3,
                "away_over_2.0_odd": 7.2,
                "away_over_2.5_odd": 9.2,
                "away_under_0.5_odd": 2.75,
                "away_under_1.0_odd": 1.76,
                "away_under_1.5_odd": 1.39,
                "away_under_2.0_odd": 1.09,
                "away_under_2.5_odd": 1.06,
                "away_over_0.75_odd": 1.65,
                "away_over_1.25_odd": 2.64,
                "away_over_1.75_odd": 4.25,
                "away_over_2.25_odd": 8.2,
                "away_over_2.75_odd": 11.7,
                "away_under_0.75_odd": 2.21,
                "away_under_1.25_odd": 1.47,
                "away_under_1.75_odd": 1.196,
                "away_under_2.25_odd": 1.07,
                "away_under_2.75_odd": 1.002
            },
            {
                "match_id": 639462278,
                "date": "30/07/2025",
                "time": "19:00",
                "home_team": "Panathinaikos",
                "away_team": "Rangers",
                "1_odd": 1.895,
                "draw_odd": 3.89,
                "2_odd": 3.89,
                "1X_odd": 1.265,
                "12_odd": 1.265,
                "X2_odd": 1.925,
                "home_qualify_odd": 4.4,
                "away_qualify_odd": 1.171,
                "both_score_odd": 1.68,
                "both_noscore_odd": 2.084,
                "over_0.5_odd": 1.02,
                "over_1.0_odd": 1.05,
                "over_1.5_odd": 1.21,
                "over_2.0_odd": 1.34,
                "over_2.5_odd": 1.82,
                "over_3.0_odd": 2.32,
                "over_3.5_odd": 2.92,
                "over_4.0_odd": 4.75,
                "over_4.5_odd": 5.5,
                "over_5.0_odd": 9.8,
                "over_5.5_odd": 12,
                "over_6.5_odd": 13,
                "over_7.5_odd": 21,
                "under_0.5_odd": 14,
                "under_1.0_odd": 10.5,
                "under_1.5_odd": 3.74,
                "under_2.0_odd": 2.97,
                "under_2.5_odd": 2.032,
                "under_3.0_odd": 1.533,
                "under_3.5_odd": 1.33,
                "under_4.0_odd": 1.117,
                "under_4.5_odd": 1.082,
                "under_5.0_odd": 1.05,
                "under_5.5_odd": 1.03,
                "under_6.5_odd": 1.012,
                "under_7.5_odd": 1.002,
                "over_1.25_odd": 1.096,
                "over_1.75_odd": 1.26,
                "over_2.25_odd": 1.55,
                "over_2.75_odd": 1.97,
                "over_3.25_odd": 2.6,
                "over_3.75_odd": 3.54,
                "over_4.25_odd": 5.15,
                "over_4.75_odd": 7.1,
                "under_1.25_odd": 5.3,
                "under_1.75_odd": 3.4,
                "under_2.25_odd": 2.32,
                "under_2.75_odd": 1.76,
                "under_3.25_odd": 1.42,
                "under_3.75_odd": 1.222,
                "under_4.25_odd": 1.098,
                "under_4.75_odd": 1.036,
                "home_handicap_-3.5_odd": 14.5,
                "home_handicap_-3.0_odd": 13.5,
                "home_handicap_-2.5_odd": 7,
                "home_handicap_-2.0_odd": 6.05,
                "home_handicap_-1.5_odd": 3.28,
                "home_handicap_-1.0_odd": 2.55,
                "home_handicap_0.0_odd": 1.41,
                "home_handicap_1.0_odd": 1.041,
                "home_handicap_1.5_odd": 1.013,
                "away_handicap_3.5_odd": 1.02,
                "away_handicap_3.0_odd": 1.02,
                "away_handicap_2.5_odd": 1.039,
                "away_handicap_2.0_odd": 1.063,
                "away_handicap_1.5_odd": 1.25,
                "away_handicap_1.0_odd": 1.43,
                "away_handicap_0.0_odd": 2.85,
                "away_handicap_-1.0_odd": 7.6,
                "away_handicap_-1.5_odd": 8.5,
                "home_handicap_-2.25_odd": 6.55,
                "home_handicap_-1.75_odd": 4.15,
                "home_handicap_-1.25_odd": 2.89,
                "home_handicap_-0.75_odd": 2.07,
                "home_handicap_-0.25_odd": 1.61,
                "home_handicap_0.25_odd": 1.3,
                "home_handicap_0.75_odd": 1.141,
                "home_handicap_1.25_odd": 1.026,
                "away_handicap_2.25_odd": 1.05,
                "away_handicap_1.75_odd": 1.156,
                "away_handicap_1.25_odd": 1.33,
                "away_handicap_0.75_odd": 1.66,
                "away_handicap_0.25_odd": 2.18,
                "away_handicap_-0.25_odd": 3.22,
                "away_handicap_-0.75_odd": 4.8,
                "away_handicap_-1.25_odd": 8.1,
                "home_over_0.5_odd": 1.17,
                "home_over_1.0_odd": 1.29,
                "home_over_1.5_odd": 1.83,
                "home_over_2.0_odd": 2.7,
                "home_over_2.5_odd": 3.7,
                "home_over_3.5_odd": 8.6,
                "home_under_0.5_odd": 5.1,
                "home_under_1.0_odd": 3.4,
                "home_under_1.5_odd": 1.97,
                "home_under_2.0_odd": 1.46,
                "home_under_2.5_odd": 1.28,
                "home_under_3.5_odd": 1.07,
                "home_over_0.75_odd": 1.197,
                "home_over_1.25_odd": 1.59,
                "home_over_1.75_odd": 2.19,
                "home_over_2.25_odd": 3.32,
                "home_under_0.75_odd": 4.25,
                "home_under_1.25_odd": 2.32,
                "home_under_1.75_odd": 1.66,
                "home_under_2.25_odd": 1.3,
                "away_over_0.5_odd": 1.45,
                "away_over_1.0_odd": 1.98,
                "away_over_1.5_odd": 3,
                "away_over_2.0_odd": 6.9,
                "away_over_2.5_odd": 8.7,
                "away_under_0.5_odd": 2.75,
                "away_under_1.0_odd": 1.77,
                "away_under_1.5_odd": 1.39,
                "away_under_2.0_odd": 1.1,
                "away_under_2.5_odd": 1.07,
                "away_over_0.75_odd": 1.58,
                "away_over_1.25_odd": 2.49,
                "away_over_1.75_odd": 3.98,
                "away_over_2.25_odd": 7.8,
                "away_over_2.75_odd": 11.7,
                "away_under_0.75_odd": 2.34,
                "away_under_1.25_odd": 1.52,
                "away_under_1.75_odd": 1.22,
                "away_under_2.25_odd": 1.08,
                "away_under_2.75_odd": 1.002
            },
            {
                "match_id": 639462675,
                "date": "30/07/2025",
                "time": "19:30",
                "home_team": "Breidablik UBK",
                "away_team": "Lech Poznan",
                "1_odd": 4.205,
                "draw_odd": 4.055,
                "2_odd": 1.794,
                "1X_odd": 2.042,
                "12_odd": 1.249,
                "X2_odd": 1.235,
                "both_score_odd": 1.59,
                "both_noscore_odd": 2.24,
                "over_0.5_odd": 1.028,
                "over_1.0_odd": 1.03,
                "over_1.5_odd": 1.163,
                "over_2.0_odd": 1.26,
                "over_2.5_odd": 1.649,
                "over_3.0_odd": 1.97,
                "over_3.5_odd": 2.44,
                "over_4.0_odd": 3.58,
                "over_4.5_odd": 4.2,
                "over_5.0_odd": 7.1,
                "over_5.5_odd": 7.7,
                "over_6.5_odd": 12,
                "under_0.5_odd": 16.5,
                "under_1.0_odd": 13,
                "under_1.5_odd": 4.25,
                "under_2.0_odd": 3.46,
                "under_2.5_odd": 2.297,
                "under_3.0_odd": 1.74,
                "under_3.5_odd": 1.46,
                "under_4.0_odd": 1.21,
                "under_4.5_odd": 1.152,
                "under_5.0_odd": 1.037,
                "under_5.5_odd": 1.026,
                "under_6.5_odd": 1.02,
                "over_1.25_odd": 1.077,
                "over_1.75_odd": 1.21,
                "over_2.25_odd": 1.43,
                "over_2.75_odd": 1.75,
                "over_3.25_odd": 2.22,
                "over_3.75_odd": 2.875,
                "over_4.25_odd": 3.92,
                "over_4.75_odd": 5.2,
                "under_1.25_odd": 5.8,
                "under_1.75_odd": 3.82,
                "under_2.25_odd": 2.65,
                "under_2.75_odd": 1.98,
                "under_3.25_odd": 1.57,
                "under_3.75_odd": 1.33,
                "under_4.25_odd": 1.176,
                "under_4.75_odd": 1.095,
                "home_handicap_-2.0_odd": 17,
                "home_handicap_-1.5_odd": 7.9,
                "home_handicap_-1.0_odd": 7.2,
                "home_handicap_0.0_odd": 2.99,
                "home_handicap_1.0_odd": 1.6,
                "home_handicap_1.5_odd": 1.36,
                "home_handicap_2.0_odd": 1.132,
                "home_handicap_2.5_odd": 1.091,
                "home_handicap_3.0_odd": 1.03,
                "home_handicap_3.5_odd": 1.02,
                "away_handicap_2.0_odd": 1.01,
                "away_handicap_1.5_odd": 1.021,
                "away_handicap_1.0_odd": 1.035,
                "away_handicap_0.0_odd": 1.32,
                "away_handicap_-1.0_odd": 2.3,
                "away_handicap_-1.5_odd": 2.85,
                "away_handicap_-2.0_odd": 4.65,
                "away_handicap_-2.5_odd": 5.3,
                "away_handicap_-3.0_odd": 12.5,
                "away_handicap_-3.5_odd": 13.5,
                "home_handicap_-0.75_odd": 4.8,
                "home_handicap_-0.25_odd": 3.35,
                "home_handicap_0.25_odd": 2.34,
                "home_handicap_0.75_odd": 1.8,
                "home_handicap_1.25_odd": 1.44,
                "home_handicap_1.75_odd": 1.25,
                "home_handicap_2.25_odd": 1.107,
                "home_handicap_2.75_odd": 1.045,
                "away_handicap_0.75_odd": 1.116,
                "away_handicap_0.25_odd": 1.25,
                "away_handicap_-0.25_odd": 1.52,
                "away_handicap_-0.75_odd": 1.909,
                "away_handicap_-1.25_odd": 2.59,
                "away_handicap_-1.75_odd": 3.42,
                "away_handicap_-2.25_odd": 5,
                "away_handicap_-2.75_odd": 6.75,
                "home_over_0.5_odd": 1.38,
                "home_over_1.0_odd": 1.78,
                "home_over_1.5_odd": 2.7,
                "home_over_2.0_odd": 5.5,
                "home_over_2.5_odd": 7.1,
                "home_under_0.5_odd": 3,
                "home_under_1.0_odd": 1.96,
                "home_under_1.5_odd": 1.46,
                "home_under_2.0_odd": 1.15,
                "home_under_2.5_odd": 1.1,
                "home_over_0.75_odd": 1.55,
                "home_over_1.25_odd": 2.375,
                "home_over_1.75_odd": 3.6,
                "home_over_2.25_odd": 6.3,
                "home_over_2.75_odd": 9.2,
                "home_under_0.75_odd": 2.41,
                "home_under_1.25_odd": 1.57,
                "home_under_1.75_odd": 1.26,
                "home_under_2.25_odd": 1.12,
                "home_under_2.75_odd": 1.02,
                "away_over_0.5_odd": 1.15,
                "away_over_1.0_odd": 1.24,
                "away_over_1.5_odd": 1.74,
                "away_over_2.0_odd": 2.44,
                "away_over_2.5_odd": 3.3,
                "away_over_3.5_odd": 7.5,
                "away_under_0.5_odd": 5.5,
                "away_under_1.0_odd": 3.8,
                "away_under_1.5_odd": 2.1,
                "away_under_2.0_odd": 1.55,
                "away_under_2.5_odd": 1.34,
                "away_under_3.5_odd": 1.09,
                "away_over_0.75_odd": 1.151,
                "away_over_1.25_odd": 1.45,
                "away_over_1.75_odd": 1.9,
                "away_over_2.25_odd": 2.69,
                "away_under_0.75_odd": 4.95,
                "away_under_1.25_odd": 2.7,
                "away_under_1.75_odd": 1.88,
                "away_under_2.25_odd": 1.43
            },
            {
                "match_id": 639659585,
                "date": "30/07/2025",
                "time": "19:45",
                "home_team": "FC Salzburg",
                "away_team": "Brann",
                "1_odd": 1.418,
                "draw_odd": 5.11,
                "2_odd": 7.09,
                "1X_odd": 1.096,
                "12_odd": 1.174,
                "X2_odd": 2.924,
                "home_qualify_odd": 1.001,
                "away_qualify_odd": 65,
                "both_score_odd": 1.78,
                "both_noscore_odd": 1.948,
                "over_0.5_odd": 1.019,
                "over_1.0_odd": 1.02,
                "over_1.5_odd": 1.112,
                "over_2.0_odd": 1.175,
                "over_2.5_odd": 1.49,
                "over_3.0_odd": 1.8,
                "over_3.5_odd": 2.358,
                "over_4.0_odd": 3.25,
                "over_4.5_odd": 3.86,
                "over_5.0_odd": 6.45,
                "over_5.5_odd": 7.1,
                "over_6.5_odd": 10.5,
                "over_7.5_odd": 17,
                "over_8.5_odd": 21,
                "under_0.5_odd": 18.5,
                "under_1.0_odd": 14.5,
                "under_1.5_odd": 4.85,
                "under_2.0_odd": 3.94,
                "under_2.5_odd": 2.36,
                "under_3.0_odd": 1.9,
                "under_3.5_odd": 1.619,
                "under_4.0_odd": 1.29,
                "under_4.5_odd": 1.196,
                "under_5.0_odd": 1.052,
                "under_5.5_odd": 1.036,
                "under_6.5_odd": 1.025,
                "under_7.5_odd": 1.005,
                "under_8.5_odd": 1.002,
                "over_1.75_odd": 1.139,
                "over_2.25_odd": 1.33,
                "over_2.75_odd": 1.61,
                "over_3.25_odd": 2.03,
                "over_3.75_odd": 2.65,
                "over_4.25_odd": 3.54,
                "over_4.75_odd": 4.75,
                "over_5.25_odd": 6.8,
                "under_1.75_odd": 4.4,
                "under_2.25_odd": 2.875,
                "under_2.75_odd": 2.14,
                "under_3.25_odd": 1.71,
                "under_3.75_odd": 1.43,
                "under_4.25_odd": 1.24,
                "under_4.75_odd": 1.123,
                "under_5.25_odd": 1.043,
                "home_handicap_-4.5_odd": 14,
                "home_handicap_-4.0_odd": 13.5,
                "home_handicap_-3.5_odd": 6.1,
                "home_handicap_-3.0_odd": 5.35,
                "home_handicap_-2.5_odd": 3.22,
                "home_handicap_-2.0_odd": 2.69,
                "home_handicap_-1.5_odd": 2.044,
                "home_handicap_-1.0_odd": 1.56,
                "home_handicap_0.0_odd": 1.098,
                "home_handicap_1.0_odd": 1.02,
                "home_handicap_1.5_odd": 1.01,
                "away_handicap_4.5_odd": 1.02,
                "away_handicap_4.0_odd": 1.02,
                "away_handicap_3.5_odd": 1.062,
                "away_handicap_3.0_odd": 1.088,
                "away_handicap_2.5_odd": 1.27,
                "away_handicap_2.0_odd": 1.4,
                "away_handicap_1.5_odd": 1.81,
                "away_handicap_1.0_odd": 2.25,
                "away_handicap_0.0_odd": 5.2,
                "away_handicap_-1.0_odd": 14.5,
                "away_handicap_-1.5_odd": 15.5,
                "home_handicap_-3.25_odd": 5.75,
                "home_handicap_-2.75_odd": 3.96,
                "home_handicap_-2.25_odd": 2.94,
                "home_handicap_-1.75_odd": 2.24,
                "home_handicap_-1.25_odd": 1.78,
                "home_handicap_-0.75_odd": 1.43,
                "home_handicap_-0.25_odd": 1.22,
                "home_handicap_0.75_odd": 1.011,
                "away_handicap_3.25_odd": 1.074,
                "away_handicap_2.75_odd": 1.174,
                "away_handicap_2.25_odd": 1.33,
                "away_handicap_1.75_odd": 1.58,
                "away_handicap_1.25_odd": 1.93,
                "away_handicap_0.75_odd": 2.55,
                "away_handicap_0.25_odd": 3.6,
                "away_handicap_-0.75_odd": 8.6,
                "home_over_0.5_odd": 1.07,
                "home_over_1.5_odd": 1.42,
                "home_over_2.0_odd": 1.72,
                "home_over_2.5_odd": 2.32,
                "home_over_3.5_odd": 4.4,
                "home_over_4.5_odd": 9.6,
                "home_under_0.5_odd": 8.7,
                "home_under_1.5_odd": 2.85,
                "home_under_2.0_odd": 2.12,
                "home_under_2.5_odd": 1.61,
                "home_under_3.5_odd": 1.21,
                "home_under_4.5_odd": 1.05,
                "home_over_1.25_odd": 1.26,
                "home_over_1.75_odd": 1.54,
                "home_over_2.25_odd": 1.99,
                "home_over_2.75_odd": 2.64,
                "home_under_1.25_odd": 3.6,
                "home_under_1.75_odd": 2.44,
                "home_under_2.25_odd": 1.8,
                "home_under_2.75_odd": 1.444,
                "away_over_0.5_odd": 1.6,
                "away_over_1.0_odd": 2.45,
                "away_over_1.5_odd": 3.7,
                "away_over_2.0_odd": 9.9,
                "away_over_2.5_odd": 12,
                "away_under_0.5_odd": 2.35,
                "away_under_1.0_odd": 1.51,
                "away_under_1.5_odd": 1.28,
                "away_under_2.0_odd": 1.05,
                "away_under_2.5_odd": 1.03,
                "away_over_0.75_odd": 1.93,
                "away_over_1.25_odd": 3.44,
                "away_over_1.75_odd": 5.75,
                "away_under_0.75_odd": 1.85,
                "away_under_1.25_odd": 1.3,
                "away_under_1.75_odd": 1.115
            },
            {
                "match_id": 639462684,
                "date": "30/07/2025",
                "time": "20:00",
                "home_team": "Servette",
                "away_team": "Viktoria Plzen",
                "1_odd": 3.585,
                "draw_odd": 3.705,
                "2_odd": 2.027,
                "1X_odd": 1.806,
                "12_odd": 1.286,
                "X2_odd": 1.301,
                "home_qualify_odd": 1.49,
                "away_qualify_odd": 2.44,
                "both_score_odd": 1.69,
                "both_noscore_odd": 2.066,
                "over_0.5_odd": 1.005,
                "over_1.0_odd": 1.006,
                "over_1.5_odd": 1.23,
                "over_2.0_odd": 1.38,
                "over_2.5_odd": 1.871,
                "over_3.0_odd": 2.4,
                "over_3.5_odd": 2.97,
                "over_4.0_odd": 4.9,
                "over_4.5_odd": 5.6,
                "over_5.0_odd": 10.5,
                "over_5.5_odd": 12.5,
                "over_6.5_odd": 15,
                "over_7.5_odd": 21,
                "under_0.5_odd": 12.8,
                "under_1.0_odd": 9,
                "under_1.5_odd": 3.55,
                "under_2.0_odd": 2.79,
                "under_2.5_odd": 1.972,
                "under_3.0_odd": 1.5,
                "under_3.5_odd": 1.32,
                "under_4.0_odd": 1.11,
                "under_4.5_odd": 1.079,
                "under_5.0_odd": 1.05,
                "under_5.5_odd": 1.03,
                "under_6.5_odd": 1.01,
                "under_7.5_odd": 1.002,
                "over_1.25_odd": 1.116,
                "over_1.75_odd": 1.29,
                "over_2.25_odd": 1.6,
                "over_2.75_odd": 2.03,
                "over_3.25_odd": 2.71,
                "over_3.75_odd": 3.64,
                "over_4.25_odd": 5.25,
                "over_4.75_odd": 7.1,
                "under_1.25_odd": 4.9,
                "under_1.75_odd": 3.2,
                "under_2.25_odd": 2.22,
                "under_2.75_odd": 1.71,
                "under_3.25_odd": 1.39,
                "under_3.75_odd": 1.21,
                "under_4.25_odd": 1.093,
                "under_4.75_odd": 1.036,
                "home_handicap_-2.0_odd": 16.5,
                "home_handicap_-1.5_odd": 7.4,
                "home_handicap_-1.0_odd": 6.5,
                "home_handicap_0.0_odd": 2.57,
                "home_handicap_1.0_odd": 1.36,
                "home_handicap_1.5_odd": 1.22,
                "home_handicap_2.0_odd": 1.048,
                "home_handicap_2.5_odd": 1.03,
                "home_handicap_3.0_odd": 1.01,
                "away_handicap_2.0_odd": 1.01,
                "away_handicap_1.5_odd": 1.033,
                "away_handicap_1.0_odd": 1.065,
                "away_handicap_0.0_odd": 1.49,
                "away_handicap_-1.0_odd": 2.8,
                "away_handicap_-1.5_odd": 3.52,
                "away_handicap_-2.0_odd": 6.6,
                "away_handicap_-2.5_odd": 7.4,
                "away_handicap_-3.0_odd": 16,
                "home_handicap_-1.25_odd": 6.95,
                "home_handicap_-0.75_odd": 4.3,
                "home_handicap_-0.25_odd": 2.9,
                "home_handicap_0.25_odd": 2.03,
                "home_handicap_0.75_odd": 1.57,
                "home_handicap_1.25_odd": 1.28,
                "home_handicap_1.75_odd": 1.132,
                "home_handicap_2.25_odd": 1.038,
                "away_handicap_1.25_odd": 1.048,
                "away_handicap_0.75_odd": 1.173,
                "away_handicap_0.25_odd": 1.36,
                "away_handicap_-0.25_odd": 1.7,
                "away_handicap_-0.75_odd": 2.23,
                "away_handicap_-1.25_odd": 3.15,
                "away_handicap_-1.75_odd": 4.5,
                "away_handicap_-2.25_odd": 7.1,
                "home_over_0.5_odd": 1.41,
                "home_over_1.0_odd": 1.86,
                "home_over_1.5_odd": 2.8,
                "home_over_2.0_odd": 6.1,
                "home_over_2.5_odd": 7.8,
                "home_under_0.5_odd": 2.9,
                "home_under_1.0_odd": 1.88,
                "home_under_1.5_odd": 1.43,
                "home_under_2.0_odd": 1.12,
                "home_under_2.5_odd": 1.08,
                "home_over_0.75_odd": 1.56,
                "home_over_1.25_odd": 2.41,
                "home_over_1.75_odd": 3.78,
                "home_over_2.25_odd": 7,
                "home_over_2.75_odd": 10.2,
                "home_under_0.75_odd": 2.39,
                "home_under_1.25_odd": 1.55,
                "home_under_1.75_odd": 1.24,
                "home_under_2.25_odd": 1.1,
                "home_under_2.75_odd": 1.01,
                "away_over_0.5_odd": 1.2,
                "away_over_1.0_odd": 1.36,
                "away_over_1.5_odd": 1.97,
                "away_over_2.0_odd": 3.1,
                "away_over_2.5_odd": 4.2,
                "away_over_3.5_odd": 10.5,
                "away_under_0.5_odd": 4.5,
                "away_under_1.0_odd": 3,
                "away_under_1.5_odd": 1.83,
                "away_under_2.0_odd": 1.37,
                "away_under_2.5_odd": 1.23,
                "away_under_3.5_odd": 1.05,
                "away_over_0.75_odd": 1.24,
                "away_over_1.25_odd": 1.68,
                "away_over_1.75_odd": 2.375,
                "away_over_2.25_odd": 3.6,
                "away_under_0.75_odd": 3.78,
                "away_under_1.25_odd": 2.16,
                "away_under_1.75_odd": 1.57,
                "away_under_2.25_odd": 1.26
            }
        ]
    }
]