[
    {
        "last_updated": "2025-07-24T20:45:02.072915+01:00"
    },
    {
        "tournament_id": 39927,
        "tournament_name": "Women",
        "matches": [
            {
                "match_id": 639650655,
                "date": "27/07/2025",
                "time": "17:00",
                "home_team": "England (Women)",
                "away_team": "Spain (Women)",
                "1_odd": 4.765,
                "draw_odd": 3.69,
                "2_odd": 1.816,
                "1X_odd": 2.059,
                "12_odd": 1.306,
                "X2_odd": 1.21,
                "over_0.5_odd": 1.014,
                "over_1.0_odd": 1.036,
                "over_1.5_odd": 1.27,
                "over_2.0_odd": 1.444,
                "over_2.5_odd": 1.971,
                "over_3.0_odd": 2.55,
                "over_3.5_odd": 3.125,
                "over_4.0_odd": 5.1,
                "over_4.5_odd": 5.7,
                "over_5.0_odd": 11,
                "over_5.5_odd": 13,
                "over_6.5_odd": 29,
                "under_0.5_odd": 8.4,
                "under_1.0_odd": 7.4,
                "under_1.5_odd": 3.32,
                "under_2.0_odd": 2.6,
                "under_2.5_odd": 1.91,
                "under_3.0_odd": 1.46,
                "under_3.5_odd": 1.3,
                "under_4.0_odd": 1.106,
                "under_4.5_odd": 1.075,
                "under_5.0_odd": 1.04,
                "under_5.5_odd": 1.02,
                "under_6.5_odd": 1.007,
                "over_0.75_odd": 1.023,
                "over_1.25_odd": 1.153,
                "over_1.75_odd": 1.34,
                "over_2.25_odd": 1.68,
                "over_2.75_odd": 2.15,
                "over_3.25_odd": 2.86,
                "over_3.75_odd": 3.82,
                "over_4.25_odd": 5.4,
                "under_0.75_odd": 7.8,
                "under_1.25_odd": 4.4,
                "under_1.75_odd": 2.97,
                "under_2.25_odd": 2.1,
                "under_2.75_odd": 1.65,
                "under_3.25_odd": 1.363,
                "under_3.75_odd": 1.2,
                "under_4.25_odd": 1.087,
                "home_handicap_-1.5_odd": 9.4,
                "home_handicap_-1.0_odd": 8.8,
                "home_handicap_0.0_odd": 3.25,
                "home_handicap_1.0_odd": 1.58,
                "home_handicap_1.5_odd": 1.35,
                "home_handicap_2.0_odd": 1.125,
                "home_handicap_2.5_odd": 1.084,
                "home_handicap_3.5_odd": 1.02,
                "away_handicap_1.5_odd": 1.006,
                "away_handicap_1.0_odd": 1.02,
                "away_handicap_0.0_odd": 1.3,
                "away_handicap_-1.0_odd": 2.375,
                "away_handicap_-1.5_odd": 3.04,
                "away_handicap_-2.0_odd": 5.15,
                "away_handicap_-2.5_odd": 5.8,
                "away_handicap_-3.5_odd": 13.5,
                "home_handicap_-0.75_odd": 5.6,
                "home_handicap_-0.25_odd": 3.78,
                "home_handicap_0.25_odd": 2.42,
                "home_handicap_0.75_odd": 1.81,
                "home_handicap_1.25_odd": 1.44,
                "home_handicap_1.75_odd": 1.24,
                "home_handicap_2.25_odd": 1.103,
                "home_handicap_2.75_odd": 1.036,
                "away_handicap_0.75_odd": 1.099,
                "away_handicap_0.25_odd": 1.222,
                "away_handicap_-0.25_odd": 1.52,
                "away_handicap_-0.75_odd": 1.95,
                "away_handicap_-1.25_odd": 2.7,
                "away_handicap_-1.75_odd": 3.7,
                "away_handicap_-2.25_odd": 5.5,
                "away_handicap_-2.75_odd": 7.4,
                "home_over_1.0_odd": 2.39,
                "home_over_1.5_odd": 3.62,
                "home_over_2.0_odd": 8.5,
                "home_over_2.5_odd": 9.5,
                "home_under_1.0_odd": 1.55,
                "home_under_1.5_odd": 1.26,
                "home_under_2.0_odd": 1.038,
                "home_under_2.5_odd": 1.018,
                "home_over_0.75_odd": 1.8,
                "home_over_1.25_odd": 3.04,
                "home_over_1.75_odd": 4.9,
                "home_over_2.25_odd": 9.8,
                "home_under_0.75_odd": 1.97,
                "home_under_1.25_odd": 1.36,
                "home_under_1.75_odd": 1.148,
                "home_under_2.25_odd": 1.05,
                "away_over_1.0_odd": 1.3,
                "away_over_1.5_odd": 1.87,
                "away_over_2.0_odd": 2.77,
                "away_over_2.5_odd": 3.55,
                "away_over_3.0_odd": 6.7,
                "away_over_3.5_odd": 7.4,
                "away_under_1.0_odd": 3.32,
                "away_under_1.5_odd": 1.89,
                "away_under_2.0_odd": 1.41,
                "away_under_2.5_odd": 1.25,
                "away_under_3.0_odd": 1.059,
                "away_under_3.5_odd": 1.037,
                "away_over_0.75_odd": 1.21,
                "away_over_1.25_odd": 1.59,
                "away_over_1.75_odd": 2.17,
                "away_over_2.25_odd": 3.2,
                "away_under_0.75_odd": 4.05,
                "away_under_1.25_odd": 2.3,
                "away_under_1.75_odd": 1.66,
                "away_under_2.25_odd": 1.31
            }
        ]
    }
]