[
    {
        "last_updated": "2025-07-24T20:45:29.641345+01:00"
    },
    {
        "tournament_id": 29949,
        "tournament_name": "Premier League",
        "matches": [
            {
                "match_id": 635999277,
                "date": "01/08/2025",
                "time": "13:30",
                "home_team": "Kolos Kovalivka",
                "away_team": "Kryvbas",
                "1_odd": 2.65,
                "draw_odd": 3.32,
                "2_odd": 2.67,
                "1X_odd": 1.47,
                "12_odd": 1.33,
                "X2_odd": 1.48,
                "both_score_odd": 1.9,
                "both_noscore_odd": 1.822,
                "over_0.5_odd": 1.04,
                "over_1.0_odd": 1.09,
                "over_1.5_odd": 1.4,
                "over_2.0_odd": 1.65,
                "over_2.5_odd": 2.2,
                "over_3.0_odd": 3.2,
                "over_3.5_odd": 3.92,
                "over_4.0_odd": 7,
                "over_4.5_odd": 7.7,
                "over_5.0_odd": 14,
                "over_5.5_odd": 11,
                "over_6.5_odd": 17,
                "under_0.5_odd": 8.9,
                "under_1.0_odd": 6.6,
                "under_1.5_odd": 2.97,
                "under_2.0_odd": 2.24,
                "under_2.5_odd": 1.67,
                "under_3.0_odd": 1.32,
                "under_3.5_odd": 1.23,
                "under_4.0_odd": 1.08,
                "under_4.5_odd": 1.06,
                "under_5.0_odd": 1.01,
                "under_5.5_odd": 1.02,
                "under_6.5_odd": 1.005,
                "over_0.75_odd": 1.07,
                "over_1.25_odd": 1.24,
                "over_1.75_odd": 1.48,
                "over_2.25_odd": 1.93,
                "over_2.75_odd": 2.52,
                "over_3.25_odd": 3.58,
                "over_3.75_odd": 4.95,
                "over_4.25_odd": 9.2,
                "under_0.75_odd": 7.25,
                "under_1.25_odd": 3.85,
                "under_1.75_odd": 2.55,
                "under_2.25_odd": 1.87,
                "under_2.75_odd": 1.49,
                "under_3.25_odd": 1.27,
                "under_3.75_odd": 1.15,
                "under_4.25_odd": 1.003,
                "home_handicap_-2.5_odd": 13,
                "home_handicap_-2.0_odd": 11.5,
                "home_handicap_-1.5_odd": 5.5,
                "home_handicap_-1.0_odd": 4.4,
                "home_handicap_0.0_odd": 1.92,
                "home_handicap_1.0_odd": 1.2,
                "home_handicap_1.5_odd": 1.13,
                "home_handicap_2.0_odd": 1.02,
                "home_handicap_2.5_odd": 1.01,
                "away_handicap_2.5_odd": 1.01,
                "away_handicap_2.0_odd": 1.02,
                "away_handicap_1.5_odd": 1.13,
                "away_handicap_1.0_odd": 1.19,
                "away_handicap_0.0_odd": 1.88,
                "away_handicap_-1.0_odd": 4.3,
                "away_handicap_-1.5_odd": 5.3,
                "away_handicap_-2.0_odd": 11,
                "away_handicap_-2.5_odd": 12.5,
                "home_handicap_-1.75_odd": 7,
                "home_handicap_-1.25_odd": 4.85,
                "home_handicap_-0.75_odd": 3.1,
                "home_handicap_-0.25_odd": 2.23,
                "home_handicap_0.25_odd": 1.62,
                "home_handicap_0.75_odd": 1.33,
                "home_handicap_1.25_odd": 1.16,
                "home_handicap_1.75_odd": 1.017,
                "away_handicap_1.75_odd": 1.08,
                "away_handicap_1.25_odd": 1.16,
                "away_handicap_0.75_odd": 1.34,
                "away_handicap_0.25_odd": 1.65,
                "away_handicap_-0.25_odd": 2.21,
                "away_handicap_-0.75_odd": 3.12,
                "away_handicap_-1.25_odd": 4.9,
                "away_handicap_-1.75_odd": 8.2,
                "home_over_0.5_odd": 1.39,
                "home_over_1.0_odd": 1.82,
                "home_over_1.5_odd": 2.75,
                "home_over_2.0_odd": 5.7,
                "home_over_2.5_odd": 7.3,
                "home_under_0.5_odd": 2.9,
                "home_under_1.0_odd": 1.9,
                "home_under_1.5_odd": 1.42,
                "home_under_2.0_odd": 1.12,
                "home_under_2.5_odd": 1.07,
                "home_over_0.75_odd": 1.5,
                "home_over_1.25_odd": 2.29,
                "home_over_1.75_odd": 3.42,
                "home_over_2.25_odd": 6.5,
                "home_under_0.75_odd": 2.48,
                "home_under_1.25_odd": 1.63,
                "home_under_1.75_odd": 1.28,
                "home_under_2.25_odd": 1.09,
                "away_over_0.5_odd": 1.38,
                "away_over_1.0_odd": 1.79,
                "away_over_1.5_odd": 2.7,
                "away_over_2.0_odd": 5.6,
                "away_over_2.5_odd": 7.1,
                "away_under_0.5_odd": 2.9,
                "away_under_1.0_odd": 1.92,
                "away_under_1.5_odd": 1.43,
                "away_under_2.0_odd": 1.12,
                "away_under_2.5_odd": 1.08,
                "away_over_0.75_odd": 1.51,
                "away_over_1.25_odd": 2.3,
                "away_over_1.75_odd": 3.45,
                "away_over_2.25_odd": 6.3,
                "away_under_0.75_odd": 2.47,
                "away_under_1.25_odd": 1.62,
                "away_under_1.75_odd": 1.28,
                "away_under_2.25_odd": 1.09
            },
            {
                "match_id": 635999280,
                "date": "01/08/2025",
                "time": "16:00",
                "home_team": "Rukh Lviv",
                "away_team": "SC Poltava",
                "1_odd": 1.65,
                "draw_odd": 3.5,
                "2_odd": 6.3,
                "1X_odd": 1.11,
                "12_odd": 1.3,
                "X2_odd": 2.28,
                "both_score_odd": 2.62,
                "both_noscore_odd": 1.442,
                "over_0.5_odd": 1.09,
                "over_1.0_odd": 1.16,
                "over_1.5_odd": 1.57,
                "over_2.0_odd": 2.03,
                "over_2.5_odd": 2.73,
                "over_3.0_odd": 4.45,
                "over_3.5_odd": 5.3,
                "over_4.0_odd": 10,
                "over_4.5_odd": 10.5,
                "over_5.5_odd": 15,
                "over_6.5_odd": 21,
                "under_0.5_odd": 6.5,
                "under_1.0_odd": 4.85,
                "under_1.5_odd": 2.41,
                "under_2.0_odd": 1.79,
                "under_2.5_odd": 1.46,
                "under_3.0_odd": 1.18,
                "under_3.5_odd": 1.14,
                "under_4.0_odd": 1.03,
                "under_4.5_odd": 1.02,
                "under_5.5_odd": 1.01,
                "under_6.5_odd": 1.002,
                "over_0.75_odd": 1.13,
                "over_1.25_odd": 1.36,
                "over_1.75_odd": 1.73,
                "over_2.25_odd": 2.33,
                "over_2.75_odd": 3.25,
                "over_3.25_odd": 4.85,
                "over_3.75_odd": 6.8,
                "under_0.75_odd": 5.55,
                "under_1.25_odd": 3.02,
                "under_1.75_odd": 2.1,
                "under_2.25_odd": 1.56,
                "under_2.75_odd": 1.31,
                "under_3.25_odd": 1.16,
                "under_3.75_odd": 1.08,
                "home_handicap_-3.5_odd": 13,
                "home_handicap_-3.0_odd": 12.5,
                "home_handicap_-2.5_odd": 6.25,
                "home_handicap_-2.0_odd": 5.3,
                "home_handicap_-1.5_odd": 2.98,
                "home_handicap_-1.0_odd": 2.19,
                "home_handicap_0.0_odd": 1.2,
                "home_handicap_1.0_odd": 1.01,
                "home_handicap_1.5_odd": 1.01,
                "away_handicap_3.5_odd": 1.01,
                "away_handicap_3.0_odd": 1.01,
                "away_handicap_2.5_odd": 1.1,
                "away_handicap_2.0_odd": 1.14,
                "away_handicap_1.5_odd": 1.39,
                "away_handicap_1.0_odd": 1.68,
                "away_handicap_0.0_odd": 4.6,
                "away_handicap_-1.0_odd": 13.5,
                "away_handicap_-1.5_odd": 12.5,
                "home_handicap_-2.75_odd": 8.9,
                "home_handicap_-2.25_odd": 5.75,
                "home_handicap_-1.75_odd": 3.65,
                "home_handicap_-1.25_odd": 2.53,
                "home_handicap_-0.75_odd": 1.82,
                "home_handicap_-0.25_odd": 1.4,
                "home_handicap_0.25_odd": 1.15,
                "home_handicap_0.75_odd": 1.07,
                "away_handicap_2.75_odd": 1.007,
                "away_handicap_2.25_odd": 1.12,
                "away_handicap_1.75_odd": 1.26,
                "away_handicap_1.25_odd": 1.48,
                "away_handicap_0.75_odd": 1.99,
                "away_handicap_0.25_odd": 2.82,
                "away_handicap_-0.25_odd": 4.9,
                "away_handicap_-0.75_odd": 7.65,
                "home_over_0.5_odd": 1.26,
                "home_over_1.0_odd": 1.5,
                "home_over_1.5_odd": 2.24,
                "home_over_2.5_odd": 5.2,
                "home_over_3.5_odd": 13,
                "home_under_0.5_odd": 3.6,
                "home_under_1.0_odd": 2.4,
                "home_under_1.5_odd": 1.61,
                "home_under_2.5_odd": 1.14,
                "home_under_3.5_odd": 1.01,
                "home_over_0.75_odd": 1.31,
                "home_over_1.25_odd": 1.82,
                "home_over_1.75_odd": 2.57,
                "home_over_2.25_odd": 4.1,
                "home_under_0.75_odd": 3.25,
                "home_under_1.25_odd": 1.99,
                "home_under_1.75_odd": 1.47,
                "home_under_2.25_odd": 1.177,
                "away_over_0.5_odd": 1.88,
                "away_over_1.0_odd": 3.5,
                "away_over_1.5_odd": 5.1,
                "away_under_0.5_odd": 1.86,
                "away_under_1.0_odd": 1.26,
                "away_under_1.5_odd": 1.15,
                "away_over_0.75_odd": 2.77,
                "away_over_1.25_odd": 5.75,
                "away_over_1.75_odd": 9.3,
                "away_under_0.75_odd": 1.45,
                "away_under_1.25_odd": 1.12,
                "away_under_1.75_odd": 1.04
            },
            {
                "match_id": 635999286,
                "date": "02/08/2025",
                "time": "13:30",
                "home_team": "Veres Rivne",
                "away_team": "Dynamo Kyiv",
                "1_odd": 9.8,
                "draw_odd": 4.95,
                "2_odd": 1.34,
                "1X_odd": 3.32,
                "12_odd": 1.18,
                "X2_odd": 1.05,
                "both_score_odd": 2.12,
                "both_noscore_odd": 1.657,
                "over_0.5_odd": 1.01,
                "over_1.0_odd": 1.04,
                "over_1.5_odd": 1.24,
                "over_2.0_odd": 1.36,
                "over_2.5_odd": 1.78,
                "over_3.0_odd": 2.33,
                "over_3.5_odd": 2.95,
                "over_4.0_odd": 4.55,
                "over_4.5_odd": 5.25,
                "over_5.0_odd": 9.25,
                "over_5.5_odd": 9.8,
                "over_6.5_odd": 13,
                "over_7.5_odd": 21,
                "under_0.5_odd": 13.5,
                "under_1.0_odd": 9.4,
                "under_1.5_odd": 3.82,
                "under_2.0_odd": 3,
                "under_2.5_odd": 2.04,
                "under_3.0_odd": 1.6,
                "under_3.5_odd": 1.4,
                "under_4.0_odd": 1.18,
                "under_4.5_odd": 1.14,
                "under_5.0_odd": 1.04,
                "under_5.5_odd": 1.03,
                "under_6.5_odd": 1.012,
                "under_7.5_odd": 1.002,
                "over_0.75_odd": 1.013,
                "over_1.25_odd": 1.14,
                "over_1.75_odd": 1.29,
                "over_2.25_odd": 1.56,
                "over_2.75_odd": 1.98,
                "over_3.25_odd": 2.58,
                "over_3.75_odd": 3.45,
                "over_4.25_odd": 4.9,
                "under_0.75_odd": 8.5,
                "under_1.25_odd": 5.25,
                "under_1.75_odd": 3.42,
                "under_2.25_odd": 2.34,
                "under_2.75_odd": 1.82,
                "under_3.25_odd": 1.47,
                "under_3.75_odd": 1.28,
                "under_4.25_odd": 1.16,
                "home_handicap_0.0_odd": 7.2,
                "home_handicap_1.0_odd": 2.5,
                "home_handicap_1.5_odd": 1.81,
                "home_handicap_2.0_odd": 1.43,
                "home_handicap_2.5_odd": 1.28,
                "home_handicap_3.0_odd": 1.11,
                "home_handicap_3.5_odd": 1.09,
                "home_handicap_4.0_odd": 1.01,
                "home_handicap_4.5_odd": 1.01,
                "away_handicap_0.0_odd": 1.07,
                "away_handicap_-1.0_odd": 1.53,
                "away_handicap_-1.5_odd": 2,
                "away_handicap_-2.0_odd": 2.83,
                "away_handicap_-2.5_odd": 3.45,
                "away_handicap_-3.0_odd": 5.93,
                "away_handicap_-3.5_odd": 6.65,
                "away_handicap_-4.0_odd": 12,
                "away_handicap_-4.5_odd": 13,
                "home_handicap_0.25_odd": 4.1,
                "home_handicap_0.75_odd": 2.82,
                "home_handicap_1.25_odd": 2.06,
                "home_handicap_1.75_odd": 1.6,
                "home_handicap_2.25_odd": 1.34,
                "home_handicap_2.75_odd": 1.2,
                "home_handicap_3.25_odd": 1.1,
                "home_handicap_3.75_odd": 1.029,
                "away_handicap_-0.25_odd": 1.21,
                "away_handicap_-0.75_odd": 1.4,
                "away_handicap_-1.25_odd": 1.77,
                "away_handicap_-1.75_odd": 2.25,
                "away_handicap_-2.25_odd": 3.1,
                "away_handicap_-2.75_odd": 4.25,
                "away_handicap_-3.25_odd": 6.3,
                "away_handicap_-3.75_odd": 7.5,
                "home_over_0.5_odd": 1.909,
                "home_over_1.5_odd": 5.5,
                "home_over_2.5_odd": 12,
                "home_under_0.5_odd": 1.8,
                "home_under_1.5_odd": 1.125,
                "home_under_2.5_odd": 1.015,
                "home_over_0.75_odd": 2.47,
                "home_over_1.25_odd": 4.8,
                "home_over_1.75_odd": 7.9,
                "home_under_0.75_odd": 1.54,
                "home_under_1.25_odd": 1.16,
                "home_under_1.75_odd": 1.06,
                "away_over_0.5_odd": 1.1,
                "away_over_1.5_odd": 1.5,
                "away_over_2.5_odd": 2.5,
                "away_over_3.5_odd": 4.5,
                "away_over_4.5_odd": 8.5,
                "away_over_5.5_odd": 13,
                "away_over_6.5_odd": 21,
                "away_under_0.5_odd": 6.5,
                "away_under_1.5_odd": 2.5,
                "away_under_2.5_odd": 1.5,
                "away_under_3.5_odd": 1.167,
                "away_under_4.5_odd": 1.05,
                "away_under_5.5_odd": 1.012,
                "away_under_6.5_odd": 1.002,
                "away_over_1.25_odd": 1.3,
                "away_over_1.75_odd": 1.63,
                "away_over_2.25_odd": 2.22,
                "away_over_2.75_odd": 3,
                "away_under_1.25_odd": 3.08,
                "away_under_1.75_odd": 2.19,
                "away_under_2.25_odd": 1.66,
                "away_under_2.75_odd": 1.36
            },
            {
                "match_id": 636000190,
                "date": "02/08/2025",
                "time": "16:00",
                "home_team": "Zorya Luhansk",
                "away_team": "LNZ",
                "1_odd": 2.46,
                "draw_odd": 3.2,
                "2_odd": 3.01,
                "1X_odd": 1.39,
                "12_odd": 1.35,
                "X2_odd": 1.56,
                "both_score_odd": 2.16,
                "both_noscore_odd": 1.634,
                "over_0.5_odd": 1.08,
                "over_1.0_odd": 1.14,
                "over_1.5_odd": 1.53,
                "over_2.0_odd": 1.93,
                "over_2.5_odd": 2.6,
                "over_3.0_odd": 4.15,
                "over_3.5_odd": 4.95,
                "over_4.0_odd": 9.35,
                "over_4.5_odd": 10,
                "over_5.5_odd": 15,
                "over_6.5_odd": 21,
                "under_0.5_odd": 6.95,
                "under_1.0_odd": 5.15,
                "under_1.5_odd": 2.52,
                "under_2.0_odd": 1.87,
                "under_2.5_odd": 1.5,
                "under_3.0_odd": 1.21,
                "under_3.5_odd": 1.15,
                "under_4.0_odd": 1.04,
                "under_4.5_odd": 1.03,
                "under_5.5_odd": 1.01,
                "under_6.5_odd": 1.002,
                "over_0.75_odd": 1.11,
                "over_1.25_odd": 1.33,
                "over_1.75_odd": 1.68,
                "over_2.25_odd": 2.23,
                "over_2.75_odd": 3.07,
                "over_3.25_odd": 4.55,
                "over_3.75_odd": 6.35,
                "under_0.75_odd": 5.85,
                "under_1.25_odd": 3.15,
                "under_1.75_odd": 2.19,
                "under_2.25_odd": 1.61,
                "under_2.75_odd": 1.34,
                "under_3.25_odd": 1.18,
                "under_3.75_odd": 1.1,
                "home_handicap_-2.5_odd": 11.5,
                "home_handicap_-2.0_odd": 10.5,
                "home_handicap_-1.5_odd": 5.3,
                "home_handicap_-1.0_odd": 4.2,
                "home_handicap_0.0_odd": 1.72,
                "home_handicap_1.0_odd": 1.12,
                "home_handicap_1.5_odd": 1.09,
                "home_handicap_2.0_odd": 1.01,
                "away_handicap_2.5_odd": 1.02,
                "away_handicap_2.0_odd": 1.02,
                "away_handicap_1.5_odd": 1.16,
                "away_handicap_1.0_odd": 1.23,
                "away_handicap_0.0_odd": 2.12,
                "away_handicap_-1.0_odd": 5.6,
                "away_handicap_-1.5_odd": 6.65,
                "away_handicap_-2.0_odd": 14.5,
                "home_handicap_-1.75_odd": 6.75,
                "home_handicap_-1.25_odd": 4.55,
                "home_handicap_-0.75_odd": 2.88,
                "home_handicap_-0.25_odd": 2.06,
                "home_handicap_0.25_odd": 1.5,
                "home_handicap_0.75_odd": 1.25,
                "home_handicap_1.25_odd": 1.1,
                "home_handicap_1.75_odd": 1.016,
                "away_handicap_1.75_odd": 1.09,
                "away_handicap_1.25_odd": 1.18,
                "away_handicap_0.75_odd": 1.38,
                "away_handicap_0.25_odd": 1.76,
                "away_handicap_-0.25_odd": 2.48,
                "away_handicap_-0.75_odd": 3.68,
                "away_handicap_-1.25_odd": 6.15,
                "away_handicap_-1.75_odd": 8.3,
                "home_over_0.5_odd": 1.38,
                "home_over_1.0_odd": 1.79,
                "home_over_1.5_odd": 2.7,
                "home_over_2.0_odd": 5.6,
                "home_over_2.5_odd": 7.2,
                "home_under_0.5_odd": 2.9,
                "home_under_1.0_odd": 1.9,
                "home_under_1.5_odd": 1.43,
                "home_under_2.0_odd": 1.12,
                "home_under_2.5_odd": 1.07,
                "home_over_0.75_odd": 1.57,
                "home_over_1.25_odd": 2.37,
                "home_over_1.75_odd": 3.68,
                "home_over_2.25_odd": 6.4,
                "home_over_2.75_odd": 9,
                "home_under_0.75_odd": 2.4,
                "home_under_1.25_odd": 1.54,
                "home_under_1.75_odd": 1.25,
                "home_under_2.25_odd": 1.09,
                "home_under_2.75_odd": 1.006,
                "away_over_0.5_odd": 1.46,
                "away_over_1.0_odd": 2.03,
                "away_over_1.5_odd": 3.1,
                "away_over_2.0_odd": 7.1,
                "away_over_2.5_odd": 8.9,
                "away_under_0.5_odd": 2.6,
                "away_under_1.0_odd": 1.7,
                "away_under_1.5_odd": 1.34,
                "away_under_2.0_odd": 1.08,
                "away_under_2.5_odd": 1.04,
                "away_over_0.75_odd": 1.75,
                "away_over_1.25_odd": 2.83,
                "away_over_1.75_odd": 4.55,
                "away_over_2.25_odd": 8,
                "away_under_0.75_odd": 2.07,
                "away_under_1.25_odd": 1.4,
                "away_under_1.75_odd": 1.18,
                "away_under_2.25_odd": 1.05
            },
            {
                "match_id": 635999292,
                "date": "03/08/2025",
                "time": "11:00",
                "home_team": "Kudrivka",
                "away_team": "Oleksandriya",
                "1_odd": 5.65,
                "draw_odd": 3.5,
                "2_odd": 1.7,
                "1X_odd": 2.19,
                "12_odd": 1.3,
                "X2_odd": 1.14,
                "both_score_odd": 2.24,
                "both_noscore_odd": 1.591,
                "over_0.5_odd": 1.06,
                "over_1.0_odd": 1.11,
                "over_1.5_odd": 1.46,
                "over_2.0_odd": 1.78,
                "over_2.5_odd": 2.38,
                "over_3.0_odd": 3.62,
                "over_3.5_odd": 4.4,
                "over_4.0_odd": 8.1,
                "over_4.5_odd": 8.8,
                "over_5.5_odd": 16,
                "over_6.5_odd": 21,
                "under_0.5_odd": 7.85,
                "under_1.0_odd": 5.85,
                "under_1.5_odd": 2.73,
                "under_2.0_odd": 2.04,
                "under_2.5_odd": 1.58,
                "under_3.0_odd": 1.26,
                "under_3.5_odd": 1.19,
                "under_4.0_odd": 1.06,
                "under_4.5_odd": 1.05,
                "under_5.5_odd": 1.015,
                "under_6.5_odd": 1.002,
                "over_0.75_odd": 1.09,
                "over_1.25_odd": 1.28,
                "over_1.75_odd": 1.56,
                "over_2.25_odd": 2.08,
                "over_2.75_odd": 2.78,
                "over_3.25_odd": 4,
                "over_3.75_odd": 5.6,
                "under_0.75_odd": 6.55,
                "under_1.25_odd": 3.48,
                "under_1.75_odd": 2.34,
                "under_2.25_odd": 1.75,
                "under_2.75_odd": 1.41,
                "under_3.25_odd": 1.22,
                "under_3.75_odd": 1.12,
                "home_handicap_-1.5_odd": 12,
                "home_handicap_-1.0_odd": 11,
                "home_handicap_0.0_odd": 4.15,
                "home_handicap_1.0_odd": 1.64,
                "home_handicap_1.5_odd": 1.38,
                "home_handicap_2.0_odd": 1.14,
                "home_handicap_2.5_odd": 1.1,
                "home_handicap_3.0_odd": 1.01,
                "away_handicap_1.5_odd": 1.01,
                "away_handicap_1.0_odd": 1.02,
                "away_handicap_0.0_odd": 1.23,
                "away_handicap_-1.0_odd": 2.26,
                "away_handicap_-1.5_odd": 3.02,
                "away_handicap_-2.0_odd": 5.3,
                "away_handicap_-2.5_odd": 6.2,
                "away_handicap_-3.0_odd": 12.5,
                "home_handicap_-0.75_odd": 6.6,
                "home_handicap_-0.25_odd": 4.3,
                "home_handicap_0.25_odd": 2.65,
                "home_handicap_0.75_odd": 1.92,
                "home_handicap_1.25_odd": 1.46,
                "home_handicap_1.75_odd": 1.25,
                "home_handicap_2.25_odd": 1.12,
                "home_handicap_2.75_odd": 1.007,
                "away_handicap_0.75_odd": 1.09,
                "away_handicap_0.25_odd": 1.19,
                "away_handicap_-0.25_odd": 1.45,
                "away_handicap_-0.75_odd": 1.88,
                "away_handicap_-1.25_odd": 2.58,
                "away_handicap_-1.75_odd": 3.68,
                "away_handicap_-2.25_odd": 5.75,
                "away_handicap_-2.75_odd": 8.9,
                "home_over_0.5_odd": 1.833,
                "home_over_1.5_odd": 5,
                "home_over_2.5_odd": 11,
                "home_over_3.5_odd": 21,
                "home_under_0.5_odd": 1.833,
                "home_under_1.5_odd": 1.143,
                "home_under_2.5_odd": 1.02,
                "home_under_3.5_odd": 1.002,
                "home_over_0.75_odd": 2.31,
                "home_over_1.25_odd": 4.35,
                "home_over_1.75_odd": 7.15,
                "home_under_0.75_odd": 1.61,
                "home_under_1.25_odd": 1.19,
                "home_under_1.75_odd": 1.08,
                "away_over_0.5_odd": 1.222,
                "away_over_1.5_odd": 2,
                "away_over_2.5_odd": 4.33,
                "away_over_3.5_odd": 8.5,
                "away_over_4.5_odd": 15,
                "away_over_5.5_odd": 21,
                "away_under_0.5_odd": 4,
                "away_under_1.5_odd": 1.727,
                "away_under_2.5_odd": 1.2,
                "away_under_3.5_odd": 1.05,
                "away_under_4.5_odd": 1.01,
                "away_under_5.5_odd": 1.002,
                "away_over_0.75_odd": 1.28,
                "away_over_1.25_odd": 1.74,
                "away_over_1.75_odd": 2.42,
                "away_over_2.25_odd": 3.96,
                "away_under_0.75_odd": 3.45,
                "away_under_1.25_odd": 2.09,
                "away_under_1.75_odd": 1.52,
                "away_under_2.25_odd": 1.189
            },
            {
                "match_id": 635999274,
                "date": "03/08/2025",
                "time": "13:30",
                "home_team": "Epicentr",
                "away_team": "Shakhtar Donetsk",
                "1_odd": 12.5,
                "draw_odd": 6.45,
                "2_odd": 1.23,
                "1X_odd": 4.3,
                "12_odd": 1.11,
                "X2_odd": 1.02,
                "both_score_odd": 1.98,
                "both_noscore_odd": 1.754,
                "over_0.5_odd": 1.005,
                "over_1.0_odd": 1.01,
                "over_1.5_odd": 1.14,
                "over_2.0_odd": 1.19,
                "over_2.5_odd": 1.49,
                "over_3.0_odd": 1.75,
                "over_3.5_odd": 2.22,
                "over_4.0_odd": 3.02,
                "over_4.5_odd": 3.62,
                "over_5.0_odd": 5.85,
                "over_5.5_odd": 6.45,
                "over_6.0_odd": 11,
                "over_6.5_odd": 11.4,
                "over_7.5_odd": 15,
                "over_8.5_odd": 21,
                "under_0.5_odd": 21,
                "under_1.0_odd": 13,
                "under_1.5_odd": 5.25,
                "under_2.0_odd": 4.35,
                "under_2.5_odd": 2.63,
                "under_3.0_odd": 2.08,
                "under_3.5_odd": 1.66,
                "under_4.0_odd": 1.35,
                "under_4.5_odd": 1.26,
                "under_5.0_odd": 1.11,
                "under_5.5_odd": 1.09,
                "under_6.0_odd": 1.02,
                "under_6.5_odd": 1.02,
                "under_7.5_odd": 1.01,
                "under_8.5_odd": 1.002,
                "over_1.75_odd": 1.16,
                "over_2.25_odd": 1.33,
                "over_2.75_odd": 1.57,
                "over_3.25_odd": 1.98,
                "over_3.75_odd": 2.48,
                "over_4.25_odd": 3.32,
                "over_4.75_odd": 4.4,
                "over_5.25_odd": 5.5,
                "under_1.75_odd": 4.8,
                "under_2.25_odd": 3.15,
                "under_2.75_odd": 2.31,
                "under_3.25_odd": 1.82,
                "under_3.75_odd": 1.5,
                "under_4.25_odd": 1.3,
                "under_4.75_odd": 1.19,
                "under_5.25_odd": 1.082,
                "home_handicap_0.0_odd": 9.25,
                "home_handicap_1.0_odd": 3.27,
                "home_handicap_1.5_odd": 2.21,
                "home_handicap_2.0_odd": 1.75,
                "home_handicap_2.5_odd": 1.49,
                "home_handicap_3.0_odd": 1.23,
                "home_handicap_3.5_odd": 1.18,
                "home_handicap_4.0_odd": 1.06,
                "home_handicap_4.5_odd": 1.05,
                "away_handicap_0.0_odd": 1.04,
                "away_handicap_-1.0_odd": 1.31,
                "away_handicap_-1.5_odd": 1.67,
                "away_handicap_-2.0_odd": 2.08,
                "away_handicap_-2.5_odd": 2.63,
                "away_handicap_-3.0_odd": 3.88,
                "away_handicap_-3.5_odd": 4.55,
                "away_handicap_-4.0_odd": 7.85,
                "away_handicap_-4.5_odd": 8.5,
                "home_handicap_0.25_odd": 5.25,
                "home_handicap_0.75_odd": 3.65,
                "home_handicap_1.25_odd": 2.55,
                "home_handicap_1.75_odd": 1.98,
                "home_handicap_2.25_odd": 1.57,
                "home_handicap_2.75_odd": 1.35,
                "home_handicap_3.25_odd": 1.2,
                "home_handicap_3.75_odd": 1.092,
                "away_handicap_-0.25_odd": 1.14,
                "away_handicap_-0.75_odd": 1.26,
                "away_handicap_-1.25_odd": 1.48,
                "away_handicap_-1.75_odd": 1.83,
                "away_handicap_-2.25_odd": 2.31,
                "away_handicap_-2.75_odd": 3.05,
                "away_handicap_-3.25_odd": 4.2,
                "away_handicap_-3.75_odd": 5.3,
                "home_over_0.5_odd": 1.8,
                "home_over_1.5_odd": 4.5,
                "home_over_2.5_odd": 10.5,
                "home_over_3.5_odd": 21,
                "home_under_0.5_odd": 1.909,
                "home_under_1.5_odd": 1.167,
                "home_under_2.5_odd": 1.025,
                "home_under_3.5_odd": 1.002,
                "home_over_0.75_odd": 2.36,
                "home_over_1.25_odd": 4.5,
                "home_over_1.75_odd": 7.4,
                "home_under_0.75_odd": 1.59,
                "home_under_1.25_odd": 1.18,
                "home_under_1.75_odd": 1.07,
                "away_over_0.5_odd": 1.05,
                "away_over_1.5_odd": 1.3,
                "away_over_2.5_odd": 1.833,
                "away_over_3.5_odd": 3.4,
                "away_over_4.5_odd": 6,
                "away_over_5.5_odd": 10,
                "away_over_6.5_odd": 15,
                "away_over_7.5_odd": 21,
                "away_under_0.5_odd": 8.5,
                "away_under_1.5_odd": 3.4,
                "away_under_2.5_odd": 1.833,
                "away_under_3.5_odd": 1.3,
                "away_under_4.5_odd": 1.111,
                "away_under_5.5_odd": 1.03,
                "away_under_6.5_odd": 1.01,
                "away_under_7.5_odd": 1.002,
                "away_over_1.75_odd": 1.34,
                "away_over_2.25_odd": 1.71,
                "away_over_2.75_odd": 2.17,
                "away_over_3.25_odd": 2.95,
                "away_under_1.75_odd": 2.88,
                "away_under_2.25_odd": 2.14,
                "away_under_2.75_odd": 1.64,
                "away_under_3.25_odd": 1.37
            },
            {
                "match_id": 635999289,
                "date": "03/08/2025",
                "time": "16:00",
                "home_team": "Karpaty Lviv",
                "away_team": "Polissya Zhytomyr",
                "1_odd": 2.88,
                "draw_odd": 2.98,
                "2_odd": 2.7,
                "1X_odd": 1.47,
                "12_odd": 1.39,
                "X2_odd": 1.42,
                "both_score_odd": 2.01,
                "both_noscore_odd": 1.732,
                "over_0.5_odd": 1.07,
                "over_1.0_odd": 1.13,
                "over_1.5_odd": 1.49,
                "over_2.0_odd": 1.85,
                "over_2.5_odd": 2.48,
                "over_3.0_odd": 3.85,
                "over_3.5_odd": 4.65,
                "over_4.0_odd": 8.65,
                "over_4.5_odd": 9.35,
                "over_5.5_odd": 17,
                "over_6.5_odd": 24,
                "under_0.5_odd": 7.4,
                "under_1.0_odd": 5.5,
                "under_1.5_odd": 2.62,
                "under_2.0_odd": 1.96,
                "under_2.5_odd": 1.54,
                "under_3.0_odd": 1.23,
                "under_3.5_odd": 1.17,
                "under_4.0_odd": 1.05,
                "under_4.5_odd": 1.04,
                "under_5.5_odd": 1.012,
                "under_6.5_odd": 1.002,
                "over_0.75_odd": 1.1,
                "over_1.25_odd": 1.3,
                "over_1.75_odd": 1.6,
                "over_2.25_odd": 2.17,
                "over_2.75_odd": 2.9,
                "over_3.25_odd": 4.25,
                "over_3.75_odd": 5.93,
                "under_0.75_odd": 6.2,
                "under_1.25_odd": 3.32,
                "under_1.75_odd": 2.25,
                "under_2.25_odd": 1.69,
                "under_2.75_odd": 1.38,
                "under_3.25_odd": 1.2,
                "under_3.75_odd": 1.11,
                "home_handicap_-2.5_odd": 13,
                "home_handicap_-2.0_odd": 12.5,
                "home_handicap_-1.5_odd": 5.85,
                "home_handicap_-1.0_odd": 5.05,
                "home_handicap_0.0_odd": 1.96,
                "home_handicap_1.0_odd": 1.2,
                "home_handicap_1.5_odd": 1.13,
                "home_handicap_2.0_odd": 1.02,
                "home_handicap_2.5_odd": 1.01,
                "away_handicap_2.5_odd": 1.01,
                "away_handicap_2.0_odd": 1.01,
                "away_handicap_1.5_odd": 1.11,
                "away_handicap_1.0_odd": 1.17,
                "away_handicap_0.0_odd": 1.84,
                "away_handicap_-1.0_odd": 4.65,
                "away_handicap_-1.5_odd": 5.45,
                "away_handicap_-2.0_odd": 11.5,
                "away_handicap_-2.5_odd": 12.5,
                "home_handicap_-1.75_odd": 9.3,
                "home_handicap_-1.25_odd": 5.35,
                "home_handicap_-0.75_odd": 3.3,
                "home_handicap_-0.25_odd": 2.29,
                "home_handicap_0.25_odd": 1.67,
                "home_handicap_0.75_odd": 1.34,
                "home_handicap_1.25_odd": 1.15,
                "home_handicap_1.75_odd": 1.07,
                "away_handicap_1.75_odd": 1.002,
                "away_handicap_1.25_odd": 1.13,
                "away_handicap_0.75_odd": 1.3,
                "away_handicap_0.25_odd": 1.58,
                "away_handicap_-0.25_odd": 2.2,
                "away_handicap_-0.75_odd": 3.1,
                "away_handicap_-1.25_odd": 4.95,
                "away_handicap_-1.75_odd": 7.25,
                "home_over_0.5_odd": 1.42,
                "home_over_1.0_odd": 1.9,
                "home_over_1.5_odd": 2.9,
                "home_over_2.0_odd": 6.3,
                "home_over_2.5_odd": 8,
                "home_under_0.5_odd": 2.75,
                "home_under_1.0_odd": 1.8,
                "home_under_1.5_odd": 1.38,
                "home_under_2.0_odd": 1.1,
                "home_under_2.5_odd": 1.06,
                "home_over_0.75_odd": 1.64,
                "home_over_1.25_odd": 2.55,
                "home_over_1.75_odd": 4,
                "home_over_2.25_odd": 7.2,
                "home_under_0.75_odd": 2.26,
                "home_under_1.25_odd": 1.48,
                "home_under_1.75_odd": 1.22,
                "home_under_2.25_odd": 1.08,
                "away_over_0.5_odd": 1.38,
                "away_over_1.0_odd": 1.81,
                "away_over_1.5_odd": 2.75,
                "away_over_2.0_odd": 5.7,
                "away_over_2.5_odd": 7.3,
                "away_under_0.5_odd": 2.9,
                "away_under_1.0_odd": 1.9,
                "away_under_1.5_odd": 1.42,
                "away_under_2.0_odd": 1.12,
                "away_under_2.5_odd": 1.07,
                "away_over_0.75_odd": 1.59,
                "away_over_1.25_odd": 2.43,
                "away_over_1.75_odd": 3.78,
                "away_over_2.25_odd": 6.5,
                "away_under_0.75_odd": 2.35,
                "away_under_1.25_odd": 1.52,
                "away_under_1.75_odd": 1.24,
                "away_under_2.25_odd": 1.09
            },
            {
                "match_id": 635999283,
                "date": "04/08/2025",
                "time": "16:00",
                "home_team": "Metallist 1925",
                "away_team": "Obolon Kyiv",
                "1_odd": 2.05,
                "draw_odd": 3.27,
                "2_odd": 3.905,
                "1X_odd": 1.25,
                "12_odd": 1.34,
                "X2_odd": 1.79,
                "both_score_odd": 2,
                "both_noscore_odd": 1.739,
                "over_0.5_odd": 1.05,
                "over_1.0_odd": 1.1,
                "over_1.5_odd": 1.43,
                "over_2.0_odd": 1.72,
                "over_2.5_odd": 2.3,
                "over_3.0_odd": 3.42,
                "over_3.5_odd": 4.2,
                "over_4.0_odd": 7.55,
                "over_4.5_odd": 8.3,
                "over_5.5_odd": 12,
                "over_6.5_odd": 21,
                "under_0.5_odd": 8.3,
                "under_1.0_odd": 6.15,
                "under_1.5_odd": 2.83,
                "under_2.0_odd": 2.13,
                "under_2.5_odd": 1.62,
                "under_3.0_odd": 1.29,
                "under_3.5_odd": 1.2,
                "under_4.0_odd": 1.07,
                "under_4.5_odd": 1.05,
                "under_5.5_odd": 1.015,
                "under_6.5_odd": 1.002,
                "over_0.75_odd": 1.08,
                "over_1.25_odd": 1.26,
                "over_1.75_odd": 1.52,
                "over_2.25_odd": 2.01,
                "over_2.75_odd": 2.65,
                "over_3.25_odd": 3.8,
                "over_3.75_odd": 5.3,
                "over_4.25_odd": 7.7,
                "under_0.75_odd": 6.85,
                "under_1.25_odd": 3.65,
                "under_1.75_odd": 2.43,
                "under_2.25_odd": 1.8,
                "under_2.75_odd": 1.44,
                "under_3.25_odd": 1.24,
                "under_3.75_odd": 1.14,
                "under_4.25_odd": 1.025,
                "home_handicap_-2.5_odd": 8.25,
                "home_handicap_-2.0_odd": 7.35,
                "home_handicap_-1.5_odd": 3.9,
                "home_handicap_-1.0_odd": 3.02,
                "home_handicap_0.0_odd": 1.45,
                "home_handicap_1.0_odd": 1.07,
                "home_handicap_1.5_odd": 1.05,
                "away_handicap_2.5_odd": 1.05,
                "away_handicap_2.0_odd": 1.07,
                "away_handicap_1.5_odd": 1.26,
                "away_handicap_1.0_odd": 1.39,
                "away_handicap_0.0_odd": 2.77,
                "away_handicap_-1.0_odd": 7.25,
                "away_handicap_-1.5_odd": 8.25,
                "home_handicap_-2.25_odd": 8.3,
                "home_handicap_-1.75_odd": 4.85,
                "home_handicap_-1.25_odd": 3.38,
                "home_handicap_-0.75_odd": 2.29,
                "home_handicap_-0.25_odd": 1.73,
                "home_handicap_0.25_odd": 1.34,
                "home_handicap_0.75_odd": 1.18,
                "home_handicap_1.25_odd": 1.06,
                "away_handicap_2.25_odd": 1.015,
                "away_handicap_1.75_odd": 1.16,
                "away_handicap_1.25_odd": 1.29,
                "away_handicap_0.75_odd": 1.58,
                "away_handicap_0.25_odd": 2.11,
                "away_handicap_-0.25_odd": 3.07,
                "away_handicap_-0.75_odd": 4.55,
                "away_handicap_-1.25_odd": 7.75,
                "home_over_0.5_odd": 1.27,
                "home_over_1.0_odd": 1.51,
                "home_over_1.5_odd": 2.25,
                "home_over_2.5_odd": 5.3,
                "home_over_3.5_odd": 13.5,
                "home_under_0.5_odd": 3.6,
                "home_under_1.0_odd": 2.38,
                "home_under_1.5_odd": 1.6,
                "home_under_2.5_odd": 1.14,
                "home_under_3.5_odd": 1.01,
                "home_over_0.75_odd": 1.36,
                "home_over_1.25_odd": 1.94,
                "home_over_1.75_odd": 2.8,
                "home_over_2.25_odd": 4.65,
                "home_under_0.75_odd": 2.98,
                "home_under_1.25_odd": 1.86,
                "home_under_1.75_odd": 1.41,
                "home_under_2.25_odd": 1.138,
                "away_over_0.5_odd": 1.5,
                "away_over_1.0_odd": 2.16,
                "away_over_1.5_odd": 3.3,
                "away_over_2.0_odd": 7.9,
                "away_over_2.5_odd": 9.8,
                "away_under_0.5_odd": 2.47,
                "away_under_1.0_odd": 1.62,
                "away_under_1.5_odd": 1.31,
                "away_under_2.0_odd": 1.06,
                "away_under_2.5_odd": 1.03,
                "away_over_0.75_odd": 1.84,
                "away_over_1.25_odd": 3.07,
                "away_over_1.75_odd": 4.95,
                "away_over_2.25_odd": 8.8,
                "away_under_0.75_odd": 1.96,
                "away_under_1.25_odd": 1.35,
                "away_under_1.75_odd": 1.15,
                "away_under_2.25_odd": 1.04
            }
        ]
    },
    {
        "tournament_id": 44527,
        "tournament_name": "Second League",
        "matches": [
            {
                "match_id": 639743343,
                "date": "26/07/2025",
                "time": "08:00",
                "home_team": "Real Pharma",
                "away_team": "Uzhorod",
                "1_odd": 4.07,
                "draw_odd": 3.7,
                "2_odd": 1.71,
                "1X_odd": 2.04,
                "12_odd": 1.23,
                "X2_odd": 1.2,
                "both_score_odd": 1.823,
                "both_noscore_odd": 1.984,
                "over_2.0_odd": 1.38,
                "over_2.5_odd": 1.79,
                "over_3.0_odd": 2.37,
                "under_2.0_odd": 2.8,
                "under_2.5_odd": 1.92,
                "under_3.0_odd": 1.52,
                "over_2.25_odd": 1.59,
                "over_2.75_odd": 2,
                "under_2.25_odd": 2.22,
                "under_2.75_odd": 1.72,
                "home_handicap_1.0_odd": 1.57,
                "away_handicap_-1.0_odd": 2.24,
                "home_over_1.0_odd": 2.18,
                "home_under_1.0_odd": 1.61,
                "away_over_1.5_odd": 1.78,
                "away_under_1.5_odd": 1.93
            },
            {
                "match_id": 639747896,
                "date": "26/07/2025",
                "time": "11:30",
                "home_team": "Rebel",
                "away_team": "Chornomorets Odesa II",
                "1_odd": 3.13,
                "draw_odd": 3.4,
                "2_odd": 2.05,
                "1X_odd": 1.7,
                "12_odd": 1.27,
                "X2_odd": 1.32,
                "both_score_odd": 1.828,
                "both_noscore_odd": 1.978,
                "over_2.0_odd": 1.46,
                "over_2.5_odd": 1.92,
                "over_3.0_odd": 2.65,
                "under_2.0_odd": 2.52,
                "under_2.5_odd": 1.79,
                "under_3.0_odd": 1.42,
                "over_2.25_odd": 1.69,
                "over_2.75_odd": 2.18,
                "under_2.25_odd": 2.04,
                "under_2.75_odd": 1.61,
                "home_handicap_0.0_odd": 2.32,
                "away_handicap_0.0_odd": 1.54,
                "home_over_1.0_odd": 1.89,
                "home_under_1.0_odd": 1.81,
                "away_over_1.5_odd": 2.11,
                "away_under_1.5_odd": 1.65
            },
            {
                "match_id": 639744907,
                "date": "26/07/2025",
                "time": "12:30",
                "home_team": "Skala 1911",
                "away_team": "Polissya Zhytomyr II",
                "1_odd": 2.03,
                "draw_odd": 3.62,
                "2_odd": 3.005,
                "1X_odd": 1.35,
                "12_odd": 1.24,
                "X2_odd": 1.71,
                "both_score_odd": 1.652,
                "both_noscore_odd": 2.22,
                "over_2.5_odd": 1.65,
                "over_3.0_odd": 2.08,
                "over_3.5_odd": 2.62,
                "under_2.5_odd": 2.11,
                "under_3.0_odd": 1.67,
                "under_3.5_odd": 1.43,
                "over_2.75_odd": 1.81,
                "over_3.25_odd": 2.35,
                "under_2.75_odd": 1.89,
                "under_3.25_odd": 1.52,
                "home_handicap_0.0_odd": 1.56,
                "away_handicap_0.0_odd": 2.28,
                "home_over_1.5_odd": 1.88,
                "home_under_1.5_odd": 1.82,
                "away_over_1.0_odd": 1.62,
                "away_under_1.0_odd": 2.16
            },
            {
                "match_id": 639745495,
                "date": "26/07/2025",
                "time": "14:00",
                "home_team": "Vilkhivtsi",
                "away_team": "Kulikov-Belka",
                "1_odd": 3.005,
                "draw_odd": 3.45,
                "2_odd": 2.1,
                "1X_odd": 1.67,
                "12_odd": 1.26,
                "X2_odd": 1.35,
                "both_score_odd": 1.769,
                "both_noscore_odd": 2.052,
                "over_2.0_odd": 1.41,
                "over_2.5_odd": 1.83,
                "over_3.0_odd": 2.46,
                "under_2.0_odd": 2.7,
                "under_2.5_odd": 1.87,
                "under_3.0_odd": 1.48,
                "over_2.25_odd": 1.62,
                "over_2.75_odd": 2.06,
                "under_2.25_odd": 2.16,
                "under_2.75_odd": 1.68,
                "home_handicap_0.0_odd": 2.23,
                "away_handicap_0.0_odd": 1.58,
                "home_over_1.0_odd": 1.76,
                "home_under_1.0_odd": 1.95,
                "away_over_1.5_odd": 2.07,
                "away_under_1.5_odd": 1.67
            },
            {
                "match_id": 639746133,
                "date": "26/07/2025",
                "time": "14:30",
                "home_team": "Niva Vinnitsa",
                "away_team": "Sambir Nyva Ternopil II",
                "1_odd": 2.01,
                "draw_odd": 3.27,
                "2_odd": 3.365,
                "1X_odd": 1.29,
                "12_odd": 1.29,
                "X2_odd": 1.73,
                "both_score_odd": 1.958,
                "both_noscore_odd": 1.845,
                "over_1.5_odd": 1.37,
                "over_2.0_odd": 1.61,
                "over_2.5_odd": 2.12,
                "under_1.5_odd": 2.87,
                "under_2.0_odd": 2.18,
                "under_2.5_odd": 1.64,
                "over_2.25_odd": 1.87,
                "over_2.75_odd": 2.47,
                "under_2.25_odd": 1.83,
                "under_2.75_odd": 1.48,
                "home_handicap_0.0_odd": 1.49,
                "away_handicap_0.0_odd": 2.45,
                "home_over_1.5_odd": 2.23,
                "home_under_1.5_odd": 1.58,
                "away_over_1.0_odd": 2.18,
                "away_under_1.0_odd": 1.61
            },
            {
                "match_id": 639747314,
                "date": "26/07/2025",
                "time": "15:00",
                "home_team": "Levyy Bereg Kyiv II",
                "away_team": "Kolos Kovalivka II",
                "1_odd": 4.835,
                "draw_odd": 3.7,
                "2_odd": 1.6,
                "1X_odd": 2.23,
                "12_odd": 1.23,
                "X2_odd": 1.15,
                "both_score_odd": 2.028,
                "both_noscore_odd": 1.788,
                "over_2.0_odd": 1.49,
                "over_2.5_odd": 1.96,
                "over_3.0_odd": 2.75,
                "under_2.0_odd": 2.43,
                "under_2.5_odd": 1.75,
                "under_3.0_odd": 1.39,
                "over_2.25_odd": 1.73,
                "over_2.75_odd": 2.25,
                "under_2.25_odd": 1.99,
                "under_2.75_odd": 1.57,
                "home_handicap_1.0_odd": 1.68,
                "away_handicap_-1.0_odd": 2.06,
                "home_over_1.0_odd": 2.82,
                "home_under_1.0_odd": 1.38,
                "away_over_1.5_odd": 1.8,
                "away_under_1.5_odd": 1.9
            },
            {
                "match_id": 639748883,
                "date": "26/07/2025",
                "time": "15:00",
                "home_team": "Lisne",
                "away_team": "Atlet Kyiv",
                "1_odd": 1.51,
                "draw_odd": 3.92,
                "2_odd": 5.49,
                "1X_odd": 1.12,
                "12_odd": 1.21,
                "X2_odd": 2.41,
                "both_score_odd": 2.022,
                "both_noscore_odd": 1.792,
                "over_2.0_odd": 1.43,
                "over_2.5_odd": 1.87,
                "over_3.0_odd": 2.55,
                "under_2.0_odd": 2.6,
                "under_2.5_odd": 1.83,
                "under_3.0_odd": 1.45,
                "over_2.25_odd": 1.65,
                "over_2.75_odd": 2.12,
                "under_2.25_odd": 2.1,
                "under_2.75_odd": 1.64,
                "home_handicap_-1.0_odd": 1.87,
                "away_handicap_1.0_odd": 1.83,
                "home_over_1.5_odd": 1.69,
                "home_under_1.5_odd": 2.05,
                "away_over_1.0_odd": 2.95,
                "away_under_1.0_odd": 1.35
            },
            {
                "match_id": 639748885,
                "date": "26/07/2025",
                "time": "15:00",
                "home_team": "Penuel Kriviy Rih",
                "away_team": "Chaika Petropavlivska Borshchahivka",
                "1_odd": 3.17,
                "draw_odd": 3.15,
                "2_odd": 2.13,
                "1X_odd": 1.65,
                "12_odd": 1.31,
                "X2_odd": 1.32,
                "both_score_odd": 2.036,
                "both_noscore_odd": 1.781,
                "over_1.5_odd": 1.41,
                "over_2.0_odd": 1.69,
                "over_2.5_odd": 2.25,
                "under_1.5_odd": 2.7,
                "under_2.0_odd": 2.04,
                "under_2.5_odd": 1.57,
                "over_1.75_odd": 1.52,
                "over_2.25_odd": 1.98,
                "under_1.75_odd": 2.37,
                "under_2.25_odd": 1.74,
                "home_handicap_0.0_odd": 2.28,
                "away_handicap_0.0_odd": 1.56,
                "home_over_1.0_odd": 2.18,
                "home_under_1.0_odd": 1.61,
                "away_over_1.0_odd": 1.62,
                "away_under_1.0_odd": 2.16
            },
            {
                "match_id": 639749386,
                "date": "27/07/2025",
                "time": "10:00",
                "home_team": "Oleksandriya II",
                "away_team": "Dinaz Vishgorod",
                "1_odd": 2.2,
                "draw_odd": 3.45,
                "2_odd": 2.805,
                "1X_odd": 1.39,
                "12_odd": 1.26,
                "X2_odd": 1.61,
                "both_score_odd": 1.735,
                "both_noscore_odd": 2.1,
                "over_2.0_odd": 1.38,
                "over_2.5_odd": 1.79,
                "over_3.0_odd": 2.37,
                "under_2.0_odd": 2.8,
                "under_2.5_odd": 1.92,
                "under_3.0_odd": 1.52,
                "over_2.25_odd": 1.59,
                "over_2.75_odd": 2,
                "under_2.25_odd": 2.22,
                "under_2.75_odd": 1.72,
                "home_handicap_0.0_odd": 1.66,
                "away_handicap_0.0_odd": 2.09,
                "home_over_1.5_odd": 2.11,
                "home_under_1.5_odd": 1.65,
                "away_over_1.0_odd": 1.65,
                "away_under_1.0_odd": 2.11
            },
            {
                "match_id": 639749388,
                "date": "27/07/2025",
                "time": "12:00",
                "home_team": "Hirnyk-Sport",
                "away_team": "Trostianets",
                "1_odd": 2.02,
                "draw_odd": 3.2,
                "2_odd": 3.42,
                "1X_odd": 1.28,
                "12_odd": 1.3,
                "X2_odd": 1.72,
                "both_score_odd": 2.056,
                "both_noscore_odd": 1.766,
                "over_1.5_odd": 1.41,
                "over_2.0_odd": 1.69,
                "over_2.5_odd": 2.25,
                "under_1.5_odd": 2.7,
                "under_2.0_odd": 2.04,
                "under_2.5_odd": 1.57,
                "over_1.75_odd": 1.52,
                "over_2.25_odd": 1.98,
                "under_1.75_odd": 2.37,
                "under_2.25_odd": 1.74,
                "home_handicap_0.0_odd": 1.48,
                "away_handicap_0.0_odd": 2.47,
                "home_over_1.0_odd": 1.56,
                "home_under_1.0_odd": 2.28,
                "away_over_1.0_odd": 2.33,
                "away_under_1.0_odd": 1.53
            }
        ]
    }
]