[
    {
        "last_updated": "2025-07-24T20:45:30.552382+01:00"
    },
    {
        "tournament_id": 2862668,
        "tournament_name": "Primera Divisional C",
        "matches": [
            {
                "match_id": 639838071,
                "date": "26/07/2025",
                "time": "19:00",
                "home_team": "C.A. Bella Vista",
                "away_team": "Durazno",
                "1_odd": 2.906,
                "draw_odd": 3.25,
                "2_odd": 2.32,
                "1X_odd": 1.571,
                "12_odd": 1.333,
                "X2_odd": 1.4,
                "both_score_odd": 2.002,
                "both_noscore_odd": 1.808,
                "over_2.5_odd": 2.3,
                "under_2.5_odd": 1.6,
                "home_handicap_0.0_odd": 2.1,
                "away_handicap_0.0_odd": 1.667,
                "home_handicap_0.25_odd": 1.775,
                "away_handicap_-0.25_odd": 2.025
            },
            {
                "match_id": 639849805,
                "date": "26/07/2025",
                "time": "22:00",
                "home_team": "Mar de Fondo",
                "away_team": "Atletico Platense",
                "1_odd": 2.5,
                "draw_odd": 3.25,
                "2_odd": 2.5,
                "1X_odd": 1.444,
                "12_odd": 1.25,
                "X2_odd": 1.444,
                "over_2.5_odd": 2.75,
                "under_2.5_odd": 1.4,
                "home_handicap_0.0_odd": 1.9,
                "away_handicap_0.0_odd": 1.9
            }
        ]
    },
    {
        "tournament_id": 28585,
        "tournament_name": "Segunda Division",
        "matches": [
            {
                "match_id": 639635401,
                "date": "26/07/2025",
                "time": "14:00",
                "home_team": "Colon Montevideo",
                "away_team": "Artigas",
                "1_odd": 1.55,
                "draw_odd": 3.74,
                "2_odd": 5.36,
                "1X_odd": 1.087,
                "12_odd": 1.188,
                "X2_odd": 2.2,
                "both_score_odd": 1.94,
                "both_noscore_odd": 1.754,
                "over_0.5_odd": 1.022,
                "over_1.0_odd": 1.023,
                "over_1.5_odd": 1.27,
                "over_2.0_odd": 1.44,
                "over_2.5_odd": 1.92,
                "over_3.0_odd": 2.625,
                "over_3.5_odd": 3.28,
                "over_4.0_odd": 5.65,
                "over_4.5_odd": 6.4,
                "over_5.5_odd": 15,
                "under_0.5_odd": 8.65,
                "under_1.0_odd": 7.8,
                "under_1.5_odd": 3.14,
                "under_2.0_odd": 2.43,
                "under_2.5_odd": 1.78,
                "under_3.0_odd": 1.38,
                "under_3.5_odd": 1.25,
                "under_4.0_odd": 1.078,
                "under_4.5_odd": 1.08,
                "under_5.5_odd": 1.03,
                "over_1.75_odd": 1.33,
                "over_2.25_odd": 1.66,
                "over_2.75_odd": 2.14,
                "over_3.25_odd": 2.92,
                "over_3.75_odd": 4.1,
                "over_4.25_odd": 5.8,
                "under_1.75_odd": 2.83,
                "under_2.25_odd": 1.99,
                "under_2.75_odd": 1.57,
                "under_3.25_odd": 1.31,
                "under_3.75_odd": 1.163,
                "under_4.25_odd": 1.1,
                "home_handicap_-3.5_odd": 10.5,
                "home_handicap_-2.5_odd": 5.1,
                "home_handicap_-2.0_odd": 4.35,
                "home_handicap_-1.5_odd": 2.61,
                "home_handicap_-1.0_odd": 2,
                "home_handicap_0.0_odd": 1.18,
                "home_handicap_1.5_odd": 1.01,
                "away_handicap_3.5_odd": 1.01,
                "away_handicap_2.5_odd": 1.099,
                "away_handicap_2.0_odd": 1.151,
                "away_handicap_1.5_odd": 1.42,
                "away_handicap_1.0_odd": 1.727,
                "away_handicap_0.0_odd": 4.1,
                "away_handicap_-1.5_odd": 11,
                "home_handicap_-2.25_odd": 4.7,
                "home_handicap_-1.75_odd": 3.18,
                "home_handicap_-1.25_odd": 2.32,
                "home_handicap_-0.75_odd": 1.71,
                "home_handicap_-0.25_odd": 1.363,
                "home_handicap_0.25_odd": 1.136,
                "away_handicap_2.25_odd": 1.15,
                "away_handicap_1.75_odd": 1.285,
                "away_handicap_1.25_odd": 1.54,
                "away_handicap_0.75_odd": 2.02,
                "away_handicap_0.25_odd": 2.83,
                "away_handicap_-0.25_odd": 4.6,
                "home_over_0.5_odd": 1.14,
                "home_over_1.5_odd": 1.75,
                "home_over_2.5_odd": 3.3,
                "home_over_3.5_odd": 7.4,
                "home_under_0.5_odd": 5,
                "home_under_1.5_odd": 1.97,
                "home_under_2.5_odd": 1.28,
                "home_under_3.5_odd": 1.06,
                "away_over_0.5_odd": 1.64,
                "away_over_1.0_odd": 2.65,
                "away_over_1.5_odd": 3.9,
                "away_under_0.5_odd": 2.12,
                "away_under_1.0_odd": 1.43,
                "away_under_1.5_odd": 1.21
            },
            {
                "match_id": 639639612,
                "date": "26/07/2025",
                "time": "19:00",
                "home_team": "Uruguay Montevideo",
                "away_team": "Rentistas",
                "1_odd": 3.49,
                "draw_odd": 3.08,
                "2_odd": 2.05,
                "1X_odd": 1.63,
                "12_odd": 1.28,
                "X2_odd": 1.23,
                "both_score_odd": 2.11,
                "both_noscore_odd": 1.636,
                "over_0.5_odd": 1.044,
                "over_1.0_odd": 1.09,
                "over_1.5_odd": 1.48,
                "over_2.0_odd": 1.81,
                "over_2.5_odd": 2.43,
                "over_3.0_odd": 4,
                "over_3.5_odd": 4.85,
                "over_4.5_odd": 11,
                "over_5.5_odd": 29,
                "under_0.5_odd": 6.75,
                "under_1.0_odd": 5.3,
                "under_1.5_odd": 2.45,
                "under_2.0_odd": 1.81,
                "under_2.5_odd": 1.44,
                "under_3.0_odd": 1.168,
                "under_3.5_odd": 1.113,
                "under_4.5_odd": 1.05,
                "under_5.5_odd": 1.01,
                "over_0.75_odd": 1.063,
                "over_1.25_odd": 1.27,
                "over_1.75_odd": 1.59,
                "over_2.25_odd": 2.12,
                "over_2.75_odd": 2.92,
                "over_3.25_odd": 4.4,
                "under_0.75_odd": 6.05,
                "under_1.25_odd": 3.14,
                "under_1.75_odd": 2.1,
                "under_2.25_odd": 1.58,
                "under_2.75_odd": 1.31,
                "under_3.25_odd": 1.17,
                "home_handicap_-1.5_odd": 8.5,
                "home_handicap_-1.0_odd": 7.5,
                "home_handicap_0.0_odd": 2.47,
                "home_handicap_1.0_odd": 1.27,
                "home_handicap_1.5_odd": 1.151,
                "home_handicap_2.0_odd": 1.007,
                "home_handicap_2.5_odd": 1.03,
                "away_handicap_1.5_odd": 1.013,
                "away_handicap_1.0_odd": 1.042,
                "away_handicap_0.0_odd": 1.48,
                "away_handicap_-1.0_odd": 3.28,
                "away_handicap_-1.5_odd": 4.25,
                "away_handicap_-2.0_odd": 8.9,
                "away_handicap_-2.5_odd": 9.2,
                "home_handicap_-0.75_odd": 4.55,
                "home_handicap_-0.25_odd": 2.94,
                "home_handicap_0.25_odd": 1.94,
                "home_handicap_0.75_odd": 1.48,
                "home_handicap_1.25_odd": 1.197,
                "away_handicap_0.75_odd": 1.155,
                "away_handicap_0.25_odd": 1.35,
                "away_handicap_-0.25_odd": 1.77,
                "away_handicap_-0.75_odd": 2.43,
                "away_handicap_-1.25_odd": 3.8,
                "home_over_0.5_odd": 1.59,
                "home_over_1.0_odd": 2.46,
                "home_over_1.5_odd": 3.7,
                "home_over_2.5_odd": 11,
                "home_under_0.5_odd": 2.2,
                "home_under_1.0_odd": 1.48,
                "home_under_1.5_odd": 1.23,
                "home_under_2.5_odd": 1.01,
                "away_over_0.5_odd": 1.31,
                "away_over_1.0_odd": 1.64,
                "away_over_1.5_odd": 2.45,
                "away_over_2.5_odd": 6,
                "away_under_0.5_odd": 3.1,
                "away_under_1.0_odd": 2.13,
                "away_under_1.5_odd": 1.48,
                "away_under_2.5_odd": 1.09
            },
            {
                "match_id": 639639618,
                "date": "27/07/2025",
                "time": "00:00",
                "home_team": "Club Oriental",
                "away_team": "La Luz",
                "1_odd": 2.26,
                "draw_odd": 3.08,
                "2_odd": 3.01,
                "1X_odd": 1.3,
                "12_odd": 1.28,
                "X2_odd": 1.51,
                "both_score_odd": 2.03,
                "both_noscore_odd": 1.688,
                "over_0.5_odd": 1.07,
                "over_1.0_odd": 1.085,
                "over_1.5_odd": 1.43,
                "over_2.0_odd": 1.77,
                "over_2.5_odd": 2.39,
                "over_3.0_odd": 3.76,
                "over_3.5_odd": 4.55,
                "over_4.0_odd": 8.3,
                "over_4.5_odd": 11,
                "over_5.5_odd": 29,
                "under_0.5_odd": 6.9,
                "under_1.0_odd": 5.45,
                "under_1.5_odd": 2.46,
                "under_2.0_odd": 1.85,
                "under_2.5_odd": 1.5,
                "under_3.0_odd": 1.191,
                "under_3.5_odd": 1.131,
                "under_4.0_odd": 1.016,
                "under_4.5_odd": 1.05,
                "under_5.5_odd": 1.01,
                "over_0.75_odd": 1.1,
                "over_1.25_odd": 1.26,
                "over_1.75_odd": 1.56,
                "over_2.25_odd": 2.06,
                "over_2.75_odd": 2.81,
                "over_3.25_odd": 4.15,
                "under_0.75_odd": 5.9,
                "under_1.25_odd": 3.22,
                "under_1.75_odd": 2.16,
                "under_2.25_odd": 1.615,
                "under_2.75_odd": 1.333,
                "under_3.25_odd": 1.157,
                "home_handicap_-1.5_odd": 4.75,
                "home_handicap_-1.0_odd": 3.75,
                "home_handicap_0.0_odd": 1.64,
                "home_handicap_1.0_odd": 1.088,
                "home_handicap_1.5_odd": 1.048,
                "away_handicap_1.5_odd": 1.12,
                "away_handicap_1.0_odd": 1.21,
                "away_handicap_0.0_odd": 2.12,
                "away_handicap_-1.0_odd": 5.75,
                "away_handicap_-1.5_odd": 6.65,
                "home_handicap_-1.25_odd": 4.3,
                "home_handicap_-0.75_odd": 2.72,
                "home_handicap_-0.25_odd": 1.94,
                "home_handicap_0.25_odd": 1.46,
                "home_handicap_0.75_odd": 1.222,
                "away_handicap_1.25_odd": 1.155,
                "away_handicap_0.75_odd": 1.39,
                "away_handicap_0.25_odd": 1.77,
                "away_handicap_-0.25_odd": 2.53,
                "away_handicap_-0.75_odd": 3.72,
                "home_over_0.5_odd": 1.33,
                "home_over_1.0_odd": 1.73,
                "home_over_1.5_odd": 2.6,
                "home_over_2.0_odd": 5.2,
                "home_under_0.5_odd": 2.93,
                "home_under_1.0_odd": 1.94,
                "home_under_1.5_odd": 1.4,
                "home_under_2.0_odd": 1.095,
                "away_over_0.5_odd": 1.46,
                "away_over_1.0_odd": 2.14,
                "away_over_1.5_odd": 3.2,
                "away_over_2.0_odd": 7.3,
                "away_under_0.5_odd": 2.45,
                "away_under_1.0_odd": 1.6,
                "away_under_1.5_odd": 1.27,
                "away_under_2.0_odd": 1.033
            },
            {
                "match_id": 639639609,
                "date": "27/07/2025",
                "time": "14:00",
                "home_team": "Centro Atletico Fenix",
                "away_team": "Central Espanol",
                "1_odd": 1.9,
                "draw_odd": 3.2,
                "2_odd": 3.835,
                "1X_odd": 1.186,
                "12_odd": 1.26,
                "X2_odd": 1.74,
                "both_score_odd": 1.98,
                "both_noscore_odd": 1.723,
                "over_0.5_odd": 1.062,
                "over_1.0_odd": 1.063,
                "over_1.5_odd": 1.37,
                "over_2.0_odd": 1.64,
                "over_2.5_odd": 2.23,
                "over_3.0_odd": 3.34,
                "over_3.5_odd": 4.1,
                "over_4.0_odd": 7.5,
                "over_4.5_odd": 9.5,
                "over_5.5_odd": 23,
                "under_0.5_odd": 6.86,
                "under_1.0_odd": 6.05,
                "under_1.5_odd": 2.66,
                "under_2.0_odd": 2.02,
                "under_2.5_odd": 1.571,
                "under_3.0_odd": 1.24,
                "under_3.5_odd": 1.161,
                "under_4.0_odd": 1.028,
                "under_4.5_odd": 1.062,
                "under_5.5_odd": 1.015,
                "over_1.25_odd": 1.22,
                "over_1.75_odd": 1.47,
                "over_2.25_odd": 1.909,
                "over_2.75_odd": 2.56,
                "over_3.25_odd": 3.74,
                "over_3.75_odd": 5.2,
                "under_1.25_odd": 3.5,
                "under_1.75_odd": 2.35,
                "under_2.25_odd": 1.72,
                "under_2.75_odd": 1.4,
                "under_3.25_odd": 1.194,
                "under_3.75_odd": 1.12,
                "home_handicap_-2.5_odd": 8.1,
                "home_handicap_-2.0_odd": 7.1,
                "home_handicap_-1.5_odd": 3.6,
                "home_handicap_-1.0_odd": 2.8,
                "home_handicap_0.0_odd": 1.39,
                "home_handicap_1.0_odd": 1.029,
                "home_handicap_1.5_odd": 1.005,
                "away_handicap_2.5_odd": 1.019,
                "away_handicap_2.0_odd": 1.036,
                "away_handicap_1.5_odd": 1.21,
                "away_handicap_1.0_odd": 1.36,
                "away_handicap_0.0_odd": 2.77,
                "away_handicap_-1.0_odd": 8.3,
                "away_handicap_-1.5_odd": 9.1,
                "home_handicap_-1.25_odd": 3.22,
                "home_handicap_-0.75_odd": 2.21,
                "home_handicap_-0.25_odd": 1.64,
                "home_handicap_0.25_odd": 1.29,
                "home_handicap_0.75_odd": 1.126,
                "away_handicap_1.25_odd": 1.27,
                "away_handicap_0.75_odd": 1.58,
                "away_handicap_0.25_odd": 2.12,
                "away_handicap_-0.25_odd": 3.28,
                "away_handicap_-0.75_odd": 5.05,
                "home_over_0.5_odd": 1.22,
                "home_over_1.0_odd": 1.45,
                "home_over_1.5_odd": 2.19,
                "home_over_2.0_odd": 3.82,
                "home_under_0.5_odd": 3.65,
                "home_under_1.0_odd": 2.44,
                "home_under_1.5_odd": 1.57,
                "home_under_2.0_odd": 1.193,
                "away_over_0.5_odd": 1.55,
                "away_over_1.0_odd": 2.48,
                "away_over_1.5_odd": 3.78,
                "away_over_2.0_odd": 9.3,
                "away_under_0.5_odd": 2.23,
                "away_under_1.0_odd": 1.45,
                "away_under_1.5_odd": 1.198,
                "away_under_2.0_odd": 1.002
            },
            {
                "match_id": 639687082,
                "date": "27/07/2025",
                "time": "15:00",
                "home_team": "Deportivo Maldonado",
                "away_team": "Cerrito",
                "1_odd": 1.74,
                "draw_odd": 3.24,
                "2_odd": 4.635,
                "1X_odd": 1.125,
                "12_odd": 1.25,
                "X2_odd": 1.9,
                "both_score_odd": 2.12,
                "both_noscore_odd": 1.631,
                "over_0.5_odd": 1.068,
                "over_1.0_odd": 1.069,
                "over_1.5_odd": 1.39,
                "over_2.0_odd": 1.7,
                "over_2.5_odd": 2.32,
                "over_3.0_odd": 3.58,
                "over_3.5_odd": 4.45,
                "over_4.0_odd": 8.6,
                "over_4.5_odd": 10,
                "over_5.5_odd": 26,
                "under_0.5_odd": 6.78,
                "under_1.0_odd": 5.9,
                "under_1.5_odd": 2.59,
                "under_2.0_odd": 1.94,
                "under_2.5_odd": 1.53,
                "under_3.0_odd": 1.21,
                "under_3.5_odd": 1.137,
                "under_4.0_odd": 1.011,
                "under_4.5_odd": 1.05,
                "under_5.5_odd": 1.015,
                "over_0.75_odd": 1.1,
                "over_1.25_odd": 1.23,
                "over_1.75_odd": 1.51,
                "over_2.25_odd": 1.99,
                "over_2.75_odd": 2.7,
                "over_3.25_odd": 4,
                "under_0.75_odd": 5.8,
                "under_1.25_odd": 3.42,
                "under_1.75_odd": 2.26,
                "under_2.25_odd": 1.66,
                "under_2.75_odd": 1.36,
                "under_3.25_odd": 1.168,
                "home_handicap_-2.5_odd": 7.5,
                "home_handicap_-2.0_odd": 6.55,
                "home_handicap_-1.5_odd": 3.34,
                "home_handicap_-1.0_odd": 2.53,
                "home_handicap_0.0_odd": 1.27,
                "home_handicap_1.5_odd": 1.02,
                "away_handicap_2.5_odd": 1.029,
                "away_handicap_2.0_odd": 1.057,
                "away_handicap_1.5_odd": 1.27,
                "away_handicap_1.0_odd": 1.46,
                "away_handicap_0.0_odd": 3.28,
                "away_handicap_-1.5_odd": 10,
                "home_handicap_-1.75_odd": 4.33,
                "home_handicap_-1.25_odd": 2.94,
                "home_handicap_-0.75_odd": 2.02,
                "home_handicap_-0.25_odd": 1.51,
                "home_handicap_0.25_odd": 1.188,
                "away_handicap_1.75_odd": 1.16,
                "away_handicap_1.25_odd": 1.35,
                "away_handicap_0.75_odd": 1.71,
                "away_handicap_0.25_odd": 2.36,
                "away_handicap_-0.25_odd": 3.88,
                "home_over_0.5_odd": 1.25,
                "home_over_1.5_odd": 2.2,
                "home_over_2.5_odd": 5,
                "home_under_0.5_odd": 3.6,
                "home_under_1.5_odd": 1.6,
                "home_under_2.5_odd": 1.14,
                "away_over_0.5_odd": 1.7,
                "away_over_1.0_odd": 2.85,
                "away_over_1.5_odd": 4.2,
                "away_over_2.0_odd": 11.5,
                "away_under_0.5_odd": 2.03,
                "away_under_1.0_odd": 1.37,
                "away_under_1.5_odd": 1.19,
                "away_under_2.0_odd": 1.01
            },
            {
                "match_id": 639837760,
                "date": "27/07/2025",
                "time": "16:45",
                "home_team": "Rampla Juniors",
                "away_team": "Club Atletico Atenas",
                "1_odd": 2.95,
                "draw_odd": 3.04,
                "2_odd": 2.32,
                "1X_odd": 1.49,
                "12_odd": 1.285,
                "X2_odd": 1.32,
                "both_score_odd": 1.93,
                "both_noscore_odd": 1.764,
                "over_1.0_odd": 1.052,
                "over_1.5_odd": 1.37,
                "over_2.0_odd": 1.666,
                "over_2.5_odd": 2.28,
                "over_3.0_odd": 3.58,
                "over_3.5_odd": 4.45,
                "over_4.0_odd": 9,
                "over_4.5_odd": 7.85,
                "over_5.5_odd": 11,
                "under_1.0_odd": 6.45,
                "under_1.5_odd": 2.66,
                "under_2.0_odd": 1.98,
                "under_2.5_odd": 1.55,
                "under_3.0_odd": 1.21,
                "under_3.5_odd": 1.136,
                "under_4.0_odd": 1.006,
                "under_4.5_odd": 1.05,
                "under_5.5_odd": 1.01,
                "over_1.25_odd": 1.21,
                "over_1.75_odd": 1.48,
                "over_2.25_odd": 1.95,
                "over_2.75_odd": 2.69,
                "over_3.25_odd": 4,
                "over_3.75_odd": 5.3,
                "under_1.25_odd": 3.58,
                "under_1.75_odd": 2.33,
                "under_2.25_odd": 1.69,
                "under_2.75_odd": 1.363,
                "under_3.25_odd": 1.168,
                "under_3.75_odd": 1.12,
                "home_handicap_-1.5_odd": 7.3,
                "home_handicap_-1.0_odd": 6.05,
                "home_handicap_0.0_odd": 2.09,
                "home_handicap_1.0_odd": 1.175,
                "home_handicap_1.5_odd": 1.095,
                "home_handicap_2.5_odd": 1.01,
                "away_handicap_1.5_odd": 1.033,
                "away_handicap_1.0_odd": 1.078,
                "away_handicap_0.0_odd": 1.66,
                "away_handicap_-1.0_odd": 4.15,
                "away_handicap_-1.5_odd": 5.2,
                "away_handicap_-2.5_odd": 10.5,
                "home_handicap_-1.25_odd": 5.7,
                "home_handicap_-0.75_odd": 3.74,
                "home_handicap_-0.25_odd": 2.5,
                "home_handicap_0.25_odd": 1.727,
                "home_handicap_0.75_odd": 1.36,
                "home_handicap_1.25_odd": 1.129,
                "away_handicap_1.25_odd": 1.1,
                "away_handicap_0.75_odd": 1.22,
                "away_handicap_0.25_odd": 1.47,
                "away_handicap_-0.25_odd": 1.99,
                "away_handicap_-0.75_odd": 2.84,
                "away_handicap_-1.25_odd": 4.7,
                "home_over_0.5_odd": 1.4,
                "home_over_1.0_odd": 2.01,
                "home_over_1.5_odd": 3.14,
                "home_over_2.0_odd": 7.6,
                "home_under_0.5_odd": 2.64,
                "home_under_1.0_odd": 1.68,
                "home_under_1.5_odd": 1.28,
                "home_under_2.0_odd": 1.027,
                "away_over_0.5_odd": 1.3,
                "away_over_1.0_odd": 1.69,
                "away_over_1.5_odd": 2.6,
                "away_over_2.0_odd": 5.5,
                "away_under_0.5_odd": 3.08,
                "away_under_1.0_odd": 2,
                "away_under_1.5_odd": 1.4,
                "away_under_2.0_odd": 1.083
            },
            {
                "match_id": 639639615,
                "date": "27/07/2025",
                "time": "19:00",
                "home_team": "Albion Montevideo",
                "away_team": "Tacuarembo",
                "1_odd": 2.14,
                "draw_odd": 3.1,
                "2_odd": 3.245,
                "1X_odd": 1.26,
                "12_odd": 1.28,
                "X2_odd": 1.57,
                "both_score_odd": 1.93,
                "both_noscore_odd": 1.764,
                "over_0.5_odd": 1.038,
                "over_1.0_odd": 1.072,
                "over_1.5_odd": 1.4,
                "over_2.0_odd": 1.65,
                "over_2.5_odd": 2.17,
                "over_3.0_odd": 3.28,
                "over_3.5_odd": 4,
                "over_4.0_odd": 7.1,
                "over_4.5_odd": 9.5,
                "over_5.5_odd": 23,
                "under_0.5_odd": 7.1,
                "under_1.0_odd": 5.8,
                "under_1.5_odd": 2.7,
                "under_2.0_odd": 2,
                "under_2.5_odd": 1.55,
                "under_3.0_odd": 1.25,
                "under_3.5_odd": 1.168,
                "under_4.0_odd": 1.06,
                "under_4.5_odd": 1.062,
                "under_5.5_odd": 1.015,
                "over_0.75_odd": 1.053,
                "over_1.25_odd": 1.23,
                "over_1.75_odd": 1.48,
                "over_2.25_odd": 1.909,
                "over_2.75_odd": 2.56,
                "over_3.25_odd": 3.8,
                "over_3.75_odd": 5.1,
                "under_0.75_odd": 6.4,
                "under_1.25_odd": 3.42,
                "under_1.75_odd": 2.33,
                "under_2.25_odd": 1.72,
                "under_2.75_odd": 1.4,
                "under_3.25_odd": 1.22,
                "under_3.75_odd": 1.13,
                "home_handicap_-2.5_odd": 9,
                "home_handicap_-2.0_odd": 8.3,
                "home_handicap_-1.5_odd": 4.25,
                "home_handicap_-1.0_odd": 3.34,
                "home_handicap_0.0_odd": 1.55,
                "home_handicap_1.0_odd": 1.073,
                "home_handicap_1.5_odd": 1.04,
                "away_handicap_2.5_odd": 1.005,
                "away_handicap_2.0_odd": 1.015,
                "away_handicap_1.5_odd": 1.152,
                "away_handicap_1.0_odd": 1.26,
                "away_handicap_0.0_odd": 2.3,
                "away_handicap_-1.0_odd": 6.2,
                "away_handicap_-1.5_odd": 6.95,
                "home_handicap_-1.25_odd": 3.82,
                "home_handicap_-0.75_odd": 2.54,
                "home_handicap_-0.25_odd": 1.85,
                "home_handicap_0.25_odd": 1.4,
                "home_handicap_0.75_odd": 1.192,
                "away_handicap_1.25_odd": 1.194,
                "away_handicap_0.75_odd": 1.444,
                "away_handicap_0.25_odd": 1.85,
                "away_handicap_-0.25_odd": 2.73,
                "away_handicap_-0.75_odd": 4.05,
                "home_over_0.5_odd": 1.28,
                "home_over_1.0_odd": 1.59,
                "home_over_1.5_odd": 2.36,
                "home_over_2.0_odd": 4.35,
                "home_under_0.5_odd": 3.2,
                "home_under_1.0_odd": 2.16,
                "home_under_1.5_odd": 1.48,
                "home_under_2.0_odd": 1.142,
                "away_over_0.5_odd": 1.46,
                "away_over_1.0_odd": 2.14,
                "away_over_1.5_odd": 3.2,
                "away_over_2.0_odd": 7.1,
                "away_under_0.5_odd": 2.45,
                "away_under_1.0_odd": 1.6,
                "away_under_1.5_odd": 1.27,
                "away_under_2.0_odd": 1.036
            }
        ]
    },
    {
        "tournament_id": 52183,
        "tournament_name": "Primera Division",
        "matches": [
            {
                "match_id": 639695538,
                "date": "02/08/2025",
                "time": "00:00",
                "home_team": "Penarol",
                "away_team": "C.A. Progreso",
                "1_odd": 1.304,
                "draw_odd": 5.34,
                "2_odd": 8.65,
                "1X_odd": 1.042,
                "12_odd": 1.126,
                "X2_odd": 3.24,
                "both_score_odd": 2.375,
                "both_noscore_odd": 1.507,
                "over_0.5_odd": 1.038,
                "over_1.0_odd": 1.04,
                "over_1.5_odd": 1.21,
                "over_2.0_odd": 1.33,
                "over_2.5_odd": 1.774,
                "over_3.0_odd": 2.26,
                "over_3.5_odd": 2.83,
                "over_4.0_odd": 4.6,
                "over_4.5_odd": 5.35,
                "over_5.5_odd": 13,
                "over_6.5_odd": 26,
                "over_7.5_odd": 50,
                "under_0.5_odd": 12.9,
                "under_1.0_odd": 7.5,
                "under_1.5_odd": 3.58,
                "under_2.0_odd": 2.83,
                "under_2.5_odd": 1.976,
                "under_3.0_odd": 1.51,
                "under_3.5_odd": 1.33,
                "under_4.0_odd": 1.126,
                "under_4.5_odd": 1.089,
                "under_5.5_odd": 1.04,
                "under_6.5_odd": 1.01,
                "under_7.5_odd": 1.002,
                "over_1.25_odd": 1.101,
                "over_1.75_odd": 1.26,
                "over_2.25_odd": 1.53,
                "over_2.75_odd": 1.92,
                "over_3.25_odd": 2.56,
                "over_3.75_odd": 3.42,
                "over_4.25_odd": 5,
                "over_4.75_odd": 6.85,
                "under_1.25_odd": 5.1,
                "under_1.75_odd": 3.22,
                "under_2.25_odd": 2.23,
                "under_2.75_odd": 1.72,
                "under_3.25_odd": 1.4,
                "under_3.75_odd": 1.23,
                "under_4.25_odd": 1.105,
                "under_4.75_odd": 1.042,
                "home_handicap_-3.5_odd": 5.9,
                "home_handicap_-3.0_odd": 5.1,
                "home_handicap_-2.5_odd": 3.04,
                "home_handicap_-2.0_odd": 2.43,
                "home_handicap_-1.5_odd": 1.875,
                "home_handicap_-1.0_odd": 1.42,
                "home_handicap_0.0_odd": 1.048,
                "away_handicap_3.5_odd": 1.069,
                "away_handicap_3.0_odd": 1.1,
                "away_handicap_2.5_odd": 1.29,
                "away_handicap_2.0_odd": 1.44,
                "away_handicap_1.5_odd": 1.865,
                "away_handicap_1.0_odd": 2.49,
                "away_handicap_0.0_odd": 6.6,
                "home_handicap_-3.75_odd": 7.7,
                "home_handicap_-3.25_odd": 5.5,
                "home_handicap_-2.75_odd": 3.74,
                "home_handicap_-2.25_odd": 2.74,
                "home_handicap_-1.75_odd": 2.05,
                "home_handicap_-1.25_odd": 1.63,
                "home_handicap_-0.75_odd": 1.33,
                "home_handicap_-0.25_odd": 1.154,
                "away_handicap_3.75_odd": 1.026,
                "away_handicap_3.25_odd": 1.083,
                "away_handicap_2.75_odd": 1.193,
                "away_handicap_2.25_odd": 1.35,
                "away_handicap_1.75_odd": 1.63,
                "away_handicap_1.25_odd": 2.05,
                "away_handicap_0.75_odd": 2.83,
                "away_handicap_0.25_odd": 4.2,
                "home_over_0.5_odd": 1.1,
                "home_over_1.5_odd": 1.5,
                "home_over_2.5_odd": 2.5,
                "home_over_3.5_odd": 5,
                "home_over_4.5_odd": 11,
                "home_over_5.5_odd": 26,
                "home_over_6.5_odd": 50,
                "home_under_0.5_odd": 7,
                "home_under_1.5_odd": 2.5,
                "home_under_2.5_odd": 1.5,
                "home_under_3.5_odd": 1.167,
                "home_under_4.5_odd": 1.05,
                "home_under_5.5_odd": 1.01,
                "home_under_6.5_odd": 1.002,
                "home_over_1.25_odd": 1.28,
                "home_over_1.75_odd": 1.59,
                "home_over_2.25_odd": 2.09,
                "home_over_2.75_odd": 2.78,
                "home_under_1.25_odd": 3.08,
                "home_under_1.75_odd": 2.16,
                "home_under_2.25_odd": 1.63,
                "home_under_2.75_odd": 1.34,
                "away_over_0.5_odd": 2.1,
                "away_over_1.5_odd": 7,
                "away_over_2.5_odd": 26,
                "away_under_0.5_odd": 1.667,
                "away_under_1.5_odd": 1.1,
                "away_under_2.5_odd": 1.01,
                "away_over_0.75_odd": 2.64,
                "away_over_1.25_odd": 5.75,
                "away_over_1.75_odd": 9.8,
                "away_under_0.75_odd": 1.4,
                "away_under_1.25_odd": 1.087,
                "away_under_1.75_odd": 1.003
            },
            {
                "match_id": 639695535,
                "date": "02/08/2025",
                "time": "15:00",
                "home_team": "Juventud de Las Piedras",
                "away_team": "Cerro Largo",
                "1_odd": 2.1,
                "draw_odd": 3.28,
                "2_odd": 3.465,
                "1X_odd": 1.271,
                "12_odd": 1.298,
                "X2_odd": 1.669,
                "both_score_odd": 1.71,
                "both_noscore_odd": 2.001,
                "over_0.5_odd": 1.015,
                "over_1.0_odd": 1.016,
                "over_1.5_odd": 1.24,
                "over_2.0_odd": 1.41,
                "over_2.5_odd": 1.916,
                "over_3.0_odd": 2.56,
                "over_3.5_odd": 3.2,
                "over_4.0_odd": 5.7,
                "over_4.5_odd": 6.55,
                "over_5.5_odd": 15,
                "over_6.5_odd": 29,
                "under_0.5_odd": 9.55,
                "under_1.0_odd": 8.3,
                "under_1.5_odd": 3.34,
                "under_2.0_odd": 2.52,
                "under_2.5_odd": 1.826,
                "under_3.0_odd": 1.4,
                "under_3.5_odd": 1.26,
                "under_4.0_odd": 1.075,
                "under_4.5_odd": 1.049,
                "under_5.5_odd": 1.03,
                "under_6.5_odd": 1.007,
                "over_0.75_odd": 1.004,
                "over_1.25_odd": 1.127,
                "over_1.75_odd": 1.31,
                "over_2.25_odd": 1.64,
                "over_2.75_odd": 2.11,
                "over_3.25_odd": 2.875,
                "over_3.75_odd": 4.05,
                "over_4.25_odd": 6.15,
                "under_0.75_odd": 9.1,
                "under_1.25_odd": 4.6,
                "under_1.75_odd": 2.92,
                "under_2.25_odd": 2.03,
                "under_2.75_odd": 1.59,
                "under_3.25_odd": 1.32,
                "under_3.75_odd": 1.166,
                "under_4.25_odd": 1.061,
                "home_handicap_-2.5_odd": 9.2,
                "home_handicap_-2.0_odd": 8.1,
                "home_handicap_-1.5_odd": 3.98,
                "home_handicap_-1.0_odd": 3.08,
                "home_handicap_0.0_odd": 1.501,
                "home_handicap_1.0_odd": 1.04,
                "home_handicap_1.5_odd": 1.017,
                "away_handicap_2.5_odd": 1.003,
                "away_handicap_2.0_odd": 1.019,
                "away_handicap_1.5_odd": 1.171,
                "away_handicap_1.0_odd": 1.28,
                "away_handicap_0.0_odd": 2.479,
                "away_handicap_-1.0_odd": 6.95,
                "away_handicap_-1.5_odd": 8.2,
                "home_handicap_-2.25_odd": 8.7,
                "home_handicap_-1.75_odd": 5.2,
                "home_handicap_-1.25_odd": 3.5,
                "home_handicap_-0.75_odd": 2.375,
                "home_handicap_-0.25_odd": 1.74,
                "home_handicap_0.25_odd": 1.33,
                "home_handicap_0.75_odd": 1.14,
                "home_handicap_1.25_odd": 1.027,
                "away_handicap_2.25_odd": 1.01,
                "away_handicap_1.75_odd": 1.095,
                "away_handicap_1.25_odd": 1.22,
                "away_handicap_0.75_odd": 1.46,
                "away_handicap_0.25_odd": 1.9,
                "away_handicap_-0.25_odd": 2.86,
                "away_handicap_-0.75_odd": 4.4,
                "away_handicap_-1.25_odd": 7.6,
                "home_over_0.5_odd": 1.181,
                "home_over_1.0_odd": 1.38,
                "home_over_1.5_odd": 2.05,
                "home_over_2.0_odd": 3.42,
                "home_over_2.5_odd": 4.55,
                "home_under_0.5_odd": 4.05,
                "home_under_1.0_odd": 2.67,
                "home_under_1.5_odd": 1.65,
                "home_under_2.0_odd": 1.24,
                "home_under_2.5_odd": 1.129,
                "home_over_0.75_odd": 1.24,
                "home_over_1.25_odd": 1.727,
                "home_over_1.75_odd": 2.5,
                "home_over_2.25_odd": 4,
                "home_under_0.75_odd": 3.34,
                "home_under_1.25_odd": 1.95,
                "home_under_1.75_odd": 1.444,
                "home_under_2.25_odd": 1.169,
                "away_over_0.5_odd": 1.363,
                "away_over_1.0_odd": 1.88,
                "away_over_1.5_odd": 2.92,
                "away_over_2.0_odd": 6.65,
                "away_over_2.5_odd": 8.3,
                "away_under_0.5_odd": 2.78,
                "away_under_1.0_odd": 1.78,
                "away_under_1.5_odd": 1.32,
                "away_under_2.0_odd": 1.047,
                "away_under_2.5_odd": 1.016,
                "away_over_0.75_odd": 1.53,
                "away_over_1.25_odd": 2.42,
                "away_over_1.75_odd": 3.9,
                "away_under_0.75_odd": 2.28,
                "away_under_1.25_odd": 1.47,
                "away_under_1.75_odd": 1.178
            },
            {
                "match_id": 639695541,
                "date": "02/08/2025",
                "time": "19:00",
                "home_team": "River Plate Montevideo",
                "away_team": "C.A. Cerro",
                "1_odd": 2.141,
                "draw_odd": 3.185,
                "2_odd": 3.465,
                "1X_odd": 1.271,
                "12_odd": 1.313,
                "X2_odd": 1.644,
                "both_score_odd": 2.12,
                "both_noscore_odd": 1.631,
                "over_0.5_odd": 1.038,
                "over_1.0_odd": 1.085,
                "over_1.5_odd": 1.504,
                "over_2.0_odd": 1.83,
                "over_2.5_odd": 2.46,
                "over_3.0_odd": 4.2,
                "over_3.5_odd": 5.1,
                "over_4.5_odd": 11,
                "over_5.5_odd": 26,
                "over_6.5_odd": 50,
                "under_0.5_odd": 7.1,
                "under_1.0_odd": 5.45,
                "under_1.5_odd": 2.472,
                "under_2.0_odd": 1.79,
                "under_2.5_odd": 1.43,
                "under_3.0_odd": 1.155,
                "under_3.5_odd": 1.101,
                "under_4.5_odd": 1.05,
                "under_5.5_odd": 1.01,
                "under_6.5_odd": 1.002,
                "over_0.75_odd": 1.057,
                "over_1.25_odd": 1.28,
                "over_1.75_odd": 1.6,
                "over_2.25_odd": 2.15,
                "over_2.75_odd": 3.04,
                "over_3.25_odd": 4.65,
                "over_3.75_odd": 6.65,
                "under_0.75_odd": 6.25,
                "under_1.25_odd": 3.125,
                "under_1.75_odd": 2.09,
                "under_2.25_odd": 1.56,
                "under_2.75_odd": 1.29,
                "under_3.25_odd": 1.124,
                "under_3.75_odd": 1.047,
                "home_handicap_-2.0_odd": 7,
                "home_handicap_-1.5_odd": 4.55,
                "home_handicap_-1.0_odd": 3.42,
                "home_handicap_0.0_odd": 1.521,
                "home_handicap_1.0_odd": 1.03,
                "home_handicap_1.5_odd": 1.009,
                "away_handicap_2.0_odd": 1.05,
                "away_handicap_1.5_odd": 1.131,
                "away_handicap_1.0_odd": 1.23,
                "away_handicap_0.0_odd": 2.427,
                "away_handicap_-1.0_odd": 7.4,
                "away_handicap_-1.5_odd": 8.7,
                "home_handicap_-1.75_odd": 6.1,
                "home_handicap_-1.25_odd": 4,
                "home_handicap_-0.75_odd": 2.46,
                "home_handicap_-0.25_odd": 1.77,
                "home_handicap_0.25_odd": 1.34,
                "home_handicap_0.75_odd": 1.14,
                "home_handicap_1.25_odd": 1.018,
                "away_handicap_1.75_odd": 1.062,
                "away_handicap_1.25_odd": 1.169,
                "away_handicap_0.75_odd": 1.43,
                "away_handicap_0.25_odd": 1.87,
                "away_handicap_-0.25_odd": 2.81,
                "away_handicap_-0.75_odd": 4.4,
                "away_handicap_-1.25_odd": 8.1,
                "home_over_0.5_odd": 1.333,
                "home_over_1.5_odd": 2.5,
                "home_over_2.5_odd": 6.5,
                "home_over_3.5_odd": 17,
                "home_over_4.5_odd": 50,
                "home_under_0.5_odd": 3.25,
                "home_under_1.5_odd": 1.5,
                "home_under_2.5_odd": 1.111,
                "home_under_3.5_odd": 1.025,
                "home_under_4.5_odd": 1.002,
                "home_over_0.75_odd": 1.42,
                "home_over_1.25_odd": 2.12,
                "home_over_1.75_odd": 3.28,
                "home_over_2.75_odd": 9.1,
                "home_under_0.75_odd": 2.57,
                "home_under_1.25_odd": 1.61,
                "home_under_1.75_odd": 1.25,
                "home_under_2.75_odd": 1.004,
                "away_over_0.5_odd": 1.615,
                "away_over_1.5_odd": 4,
                "away_over_2.5_odd": 13,
                "away_over_3.5_odd": 34,
                "away_under_0.5_odd": 2.2,
                "away_under_1.5_odd": 1.222,
                "away_under_2.5_odd": 1.04,
                "away_under_3.5_odd": 1.005,
                "away_over_0.75_odd": 1.81,
                "away_over_1.25_odd": 3.18,
                "away_over_1.75_odd": 5.35,
                "away_under_0.75_odd": 1.85,
                "away_under_1.25_odd": 1.285,
                "away_under_1.75_odd": 1.089
            },
            {
                "match_id": 639696042,
                "date": "02/08/2025",
                "time": "21:30",
                "home_team": "Club Nacional Montevideo",
                "away_team": "Montevideo City Torque",
                "1_odd": 1.579,
                "draw_odd": 4.585,
                "2_odd": 4.585,
                "1X_odd": 1.167,
                "12_odd": 1.167,
                "X2_odd": 2.262,
                "both_score_odd": 1.71,
                "both_noscore_odd": 2.001,
                "over_0.5_odd": 1.025,
                "over_1.5_odd": 1.141,
                "over_2.0_odd": 1.22,
                "over_2.5_odd": 1.594,
                "over_3.0_odd": 1.89,
                "over_3.5_odd": 2.375,
                "over_4.0_odd": 3.5,
                "over_4.5_odd": 4.2,
                "over_5.0_odd": 7.1,
                "over_5.5_odd": 7.8,
                "over_6.5_odd": 19,
                "over_7.5_odd": 34,
                "under_0.5_odd": 17,
                "under_1.5_odd": 4.4,
                "under_2.0_odd": 3.5,
                "under_2.5_odd": 2.26,
                "under_3.0_odd": 1.74,
                "under_3.5_odd": 1.46,
                "under_4.0_odd": 1.22,
                "under_4.5_odd": 1.154,
                "under_5.0_odd": 1.036,
                "under_5.5_odd": 1.023,
                "under_6.5_odd": 1.02,
                "under_7.5_odd": 1.005,
                "over_1.25_odd": 1.062,
                "over_1.75_odd": 1.174,
                "over_2.25_odd": 1.39,
                "over_2.75_odd": 1.68,
                "over_3.25_odd": 2.14,
                "over_3.75_odd": 2.78,
                "over_4.25_odd": 3.86,
                "over_4.75_odd": 5.2,
                "under_1.25_odd": 6.1,
                "under_1.75_odd": 3.94,
                "under_2.25_odd": 2.61,
                "under_2.75_odd": 1.97,
                "under_3.25_odd": 1.57,
                "under_3.75_odd": 1.34,
                "under_4.25_odd": 1.181,
                "under_4.75_odd": 1.095,
                "home_handicap_-3.5_odd": 7.8,
                "home_handicap_-3.0_odd": 7.1,
                "home_handicap_-2.5_odd": 4.05,
                "home_handicap_-2.0_odd": 3.42,
                "home_handicap_-1.5_odd": 2.378,
                "home_handicap_-1.0_odd": 1.88,
                "home_handicap_0.0_odd": 1.22,
                "home_handicap_1.0_odd": 1.015,
                "home_handicap_1.5_odd": 1.004,
                "away_handicap_3.5_odd": 1.023,
                "away_handicap_3.0_odd": 1.036,
                "away_handicap_2.5_odd": 1.164,
                "away_handicap_2.0_odd": 1.23,
                "away_handicap_1.5_odd": 1.541,
                "away_handicap_1.0_odd": 1.833,
                "away_handicap_0.0_odd": 3.5,
                "away_handicap_-1.0_odd": 8.3,
                "away_handicap_-1.5_odd": 9.1,
                "home_handicap_-2.75_odd": 5.1,
                "home_handicap_-2.25_odd": 3.74,
                "home_handicap_-1.75_odd": 2.7,
                "home_handicap_-1.25_odd": 2.08,
                "home_handicap_-0.75_odd": 1.65,
                "home_handicap_-0.25_odd": 1.37,
                "home_handicap_0.25_odd": 1.179,
                "home_handicap_0.75_odd": 1.082,
                "away_handicap_2.75_odd": 1.1,
                "away_handicap_2.25_odd": 1.193,
                "away_handicap_1.75_odd": 1.36,
                "away_handicap_1.25_odd": 1.61,
                "away_handicap_0.75_odd": 2.02,
                "away_handicap_0.25_odd": 2.66,
                "away_handicap_-0.25_odd": 3.88,
                "away_handicap_-0.75_odd": 5.5,
                "home_over_0.5_odd": 1.087,
                "home_over_1.0_odd": 1.141,
                "home_over_1.5_odd": 1.54,
                "home_over_2.0_odd": 1.98,
                "home_over_2.5_odd": 2.6,
                "home_over_3.0_odd": 4.2,
                "home_under_0.5_odd": 5.75,
                "home_under_1.0_odd": 4.4,
                "home_under_1.5_odd": 2.22,
                "home_under_2.0_odd": 1.7,
                "home_under_2.5_odd": 1.4,
                "home_under_3.0_odd": 1.152,
                "home_over_1.25_odd": 1.34,
                "home_over_1.75_odd": 1.71,
                "home_over_2.25_odd": 2.3,
                "home_over_2.75_odd": 3.08,
                "home_under_1.25_odd": 2.78,
                "home_under_1.75_odd": 1.97,
                "home_under_2.25_odd": 1.52,
                "home_under_2.75_odd": 1.28,
                "away_over_0.5_odd": 1.47,
                "away_over_1.0_odd": 2.14,
                "away_over_1.5_odd": 3.2,
                "away_over_2.0_odd": 6.95,
                "away_over_2.5_odd": 8.1,
                "away_under_0.5_odd": 2.42,
                "away_under_1.0_odd": 1.6,
                "away_under_1.5_odd": 1.27,
                "away_under_2.0_odd": 1.04,
                "away_under_2.5_odd": 1.018,
                "away_over_0.75_odd": 1.68,
                "away_over_1.25_odd": 2.67,
                "away_over_1.75_odd": 4.2,
                "away_under_0.75_odd": 2.01,
                "away_under_1.25_odd": 1.39,
                "away_under_1.75_odd": 1.152
            },
            {
                "match_id": 639695547,
                "date": "03/08/2025",
                "time": "00:00",
                "home_team": "Club Atletico Boston River",
                "away_team": "Defensor Sporting",
                "1_odd": 2.483,
                "draw_odd": 3.18,
                "2_odd": 2.839,
                "1X_odd": 1.383,
                "12_odd": 1.314,
                "X2_odd": 1.487,
                "both_score_odd": 1.9,
                "both_noscore_odd": 1.794,
                "over_0.5_odd": 1.037,
                "over_1.0_odd": 1.07,
                "over_1.5_odd": 1.37,
                "over_2.0_odd": 1.64,
                "over_2.5_odd": 2.24,
                "over_3.0_odd": 3.28,
                "over_3.5_odd": 3.98,
                "over_4.0_odd": 7.1,
                "over_4.5_odd": 7.8,
                "over_5.5_odd": 21,
                "over_6.5_odd": 50,
                "under_0.5_odd": 7.1,
                "under_1.0_odd": 5.85,
                "under_1.5_odd": 2.66,
                "under_2.0_odd": 2.02,
                "under_2.5_odd": 1.605,
                "under_3.0_odd": 1.25,
                "under_3.5_odd": 1.17,
                "under_4.0_odd": 1.037,
                "under_4.5_odd": 1.024,
                "under_5.5_odd": 1.015,
                "under_6.5_odd": 1.002,
                "over_0.75_odd": 1.051,
                "over_1.25_odd": 1.22,
                "over_1.75_odd": 1.47,
                "over_2.25_odd": 1.909,
                "over_2.75_odd": 2.54,
                "over_3.25_odd": 3.58,
                "over_3.75_odd": 5,
                "over_4.25_odd": 7.4,
                "under_0.75_odd": 6.5,
                "under_1.25_odd": 3.5,
                "under_1.75_odd": 2.35,
                "under_2.25_odd": 1.727,
                "under_2.75_odd": 1.41,
                "under_3.25_odd": 1.21,
                "under_3.75_odd": 1.104,
                "under_4.25_odd": 1.03,
                "home_handicap_-1.5_odd": 4.95,
                "home_handicap_-1.0_odd": 4.05,
                "home_handicap_0.0_odd": 1.761,
                "home_handicap_1.0_odd": 1.11,
                "home_handicap_1.5_odd": 1.071,
                "away_handicap_1.5_odd": 1.108,
                "away_handicap_1.0_odd": 1.168,
                "away_handicap_0.0_odd": 1.993,
                "away_handicap_-1.0_odd": 4.9,
                "away_handicap_-1.5_odd": 5.8,
                "home_handicap_-1.75_odd": 6.45,
                "home_handicap_-1.25_odd": 4.5,
                "home_handicap_-0.75_odd": 2.83,
                "home_handicap_-0.25_odd": 2.02,
                "home_handicap_0.25_odd": 1.5,
                "home_handicap_0.75_odd": 1.25,
                "home_handicap_1.25_odd": 1.088,
                "home_handicap_1.75_odd": 1.025,
                "away_handicap_1.75_odd": 1.052,
                "away_handicap_1.25_odd": 1.133,
                "away_handicap_0.75_odd": 1.33,
                "away_handicap_0.25_odd": 1.65,
                "away_handicap_-0.25_odd": 2.3,
                "away_handicap_-0.75_odd": 3.28,
                "away_handicap_-1.25_odd": 5.35,
                "away_handicap_-1.75_odd": 7.7,
                "home_over_0.5_odd": 1.32,
                "home_over_1.0_odd": 1.71,
                "home_over_1.5_odd": 2.56,
                "home_over_2.0_odd": 5.05,
                "home_over_2.5_odd": 6.1,
                "home_under_0.5_odd": 2.98,
                "home_under_1.0_odd": 1.97,
                "home_under_1.5_odd": 1.41,
                "home_under_2.0_odd": 1.103,
                "home_under_2.5_odd": 1.062,
                "home_over_0.75_odd": 1.45,
                "home_over_1.25_odd": 2.15,
                "home_over_1.75_odd": 3.2,
                "home_over_2.75_odd": 8.1,
                "home_under_0.75_odd": 2.48,
                "home_under_1.25_odd": 1.59,
                "home_under_1.75_odd": 1.26,
                "home_under_2.75_odd": 1.018,
                "away_over_0.5_odd": 1.38,
                "away_over_1.0_odd": 1.88,
                "away_over_1.5_odd": 2.83,
                "away_over_2.0_odd": 5.9,
                "away_over_2.5_odd": 7,
                "away_under_0.5_odd": 2.71,
                "away_under_1.0_odd": 1.78,
                "away_under_1.5_odd": 1.34,
                "away_under_2.0_odd": 1.068,
                "away_under_2.5_odd": 1.039,
                "away_over_0.75_odd": 1.54,
                "away_over_1.25_odd": 2.4,
                "away_over_1.75_odd": 3.7,
                "away_over_2.75_odd": 9.3,
                "away_under_0.75_odd": 2.25,
                "away_under_1.25_odd": 1.48,
                "away_under_1.75_odd": 1.198,
                "away_under_2.75_odd": 1.002
            },
            {
                "match_id": 639695532,
                "date": "03/08/2025",
                "time": "16:30",
                "home_team": "Racing Club de Montevideo",
                "away_team": "Montevideo Wanderers",
                "1_odd": 2.298,
                "draw_odd": 3.15,
                "2_odd": 3.15,
                "1X_odd": 1.319,
                "12_odd": 1.319,
                "X2_odd": 1.562,
                "both_score_odd": 1.98,
                "both_noscore_odd": 1.723,
                "over_0.5_odd": 1.03,
                "over_1.0_odd": 1.07,
                "over_1.5_odd": 1.4,
                "over_2.0_odd": 1.72,
                "over_2.5_odd": 2.396,
                "over_3.0_odd": 3.7,
                "over_3.5_odd": 4.55,
                "over_4.0_odd": 8.9,
                "over_4.5_odd": 11,
                "over_5.5_odd": 23,
                "over_6.5_odd": 50,
                "under_0.5_odd": 7.4,
                "under_1.0_odd": 5.85,
                "under_1.5_odd": 2.56,
                "under_2.0_odd": 1.909,
                "under_2.5_odd": 1.533,
                "under_3.0_odd": 1.197,
                "under_3.5_odd": 1.13,
                "under_4.0_odd": 1.007,
                "under_4.5_odd": 1.05,
                "under_5.5_odd": 1.012,
                "under_6.5_odd": 1.002,
                "over_0.75_odd": 1.047,
                "over_1.25_odd": 1.24,
                "over_1.75_odd": 1.52,
                "over_2.25_odd": 2.01,
                "over_2.75_odd": 2.76,
                "over_3.25_odd": 4.15,
                "over_3.75_odd": 5.9,
                "under_0.75_odd": 6.65,
                "under_1.25_odd": 3.34,
                "under_1.75_odd": 2.24,
                "under_2.25_odd": 1.65,
                "under_2.75_odd": 1.35,
                "under_3.25_odd": 1.159,
                "under_3.75_odd": 1.069,
                "home_handicap_-1.5_odd": 4.85,
                "home_handicap_-1.0_odd": 3.8,
                "home_handicap_0.0_odd": 1.622,
                "home_handicap_1.0_odd": 1.058,
                "home_handicap_1.5_odd": 1.029,
                "away_handicap_1.5_odd": 1.112,
                "away_handicap_1.0_odd": 1.188,
                "away_handicap_0.0_odd": 2.207,
                "away_handicap_-1.0_odd": 6.25,
                "away_handicap_-1.5_odd": 7.5,
                "home_handicap_-1.75_odd": 6.55,
                "home_handicap_-1.25_odd": 4.33,
                "home_handicap_-0.75_odd": 2.69,
                "home_handicap_-0.25_odd": 1.89,
                "home_handicap_0.25_odd": 1.41,
                "home_handicap_0.75_odd": 1.179,
                "home_handicap_1.25_odd": 1.042,
                "away_handicap_1.75_odd": 1.049,
                "away_handicap_1.25_odd": 1.143,
                "away_handicap_0.75_odd": 1.363,
                "away_handicap_0.25_odd": 1.75,
                "away_handicap_-0.25_odd": 2.55,
                "away_handicap_-0.75_odd": 3.88,
                "away_handicap_-1.25_odd": 6.85,
                "home_over_0.5_odd": 1.3,
                "home_over_1.0_odd": 1.68,
                "home_over_1.5_odd": 2.56,
                "home_over_2.0_odd": 5.25,
                "home_over_2.5_odd": 6.55,
                "home_under_0.5_odd": 3.08,
                "home_under_1.0_odd": 2.01,
                "home_under_1.5_odd": 1.41,
                "home_under_2.0_odd": 1.094,
                "home_under_2.5_odd": 1.05,
                "home_over_0.75_odd": 1.43,
                "home_over_1.25_odd": 2.14,
                "home_over_1.75_odd": 3.28,
                "home_over_2.75_odd": 9.1,
                "home_under_0.75_odd": 2.54,
                "home_under_1.25_odd": 1.6,
                "home_under_1.75_odd": 1.25,
                "home_under_2.75_odd": 1.004,
                "away_over_0.5_odd": 1.444,
                "away_over_1.0_odd": 2.14,
                "away_over_1.5_odd": 3.28,
                "away_over_2.0_odd": 8,
                "away_under_0.5_odd": 2.5,
                "away_under_1.0_odd": 1.6,
                "away_under_1.5_odd": 1.26,
                "away_under_2.0_odd": 1.02,
                "away_over_0.75_odd": 1.66,
                "away_over_1.25_odd": 2.75,
                "away_over_1.75_odd": 4.5,
                "away_under_0.75_odd": 2.04,
                "away_under_1.25_odd": 1.37,
                "away_under_1.75_odd": 1.133
            },
            {
                "match_id": 639695550,
                "date": "03/08/2025",
                "time": "19:00",
                "home_team": "Liverpool Montevideo",
                "away_team": "Danubio",
                "1_odd": 2.089,
                "draw_odd": 3.26,
                "2_odd": 3.515,
                "1X_odd": 1.264,
                "12_odd": 1.301,
                "X2_odd": 1.676,
                "both_score_odd": 1.952,
                "both_noscore_odd": 1.744,
                "over_0.5_odd": 1.031,
                "over_1.0_odd": 1.066,
                "over_1.5_odd": 1.38,
                "over_2.0_odd": 1.66,
                "over_2.5_odd": 2.281,
                "over_3.0_odd": 3.34,
                "over_3.5_odd": 4.15,
                "over_4.0_odd": 7.7,
                "over_4.5_odd": 8.5,
                "over_5.5_odd": 21,
                "over_6.5_odd": 50,
                "under_0.5_odd": 7.4,
                "under_1.0_odd": 5.95,
                "under_1.5_odd": 2.625,
                "under_2.0_odd": 1.99,
                "under_2.5_odd": 1.584,
                "under_3.0_odd": 1.24,
                "under_3.5_odd": 1.156,
                "under_4.0_odd": 1.025,
                "under_4.5_odd": 1.013,
                "under_5.5_odd": 1.015,
                "under_6.5_odd": 1.002,
                "over_0.75_odd": 1.046,
                "over_1.25_odd": 1.22,
                "over_1.75_odd": 1.48,
                "over_2.25_odd": 1.93,
                "over_2.75_odd": 2.61,
                "over_3.25_odd": 3.8,
                "over_3.75_odd": 5.3,
                "over_4.25_odd": 8.1,
                "under_0.75_odd": 6.7,
                "under_1.25_odd": 3.5,
                "under_1.75_odd": 2.33,
                "under_2.25_odd": 1.71,
                "under_2.75_odd": 1.39,
                "under_3.25_odd": 1.188,
                "under_3.75_odd": 1.091,
                "under_4.25_odd": 1.019,
                "home_handicap_-2.5_odd": 9.1,
                "home_handicap_-2.0_odd": 8.3,
                "home_handicap_-1.5_odd": 4.05,
                "home_handicap_-1.0_odd": 3.14,
                "home_handicap_0.0_odd": 1.491,
                "home_handicap_1.0_odd": 1.04,
                "home_handicap_1.5_odd": 1.019,
                "away_handicap_2.5_odd": 1.004,
                "away_handicap_2.0_odd": 1.016,
                "away_handicap_1.5_odd": 1.164,
                "away_handicap_1.0_odd": 1.27,
                "away_handicap_0.0_odd": 2.508,
                "away_handicap_-1.0_odd": 6.95,
                "away_handicap_-1.5_odd": 8.1,
                "home_handicap_-2.25_odd": 8.7,
                "home_handicap_-1.75_odd": 5.3,
                "home_handicap_-1.25_odd": 3.58,
                "home_handicap_-0.75_odd": 2.35,
                "home_handicap_-0.25_odd": 1.727,
                "home_handicap_0.25_odd": 1.33,
                "home_handicap_0.75_odd": 1.144,
                "home_handicap_1.25_odd": 1.029,
                "away_handicap_2.25_odd": 1.01,
                "away_handicap_1.75_odd": 1.09,
                "away_handicap_1.25_odd": 1.21,
                "away_handicap_0.75_odd": 1.47,
                "away_handicap_0.25_odd": 1.92,
                "away_handicap_-0.25_odd": 2.86,
                "away_handicap_-0.75_odd": 4.33,
                "away_handicap_-1.25_odd": 7.5,
                "home_over_0.5_odd": 1.26,
                "home_over_1.0_odd": 1.54,
                "home_over_1.5_odd": 2.31,
                "home_over_2.0_odd": 4.25,
                "home_over_2.5_odd": 5.35,
                "home_under_0.5_odd": 3.34,
                "home_under_1.0_odd": 2.25,
                "home_under_1.5_odd": 1.5,
                "home_under_2.0_odd": 1.15,
                "home_under_2.5_odd": 1.089,
                "home_over_0.75_odd": 1.35,
                "home_over_1.25_odd": 1.93,
                "home_over_1.75_odd": 2.83,
                "home_over_2.25_odd": 4.8,
                "home_under_0.75_odd": 2.84,
                "home_under_1.25_odd": 1.74,
                "home_under_1.75_odd": 1.33,
                "home_under_2.25_odd": 1.114,
                "away_over_0.5_odd": 1.49,
                "away_over_1.0_odd": 2.28,
                "away_over_1.5_odd": 3.42,
                "away_over_2.0_odd": 8.3,
                "away_under_0.5_odd": 2.375,
                "away_under_1.0_odd": 1.53,
                "away_under_1.5_odd": 1.24,
                "away_under_2.0_odd": 1.016,
                "away_over_0.75_odd": 1.72,
                "away_over_1.25_odd": 2.88,
                "away_over_1.75_odd": 4.7,
                "away_under_0.75_odd": 1.952,
                "away_under_1.25_odd": 1.34,
                "away_under_1.75_odd": 1.121
            },
            {
                "match_id": 639695544,
                "date": "03/08/2025",
                "time": "21:30",
                "home_team": "Club Plaza Colonia de Deportes",
                "away_team": "Miramar Misiones",
                "1_odd": 2.301,
                "draw_odd": 3.01,
                "2_odd": 3.295,
                "1X_odd": 1.295,
                "12_odd": 1.345,
                "X2_odd": 1.561,
                "both_score_odd": 2.17,
                "both_noscore_odd": 1.6,
                "over_0.5_odd": 1.055,
                "over_1.0_odd": 1.112,
                "over_1.5_odd": 1.547,
                "over_2.0_odd": 1.94,
                "over_2.5_odd": 2.625,
                "over_3.0_odd": 4.55,
                "over_3.5_odd": 5.45,
                "over_4.5_odd": 13,
                "over_5.5_odd": 29,
                "under_0.5_odd": 6.35,
                "under_1.0_odd": 4.85,
                "under_1.5_odd": 2.362,
                "under_2.0_odd": 1.7,
                "under_2.5_odd": 1.38,
                "under_3.0_odd": 1.13,
                "under_3.5_odd": 1.085,
                "under_4.5_odd": 1.04,
                "under_5.5_odd": 1.007,
                "over_0.75_odd": 1.078,
                "over_1.25_odd": 1.31,
                "over_1.75_odd": 1.666,
                "over_2.25_odd": 2.28,
                "over_2.75_odd": 3.2,
                "over_3.25_odd": 5,
                "over_3.75_odd": 7.2,
                "under_0.75_odd": 5.65,
                "under_1.25_odd": 2.94,
                "under_1.75_odd": 1.99,
                "under_2.25_odd": 1.5,
                "under_2.75_odd": 1.26,
                "under_3.25_odd": 1.105,
                "under_3.75_odd": 1.034,
                "home_handicap_-2.0_odd": 7.5,
                "home_handicap_-1.5_odd": 5.05,
                "home_handicap_-1.0_odd": 3.92,
                "home_handicap_0.0_odd": 1.591,
                "home_handicap_1.0_odd": 1.04,
                "home_handicap_1.5_odd": 1.016,
                "away_handicap_2.0_odd": 1.04,
                "away_handicap_1.5_odd": 1.103,
                "away_handicap_1.0_odd": 1.176,
                "away_handicap_0.0_odd": 2.266,
                "away_handicap_-1.0_odd": 6.95,
                "away_handicap_-1.5_odd": 8.3,
                "home_handicap_-1.75_odd": 6.85,
                "home_handicap_-1.25_odd": 4.5,
                "home_handicap_-0.75_odd": 2.7,
                "home_handicap_-0.25_odd": 1.88,
                "home_handicap_0.25_odd": 1.38,
                "home_handicap_0.75_odd": 1.158,
                "home_handicap_1.25_odd": 1.027,
                "away_handicap_1.75_odd": 1.042,
                "away_handicap_1.25_odd": 1.133,
                "away_handicap_0.75_odd": 1.36,
                "away_handicap_0.25_odd": 1.76,
                "away_handicap_-0.25_odd": 2.65,
                "away_handicap_-0.75_odd": 4.15,
                "away_handicap_-1.25_odd": 7.6,
                "home_over_0.5_odd": 1.364,
                "home_over_1.5_odd": 2.75,
                "home_over_2.5_odd": 7,
                "home_over_3.5_odd": 21,
                "home_over_4.5_odd": 50,
                "home_under_0.5_odd": 3,
                "home_under_1.5_odd": 1.4,
                "home_under_2.5_odd": 1.1,
                "home_under_3.5_odd": 1.015,
                "home_under_4.5_odd": 1.002,
                "home_over_0.75_odd": 1.5,
                "home_over_1.25_odd": 2.32,
                "home_over_1.75_odd": 3.58,
                "home_under_0.75_odd": 2.35,
                "home_under_1.25_odd": 1.51,
                "home_under_1.75_odd": 1.21,
                "away_over_0.5_odd": 1.571,
                "away_over_1.5_odd": 3.75,
                "away_over_2.5_odd": 13,
                "away_over_3.5_odd": 34,
                "away_under_0.5_odd": 2.25,
                "away_under_1.5_odd": 1.25,
                "away_under_2.5_odd": 1.04,
                "away_under_3.5_odd": 1.005,
                "away_over_0.75_odd": 1.8,
                "away_over_1.25_odd": 3.18,
                "away_over_1.75_odd": 5.3,
                "away_under_0.75_odd": 1.86,
                "away_under_1.25_odd": 1.285,
                "away_under_1.75_odd": 1.092
            }
        ]
    }
]