[
    {
        "last_updated": "2025-07-24T20:45:30.240494+01:00"
    },
    {
        "tournament_id": 2008568,
        "tournament_name": "Championship. South",
        "matches": [
            {
                "match_id": 639764439,
                "date": "25/07/2025",
                "time": "19:30",
                "home_team": "Newport City",
                "away_team": "Afan Lido",
                "1_odd": 1.635,
                "draw_odd": 3.88,
                "2_odd": 4.36,
                "1X_odd": 1.141,
                "12_odd": 1.175,
                "X2_odd": 2.05,
                "both_score_odd": 1.46,
                "both_noscore_odd": 2.498,
                "over_1.5_odd": 1.14,
                "over_2.0_odd": 1.137,
                "over_2.5_odd": 1.42,
                "over_3.0_odd": 1.666,
                "over_3.5_odd": 2.14,
                "over_4.0_odd": 2.97,
                "over_4.5_odd": 3.58,
                "over_5.0_odd": 6.1,
                "over_5.5_odd": 6.15,
                "under_1.5_odd": 4.7,
                "under_2.0_odd": 4.45,
                "under_2.5_odd": 2.49,
                "under_3.0_odd": 1.98,
                "under_3.5_odd": 1.62,
                "under_4.0_odd": 1.3,
                "under_4.5_odd": 1.21,
                "under_5.0_odd": 1.062,
                "under_5.5_odd": 1.09,
                "over_2.25_odd": 1.28,
                "over_2.75_odd": 1.52,
                "over_3.25_odd": 1.89,
                "over_3.75_odd": 2.42,
                "over_4.25_odd": 3.28,
                "under_2.25_odd": 3.08,
                "under_2.75_odd": 2.24,
                "under_3.25_odd": 1.74,
                "under_3.75_odd": 1.444,
                "under_4.25_odd": 1.25,
                "home_handicap_-3.5_odd": 9.3,
                "home_handicap_-2.5_odd": 5.05,
                "home_handicap_-2.0_odd": 4.3,
                "home_handicap_-1.5_odd": 2.68,
                "home_handicap_-1.0_odd": 2.11,
                "home_handicap_0.0_odd": 1.26,
                "home_handicap_1.0_odd": 1.005,
                "home_handicap_1.5_odd": 1.05,
                "away_handicap_3.5_odd": 1.03,
                "away_handicap_2.5_odd": 1.102,
                "away_handicap_2.0_odd": 1.156,
                "away_handicap_1.5_odd": 1.4,
                "away_handicap_1.0_odd": 1.65,
                "away_handicap_0.0_odd": 3.34,
                "away_handicap_-1.0_odd": 9,
                "away_handicap_-1.5_odd": 7.6,
                "home_handicap_-1.75_odd": 3.22,
                "home_handicap_-1.25_odd": 2.42,
                "home_handicap_-0.75_odd": 1.83,
                "home_handicap_-0.25_odd": 1.46,
                "home_handicap_0.25_odd": 1.195,
                "away_handicap_1.75_odd": 1.28,
                "away_handicap_1.25_odd": 1.5,
                "away_handicap_0.75_odd": 1.87,
                "away_handicap_0.25_odd": 2.49,
                "away_handicap_-0.25_odd": 3.82,
                "home_over_0.5_odd": 1.05,
                "home_over_1.5_odd": 1.49,
                "home_over_2.0_odd": 1.92,
                "home_over_2.5_odd": 2.6,
                "home_under_0.5_odd": 7.1,
                "home_under_1.5_odd": 2.34,
                "home_under_2.0_odd": 1.75,
                "home_under_2.5_odd": 1.4,
                "away_over_0.5_odd": 1.3,
                "away_over_1.0_odd": 1.68,
                "away_over_1.5_odd": 2.56,
                "away_over_2.0_odd": 5.4,
                "away_under_0.5_odd": 3.08,
                "away_under_1.0_odd": 2.01,
                "away_under_1.5_odd": 1.41,
                "away_under_2.0_odd": 1.087
            },
            {
                "match_id": 639777935,
                "date": "25/07/2025",
                "time": "19:45",
                "home_team": "Cambrian United",
                "away_team": "Treowen Stars",
                "1_odd": 1.35,
                "draw_odd": 4.6,
                "2_odd": 7.1,
                "1X_odd": 1.039,
                "12_odd": 1.122,
                "X2_odd": 2.76,
                "both_score_odd": 1.48,
                "both_noscore_odd": 2.446,
                "over_1.5_odd": 1.09,
                "over_2.0_odd": 1.075,
                "over_2.5_odd": 1.3,
                "over_3.0_odd": 1.45,
                "over_3.5_odd": 1.84,
                "over_4.0_odd": 2.33,
                "over_4.5_odd": 2.83,
                "over_5.0_odd": 4.35,
                "over_5.5_odd": 5,
                "under_1.5_odd": 6.15,
                "under_2.0_odd": 5.7,
                "under_2.5_odd": 2.97,
                "under_3.0_odd": 2.41,
                "under_3.5_odd": 1.85,
                "under_4.0_odd": 1.48,
                "under_4.5_odd": 1.33,
                "under_5.0_odd": 1.142,
                "under_5.5_odd": 1.14,
                "over_2.75_odd": 1.363,
                "over_3.25_odd": 1.63,
                "over_3.75_odd": 2,
                "over_4.25_odd": 2.59,
                "over_4.75_odd": 3.34,
                "under_2.75_odd": 2.69,
                "under_3.25_odd": 2.04,
                "under_3.75_odd": 1.65,
                "under_4.25_odd": 1.39,
                "under_4.75_odd": 1.24,
                "home_handicap_-3.5_odd": 5.9,
                "home_handicap_-3.0_odd": 5.15,
                "home_handicap_-2.5_odd": 3.15,
                "home_handicap_-2.0_odd": 2.61,
                "home_handicap_-1.5_odd": 1.96,
                "home_handicap_-1.0_odd": 1.56,
                "home_handicap_0.0_odd": 1.083,
                "away_handicap_3.5_odd": 1.068,
                "away_handicap_3.0_odd": 1.097,
                "away_handicap_2.5_odd": 1.28,
                "away_handicap_2.0_odd": 1.42,
                "away_handicap_1.5_odd": 1.75,
                "away_handicap_1.0_odd": 2.25,
                "away_handicap_0.0_odd": 5.5,
                "home_handicap_-2.25_odd": 2.89,
                "home_handicap_-1.75_odd": 2.21,
                "home_handicap_-1.25_odd": 1.77,
                "home_handicap_-0.75_odd": 1.44,
                "home_handicap_-0.25_odd": 1.22,
                "away_handicap_2.25_odd": 1.34,
                "away_handicap_1.75_odd": 1.59,
                "away_handicap_1.25_odd": 1.94,
                "away_handicap_0.75_odd": 2.51,
                "away_handicap_0.25_odd": 3.58,
                "home_over_0.5_odd": 1.02,
                "home_over_1.5_odd": 1.3,
                "home_over_2.5_odd": 2,
                "home_over_3.5_odd": 3.5,
                "home_under_0.5_odd": 9.6,
                "home_under_1.5_odd": 3.2,
                "home_under_2.5_odd": 1.71,
                "home_under_3.5_odd": 1.25,
                "away_over_0.5_odd": 1.37,
                "away_over_1.0_odd": 1.78,
                "away_over_1.5_odd": 2.7,
                "away_over_2.5_odd": 7,
                "away_under_0.5_odd": 2.85,
                "away_under_1.0_odd": 1.93,
                "away_under_1.5_odd": 1.41,
                "away_under_2.5_odd": 1.07
            },
            {
                "match_id": 639793956,
                "date": "26/07/2025",
                "time": "14:30",
                "home_team": "Cardiff Draconians",
                "away_team": "Ammanford AFC",
                "1_odd": 2.717,
                "draw_odd": 3.68,
                "2_odd": 2.18,
                "1X_odd": 1.55,
                "12_odd": 1.195,
                "X2_odd": 1.363,
                "both_score_odd": 1.34,
                "both_noscore_odd": 2.948,
                "over_2.0_odd": 1.106,
                "over_2.5_odd": 1.35,
                "over_3.0_odd": 1.53,
                "over_3.5_odd": 1.94,
                "over_4.0_odd": 2.52,
                "over_4.5_odd": 3.05,
                "over_5.0_odd": 4.75,
                "under_2.0_odd": 5,
                "under_2.5_odd": 2.74,
                "under_3.0_odd": 2.21,
                "under_3.5_odd": 1.76,
                "under_4.0_odd": 1.41,
                "under_4.5_odd": 1.285,
                "under_5.0_odd": 1.117,
                "over_2.25_odd": 1.23,
                "over_2.75_odd": 1.42,
                "over_3.25_odd": 1.72,
                "over_3.75_odd": 2.14,
                "over_4.25_odd": 2.78,
                "under_2.25_odd": 3.42,
                "under_2.75_odd": 2.49,
                "under_3.25_odd": 1.909,
                "under_3.75_odd": 1.57,
                "under_4.25_odd": 1.34,
                "home_handicap_-2.0_odd": 9.2,
                "home_handicap_-1.5_odd": 4.95,
                "home_handicap_-1.0_odd": 4.3,
                "home_handicap_0.0_odd": 2.06,
                "home_handicap_1.0_odd": 1.3,
                "home_handicap_1.5_odd": 1.191,
                "home_handicap_2.0_odd": 1.048,
                "away_handicap_2.0_odd": 1.003,
                "away_handicap_1.5_odd": 1.107,
                "away_handicap_1.0_odd": 1.164,
                "away_handicap_0.0_odd": 1.68,
                "away_handicap_-1.0_odd": 3.1,
                "away_handicap_-1.5_odd": 3.78,
                "away_handicap_-2.0_odd": 6.6,
                "home_handicap_-0.75_odd": 3.22,
                "home_handicap_-0.25_odd": 2.375,
                "home_handicap_0.25_odd": 1.79,
                "home_handicap_0.75_odd": 1.46,
                "home_handicap_1.25_odd": 1.24,
                "away_handicap_0.75_odd": 1.29,
                "away_handicap_0.25_odd": 1.52,
                "away_handicap_-0.25_odd": 1.92,
                "away_handicap_-0.75_odd": 2.49,
                "away_handicap_-1.25_odd": 3.42,
                "home_over_0.5_odd": 1.145,
                "home_over_1.0_odd": 1.27,
                "home_over_1.5_odd": 1.84,
                "home_over_2.0_odd": 2.79,
                "home_under_0.5_odd": 4.55,
                "home_under_1.0_odd": 3.2,
                "home_under_1.5_odd": 1.82,
                "home_under_2.0_odd": 1.35,
                "away_over_0.5_odd": 1.1,
                "away_over_1.0_odd": 1.178,
                "away_over_1.5_odd": 1.65,
                "away_over_2.0_odd": 2.27,
                "away_under_0.5_odd": 5.45,
                "away_under_1.0_odd": 4,
                "away_under_1.5_odd": 2.05,
                "away_under_2.0_odd": 1.52
            },
            {
                "match_id": 639868577,
                "date": "26/07/2025",
                "time": "14:30",
                "home_team": "Cwmbran Celtic",
                "away_team": "Carmarthen Town",
                "1_odd": 2.57,
                "draw_odd": 3.7,
                "2_odd": 2.22,
                "1X_odd": 1.52,
                "12_odd": 1.193,
                "X2_odd": 1.39,
                "both_score_odd": 1.35,
                "both_noscore_odd": 2.905,
                "over_2.0_odd": 1.11,
                "over_2.5_odd": 1.36,
                "over_3.0_odd": 1.57,
                "over_3.5_odd": 2,
                "over_4.0_odd": 2.66,
                "over_4.5_odd": 3.2,
                "over_5.0_odd": 5.25,
                "under_2.0_odd": 4.9,
                "under_2.5_odd": 2.7,
                "under_3.0_odd": 2.14,
                "under_3.5_odd": 1.71,
                "under_4.0_odd": 1.37,
                "under_4.5_odd": 1.26,
                "under_5.0_odd": 1.093,
                "over_2.25_odd": 1.24,
                "over_2.75_odd": 1.444,
                "over_3.25_odd": 1.77,
                "over_3.75_odd": 2.24,
                "over_4.25_odd": 2.92,
                "under_2.25_odd": 3.34,
                "under_2.75_odd": 2.42,
                "under_3.25_odd": 1.85,
                "under_3.75_odd": 1.52,
                "under_4.25_odd": 1.31,
                "home_handicap_-1.5_odd": 4.95,
                "home_handicap_-1.0_odd": 4.2,
                "home_handicap_0.0_odd": 2,
                "home_handicap_1.0_odd": 1.26,
                "home_handicap_1.5_odd": 1.165,
                "home_handicap_2.0_odd": 1.028,
                "home_handicap_2.5_odd": 1.015,
                "away_handicap_1.5_odd": 1.109,
                "away_handicap_1.0_odd": 1.172,
                "away_handicap_0.0_odd": 1.727,
                "away_handicap_-1.0_odd": 3.34,
                "away_handicap_-1.5_odd": 4.05,
                "away_handicap_-2.0_odd": 7.5,
                "away_handicap_-2.5_odd": 8.3,
                "home_handicap_-0.75_odd": 3.1,
                "home_handicap_-0.25_odd": 2.27,
                "home_handicap_0.25_odd": 1.74,
                "home_handicap_0.75_odd": 1.42,
                "home_handicap_1.25_odd": 1.21,
                "away_handicap_0.75_odd": 1.31,
                "away_handicap_0.25_odd": 1.56,
                "away_handicap_-0.25_odd": 1.98,
                "away_handicap_-0.75_odd": 2.61,
                "away_handicap_-1.25_odd": 3.68,
                "home_over_0.5_odd": 1.138,
                "home_over_1.0_odd": 1.27,
                "home_over_1.5_odd": 1.84,
                "home_over_2.0_odd": 2.79,
                "home_under_0.5_odd": 4.65,
                "home_under_1.0_odd": 3.2,
                "home_under_1.5_odd": 1.82,
                "home_under_2.0_odd": 1.35,
                "away_over_0.5_odd": 1.106,
                "away_over_1.0_odd": 1.197,
                "away_over_1.5_odd": 1.71,
                "away_over_2.0_odd": 2.44,
                "away_under_0.5_odd": 5.3,
                "away_under_1.0_odd": 3.78,
                "away_under_1.5_odd": 1.97,
                "away_under_2.0_odd": 1.45
            },
            {
                "match_id": 639866584,
                "date": "26/07/2025",
                "time": "14:30",
                "home_team": "Llantwit Major",
                "away_team": "Aberystwyth Town",
                "1_odd": 2.944,
                "draw_odd": 3.48,
                "2_odd": 2.12,
                "1X_odd": 1.59,
                "12_odd": 1.22,
                "X2_odd": 1.32,
                "both_score_odd": 1.54,
                "both_noscore_odd": 2.291,
                "over_1.5_odd": 1.17,
                "over_2.0_odd": 1.27,
                "over_2.5_odd": 1.64,
                "over_3.0_odd": 2.02,
                "over_3.5_odd": 2.52,
                "over_4.0_odd": 3.84,
                "over_4.5_odd": 4.5,
                "under_1.5_odd": 3.98,
                "under_2.0_odd": 3.14,
                "under_2.5_odd": 2.11,
                "under_3.0_odd": 1.64,
                "under_3.5_odd": 1.41,
                "under_4.0_odd": 1.183,
                "under_4.5_odd": 1.134,
                "over_1.75_odd": 1.21,
                "over_2.25_odd": 1.44,
                "over_2.75_odd": 1.77,
                "over_3.25_odd": 2.28,
                "over_3.75_odd": 2.97,
                "under_1.75_odd": 3.58,
                "under_2.25_odd": 2.43,
                "under_2.75_odd": 1.85,
                "under_3.25_odd": 1.5,
                "under_3.75_odd": 1.3,
                "home_handicap_-1.5_odd": 5.7,
                "home_handicap_-1.0_odd": 5,
                "home_handicap_0.0_odd": 2.2,
                "home_handicap_1.0_odd": 1.3,
                "home_handicap_1.5_odd": 1.189,
                "home_handicap_2.0_odd": 1.043,
                "home_handicap_2.5_odd": 1.028,
                "away_handicap_1.5_odd": 1.076,
                "away_handicap_1.0_odd": 1.121,
                "away_handicap_0.0_odd": 1.6,
                "away_handicap_-1.0_odd": 3.1,
                "away_handicap_-1.5_odd": 3.8,
                "away_handicap_-2.0_odd": 6.8,
                "away_handicap_-2.5_odd": 7.5,
                "home_handicap_-0.75_odd": 3.48,
                "home_handicap_-0.25_odd": 2.53,
                "home_handicap_0.25_odd": 1.85,
                "home_handicap_0.75_odd": 1.48,
                "home_handicap_1.25_odd": 1.24,
                "away_handicap_0.75_odd": 1.25,
                "away_handicap_0.25_odd": 1.46,
                "away_handicap_-0.25_odd": 1.85,
                "away_handicap_-0.75_odd": 2.43,
                "away_handicap_-1.25_odd": 3.42,
                "home_over_0.5_odd": 1.26,
                "home_over_1.0_odd": 1.54,
                "home_over_1.5_odd": 2.29,
                "home_over_2.0_odd": 4.15,
                "home_under_0.5_odd": 3.34,
                "home_under_1.0_odd": 2.25,
                "home_under_1.5_odd": 1.51,
                "home_under_2.0_odd": 1.158,
                "away_over_0.5_odd": 1.162,
                "away_over_1.0_odd": 1.3,
                "away_over_1.5_odd": 1.88,
                "away_over_2.0_odd": 2.875,
                "away_under_0.5_odd": 4.3,
                "away_under_1.0_odd": 3.04,
                "away_under_1.5_odd": 1.78,
                "away_under_2.0_odd": 1.33
            },
            {
                "match_id": 639866581,
                "date": "26/07/2025",
                "time": "14:30",
                "home_team": "Ynyshir Albions",
                "away_team": "Caerau Ely",
                "1_odd": 2.54,
                "draw_odd": 3.48,
                "2_odd": 2.33,
                "1X_odd": 1.48,
                "12_odd": 1.22,
                "X2_odd": 1.4,
                "both_score_odd": 1.48,
                "both_noscore_odd": 2.446,
                "over_1.5_odd": 1.135,
                "over_2.0_odd": 1.22,
                "over_2.5_odd": 1.58,
                "over_3.0_odd": 1.909,
                "over_3.5_odd": 2.43,
                "over_4.0_odd": 3.68,
                "over_4.5_odd": 4.4,
                "under_1.5_odd": 4.45,
                "under_2.0_odd": 3.5,
                "under_2.5_odd": 2.22,
                "under_3.0_odd": 1.72,
                "under_3.5_odd": 1.44,
                "under_4.0_odd": 1.2,
                "under_4.5_odd": 1.14,
                "over_1.75_odd": 1.169,
                "over_2.25_odd": 1.39,
                "over_2.75_odd": 1.69,
                "over_3.25_odd": 2.17,
                "over_3.75_odd": 2.875,
                "under_1.75_odd": 4,
                "under_2.25_odd": 2.59,
                "under_2.75_odd": 1.95,
                "under_3.25_odd": 1.55,
                "under_3.75_odd": 1.32,
                "home_handicap_-1.5_odd": 5.1,
                "home_handicap_-1.0_odd": 4.3,
                "home_handicap_0.0_odd": 1.93,
                "home_handicap_1.0_odd": 1.21,
                "home_handicap_1.5_odd": 1.13,
                "home_handicap_2.0_odd": 1.005,
                "away_handicap_1.5_odd": 1.1,
                "away_handicap_1.0_odd": 1.164,
                "away_handicap_0.0_odd": 1.78,
                "away_handicap_-1.0_odd": 3.75,
                "away_handicap_-1.5_odd": 4.55,
                "away_handicap_-2.0_odd": 9,
                "home_handicap_-0.75_odd": 3.1,
                "home_handicap_-0.25_odd": 2.25,
                "home_handicap_0.25_odd": 1.68,
                "home_handicap_0.75_odd": 1.37,
                "home_handicap_1.25_odd": 1.165,
                "away_handicap_0.75_odd": 1.31,
                "away_handicap_0.25_odd": 1.571,
                "away_handicap_-0.25_odd": 2.06,
                "away_handicap_-0.75_odd": 2.8,
                "away_handicap_-1.25_odd": 4.15,
                "home_over_0.5_odd": 1.189,
                "home_over_1.0_odd": 1.38,
                "home_over_1.5_odd": 2.07,
                "home_over_2.0_odd": 3.5,
                "home_under_0.5_odd": 3.96,
                "home_under_1.0_odd": 2.67,
                "home_under_1.5_odd": 1.64,
                "home_under_2.0_odd": 1.23,
                "away_over_0.5_odd": 1.165,
                "away_over_1.0_odd": 1.33,
                "away_over_1.5_odd": 1.952,
                "away_over_2.0_odd": 3.14,
                "away_under_0.5_odd": 4.25,
                "away_under_1.0_odd": 2.875,
                "away_under_1.5_odd": 1.72,
                "away_under_2.0_odd": 1.28
            },
            {
                "match_id": 639755300,
                "date": "27/07/2025",
                "time": "14:30",
                "home_team": "Baglan Dragons",
                "away_team": "Pontypridd Town AFC",
                "1_odd": 2.25,
                "draw_odd": 3.7,
                "2_odd": 2.5,
                "1X_odd": 1.444,
                "12_odd": 1.222,
                "X2_odd": 1.533,
                "both_score_odd": 1.536,
                "both_noscore_odd": 2.44,
                "over_1.5_odd": 1.16,
                "over_2.5_odd": 1.54,
                "over_3.0_odd": 1.9,
                "over_3.5_odd": 2.31,
                "under_1.5_odd": 4.4,
                "under_2.5_odd": 2.26,
                "under_3.0_odd": 1.9,
                "under_3.5_odd": 1.51,
                "home_handicap_-1.5_odd": 3.9,
                "home_handicap_0.0_odd": 1.7,
                "away_handicap_1.5_odd": 1.2,
                "away_handicap_0.0_odd": 2.03,
                "home_over_1.5_odd": 1.88,
                "home_under_1.5_odd": 1.82,
                "away_over_1.5_odd": 2.08,
                "away_under_1.5_odd": 1.64
            }
        ]
    },
    {
        "tournament_id": 2008579,
        "tournament_name": "Championship. North",
        "matches": [
            {
                "match_id": 639760191,
                "date": "25/07/2025",
                "time": "19:30",
                "home_team": "Denbigh Town",
                "away_team": "Caersws",
                "1_odd": 1.98,
                "draw_odd": 3.84,
                "2_odd": 3,
                "1X_odd": 1.3,
                "12_odd": 1.179,
                "X2_odd": 1.67,
                "both_score_odd": 1.3,
                "both_noscore_odd": 3.155,
                "over_1.5_odd": 1.09,
                "over_2.0_odd": 1.07,
                "over_2.5_odd": 1.285,
                "over_3.0_odd": 1.43,
                "over_3.5_odd": 1.82,
                "over_4.0_odd": 2.28,
                "over_4.5_odd": 2.78,
                "over_5.0_odd": 4.25,
                "over_5.5_odd": 4.8,
                "under_1.5_odd": 6.15,
                "under_2.0_odd": 5.85,
                "under_2.5_odd": 3.05,
                "under_3.0_odd": 2.46,
                "under_3.5_odd": 1.87,
                "under_4.0_odd": 1.5,
                "under_4.5_odd": 1.34,
                "under_5.0_odd": 1.149,
                "under_5.5_odd": 1.14,
                "over_2.75_odd": 1.35,
                "over_3.25_odd": 1.61,
                "over_3.75_odd": 1.98,
                "over_4.25_odd": 2.52,
                "over_4.75_odd": 3.28,
                "under_2.75_odd": 2.74,
                "under_3.25_odd": 2.07,
                "under_3.75_odd": 1.67,
                "under_4.25_odd": 1.41,
                "under_4.75_odd": 1.25,
                "home_handicap_-2.5_odd": 6.4,
                "home_handicap_-2.0_odd": 5.65,
                "home_handicap_-1.5_odd": 3.28,
                "home_handicap_-1.0_odd": 2.72,
                "home_handicap_0.0_odd": 1.54,
                "home_handicap_1.0_odd": 1.12,
                "home_handicap_1.5_odd": 1.075,
                "away_handicap_2.5_odd": 1.053,
                "away_handicap_2.0_odd": 1.077,
                "away_handicap_1.5_odd": 1.25,
                "away_handicap_1.0_odd": 1.38,
                "away_handicap_0.0_odd": 2.32,
                "away_handicap_-1.0_odd": 5,
                "away_handicap_-1.5_odd": 5.75,
                "home_handicap_-1.25_odd": 3.04,
                "home_handicap_-0.75_odd": 2.25,
                "home_handicap_-0.25_odd": 1.77,
                "home_handicap_0.25_odd": 1.43,
                "home_handicap_0.75_odd": 1.24,
                "away_handicap_1.25_odd": 1.3,
                "away_handicap_0.75_odd": 1.56,
                "away_handicap_0.25_odd": 1.94,
                "away_handicap_-0.25_odd": 2.62,
                "away_handicap_-0.75_odd": 3.56,
                "home_over_0.5_odd": 1.061,
                "home_over_1.5_odd": 1.51,
                "home_over_2.0_odd": 1.97,
                "home_over_2.5_odd": 2.63,
                "home_under_0.5_odd": 6.6,
                "home_under_1.5_odd": 2.29,
                "home_under_2.0_odd": 1.71,
                "home_under_2.5_odd": 1.39,
                "away_over_0.5_odd": 1.141,
                "away_over_1.0_odd": 1.27,
                "away_over_1.5_odd": 1.85,
                "away_over_2.0_odd": 2.86,
                "away_under_0.5_odd": 4.6,
                "away_under_1.0_odd": 3.2,
                "away_under_1.5_odd": 1.81,
                "away_under_2.0_odd": 1.333
            },
            {
                "match_id": 639776111,
                "date": "25/07/2025",
                "time": "19:45",
                "home_team": "Llandudno Town",
                "away_team": "Holyhead Hotspur",
                "1_odd": 1.19,
                "draw_odd": 6.6,
                "2_odd": 9.3,
                "1X_odd": 1.002,
                "12_odd": 1.045,
                "X2_odd": 3.84,
                "both_score_odd": 1.44,
                "both_noscore_odd": 2.561,
                "over_1.5_odd": 1.05,
                "over_2.5_odd": 1.18,
                "over_3.0_odd": 1.22,
                "over_3.5_odd": 1.47,
                "over_4.0_odd": 1.71,
                "over_4.5_odd": 2.13,
                "over_5.0_odd": 2.74,
                "over_5.5_odd": 3.2,
                "over_6.0_odd": 4.95,
                "over_6.5_odd": 5.25,
                "under_1.5_odd": 7.85,
                "under_2.5_odd": 4.2,
                "under_3.0_odd": 3.5,
                "under_3.5_odd": 2.35,
                "under_4.0_odd": 1.92,
                "under_4.5_odd": 1.63,
                "under_5.0_odd": 1.35,
                "under_5.5_odd": 1.26,
                "under_6.0_odd": 1.108,
                "under_6.5_odd": 1.11,
                "over_3.25_odd": 1.35,
                "over_3.75_odd": 1.57,
                "over_4.25_odd": 1.89,
                "over_4.75_odd": 2.33,
                "over_5.25_odd": 2.97,
                "under_3.25_odd": 2.74,
                "under_3.75_odd": 2.14,
                "under_4.25_odd": 1.74,
                "under_4.75_odd": 1.48,
                "under_5.25_odd": 1.3,
                "home_handicap_-4.0_odd": 5.1,
                "home_handicap_-3.5_odd": 3.58,
                "home_handicap_-3.0_odd": 3.1,
                "home_handicap_-2.5_odd": 2.27,
                "home_handicap_-2.0_odd": 1.86,
                "home_handicap_-1.5_odd": 1.57,
                "home_handicap_-1.0_odd": 1.27,
                "home_handicap_0.0_odd": 1.033,
                "away_handicap_4.0_odd": 1.13,
                "away_handicap_3.5_odd": 1.21,
                "away_handicap_3.0_odd": 1.29,
                "away_handicap_2.5_odd": 1.55,
                "away_handicap_2.0_odd": 1.84,
                "away_handicap_1.5_odd": 2.22,
                "away_handicap_1.0_odd": 3.22,
                "away_handicap_0.0_odd": 7.3,
                "home_handicap_-3.25_odd": 3.28,
                "home_handicap_-2.75_odd": 2.57,
                "home_handicap_-2.25_odd": 2.06,
                "home_handicap_-1.75_odd": 1.69,
                "home_handicap_-1.25_odd": 1.42,
                "away_handicap_3.25_odd": 1.25,
                "away_handicap_2.75_odd": 1.42,
                "away_handicap_2.25_odd": 1.68,
                "away_handicap_1.75_odd": 2.05,
                "away_handicap_1.25_odd": 2.57,
                "home_over_2.5_odd": 1.49,
                "home_over_3.0_odd": 1.8,
                "home_over_3.5_odd": 2.27,
                "home_under_2.5_odd": 2.34,
                "home_under_3.0_odd": 1.86,
                "home_under_3.5_odd": 1.52,
                "away_over_0.5_odd": 1.39,
                "away_over_1.0_odd": 1.909,
                "away_over_1.5_odd": 2.875,
                "away_over_2.0_odd": 6.2,
                "away_under_0.5_odd": 2.67,
                "away_under_1.0_odd": 1.76,
                "away_under_1.5_odd": 1.33,
                "away_under_2.0_odd": 1.059
            },
            {
                "match_id": 639776117,
                "date": "25/07/2025",
                "time": "19:45",
                "home_team": "Newtown",
                "away_team": "Ruthin Town",
                "1_odd": 1.56,
                "draw_odd": 4.15,
                "2_odd": 4.6,
                "1X_odd": 1.125,
                "12_odd": 1.152,
                "X2_odd": 2.18,
                "both_score_odd": 1.35,
                "both_noscore_odd": 2.905,
                "over_1.5_odd": 1.08,
                "over_2.0_odd": 1.069,
                "over_2.5_odd": 1.27,
                "over_3.0_odd": 1.4,
                "over_3.5_odd": 1.75,
                "over_4.0_odd": 2.14,
                "over_4.5_odd": 2.625,
                "over_5.0_odd": 3.8,
                "over_5.5_odd": 4.5,
                "under_1.5_odd": 6.5,
                "under_2.0_odd": 5.9,
                "under_2.5_odd": 3.14,
                "under_3.0_odd": 2.56,
                "under_3.5_odd": 1.95,
                "under_4.0_odd": 1.57,
                "under_4.5_odd": 1.38,
                "under_5.0_odd": 1.188,
                "under_5.5_odd": 1.16,
                "over_2.75_odd": 1.33,
                "over_3.25_odd": 1.56,
                "over_3.75_odd": 1.89,
                "over_4.25_odd": 2.375,
                "over_4.75_odd": 3.05,
                "under_2.75_odd": 2.83,
                "under_3.25_odd": 2.16,
                "under_3.75_odd": 1.74,
                "under_4.25_odd": 1.46,
                "under_4.75_odd": 1.285,
                "home_handicap_-3.5_odd": 7.2,
                "home_handicap_-2.5_odd": 3.88,
                "home_handicap_-2.0_odd": 3.28,
                "home_handicap_-1.5_odd": 2.33,
                "home_handicap_-1.0_odd": 1.88,
                "home_handicap_0.0_odd": 1.23,
                "home_handicap_1.0_odd": 1.016,
                "home_handicap_1.5_odd": 1.006,
                "away_handicap_3.5_odd": 1.06,
                "away_handicap_2.5_odd": 1.18,
                "away_handicap_2.0_odd": 1.26,
                "away_handicap_1.5_odd": 1.52,
                "away_handicap_1.0_odd": 1.82,
                "away_handicap_0.0_odd": 3.58,
                "away_handicap_-1.0_odd": 8.3,
                "away_handicap_-1.5_odd": 9,
                "home_handicap_-1.75_odd": 2.68,
                "home_handicap_-1.25_odd": 2.12,
                "home_handicap_-0.75_odd": 1.69,
                "home_handicap_-0.25_odd": 1.4,
                "home_handicap_0.25_odd": 1.179,
                "away_handicap_1.75_odd": 1.39,
                "away_handicap_1.25_odd": 1.64,
                "away_handicap_0.75_odd": 2.05,
                "away_handicap_0.25_odd": 2.68,
                "away_handicap_-0.25_odd": 3.98,
                "home_over_0.5_odd": 1.026,
                "home_over_2.0_odd": 1.56,
                "home_over_2.5_odd": 2.07,
                "home_over_3.0_odd": 2.97,
                "home_under_0.5_odd": 8.4,
                "home_under_2.0_odd": 2.18,
                "home_under_2.5_odd": 1.64,
                "home_under_3.0_odd": 1.31,
                "away_over_0.5_odd": 1.25,
                "away_over_1.0_odd": 1.51,
                "away_over_1.5_odd": 2.28,
                "away_over_2.0_odd": 4.1,
                "away_under_0.5_odd": 3.42,
                "away_under_1.0_odd": 2.29,
                "away_under_1.5_odd": 1.53,
                "away_under_2.0_odd": 1.169
            },
            {
                "match_id": 639776114,
                "date": "25/07/2025",
                "time": "19:45",
                "home_team": "Rhyl",
                "away_team": "Brickfield Rangers",
                "1_odd": 1.4,
                "draw_odd": 4.65,
                "2_odd": 5.89,
                "1X_odd": 1.072,
                "12_odd": 1.119,
                "X2_odd": 2.57,
                "both_score_odd": 1.43,
                "both_noscore_odd": 2.592,
                "over_1.5_odd": 1.08,
                "over_2.0_odd": 1.073,
                "over_2.5_odd": 1.28,
                "over_3.0_odd": 1.42,
                "over_3.5_odd": 1.79,
                "over_4.0_odd": 2.21,
                "over_4.5_odd": 2.69,
                "over_5.0_odd": 3.96,
                "over_5.5_odd": 4.7,
                "under_1.5_odd": 6.5,
                "under_2.0_odd": 5.75,
                "under_2.5_odd": 3.08,
                "under_3.0_odd": 2.49,
                "under_3.5_odd": 1.9,
                "under_4.0_odd": 1.53,
                "under_4.5_odd": 1.363,
                "under_5.0_odd": 1.172,
                "under_5.5_odd": 1.15,
                "over_2.75_odd": 1.34,
                "over_3.25_odd": 1.59,
                "over_3.75_odd": 1.92,
                "over_4.25_odd": 2.43,
                "over_4.75_odd": 3.14,
                "under_2.75_odd": 2.78,
                "under_3.25_odd": 2.1,
                "under_3.75_odd": 1.71,
                "under_4.25_odd": 1.44,
                "under_4.75_odd": 1.27,
                "home_handicap_-3.5_odd": 5.9,
                "home_handicap_-3.0_odd": 5.25,
                "home_handicap_-2.5_odd": 3.28,
                "home_handicap_-2.0_odd": 2.72,
                "home_handicap_-1.5_odd": 2.03,
                "home_handicap_-1.0_odd": 1.615,
                "home_handicap_0.0_odd": 1.128,
                "away_handicap_3.5_odd": 1.069,
                "away_handicap_3.0_odd": 1.094,
                "away_handicap_2.5_odd": 1.26,
                "away_handicap_2.0_odd": 1.39,
                "away_handicap_1.5_odd": 1.7,
                "away_handicap_1.0_odd": 2.14,
                "away_handicap_0.0_odd": 4.6,
                "home_handicap_-2.25_odd": 2.98,
                "home_handicap_-1.75_odd": 2.3,
                "home_handicap_-1.25_odd": 1.84,
                "home_handicap_-0.75_odd": 1.48,
                "home_handicap_-0.25_odd": 1.26,
                "away_handicap_2.25_odd": 1.32,
                "away_handicap_1.75_odd": 1.55,
                "away_handicap_1.25_odd": 1.86,
                "away_handicap_0.75_odd": 2.4,
                "away_handicap_0.25_odd": 3.28,
                "home_over_0.5_odd": 1.013,
                "home_over_2.0_odd": 1.46,
                "home_over_2.5_odd": 1.93,
                "home_over_3.0_odd": 2.67,
                "home_under_0.5_odd": 9.4,
                "home_under_2.0_odd": 2.41,
                "home_under_2.5_odd": 1.74,
                "home_under_3.0_odd": 1.38,
                "away_over_0.5_odd": 1.333,
                "away_over_1.0_odd": 1.76,
                "away_over_1.5_odd": 2.63,
                "away_over_2.0_odd": 5.4,
                "away_under_0.5_odd": 2.91,
                "away_under_1.0_odd": 1.909,
                "away_under_1.5_odd": 1.39,
                "away_under_2.0_odd": 1.087
            },
            {
                "match_id": 639865615,
                "date": "26/07/2025",
                "time": "14:30",
                "home_team": "Buckley Town",
                "away_team": "Airbus UK Broughton",
                "1_odd": 3.7,
                "draw_odd": 4.1,
                "2_odd": 1.71,
                "1X_odd": 1.94,
                "12_odd": 1.156,
                "X2_odd": 1.198,
                "both_score_odd": 1.33,
                "both_noscore_odd": 3,
                "over_2.0_odd": 1.074,
                "over_2.5_odd": 1.28,
                "over_3.0_odd": 1.4,
                "over_3.5_odd": 1.77,
                "over_4.0_odd": 2.17,
                "over_4.5_odd": 2.625,
                "over_5.0_odd": 3.84,
                "under_2.0_odd": 5.75,
                "under_2.5_odd": 3.08,
                "under_3.0_odd": 2.56,
                "under_3.5_odd": 1.93,
                "under_4.0_odd": 1.55,
                "under_4.5_odd": 1.38,
                "under_5.0_odd": 1.184,
                "over_2.75_odd": 1.33,
                "over_3.25_odd": 1.57,
                "over_3.75_odd": 1.9,
                "over_4.25_odd": 2.41,
                "over_4.75_odd": 3.08,
                "under_2.75_odd": 2.83,
                "under_3.25_odd": 2.14,
                "under_3.75_odd": 1.727,
                "under_4.25_odd": 1.45,
                "under_4.75_odd": 1.28,
                "home_handicap_-1.5_odd": 6.75,
                "home_handicap_-1.0_odd": 6.05,
                "home_handicap_0.0_odd": 2.84,
                "home_handicap_1.0_odd": 1.62,
                "home_handicap_1.5_odd": 1.41,
                "home_handicap_2.0_odd": 1.179,
                "home_handicap_2.5_odd": 1.129,
                "away_handicap_1.5_odd": 1.045,
                "away_handicap_1.0_odd": 1.063,
                "away_handicap_0.0_odd": 1.35,
                "away_handicap_-1.0_odd": 2.16,
                "away_handicap_-1.5_odd": 2.65,
                "away_handicap_-2.0_odd": 3.98,
                "away_handicap_-2.5_odd": 4.55,
                "home_handicap_-0.25_odd": 3.15,
                "home_handicap_0.25_odd": 2.31,
                "home_handicap_0.75_odd": 1.83,
                "home_handicap_1.25_odd": 1.5,
                "home_handicap_1.75_odd": 1.29,
                "away_handicap_0.25_odd": 1.28,
                "away_handicap_-0.25_odd": 1.53,
                "away_handicap_-0.75_odd": 1.87,
                "away_handicap_-1.25_odd": 2.41,
                "away_handicap_-1.75_odd": 3.15,
                "home_over_0.5_odd": 1.2,
                "home_over_1.0_odd": 1.39,
                "home_over_1.5_odd": 2.04,
                "home_over_2.0_odd": 3.28,
                "home_under_0.5_odd": 3.84,
                "home_under_1.0_odd": 2.63,
                "home_under_1.5_odd": 1.66,
                "home_under_2.0_odd": 1.26,
                "away_over_0.5_odd": 1.046,
                "away_over_1.5_odd": 1.4,
                "away_over_2.0_odd": 1.7,
                "away_over_2.5_odd": 2.24,
                "away_under_0.5_odd": 7.3,
                "away_under_1.5_odd": 2.6,
                "away_under_2.0_odd": 1.98,
                "away_under_2.5_odd": 1.53
            },
            {
                "match_id": 639865624,
                "date": "26/07/2025",
                "time": "14:30",
                "home_team": "Gresford Athletic",
                "away_team": "Guilsfield",
                "1_odd": 2.44,
                "draw_odd": 4.05,
                "2_odd": 2.21,
                "1X_odd": 1.53,
                "12_odd": 1.16,
                "X2_odd": 1.44,
                "both_score_odd": 1.24,
                "both_noscore_odd": 3.58,
                "over_2.0_odd": 1.043,
                "over_2.5_odd": 1.21,
                "over_3.0_odd": 1.3,
                "over_3.5_odd": 1.62,
                "over_4.0_odd": 1.9,
                "over_4.5_odd": 2.3,
                "over_5.0_odd": 3.2,
                "under_2.0_odd": 6.8,
                "under_2.5_odd": 3.58,
                "under_3.0_odd": 2.97,
                "under_3.5_odd": 2.14,
                "under_4.0_odd": 1.727,
                "under_4.5_odd": 1.49,
                "under_5.0_odd": 1.26,
                "over_2.75_odd": 1.25,
                "over_3.25_odd": 1.444,
                "over_3.75_odd": 1.72,
                "over_4.25_odd": 2.12,
                "over_4.75_odd": 2.66,
                "under_2.75_odd": 3.28,
                "under_3.25_odd": 2.42,
                "under_3.75_odd": 1.909,
                "under_4.25_odd": 1.58,
                "under_4.75_odd": 1.37,
                "home_handicap_-2.0_odd": 7.1,
                "home_handicap_-1.5_odd": 4.2,
                "home_handicap_-1.0_odd": 3.58,
                "home_handicap_0.0_odd": 1.95,
                "home_handicap_1.0_odd": 1.3,
                "home_handicap_1.5_odd": 1.21,
                "home_handicap_2.0_odd": 1.064,
                "away_handicap_2.0_odd": 1.037,
                "away_handicap_1.5_odd": 1.156,
                "away_handicap_1.0_odd": 1.23,
                "away_handicap_0.0_odd": 1.76,
                "away_handicap_-1.0_odd": 3.1,
                "away_handicap_-1.5_odd": 3.6,
                "away_handicap_-2.0_odd": 6.05,
                "home_handicap_-0.75_odd": 2.84,
                "home_handicap_-0.25_odd": 2.2,
                "home_handicap_0.25_odd": 1.74,
                "home_handicap_0.75_odd": 1.444,
                "home_handicap_1.25_odd": 1.25,
                "away_handicap_0.75_odd": 1.36,
                "away_handicap_0.25_odd": 1.6,
                "away_handicap_-0.25_odd": 1.98,
                "away_handicap_-0.75_odd": 2.54,
                "away_handicap_-1.25_odd": 3.34,
                "home_over_0.5_odd": 1.089,
                "home_over_1.5_odd": 1.57,
                "home_over_2.0_odd": 2.09,
                "home_over_2.5_odd": 2.75,
                "home_under_0.5_odd": 5.7,
                "home_under_1.5_odd": 2.16,
                "home_under_2.0_odd": 1.63,
                "home_under_2.5_odd": 1.36,
                "away_over_0.5_odd": 1.072,
                "away_over_1.5_odd": 1.5,
                "away_over_2.0_odd": 1.92,
                "away_over_2.5_odd": 2.56,
                "away_under_0.5_odd": 6.25,
                "away_under_1.5_odd": 2.31,
                "away_under_2.0_odd": 1.75,
                "away_under_2.5_odd": 1.41
            },
            {
                "match_id": 639865618,
                "date": "26/07/2025",
                "time": "14:30",
                "home_team": "Holywell Town",
                "away_team": "Flint Mountain",
                "1_odd": 1.28,
                "draw_odd": 5.35,
                "2_odd": 7.65,
                "1X_odd": 1.027,
                "12_odd": 1.085,
                "X2_odd": 3.125,
                "both_score_odd": 1.54,
                "both_noscore_odd": 2.291,
                "over_2.0_odd": 1.073,
                "over_2.5_odd": 1.29,
                "over_3.0_odd": 1.444,
                "over_3.5_odd": 1.85,
                "over_4.0_odd": 2.33,
                "over_4.5_odd": 2.83,
                "over_5.0_odd": 4.4,
                "under_2.0_odd": 5.75,
                "under_2.5_odd": 3.04,
                "under_3.0_odd": 2.42,
                "under_3.5_odd": 1.85,
                "under_4.0_odd": 1.48,
                "under_4.5_odd": 1.33,
                "under_5.0_odd": 1.139,
                "over_2.75_odd": 1.36,
                "over_3.25_odd": 1.63,
                "over_3.75_odd": 2,
                "over_4.25_odd": 2.59,
                "over_4.75_odd": 3.42,
                "under_2.75_odd": 2.7,
                "under_3.25_odd": 2.04,
                "under_3.75_odd": 1.65,
                "under_4.25_odd": 1.39,
                "under_4.75_odd": 1.23,
                "home_handicap_-3.5_odd": 5.3,
                "home_handicap_-3.0_odd": 4.55,
                "home_handicap_-2.5_odd": 2.88,
                "home_handicap_-2.0_odd": 2.36,
                "home_handicap_-1.5_odd": 1.83,
                "home_handicap_-1.0_odd": 1.44,
                "home_handicap_0.0_odd": 1.064,
                "away_handicap_3.5_odd": 1.092,
                "away_handicap_3.0_odd": 1.129,
                "away_handicap_2.5_odd": 1.33,
                "away_handicap_2.0_odd": 1.51,
                "away_handicap_1.5_odd": 1.87,
                "away_handicap_1.0_odd": 2.55,
                "away_handicap_0.0_odd": 6.05,
                "home_handicap_-2.25_odd": 2.61,
                "home_handicap_-1.75_odd": 2.03,
                "home_handicap_-1.25_odd": 1.64,
                "home_handicap_-0.75_odd": 1.34,
                "home_handicap_-0.25_odd": 1.17,
                "away_handicap_2.25_odd": 1.41,
                "away_handicap_1.75_odd": 1.7,
                "away_handicap_1.25_odd": 2.12,
                "away_handicap_0.75_odd": 2.89,
                "away_handicap_0.25_odd": 4.1,
                "home_over_2.0_odd": 1.39,
                "home_over_2.5_odd": 1.84,
                "home_over_3.0_odd": 2.53,
                "home_under_2.0_odd": 2.63,
                "home_under_2.5_odd": 1.82,
                "home_under_3.0_odd": 1.42,
                "away_over_0.5_odd": 1.444,
                "away_over_1.0_odd": 2.12,
                "away_over_1.5_odd": 3.28,
                "away_over_2.0_odd": 7.8,
                "away_under_0.5_odd": 2.5,
                "away_under_1.0_odd": 1.61,
                "away_under_1.5_odd": 1.26,
                "away_under_2.0_odd": 1.023
            },
            {
                "match_id": 639865621,
                "date": "26/07/2025",
                "time": "14:30",
                "home_team": "Mold Alexandra",
                "away_team": "Penrhyncoch",
                "1_odd": 1.94,
                "draw_odd": 3.98,
                "2_odd": 3.005,
                "1X_odd": 1.3,
                "12_odd": 1.166,
                "X2_odd": 1.71,
                "both_score_odd": 1.285,
                "both_noscore_odd": 3.26,
                "over_2.0_odd": 1.056,
                "over_2.5_odd": 1.27,
                "over_3.0_odd": 1.41,
                "over_3.5_odd": 1.8,
                "over_4.0_odd": 2.26,
                "over_4.5_odd": 2.78,
                "over_5.0_odd": 4.3,
                "under_2.0_odd": 6.3,
                "under_2.5_odd": 3.14,
                "under_3.0_odd": 2.52,
                "under_3.5_odd": 1.89,
                "under_4.0_odd": 1.51,
                "under_4.5_odd": 1.34,
                "under_5.0_odd": 1.146,
                "over_2.75_odd": 1.33,
                "over_3.25_odd": 1.59,
                "over_3.75_odd": 1.95,
                "over_4.25_odd": 2.52,
                "over_4.75_odd": 3.28,
                "under_2.75_odd": 2.83,
                "under_3.25_odd": 2.1,
                "under_3.75_odd": 1.69,
                "under_4.25_odd": 1.41,
                "under_4.75_odd": 1.25,
                "home_handicap_-2.5_odd": 6.6,
                "home_handicap_-2.0_odd": 5.75,
                "home_handicap_-1.5_odd": 3.28,
                "home_handicap_-1.0_odd": 2.68,
                "home_handicap_0.0_odd": 1.53,
                "home_handicap_1.0_odd": 1.112,
                "home_handicap_1.5_odd": 1.066,
                "away_handicap_2.5_odd": 1.048,
                "away_handicap_2.0_odd": 1.074,
                "away_handicap_1.5_odd": 1.25,
                "away_handicap_1.0_odd": 1.39,
                "away_handicap_0.0_odd": 2.34,
                "away_handicap_-1.0_odd": 5.15,
                "away_handicap_-1.5_odd": 6,
                "home_handicap_-1.25_odd": 2.98,
                "home_handicap_-0.75_odd": 2.21,
                "home_handicap_-0.25_odd": 1.74,
                "home_handicap_0.25_odd": 1.42,
                "home_handicap_0.75_odd": 1.23,
                "away_handicap_1.25_odd": 1.31,
                "away_handicap_0.75_odd": 1.58,
                "away_handicap_0.25_odd": 1.98,
                "away_handicap_-0.25_odd": 2.65,
                "away_handicap_-0.75_odd": 3.65,
                "home_over_0.5_odd": 1.049,
                "home_over_1.5_odd": 1.49,
                "home_over_2.0_odd": 1.93,
                "home_over_2.5_odd": 2.63,
                "home_under_0.5_odd": 7.2,
                "home_under_1.5_odd": 2.34,
                "home_under_2.0_odd": 1.74,
                "home_under_2.5_odd": 1.39,
                "away_over_0.5_odd": 1.133,
                "away_over_1.0_odd": 1.27,
                "away_over_1.5_odd": 1.84,
                "away_over_2.0_odd": 2.875,
                "away_under_0.5_odd": 4.75,
                "away_under_1.0_odd": 3.2,
                "away_under_1.5_odd": 1.82,
                "away_under_2.0_odd": 1.33
            }
        ]
    }
]