[
    {
        "last_updated": "2025-07-24T20:45:02.073353+01:00"
    },
    {
        "tournament_id": 2708505,
        "tournament_name": "Europe",
        "matches": [
            {
                "match_id": 628990991,
                "date": "04/09/2025",
                "time": "15:00",
                "home_team": "Kazakhstan",
                "away_team": "Wales",
                "1_odd": 6.9,
                "draw_odd": 4.17,
                "2_odd": 1.586,
                "1X_odd": 2.531,
                "12_odd": 1.272,
                "X2_odd": 1.135,
                "both_score_odd": 2.16,
                "both_noscore_odd": 1.634,
                "over_0.5_odd": 1.004,
                "over_1.0_odd": 1.039,
                "over_1.5_odd": 1.33,
                "over_2.0_odd": 1.57,
                "over_2.5_odd": 2.2,
                "over_3.0_odd": 3.1,
                "over_3.5_odd": 3.9,
                "over_4.0_odd": 7.3,
                "over_4.5_odd": 8.2,
                "over_5.0_odd": 14,
                "over_5.5_odd": 18,
                "under_0.5_odd": 9.8,
                "under_1.0_odd": 8.1,
                "under_1.5_odd": 3.1,
                "under_2.0_odd": 2.35,
                "under_2.5_odd": 1.784,
                "under_3.0_odd": 1.35,
                "under_3.5_odd": 1.222,
                "under_4.0_odd": 1.053,
                "under_4.5_odd": 1.025,
                "under_5.0_odd": 1.02,
                "under_5.5_odd": 1.02,
                "over_0.75_odd": 1.02,
                "over_1.25_odd": 1.183,
                "over_1.75_odd": 1.43,
                "over_2.25_odd": 1.85,
                "over_2.75_odd": 2.47,
                "over_3.25_odd": 3.48,
                "over_3.75_odd": 5,
                "over_4.25_odd": 7.8,
                "under_0.75_odd": 8.9,
                "under_1.25_odd": 4.25,
                "under_1.75_odd": 2.71,
                "under_2.25_odd": 1.94,
                "under_2.75_odd": 1.533,
                "under_3.25_odd": 1.28,
                "under_3.75_odd": 1.137,
                "under_4.25_odd": 1.038,
                "home_handicap_-1.5_odd": 15,
                "home_handicap_-1.0_odd": 13.5,
                "home_handicap_0.0_odd": 4.95,
                "home_handicap_1.0_odd": 1.85,
                "home_handicap_1.5_odd": 1.46,
                "home_handicap_2.0_odd": 1.166,
                "home_handicap_2.5_odd": 1.102,
                "home_handicap_3.0_odd": 1.04,
                "home_handicap_3.5_odd": 1.03,
                "away_handicap_1.5_odd": 1.01,
                "away_handicap_1.0_odd": 1.02,
                "away_handicap_0.0_odd": 1.147,
                "away_handicap_-1.0_odd": 1.96,
                "away_handicap_-1.5_odd": 2.61,
                "away_handicap_-2.0_odd": 4.5,
                "away_handicap_-2.5_odd": 5.4,
                "away_handicap_-3.0_odd": 11,
                "away_handicap_-3.5_odd": 12,
                "home_handicap_-0.75_odd": 9.2,
                "home_handicap_-0.25_odd": 5.4,
                "home_handicap_0.25_odd": 3.15,
                "home_handicap_0.75_odd": 2.16,
                "home_handicap_1.25_odd": 1.6,
                "home_handicap_1.75_odd": 1.31,
                "home_handicap_2.25_odd": 1.131,
                "home_handicap_2.75_odd": 1.042,
                "away_handicap_0.75_odd": 1.023,
                "away_handicap_0.25_odd": 1.118,
                "away_handicap_-0.25_odd": 1.33,
                "away_handicap_-0.75_odd": 1.67,
                "away_handicap_-1.25_odd": 2.28,
                "away_handicap_-1.75_odd": 3.22,
                "away_handicap_-2.25_odd": 4.95,
                "away_handicap_-2.75_odd": 7.2,
                "home_over_0.5_odd": 1.83,
                "home_over_1.0_odd": 3.3,
                "home_over_1.5_odd": 4.9,
                "home_over_2.0_odd": 15.5,
                "home_under_0.5_odd": 1.97,
                "home_under_1.0_odd": 1.3,
                "home_under_1.5_odd": 1.18,
                "home_under_2.0_odd": 1.01,
                "home_over_0.75_odd": 2.31,
                "home_over_1.25_odd": 4.85,
                "home_over_1.75_odd": 8.7,
                "home_under_0.75_odd": 1.61,
                "home_under_1.25_odd": 1.18,
                "home_under_1.75_odd": 1.053,
                "away_over_0.5_odd": 1.17,
                "away_over_1.0_odd": 1.29,
                "away_over_1.5_odd": 1.84,
                "away_over_2.0_odd": 2.7,
                "away_over_2.5_odd": 3.7,
                "away_over_3.5_odd": 8.6,
                "away_under_0.5_odd": 5,
                "away_under_1.0_odd": 3.4,
                "away_under_1.5_odd": 1.97,
                "away_under_2.0_odd": 1.46,
                "away_under_2.5_odd": 1.28,
                "away_under_3.5_odd": 1.07,
                "away_over_0.75_odd": 1.178,
                "away_over_1.25_odd": 1.55,
                "away_over_1.75_odd": 2.11,
                "away_over_2.25_odd": 3.14,
                "away_under_0.75_odd": 4.65,
                "away_under_1.25_odd": 2.45,
                "away_under_1.75_odd": 1.727,
                "away_under_2.25_odd": 1.34
            },
            {
                "match_id": 628990976,
                "date": "04/09/2025",
                "time": "17:00",
                "home_team": "Georgia",
                "away_team": "Turkey",
                "1_odd": 3.86,
                "draw_odd": 3.375,
                "2_odd": 2.173,
                "1X_odd": 1.768,
                "12_odd": 1.371,
                "X2_odd": 1.304,
                "both_score_odd": 1.82,
                "both_noscore_odd": 1.902,
                "over_0.5_odd": 1.012,
                "over_1.0_odd": 1.048,
                "over_1.5_odd": 1.32,
                "over_2.0_odd": 1.54,
                "over_2.5_odd": 2.149,
                "over_3.0_odd": 2.95,
                "over_3.5_odd": 3.64,
                "over_4.0_odd": 6.7,
                "over_4.5_odd": 7.6,
                "over_5.0_odd": 13.5,
                "over_5.5_odd": 16.5,
                "under_0.5_odd": 9.1,
                "under_1.0_odd": 7.6,
                "under_1.5_odd": 3.15,
                "under_2.0_odd": 2.42,
                "under_2.5_odd": 1.818,
                "under_3.0_odd": 1.38,
                "under_3.5_odd": 1.25,
                "under_4.0_odd": 1.067,
                "under_4.5_odd": 1.035,
                "under_5.0_odd": 1.02,
                "under_5.5_odd": 1.01,
                "over_0.75_odd": 1.029,
                "over_1.25_odd": 1.18,
                "over_1.75_odd": 1.41,
                "over_2.25_odd": 1.81,
                "over_2.75_odd": 2.375,
                "over_3.25_odd": 3.28,
                "over_3.75_odd": 4.65,
                "over_4.25_odd": 7.2,
                "under_0.75_odd": 8.3,
                "under_1.25_odd": 4.3,
                "under_1.75_odd": 2.78,
                "under_2.25_odd": 1.98,
                "under_2.75_odd": 1.57,
                "under_3.25_odd": 1.31,
                "under_3.75_odd": 1.156,
                "under_4.25_odd": 1.05,
                "home_handicap_-1.5_odd": 9.3,
                "home_handicap_-1.0_odd": 8,
                "home_handicap_0.0_odd": 2.625,
                "home_handicap_1.0_odd": 1.32,
                "home_handicap_1.5_odd": 1.194,
                "home_handicap_2.0_odd": 1.025,
                "home_handicap_2.5_odd": 1.003,
                "away_handicap_1.5_odd": 1.022,
                "away_handicap_1.0_odd": 1.053,
                "away_handicap_0.0_odd": 1.49,
                "away_handicap_-1.0_odd": 3.15,
                "away_handicap_-1.5_odd": 4.05,
                "away_handicap_-2.0_odd": 8.2,
                "away_handicap_-2.5_odd": 9.2,
                "home_handicap_-1.25_odd": 8.6,
                "home_handicap_-0.75_odd": 4.9,
                "home_handicap_-0.25_odd": 3.1,
                "home_handicap_0.25_odd": 2.01,
                "home_handicap_0.75_odd": 1.53,
                "home_handicap_1.25_odd": 1.25,
                "home_handicap_1.75_odd": 1.109,
                "home_handicap_2.25_odd": 1.011,
                "away_handicap_1.25_odd": 1.037,
                "away_handicap_0.75_odd": 1.158,
                "away_handicap_0.25_odd": 1.35,
                "away_handicap_-0.25_odd": 1.77,
                "away_handicap_-0.75_odd": 2.41,
                "away_handicap_-1.25_odd": 3.56,
                "away_handicap_-1.75_odd": 5.25,
                "away_handicap_-2.25_odd": 8.7,
                "home_over_0.5_odd": 1.48,
                "home_over_1.0_odd": 2.07,
                "home_over_1.5_odd": 3.2,
                "home_over_2.0_odd": 7.5,
                "home_over_2.5_odd": 9.3,
                "home_under_0.5_odd": 2.65,
                "home_under_1.0_odd": 1.7,
                "home_under_1.5_odd": 1.36,
                "home_under_2.0_odd": 1.09,
                "home_under_2.5_odd": 1.06,
                "home_over_0.75_odd": 1.68,
                "home_over_1.25_odd": 2.77,
                "home_over_1.75_odd": 4.6,
                "home_over_2.25_odd": 8.4,
                "home_under_0.75_odd": 2.18,
                "home_under_1.25_odd": 1.444,
                "home_under_1.75_odd": 1.181,
                "home_under_2.25_odd": 1.07,
                "away_over_0.5_odd": 1.25,
                "away_over_1.0_odd": 1.46,
                "away_over_1.5_odd": 2.17,
                "away_over_2.0_odd": 3.7,
                "away_over_2.5_odd": 4.9,
                "away_over_3.5_odd": 12.5,
                "away_under_0.5_odd": 4,
                "away_under_1.0_odd": 2.6,
                "away_under_1.5_odd": 1.69,
                "away_under_2.0_odd": 1.28,
                "away_under_2.5_odd": 1.18,
                "away_under_3.5_odd": 1.03,
                "away_over_0.75_odd": 1.31,
                "away_over_1.25_odd": 1.85,
                "away_over_1.75_odd": 2.68,
                "away_over_2.25_odd": 4.4,
                "away_under_0.75_odd": 3.32,
                "away_under_1.25_odd": 1.95,
                "away_under_1.75_odd": 1.47,
                "away_under_2.25_odd": 1.193
            },
            {
                "match_id": 628990982,
                "date": "04/09/2025",
                "time": "17:00",
                "home_team": "Lithuania",
                "away_team": "Malta",
                "1_odd": 2.224,
                "draw_odd": 3.065,
                "2_odd": 4.17,
                "1X_odd": 1.272,
                "12_odd": 1.429,
                "X2_odd": 1.736,
                "both_score_odd": 2.27,
                "both_noscore_odd": 1.575,
                "over_0.5_odd": 1.099,
                "over_1.0_odd": 1.175,
                "over_1.5_odd": 1.653,
                "over_2.0_odd": 2.07,
                "over_2.5_odd": 2.74,
                "over_3.0_odd": 4.7,
                "over_3.5_odd": 5.55,
                "over_4.0_odd": 11,
                "over_4.5_odd": 13.5,
                "under_0.5_odd": 6.05,
                "under_1.0_odd": 4.75,
                "under_1.5_odd": 2.438,
                "under_2.0_odd": 1.727,
                "under_2.5_odd": 1.41,
                "under_3.0_odd": 1.144,
                "under_3.5_odd": 1.09,
                "under_4.0_odd": 1.04,
                "under_4.5_odd": 1.02,
                "over_0.75_odd": 1.131,
                "over_1.25_odd": 1.39,
                "over_1.75_odd": 1.76,
                "over_2.25_odd": 2.41,
                "over_2.75_odd": 3.34,
                "over_3.25_odd": 5.15,
                "over_3.75_odd": 7.3,
                "under_0.75_odd": 5.4,
                "under_1.25_odd": 2.96,
                "under_1.75_odd": 2.05,
                "under_2.25_odd": 1.53,
                "under_2.75_odd": 1.28,
                "under_3.25_odd": 1.114,
                "under_3.75_odd": 1.034,
                "home_handicap_-2.5_odd": 11,
                "home_handicap_-2.0_odd": 9.7,
                "home_handicap_-1.5_odd": 4.5,
                "home_handicap_-1.0_odd": 3.42,
                "home_handicap_0.0_odd": 1.46,
                "home_handicap_1.0_odd": 1.032,
                "home_handicap_1.5_odd": 1.008,
                "away_handicap_2.5_odd": 1.04,
                "away_handicap_2.0_odd": 1.005,
                "away_handicap_1.5_odd": 1.159,
                "away_handicap_1.0_odd": 1.28,
                "away_handicap_0.0_odd": 2.72,
                "away_handicap_-1.0_odd": 9.5,
                "away_handicap_-1.5_odd": 10.7,
                "home_handicap_-1.75_odd": 5.95,
                "home_handicap_-1.25_odd": 3.94,
                "home_handicap_-0.75_odd": 2.52,
                "home_handicap_-0.25_odd": 1.78,
                "home_handicap_0.25_odd": 1.32,
                "home_handicap_0.75_odd": 1.135,
                "home_handicap_1.25_odd": 1.019,
                "away_handicap_1.75_odd": 1.082,
                "away_handicap_1.25_odd": 1.21,
                "away_handicap_0.75_odd": 1.49,
                "away_handicap_0.25_odd": 2,
                "away_handicap_-0.25_odd": 3.28,
                "away_handicap_-0.75_odd": 5.35,
                "away_handicap_-1.25_odd": 10.2,
                "home_over_0.5_odd": 1.37,
                "home_over_1.0_odd": 1.76,
                "home_over_1.5_odd": 2.65,
                "home_over_2.0_odd": 5.5,
                "home_over_2.5_odd": 7,
                "home_under_0.5_odd": 3.1,
                "home_under_1.0_odd": 2,
                "home_under_1.5_odd": 1.47,
                "home_under_2.0_odd": 1.15,
                "home_under_2.5_odd": 1.1,
                "home_over_0.75_odd": 1.5,
                "home_over_1.25_odd": 2.25,
                "home_over_1.75_odd": 3.5,
                "home_over_2.25_odd": 6.2,
                "home_over_2.75_odd": 9.5,
                "home_under_0.75_odd": 2.59,
                "home_under_1.25_odd": 1.64,
                "home_under_1.75_odd": 1.285,
                "home_under_2.25_odd": 1.12,
                "home_under_2.75_odd": 1.024,
                "away_over_0.5_odd": 1.71,
                "away_over_1.0_odd": 2.85,
                "away_over_1.5_odd": 4.3,
                "away_over_2.0_odd": 12.5,
                "away_over_2.5_odd": 14.5,
                "away_under_0.5_odd": 2.14,
                "away_under_1.0_odd": 1.39,
                "away_under_1.5_odd": 1.22,
                "away_under_2.0_odd": 1.03,
                "away_under_2.5_odd": 1.02,
                "away_over_0.75_odd": 2.06,
                "away_over_1.25_odd": 3.84,
                "away_over_1.75_odd": 6.7,
                "away_under_0.75_odd": 1.76,
                "away_under_1.25_odd": 1.26,
                "away_under_1.75_odd": 1.092
            },
            {
                "match_id": 628993750,
                "date": "04/09/2025",
                "time": "19:45",
                "home_team": "Bulgaria",
                "away_team": "Spain",
                "1_odd": 36,
                "draw_odd": 10.2,
                "2_odd": 1.123,
                "1X_odd": 7.3,
                "12_odd": 1.077,
                "both_score_odd": 2.76,
                "both_noscore_odd": 1.402,
                "over_0.5_odd": 1.009,
                "over_1.0_odd": 1.01,
                "over_1.5_odd": 1.093,
                "over_2.0_odd": 1.156,
                "over_2.5_odd": 1.444,
                "over_3.0_odd": 1.7,
                "over_3.5_odd": 2.242,
                "over_4.0_odd": 2.95,
                "over_4.5_odd": 3.56,
                "over_5.0_odd": 5.8,
                "over_5.5_odd": 6.5,
                "over_6.5_odd": 11,
                "under_0.5_odd": 19.5,
                "under_1.0_odd": 15,
                "under_1.5_odd": 5.45,
                "under_2.0_odd": 4.55,
                "under_2.5_odd": 2.62,
                "under_3.0_odd": 2.11,
                "under_3.5_odd": 1.757,
                "under_4.0_odd": 1.38,
                "under_4.5_odd": 1.26,
                "under_5.0_odd": 1.094,
                "under_5.5_odd": 1.059,
                "under_6.5_odd": 1.01,
                "over_1.75_odd": 1.121,
                "over_2.25_odd": 1.3,
                "over_2.75_odd": 1.55,
                "over_3.25_odd": 1.93,
                "over_3.75_odd": 2.45,
                "over_4.25_odd": 3.22,
                "over_4.75_odd": 4.35,
                "over_5.25_odd": 6.15,
                "under_1.75_odd": 5,
                "under_2.25_odd": 3.22,
                "under_2.75_odd": 2.36,
                "under_3.25_odd": 1.86,
                "under_3.75_odd": 1.54,
                "under_4.25_odd": 1.32,
                "under_4.75_odd": 1.176,
                "under_5.25_odd": 1.075,
                "home_handicap_0.0_odd": 12.5,
                "home_handicap_1.0_odd": 5.4,
                "home_handicap_1.5_odd": 2.91,
                "home_handicap_2.0_odd": 2.34,
                "home_handicap_2.5_odd": 1.875,
                "home_handicap_3.0_odd": 1.43,
                "home_handicap_3.5_odd": 1.285,
                "home_handicap_4.0_odd": 1.099,
                "home_handicap_4.5_odd": 1.068,
                "home_handicap_5.0_odd": 1.03,
                "home_handicap_5.5_odd": 1.02,
                "away_handicap_0.0_odd": 1.03,
                "away_handicap_-1.0_odd": 1.117,
                "away_handicap_-1.5_odd": 1.38,
                "away_handicap_-2.0_odd": 1.6,
                "away_handicap_-2.5_odd": 2.075,
                "away_handicap_-3.0_odd": 2.62,
                "away_handicap_-3.5_odd": 3.18,
                "away_handicap_-4.0_odd": 5.15,
                "away_handicap_-4.5_odd": 5.9,
                "away_handicap_-5.0_odd": 13,
                "away_handicap_-5.5_odd": 14,
                "home_handicap_0.25_odd": 9.9,
                "home_handicap_1.25_odd": 3.64,
                "home_handicap_1.75_odd": 2.61,
                "home_handicap_2.25_odd": 1.99,
                "home_handicap_2.75_odd": 1.61,
                "home_handicap_3.25_odd": 1.35,
                "home_handicap_3.75_odd": 1.19,
                "home_handicap_4.25_odd": 1.082,
                "away_handicap_-0.25_odd": 1.015,
                "away_handicap_-1.25_odd": 1.25,
                "away_handicap_-1.75_odd": 1.47,
                "away_handicap_-2.25_odd": 1.79,
                "away_handicap_-2.75_odd": 2.21,
                "away_handicap_-3.25_odd": 2.89,
                "away_handicap_-3.75_odd": 3.88,
                "away_handicap_-4.25_odd": 5.5,
                "home_over_0.5_odd": 2.4,
                "home_over_1.0_odd": 5.9,
                "home_over_1.5_odd": 8.2,
                "home_under_0.5_odd": 1.57,
                "home_under_1.0_odd": 1.11,
                "home_under_1.5_odd": 1.08,
                "home_over_0.75_odd": 3.84,
                "home_over_1.25_odd": 7,
                "home_under_0.75_odd": 1.26,
                "home_under_1.25_odd": 1.08,
                "away_over_0.5_odd": 1.02,
                "away_over_1.5_odd": 1.24,
                "away_over_2.5_odd": 1.78,
                "away_over_3.5_odd": 3,
                "away_over_4.5_odd": 5.7,
                "away_over_5.5_odd": 11.5,
                "away_under_0.5_odd": 13.5,
                "away_under_1.5_odd": 4.1,
                "away_under_2.5_odd": 2.04,
                "away_under_3.5_odd": 1.4,
                "away_under_4.5_odd": 1.14,
                "away_under_5.5_odd": 1.03,
                "away_over_1.75_odd": 1.26,
                "away_over_2.25_odd": 1.52,
                "away_over_2.75_odd": 1.88,
                "away_over_3.25_odd": 2.41,
                "away_under_1.75_odd": 3.68,
                "away_under_2.25_odd": 2.53,
                "away_under_2.75_odd": 1.92,
                "away_under_3.25_odd": 1.54
            },
            {
                "match_id": 628990994,
                "date": "04/09/2025",
                "time": "19:45",
                "home_team": "Liechtenstein",
                "away_team": "Belgium",
                "both_score_odd": 7.7,
                "both_noscore_odd": 1.058,
                "over_1.5_odd": 1.01,
                "over_2.0_odd": 1.02,
                "over_2.5_odd": 1.079,
                "over_3.0_odd": 1.122,
                "over_3.5_odd": 1.33,
                "over_4.0_odd": 1.48,
                "over_4.5_odd": 1.877,
                "over_5.0_odd": 2.19,
                "over_5.5_odd": 2.6,
                "over_6.0_odd": 3.58,
                "over_6.5_odd": 4.05,
                "over_7.0_odd": 6.3,
                "over_7.5_odd": 7,
                "under_1.5_odd": 16.5,
                "under_2.0_odd": 13,
                "under_2.5_odd": 5.85,
                "under_3.0_odd": 5.15,
                "under_3.5_odd": 3.1,
                "under_4.0_odd": 2.58,
                "under_4.5_odd": 2.073,
                "under_5.0_odd": 1.65,
                "under_5.5_odd": 1.45,
                "under_6.0_odd": 1.24,
                "under_6.5_odd": 1.174,
                "under_7.0_odd": 1.056,
                "under_7.5_odd": 1.1,
                "over_2.75_odd": 1.099,
                "over_3.25_odd": 1.23,
                "over_3.75_odd": 1.4,
                "over_4.25_odd": 1.64,
                "over_4.75_odd": 1.96,
                "over_5.25_odd": 2.39,
                "over_5.75_odd": 2.94,
                "over_6.25_odd": 3.76,
                "under_2.75_odd": 5.5,
                "under_3.25_odd": 3.74,
                "under_3.75_odd": 2.82,
                "under_4.25_odd": 2.24,
                "under_4.75_odd": 1.83,
                "under_5.25_odd": 1.54,
                "under_5.75_odd": 1.35,
                "under_6.25_odd": 1.21,
                "home_handicap_2.5_odd": 4.9,
                "home_handicap_3.0_odd": 4.25,
                "home_handicap_3.5_odd": 2.73,
                "home_handicap_4.0_odd": 2.28,
                "home_handicap_4.5_odd": 1.924,
                "home_handicap_5.0_odd": 1.53,
                "home_handicap_5.5_odd": 1.37,
                "home_handicap_6.0_odd": 1.183,
                "home_handicap_6.5_odd": 1.131,
                "home_handicap_7.0_odd": 1.033,
                "home_handicap_7.5_odd": 1.07,
                "away_handicap_-2.5_odd": 1.112,
                "away_handicap_-3.0_odd": 1.168,
                "away_handicap_-3.5_odd": 1.4,
                "away_handicap_-4.0_odd": 1.59,
                "away_handicap_-4.5_odd": 2.018,
                "away_handicap_-5.0_odd": 2.41,
                "away_handicap_-5.5_odd": 2.85,
                "away_handicap_-6.0_odd": 4.05,
                "away_handicap_-6.5_odd": 4.55,
                "away_handicap_-7.0_odd": 7.3,
                "away_handicap_-7.5_odd": 8.3,
                "home_handicap_2.75_odd": 4.55,
                "home_handicap_3.25_odd": 3.24,
                "home_handicap_3.75_odd": 2.51,
                "home_handicap_4.25_odd": 2.01,
                "home_handicap_4.75_odd": 1.69,
                "home_handicap_5.25_odd": 1.44,
                "home_handicap_5.75_odd": 1.28,
                "home_handicap_6.25_odd": 1.155,
                "away_handicap_-2.75_odd": 1.138,
                "away_handicap_-3.25_odd": 1.285,
                "away_handicap_-3.75_odd": 1.48,
                "away_handicap_-4.25_odd": 1.77,
                "away_handicap_-4.75_odd": 2.12,
                "away_handicap_-5.25_odd": 2.63,
                "away_handicap_-5.75_odd": 3.28,
                "away_handicap_-6.25_odd": 4.3,
                "home_over_0.5_odd": 6.2,
                "home_under_0.5_odd": 1.12,
                "away_over_2.5_odd": 1.13,
                "away_over_3.5_odd": 1.39,
                "away_over_4.5_odd": 1.9,
                "away_over_5.5_odd": 2.8,
                "away_over_6.5_odd": 4.6,
                "away_over_7.5_odd": 8.2,
                "away_under_2.5_odd": 6,
                "away_under_3.5_odd": 3,
                "away_under_4.5_odd": 1.9,
                "away_under_5.5_odd": 1.43,
                "away_under_6.5_odd": 1.2,
                "away_under_7.5_odd": 1.08,
                "away_over_3.75_odd": 1.44,
                "away_over_4.25_odd": 1.71,
                "away_over_4.75_odd": 2.06,
                "away_over_5.25_odd": 2.54,
                "away_under_3.75_odd": 2.7,
                "away_under_4.25_odd": 2.14,
                "away_under_4.75_odd": 1.76,
                "away_under_5.25_odd": 1.49
            },
            {
                "match_id": 628990988,
                "date": "04/09/2025",
                "time": "19:45",
                "home_team": "Luxembourg",
                "away_team": "Northern Ireland",
                "1_odd": 3.995,
                "draw_odd": 3.19,
                "2_odd": 2.214,
                "1X_odd": 1.742,
                "12_odd": 1.404,
                "X2_odd": 1.29,
                "both_score_odd": 2.08,
                "both_noscore_odd": 1.683,
                "over_0.5_odd": 1.08,
                "over_1.0_odd": 1.137,
                "over_1.5_odd": 1.5,
                "over_2.0_odd": 1.85,
                "over_2.5_odd": 2.57,
                "over_3.0_odd": 3.75,
                "over_3.5_odd": 4.55,
                "over_4.0_odd": 8.5,
                "over_4.5_odd": 9.2,
                "over_5.5_odd": 24,
                "over_6.5_odd": 50,
                "under_0.5_odd": 6.7,
                "under_1.0_odd": 5.45,
                "under_1.5_odd": 2.62,
                "under_2.0_odd": 1.92,
                "under_2.5_odd": 1.597,
                "under_3.0_odd": 1.22,
                "under_3.5_odd": 1.138,
                "under_4.0_odd": 1.012,
                "under_4.5_odd": 1.003,
                "under_5.5_odd": 1.01,
                "under_6.5_odd": 1.002,
                "over_0.75_odd": 1.105,
                "over_1.25_odd": 1.32,
                "over_1.75_odd": 1.62,
                "over_2.25_odd": 2.15,
                "over_2.75_odd": 2.9,
                "over_3.25_odd": 4.2,
                "over_3.75_odd": 5.8,
                "under_0.75_odd": 6.1,
                "under_1.25_odd": 3.34,
                "under_1.75_odd": 2.27,
                "under_2.25_odd": 1.66,
                "under_2.75_odd": 1.36,
                "under_3.25_odd": 1.17,
                "under_3.75_odd": 1.073,
                "home_handicap_-1.5_odd": 9.2,
                "home_handicap_-1.0_odd": 8.2,
                "home_handicap_0.0_odd": 2.66,
                "home_handicap_1.0_odd": 1.3,
                "home_handicap_1.5_odd": 1.179,
                "home_handicap_2.0_odd": 1.022,
                "home_handicap_2.5_odd": 1.004,
                "away_handicap_1.5_odd": 1.023,
                "away_handicap_1.0_odd": 1.049,
                "away_handicap_0.0_odd": 1.48,
                "away_handicap_-1.0_odd": 3.28,
                "away_handicap_-1.5_odd": 4.2,
                "away_handicap_-2.0_odd": 8.4,
                "away_handicap_-2.5_odd": 9.1,
                "home_handicap_-1.25_odd": 8.8,
                "home_handicap_-0.75_odd": 4.95,
                "home_handicap_-0.25_odd": 3.15,
                "home_handicap_0.25_odd": 2,
                "home_handicap_0.75_odd": 1.51,
                "home_handicap_1.25_odd": 1.23,
                "home_handicap_1.75_odd": 1.1,
                "home_handicap_2.25_odd": 1.011,
                "away_handicap_1.25_odd": 1.035,
                "away_handicap_0.75_odd": 1.154,
                "away_handicap_0.25_odd": 1.34,
                "away_handicap_-0.25_odd": 1.78,
                "away_handicap_-0.75_odd": 2.46,
                "away_handicap_-1.25_odd": 3.74,
                "away_handicap_-1.75_odd": 5.45,
                "away_handicap_-2.25_odd": 8.7,
                "home_over_0.5_odd": 1.59,
                "home_over_1.0_odd": 2.42,
                "home_over_1.5_odd": 3.7,
                "home_over_2.0_odd": 9.7,
                "home_over_2.5_odd": 12,
                "home_under_0.5_odd": 2.36,
                "home_under_1.0_odd": 1.52,
                "home_under_1.5_odd": 1.28,
                "home_under_2.0_odd": 1.05,
                "home_under_2.5_odd": 1.03,
                "home_over_0.75_odd": 1.9,
                "home_over_1.25_odd": 3.38,
                "home_over_1.75_odd": 5.6,
                "home_under_0.75_odd": 1.9,
                "home_under_1.25_odd": 1.32,
                "home_under_1.75_odd": 1.128,
                "away_over_0.5_odd": 1.33,
                "away_over_1.0_odd": 1.65,
                "away_over_1.5_odd": 2.5,
                "away_over_2.0_odd": 4.8,
                "away_over_2.5_odd": 6.3,
                "away_over_3.0_odd": 15.5,
                "away_over_3.5_odd": 17,
                "away_under_0.5_odd": 3.3,
                "away_under_1.0_odd": 2.15,
                "away_under_1.5_odd": 1.53,
                "away_under_2.0_odd": 1.18,
                "away_under_2.5_odd": 1.12,
                "away_under_3.0_odd": 1.01,
                "away_under_3.5_odd": 1.01,
                "away_over_0.75_odd": 1.44,
                "away_over_1.25_odd": 2.09,
                "away_over_1.75_odd": 3.14,
                "away_over_2.25_odd": 5.5,
                "away_over_2.75_odd": 7.9,
                "away_under_0.75_odd": 2.78,
                "away_under_1.25_odd": 1.74,
                "away_under_1.75_odd": 1.34,
                "away_under_2.25_odd": 1.14,
                "away_under_2.75_odd": 1.047
            },
            {
                "match_id": 628990985,
                "date": "04/09/2025",
                "time": "19:45",
                "home_team": "Netherlands",
                "away_team": "Poland",
                "1_odd": 1.308,
                "draw_odd": 5.78,
                "2_odd": 12.8,
                "1X_odd": 1.043,
                "12_odd": 1.173,
                "X2_odd": 3.82,
                "both_score_odd": 2.29,
                "both_noscore_odd": 1.565,
                "over_0.5_odd": 1.002,
                "over_1.0_odd": 1.022,
                "over_1.5_odd": 1.23,
                "over_2.0_odd": 1.35,
                "over_2.5_odd": 1.818,
                "over_3.0_odd": 2.24,
                "over_3.5_odd": 2.78,
                "over_4.0_odd": 4.3,
                "over_4.5_odd": 4.85,
                "over_5.0_odd": 8.2,
                "over_5.5_odd": 11.5,
                "over_6.5_odd": 23,
                "over_7.5_odd": 50,
                "under_0.5_odd": 10,
                "under_1.0_odd": 9.3,
                "under_1.5_odd": 3.82,
                "under_2.0_odd": 3.1,
                "under_2.5_odd": 2.149,
                "under_3.0_odd": 1.62,
                "under_3.5_odd": 1.4,
                "under_4.0_odd": 1.173,
                "under_4.5_odd": 1.121,
                "under_5.0_odd": 1.017,
                "under_5.5_odd": 1.04,
                "under_6.5_odd": 1.012,
                "under_7.5_odd": 1.002,
                "over_0.75_odd": 1.011,
                "over_1.25_odd": 1.123,
                "over_1.75_odd": 1.28,
                "over_2.25_odd": 1.56,
                "over_2.75_odd": 1.94,
                "over_3.25_odd": 2.52,
                "over_3.75_odd": 3.32,
                "over_4.25_odd": 4.6,
                "under_0.75_odd": 9.7,
                "under_1.25_odd": 5.25,
                "under_1.75_odd": 3.48,
                "under_2.25_odd": 2.4,
                "under_2.75_odd": 1.85,
                "under_3.25_odd": 1.49,
                "under_3.75_odd": 1.285,
                "under_4.25_odd": 1.145,
                "home_handicap_-4.5_odd": 13,
                "home_handicap_-4.0_odd": 12,
                "home_handicap_-3.5_odd": 5.35,
                "home_handicap_-3.0_odd": 4.8,
                "home_handicap_-2.5_odd": 2.94,
                "home_handicap_-2.0_odd": 2.41,
                "home_handicap_-1.5_odd": 1.905,
                "home_handicap_-1.0_odd": 1.39,
                "home_handicap_0.0_odd": 1.044,
                "away_handicap_4.5_odd": 1.03,
                "away_handicap_4.0_odd": 1.03,
                "away_handicap_3.5_odd": 1.09,
                "away_handicap_3.0_odd": 1.133,
                "away_handicap_2.5_odd": 1.35,
                "away_handicap_2.0_odd": 1.53,
                "away_handicap_1.5_odd": 2.039,
                "away_handicap_1.0_odd": 2.86,
                "away_handicap_0.0_odd": 8.1,
                "home_handicap_-3.75_odd": 6.75,
                "home_handicap_-3.25_odd": 5.1,
                "home_handicap_-2.75_odd": 3.58,
                "home_handicap_-2.25_odd": 2.7,
                "home_handicap_-1.75_odd": 2.04,
                "home_handicap_-1.25_odd": 1.61,
                "home_handicap_-0.75_odd": 1.31,
                "home_handicap_-0.25_odd": 1.141,
                "away_handicap_3.75_odd": 1.045,
                "away_handicap_3.25_odd": 1.11,
                "away_handicap_2.75_odd": 1.24,
                "away_handicap_2.25_odd": 1.42,
                "away_handicap_1.75_odd": 1.75,
                "away_handicap_1.25_odd": 2.26,
                "away_handicap_0.75_odd": 3.22,
                "away_handicap_0.25_odd": 4.9,
                "home_over_0.5_odd": 1.07,
                "home_over_1.5_odd": 1.44,
                "home_over_2.0_odd": 1.76,
                "home_over_2.5_odd": 2.38,
                "home_over_3.5_odd": 4.6,
                "home_over_4.5_odd": 10,
                "home_under_0.5_odd": 8.3,
                "home_under_1.5_odd": 2.8,
                "home_under_2.0_odd": 2.06,
                "home_under_2.5_odd": 1.58,
                "home_under_3.5_odd": 1.2,
                "home_under_4.5_odd": 1.05,
                "home_over_1.25_odd": 1.28,
                "home_over_1.75_odd": 1.57,
                "home_over_2.25_odd": 2.05,
                "home_over_2.75_odd": 2.74,
                "home_under_1.25_odd": 3.52,
                "home_under_1.75_odd": 2.4,
                "home_under_2.25_odd": 1.77,
                "home_under_2.75_odd": 1.43,
                "away_over_0.5_odd": 2.1,
                "away_over_1.0_odd": 4.5,
                "away_over_1.5_odd": 6.4,
                "away_under_0.5_odd": 1.73,
                "away_under_1.0_odd": 1.18,
                "away_under_1.5_odd": 1.12,
                "away_over_0.75_odd": 2.82,
                "away_over_1.25_odd": 6.35,
                "away_over_1.75_odd": 10.5,
                "away_under_0.75_odd": 1.43,
                "away_under_1.25_odd": 1.116,
                "away_under_1.75_odd": 1.033
            },
            {
                "match_id": 628991553,
                "date": "04/09/2025",
                "time": "19:45",
                "home_team": "Slovakia",
                "away_team": "Germany",
                "1_odd": 7.21,
                "draw_odd": 4.53,
                "2_odd": 1.524,
                "1X_odd": 2.705,
                "12_odd": 1.242,
                "X2_odd": 1.127,
                "both_score_odd": 1.89,
                "both_noscore_odd": 1.83,
                "over_0.5_odd": 1.009,
                "over_1.0_odd": 1.01,
                "over_1.5_odd": 1.22,
                "over_2.0_odd": 1.36,
                "over_2.5_odd": 1.849,
                "over_3.0_odd": 2.3,
                "over_3.5_odd": 2.86,
                "over_4.0_odd": 4.65,
                "over_4.5_odd": 5.3,
                "over_5.0_odd": 9.7,
                "over_5.5_odd": 11.5,
                "over_6.5_odd": 23,
                "over_7.5_odd": 50,
                "under_0.5_odd": 13.3,
                "under_1.0_odd": 10.5,
                "under_1.5_odd": 3.92,
                "under_2.0_odd": 3.05,
                "under_2.5_odd": 2.107,
                "under_3.0_odd": 1.59,
                "under_3.5_odd": 1.38,
                "under_4.0_odd": 1.149,
                "under_4.5_odd": 1.099,
                "under_5.0_odd": 1.05,
                "under_5.5_odd": 1.03,
                "under_6.5_odd": 1.012,
                "under_7.5_odd": 1.002,
                "over_0.75_odd": 1.003,
                "over_1.25_odd": 1.114,
                "over_1.75_odd": 1.28,
                "over_2.25_odd": 1.57,
                "over_2.75_odd": 1.97,
                "over_3.25_odd": 2.57,
                "over_3.75_odd": 3.48,
                "over_4.25_odd": 5,
                "under_0.75_odd": 11.2,
                "under_1.25_odd": 5.5,
                "under_1.75_odd": 3.48,
                "under_2.25_odd": 2.375,
                "under_2.75_odd": 1.82,
                "under_3.25_odd": 1.47,
                "under_3.75_odd": 1.26,
                "under_4.25_odd": 1.122,
                "home_handicap_-1.5_odd": 15,
                "home_handicap_-1.0_odd": 14,
                "home_handicap_0.0_odd": 5.3,
                "home_handicap_1.0_odd": 2.06,
                "home_handicap_1.5_odd": 1.662,
                "home_handicap_2.0_odd": 1.26,
                "home_handicap_2.5_odd": 1.17,
                "home_handicap_3.0_odd": 1.024,
                "home_handicap_3.5_odd": 1.01,
                "away_handicap_1.5_odd": 1.01,
                "away_handicap_1.0_odd": 1.02,
                "away_handicap_0.0_odd": 1.13,
                "away_handicap_-1.0_odd": 1.77,
                "away_handicap_-1.5_odd": 2.419,
                "away_handicap_-2.0_odd": 3.48,
                "away_handicap_-2.5_odd": 4.2,
                "away_handicap_-3.0_odd": 7.8,
                "away_handicap_-3.5_odd": 8.7,
                "home_handicap_-0.75_odd": 9,
                "home_handicap_-0.25_odd": 5.6,
                "home_handicap_0.25_odd": 3.4,
                "home_handicap_0.75_odd": 2.35,
                "home_handicap_1.25_odd": 1.75,
                "home_handicap_1.75_odd": 1.42,
                "home_handicap_2.25_odd": 1.21,
                "home_handicap_2.75_odd": 1.097,
                "away_handicap_0.75_odd": 1.025,
                "away_handicap_0.25_odd": 1.11,
                "away_handicap_-0.25_odd": 1.29,
                "away_handicap_-0.75_odd": 1.57,
                "away_handicap_-1.25_odd": 2.04,
                "away_handicap_-1.75_odd": 2.7,
                "away_handicap_-2.25_odd": 3.84,
                "away_handicap_-2.75_odd": 5.35,
                "home_over_0.5_odd": 1.69,
                "home_over_1.0_odd": 2.75,
                "home_over_1.5_odd": 4.1,
                "home_over_2.0_odd": 12,
                "home_over_2.5_odd": 14.5,
                "home_under_0.5_odd": 2.18,
                "home_under_1.0_odd": 1.42,
                "home_under_1.5_odd": 1.24,
                "home_under_2.0_odd": 1.03,
                "home_under_2.5_odd": 1.02,
                "home_over_0.75_odd": 2.08,
                "home_over_1.25_odd": 3.94,
                "home_over_1.75_odd": 6.8,
                "home_under_0.75_odd": 1.75,
                "home_under_1.25_odd": 1.25,
                "home_under_1.75_odd": 1.09,
                "away_over_0.5_odd": 1.11,
                "away_over_1.0_odd": 1.18,
                "away_over_1.5_odd": 1.6,
                "away_over_2.0_odd": 2.14,
                "away_over_2.5_odd": 2.9,
                "away_over_3.5_odd": 6.3,
                "away_over_4.5_odd": 14.5,
                "away_under_0.5_odd": 6.5,
                "away_under_1.0_odd": 4.5,
                "away_under_1.5_odd": 2.33,
                "away_under_2.0_odd": 1.71,
                "away_under_2.5_odd": 1.41,
                "away_under_3.5_odd": 1.12,
                "away_under_4.5_odd": 1.02,
                "away_over_1.25_odd": 1.37,
                "away_over_1.75_odd": 1.78,
                "away_over_2.25_odd": 2.47,
                "away_over_2.75_odd": 3.5,
                "away_under_1.25_odd": 2.99,
                "away_under_1.75_odd": 2.04,
                "away_under_2.25_odd": 1.54,
                "away_under_2.75_odd": 1.285
            },
            {
                "match_id": 630104048,
                "date": "05/09/2025",
                "time": "19:45",
                "home_team": "Greece",
                "away_team": "Belarus",
                "1_odd": 1.217,
                "draw_odd": 7.22,
                "2_odd": 18,
                "1X_odd": 1.028,
                "12_odd": 1.127,
                "X2_odd": 4.9,
                "both_score_odd": 2.69,
                "both_noscore_odd": 1.422,
                "over_0.5_odd": 1.002,
                "over_1.0_odd": 1.017,
                "over_1.5_odd": 1.23,
                "over_2.0_odd": 1.35,
                "over_2.5_odd": 1.818,
                "over_3.0_odd": 2.25,
                "over_3.5_odd": 2.78,
                "over_4.0_odd": 4.35,
                "over_4.5_odd": 4.9,
                "over_5.0_odd": 8.3,
                "over_5.5_odd": 11.5,
                "under_0.5_odd": 10.7,
                "under_1.0_odd": 9.7,
                "under_1.5_odd": 3.82,
                "under_2.0_odd": 3.1,
                "under_2.5_odd": 2.149,
                "under_3.0_odd": 1.615,
                "under_3.5_odd": 1.4,
                "under_4.0_odd": 1.168,
                "under_4.5_odd": 1.118,
                "under_5.0_odd": 1.015,
                "under_5.5_odd": 1.04,
                "over_0.75_odd": 1.007,
                "over_1.25_odd": 1.12,
                "over_1.75_odd": 1.28,
                "over_2.25_odd": 1.55,
                "over_2.75_odd": 1.94,
                "over_3.25_odd": 2.52,
                "over_3.75_odd": 3.34,
                "over_4.25_odd": 4.65,
                "under_0.75_odd": 10.2,
                "under_1.25_odd": 5.35,
                "under_1.75_odd": 3.48,
                "under_2.25_odd": 2.43,
                "under_2.75_odd": 1.85,
                "under_3.25_odd": 1.49,
                "under_3.75_odd": 1.28,
                "under_4.25_odd": 1.141,
                "home_handicap_-4.5_odd": 8.6,
                "home_handicap_-4.0_odd": 8,
                "home_handicap_-3.5_odd": 4.6,
                "home_handicap_-3.0_odd": 4,
                "home_handicap_-2.5_odd": 2.59,
                "home_handicap_-2.0_odd": 2.07,
                "home_handicap_-1.5_odd": 1.718,
                "home_handicap_-1.0_odd": 1.27,
                "home_handicap_0.0_odd": 1.03,
                "away_handicap_4.5_odd": 1.011,
                "away_handicap_4.0_odd": 1.02,
                "away_handicap_3.5_odd": 1.128,
                "away_handicap_3.0_odd": 1.188,
                "away_handicap_2.5_odd": 1.44,
                "away_handicap_2.0_odd": 1.71,
                "away_handicap_1.5_odd": 2.308,
                "away_handicap_1.0_odd": 3.55,
                "away_handicap_0.0_odd": 12,
                "home_handicap_-3.75_odd": 5.75,
                "home_handicap_-3.25_odd": 4.33,
                "home_handicap_-2.75_odd": 3.1,
                "home_handicap_-2.25_odd": 2.33,
                "home_handicap_-1.75_odd": 1.81,
                "home_handicap_-1.25_odd": 1.46,
                "home_handicap_-0.75_odd": 1.21,
                "home_handicap_-0.25_odd": 1.087,
                "away_handicap_3.75_odd": 1.073,
                "away_handicap_3.25_odd": 1.154,
                "away_handicap_2.75_odd": 1.31,
                "away_handicap_2.25_odd": 1.55,
                "away_handicap_1.75_odd": 1.96,
                "away_handicap_1.25_odd": 2.64,
                "away_handicap_0.75_odd": 4.05,
                "away_handicap_0.25_odd": 6.25,
                "home_over_0.5_odd": 1.04,
                "home_over_1.5_odd": 1.38,
                "home_over_2.0_odd": 1.64,
                "home_over_2.5_odd": 2.18,
                "home_over_3.0_odd": 3.2,
                "home_over_3.5_odd": 3.88,
                "home_over_4.0_odd": 6.8,
                "home_under_0.5_odd": 8.3,
                "home_under_1.5_odd": 2.89,
                "home_under_2.0_odd": 2.23,
                "home_under_2.5_odd": 1.68,
                "home_under_3.0_odd": 1.34,
                "home_under_3.5_odd": 1.23,
                "home_under_4.0_odd": 1.069,
                "home_over_1.75_odd": 1.48,
                "home_over_2.25_odd": 1.909,
                "home_over_2.75_odd": 2.56,
                "home_over_3.25_odd": 3.52,
                "home_under_1.75_odd": 2.57,
                "home_under_2.25_odd": 1.89,
                "home_under_2.75_odd": 1.51,
                "home_under_3.25_odd": 1.28,
                "away_over_0.5_odd": 2.49,
                "away_over_1.0_odd": 7.8,
                "away_over_1.5_odd": 10.2,
                "away_under_0.5_odd": 1.47,
                "away_under_1.0_odd": 1.08,
                "away_under_1.5_odd": 1.046,
                "away_over_0.75_odd": 3.52,
                "away_over_1.25_odd": 7.1,
                "away_over_1.75_odd": 14.5,
                "away_under_0.75_odd": 1.3,
                "away_under_1.25_odd": 1.08,
                "away_under_1.75_odd": 1.01
            }
        ]
    }
]