[
    {
        "last_updated": "2025-07-24T20:52:20.193415+01:00"
    },
    {
        "tournament_name": "Africa Cup of Nations. Outright",
        "tournament_id": 20915,
        "matches": []
    },
    {
        "tournament_name": "Africa Cup of Nations - Women",
        "tournament_id": 15834,
        "matches": [
            {
                "match_id": 27647412,
                "date": "25/07/2025",
                "time": "20:00",
                "home_team": "Ghana (Wom)",
                "away_team": "South Africa (Wom)",
                "match_url": "https://www.asbet.org/en/sports/pre-match/event-view/Soccer/Africa/15834/africa-cup-of-nations---women/27647412/ghana-wom-south-africa-wom",
                "home_qualify_odd": 2.4,
                "away_qualify_odd": 1.5,
                "away_first_half_under_0.75_odd": 1.5,
                "away_first_half_over_0.75_odd": 2.4,
                "away_first_half_under_1.0_odd": 1.21,
                "away_first_half_over_1.0_odd": 3.9,
                "away_first_half_under_0.5_odd": 1.77,
                "away_first_half_over_0.5_odd": 1.93,
                "home_first_half_under_0.75_odd": 1.28,
                "home_first_half_over_0.75_odd": 3.3,
                "home_first_half_under_0.5_odd": 1.48,
                "home_first_half_over_0.5_odd": 2.45,
                "first_half_under_1.25_odd": 1.49,
                "first_half_over_1.25_odd": 2.44,
                "first_half_under_0.75_odd": 2.25,
                "first_half_over_0.75_odd": 1.57,
                "home_first_half_handicap_0.5_odd": 1.44,
                "away_first_half_handicap_-0.5_odd": 2.59,
                "both_score_odd": 1.87,
                "both_noscore_odd": 1.83,
                "away_over_2.25_odd": 3.83,
                "away_under_2.25_odd": 1.22,
                "away_over_1.75_odd": 2.5,
                "away_under_1.75_odd": 1.47,
                "away_over_1.25_odd": 1.75,
                "away_under_1.25_odd": 1.95,
                "away_over_0.75_odd": 1.29,
                "away_under_0.75_odd": 3.25,
                "away_over_2.0_odd": 3.3,
                "away_under_2.0_odd": 1.28,
                "away_over_1.5_odd": 2.07,
                "away_under_1.5_odd": 1.67,
                "away_over_1.0_odd": 1.42,
                "away_under_1.0_odd": 2.65,
                "away_over_0.5_odd": 1.22,
                "away_under_0.5_odd": 3.83,
                "home_over_1.25_odd": 2.7,
                "home_under_1.25_odd": 1.4,
                "home_over_0.75_odd": 1.7,
                "home_under_0.75_odd": 2.02,
                "home_over_1.5_odd": 3.25,
                "home_under_1.5_odd": 1.29,
                "home_over_1.0_odd": 2.17,
                "home_under_1.0_odd": 1.61,
                "home_over_0.5_odd": 1.49,
                "home_under_0.5_odd": 2.44,
                "home_handicap_-0.5_odd": 3.47,
                "away_handicap_0.5_odd": 1.26,
                "X2_odd": 1.26,
                "1X_odd": 1.78,
                "12_odd": 1.29,
                "first_half_over_1.5_odd": 2.87,
                "first_half_under_1.5_odd": 1.36,
                "first_half_over_0.5_odd": 1.41,
                "first_half_under_0.5_odd": 2.68,
                "home_first_half_handicap_0.0_odd": 2.33,
                "away_first_half_handicap_0.0_odd": 1.54,
                "away_first_half_handicap_-0.25_odd": 2.01,
                "home_first_half_handicap_0.25_odd": 1.71,
                "over_2.25_odd": 1.78,
                "under_2.25_odd": 1.92,
                "first_half_under_1.0_odd": 1.78,
                "first_half_over_1.0_odd": 1.92,
                "under_3.25_odd": 1.31,
                "over_3.25_odd": 3.15,
                "under_2.75_odd": 1.55,
                "over_2.75_odd": 2.3,
                "under_1.75_odd": 2.68,
                "over_1.75_odd": 1.41,
                "over_3.5_odd": 3.47,
                "under_3.5_odd": 1.26,
                "under_3.0_odd": 1.37,
                "over_3.0_odd": 2.85,
                "under_2.0_odd": 2.37,
                "over_2.0_odd": 1.52,
                "under_1.5_odd": 3.05,
                "over_1.5_odd": 1.33,
                "away_handicap_0.25_odd": 1.33,
                "home_handicap_-0.25_odd": 3.05,
                "away_handicap_0.0_odd": 1.42,
                "home_handicap_0.0_odd": 2.65,
                "away_handicap_-1.25_odd": 3.15,
                "home_handicap_1.25_odd": 1.31,
                "away_handicap_-0.75_odd": 2.2,
                "home_handicap_0.75_odd": 1.6,
                "away_handicap_-1.0_odd": 2.75,
                "home_handicap_1.0_odd": 1.39,
                "away_handicap_-0.5_odd": 1.9,
                "home_handicap_0.5_odd": 1.8,
                "away_handicap_-0.25_odd": 1.65,
                "home_handicap_0.25_odd": 2.1,
                "2_odd": 1.91,
                "1_odd": 3.61,
                "draw_odd": 3.35,
                "under_2.5_odd": 1.72,
                "over_2.5_odd": 2.0,
                "home_handicap_1.5_odd": 1.26,
                "away_handicap_-1.5_odd": 3.47
            }
        ]
    }
]