[
    {
        "last_updated": "2025-07-24T20:52:10.556084+01:00"
    },
    {
        "tournament_name": "Copa Bolivia",
        "tournament_id": 18284830,
        "matches": [
            {
                "match_id": 27647413,
                "date": "25/07/2025",
                "time": "20:00",
                "home_team": "Club ABB",
                "away_team": "Club Aurora Cochabamba",
                "match_url": "https://www.asbet.org/en/sports/pre-match/event-view/Soccer/Bolivia/18284830/copa-bolivia/27647413/club-abb-club-aurora-cochabamba",
                "under_3.25_odd": 1.82,
                "over_3.25_odd": 1.88,
                "under_2.75_odd": 2.33,
                "over_2.75_odd": 1.54,
                "under_3.5_odd": 1.65,
                "over_3.5_odd": 2.1,
                "under_3.0_odd": 2.08,
                "over_3.0_odd": 1.66,
                "away_handicap_-0.25_odd": 1.78,
                "home_handicap_0.25_odd": 1.92,
                "home_handicap_0.5_odd": 1.7,
                "away_handicap_-0.5_odd": 2.02,
                "12_odd": 1.27,
                "X2_odd": 1.34,
                "1X_odd": 1.68,
                "home_handicap_0.0_odd": 2.3,
                "away_handicap_0.0_odd": 1.55,
                "over_2.5_odd": 1.44,
                "under_2.5_odd": 2.59,
                "2_odd": 2.04,
                "1_odd": 3.05,
                "draw_odd": 3.55,
                "away_handicap_-0.75_odd": 2.33,
                "home_handicap_0.75_odd": 1.54,
                "over_3.75_odd": 2.39,
                "under_3.75_odd": 1.51
            },
            {
                "match_id": 27649573,
                "date": "25/07/2025",
                "time": "23:00",
                "home_team": "Real Oruro",
                "away_team": "Always Ready",
                "match_url": "https://www.asbet.org/en/sports/pre-match/event-view/Soccer/Bolivia/18284830/copa-bolivia/27649573/real-oruro-always-ready",
                "under_3.75_odd": 1.52,
                "over_3.75_odd": 2.37,
                "under_3.25_odd": 1.83,
                "over_3.25_odd": 1.87,
                "under_2.75_odd": 2.37,
                "over_2.75_odd": 1.52,
                "away_handicap_-0.25_odd": 1.72,
                "home_handicap_0.25_odd": 2.0,
                "away_handicap_-0.5_odd": 1.93,
                "home_handicap_0.5_odd": 1.77,
                "X2_odd": 1.33,
                "1X_odd": 1.73,
                "12_odd": 1.25,
                "over_3.5_odd": 2.08,
                "under_3.5_odd": 1.66,
                "draw_odd": 3.69,
                "2_odd": 1.96,
                "1_odd": 3.13,
                "away_handicap_-0.75_odd": 2.21,
                "home_handicap_0.75_odd": 1.59,
                "under_3.0_odd": 2.08,
                "over_3.0_odd": 1.66,
                "away_handicap_0.0_odd": 1.51,
                "home_handicap_0.0_odd": 2.39,
                "over_2.5_odd": 1.44,
                "under_2.5_odd": 2.59
            }
        ]
    }
]