[
    {
        "last_updated": "2025-07-24T20:52:12.564406+01:00"
    },
    {
        "tournament_name": "Primera Division. Outright",
        "tournament_id": 18281252,
        "matches": []
    },
    {
        "tournament_name": "Primera Division",
        "tournament_id": 1809,
        "matches": [
            {
                "match_id": 27575406,
                "date": "26/07/2025",
                "time": "20:00",
                "home_team": "CD La Serena",
                "away_team": "CD Cobresal",
                "match_url": "https://www.asbet.org/en/sports/pre-match/event-view/Soccer/Chile/1809/primera-division/27575406/cd-la-serena-cd-cobresal",
                "away_first_half_under_0.75_odd": 1.33,
                "away_first_half_over_0.75_odd": 3.05,
                "away_first_half_under_0.5_odd": 1.55,
                "away_first_half_over_0.5_odd": 2.3,
                "home_first_half_under_0.75_odd": 1.47,
                "home_first_half_over_0.75_odd": 2.5,
                "home_first_half_under_0.5_odd": 1.74,
                "home_first_half_over_0.5_odd": 1.96,
                "both_score_odd": 1.77,
                "both_noscore_odd": 1.93,
                "away_over_1.75_odd": 3.65,
                "away_under_1.75_odd": 1.24,
                "away_over_1.25_odd": 2.37,
                "away_under_1.25_odd": 1.52,
                "away_over_0.75_odd": 1.53,
                "away_under_0.75_odd": 2.35,
                "away_over_1.5_odd": 2.8,
                "away_under_1.5_odd": 1.38,
                "away_over_1.0_odd": 1.86,
                "away_under_1.0_odd": 1.84,
                "away_over_0.5_odd": 1.38,
                "away_under_0.5_odd": 2.8,
                "home_over_1.75_odd": 2.7,
                "home_under_1.75_odd": 1.4,
                "home_over_1.25_odd": 1.87,
                "home_under_1.25_odd": 1.83,
                "home_over_0.75_odd": 1.33,
                "home_under_0.75_odd": 3.05,
                "home_over_2.0_odd": 3.83,
                "home_under_2.0_odd": 1.22,
                "home_over_1.5_odd": 2.25,
                "home_under_1.5_odd": 1.57,
                "home_over_1.0_odd": 1.49,
                "home_under_1.0_odd": 2.44,
                "home_over_0.5_odd": 1.25,
                "home_under_0.5_odd": 3.57,
                "away_first_half_handicap_-0.25_odd": 2.8,
                "home_first_half_handicap_0.25_odd": 1.38,
                "first_half_under_1.25_odd": 1.52,
                "first_half_over_1.25_odd": 2.37,
                "first_half_under_0.75_odd": 2.3,
                "first_half_over_0.75_odd": 1.55,
                "first_half_under_1.5_odd": 1.38,
                "first_half_over_1.5_odd": 2.8,
                "first_half_under_0.5_odd": 2.7,
                "first_half_over_0.5_odd": 1.4,
                "away_first_half_handicap_0.5_odd": 1.4,
                "home_first_half_handicap_-0.5_odd": 2.7,
                "away_first_half_handicap_0.0_odd": 2.12,
                "home_first_half_handicap_0.0_odd": 1.64,
                "away_first_half_handicap_0.25_odd": 1.59,
                "home_first_half_handicap_-0.25_odd": 2.21,
                "first_half_under_1.0_odd": 1.82,
                "first_half_over_1.0_odd": 1.88,
                "X2_odd": 1.61,
                "1X_odd": 1.34,
                "12_odd": 1.32,
                "home_handicap_-0.75_odd": 2.52,
                "away_handicap_0.75_odd": 1.46,
                "over_2.75_odd": 2.25,
                "under_2.75_odd": 1.57,
                "over_2.25_odd": 1.74,
                "under_2.25_odd": 1.96,
                "over_2.0_odd": 1.5,
                "under_2.0_odd": 2.4,
                "over_2.5_odd": 1.96,
                "under_2.5_odd": 1.74,
                "home_handicap_-0.5_odd": 2.13,
                "away_handicap_0.5_odd": 1.63,
                "home_handicap_0.0_odd": 1.58,
                "away_handicap_0.0_odd": 2.23,
                "draw_odd": 3.15,
                "2_odd": 3.02,
                "1_odd": 2.12,
                "away_handicap_0.25_odd": 1.84,
                "home_handicap_-0.25_odd": 1.86,
                "away_handicap_-0.5_odd": 3.0,
                "home_handicap_0.5_odd": 1.34,
                "over_1.75_odd": 1.39,
                "under_1.75_odd": 2.75,
                "home_handicap_-1.0_odd": 3.3,
                "away_handicap_1.0_odd": 1.28,
                "under_1.5_odd": 3.15,
                "over_1.5_odd": 1.31,
                "under_3.5_odd": 1.27,
                "over_3.5_odd": 3.4,
                "away_handicap_-0.25_odd": 2.59,
                "home_handicap_0.25_odd": 1.44,
                "under_3.0_odd": 1.39,
                "over_3.0_odd": 2.75,
                "under_3.25_odd": 1.32,
                "over_3.25_odd": 3.1
            },
            {
                "match_id": 27575407,
                "date": "26/07/2025",
                "time": "22:30",
                "home_team": "Everton Vina del Mar",
                "away_team": "CD Huachipato",
                "match_url": "https://www.asbet.org/en/sports/pre-match/event-view/Soccer/Chile/1809/primera-division/27575407/everton-vina-del-mar-cd-huachipato",
                "12_odd": 1.28,
                "X2_odd": 1.87,
                "1X_odd": 1.24,
                "under_2.75_odd": 1.61,
                "over_2.75_odd": 2.17,
                "under_2.25_odd": 2.04,
                "over_2.25_odd": 1.69,
                "under_2.0_odd": 2.52,
                "over_2.0_odd": 1.46,
                "away_handicap_0.75_odd": 1.64,
                "home_handicap_-0.75_odd": 2.12,
                "away_handicap_0.25_odd": 2.17,
                "home_handicap_-0.25_odd": 1.61,
                "away_handicap_0.0_odd": 2.75,
                "home_handicap_0.0_odd": 1.39,
                "under_2.5_odd": 1.79,
                "over_2.5_odd": 1.91,
                "2_odd": 3.75,
                "1_odd": 1.81,
                "draw_odd": 3.34,
                "home_handicap_-0.5_odd": 1.83,
                "away_handicap_0.5_odd": 1.87,
                "away_handicap_-0.25_odd": 3.2,
                "home_handicap_0.25_odd": 1.3,
                "away_handicap_1.5_odd": 1.28,
                "home_handicap_-1.5_odd": 3.3,
                "home_handicap_-1.0_odd": 2.62,
                "away_handicap_1.0_odd": 1.43,
                "over_3.0_odd": 2.62,
                "under_3.0_odd": 1.43,
                "over_1.5_odd": 1.29,
                "under_1.5_odd": 3.25,
                "over_3.5_odd": 3.25,
                "under_3.5_odd": 1.29,
                "home_handicap_0.5_odd": 1.24,
                "away_handicap_-0.5_odd": 3.65,
                "home_handicap_-1.25_odd": 3.0,
                "away_handicap_1.25_odd": 1.34,
                "over_3.25_odd": 2.95,
                "under_3.25_odd": 1.35,
                "over_1.75_odd": 1.36,
                "under_1.75_odd": 2.87,
                "both_noscore_odd": 1.9,
                "both_score_odd": 1.8,
                "away_under_1.25_odd": 1.4,
                "away_over_1.25_odd": 2.7,
                "away_under_0.75_odd": 2.07,
                "away_over_0.75_odd": 1.67,
                "away_under_1.5_odd": 1.29,
                "away_over_1.5_odd": 3.25,
                "away_under_1.0_odd": 1.62,
                "away_over_1.0_odd": 2.15,
                "away_under_0.5_odd": 2.5,
                "away_over_0.5_odd": 1.47,
                "home_under_2.25_odd": 1.26,
                "home_over_2.25_odd": 3.47,
                "home_under_1.75_odd": 1.54,
                "home_over_1.75_odd": 2.33,
                "home_under_1.25_odd": 2.1,
                "home_over_1.25_odd": 1.65,
                "home_under_0.75_odd": 3.57,
                "home_over_0.75_odd": 1.25,
                "home_under_2.5_odd": 1.21,
                "home_over_2.5_odd": 3.9,
                "home_under_2.0_odd": 1.33,
                "home_over_2.0_odd": 3.05,
                "home_under_1.5_odd": 1.75,
                "home_over_1.5_odd": 1.95,
                "home_over_1.0_odd": 1.35,
                "home_under_1.0_odd": 2.95,
                "away_first_half_under_0.75_odd": 1.27,
                "away_first_half_over_0.75_odd": 3.4,
                "away_first_half_under_0.5_odd": 1.46,
                "away_first_half_over_0.5_odd": 2.52,
                "home_first_half_under_0.75_odd": 1.58,
                "home_first_half_over_0.75_odd": 2.23,
                "home_first_half_under_1.0_odd": 1.27,
                "home_first_half_over_1.0_odd": 3.4,
                "home_first_half_under_0.5_odd": 1.89,
                "home_first_half_over_0.5_odd": 1.81,
                "away_first_half_handicap_0.5_odd": 1.51,
                "home_first_half_handicap_-0.5_odd": 2.39,
                "away_first_half_handicap_0.25_odd": 1.79,
                "home_first_half_handicap_-0.25_odd": 1.91,
                "first_half_under_1.25_odd": 1.55,
                "first_half_over_1.25_odd": 2.3,
                "first_half_under_0.75_odd": 2.37,
                "first_half_over_0.75_odd": 1.52,
                "first_half_under_1.5_odd": 1.4,
                "first_half_over_1.5_odd": 2.7,
                "first_half_under_0.5_odd": 2.8,
                "first_half_over_0.5_odd": 1.38,
                "first_half_under_1.0_odd": 1.87,
                "first_half_over_1.0_odd": 1.83,
                "away_first_half_handicap_0.0_odd": 2.55,
                "home_first_half_handicap_0.0_odd": 1.45,
                "home_first_half_handicap_-0.75_odd": 3.05,
                "away_first_half_handicap_0.75_odd": 1.33
            },
            {
                "match_id": 27581599,
                "date": "27/07/2025",
                "time": "20:00",
                "home_team": "CD Universidad Catolica Santiago",
                "away_team": "CD Coquimbo Unido",
                "match_url": "https://www.asbet.org/en/sports/pre-match/event-view/Soccer/Chile/1809/primera-division/27581599/cd-universidad-catolica-santiago-cd-coquimbo-unido",
                "home_handicap_-0.5_odd": 2.4,
                "away_handicap_0.5_odd": 1.5,
                "12_odd": 1.38,
                "X2_odd": 1.49,
                "1X_odd": 1.36,
                "away_handicap_0.0_odd": 2.04,
                "home_handicap_0.0_odd": 1.69,
                "under_2.75_odd": 1.31,
                "over_2.75_odd": 3.15,
                "under_1.75_odd": 2.04,
                "over_1.75_odd": 1.69,
                "under_2.5_odd": 1.43,
                "over_2.5_odd": 2.62,
                "under_2.0_odd": 1.75,
                "over_2.0_odd": 1.95,
                "away_handicap_0.75_odd": 1.34,
                "home_handicap_-0.75_odd": 3.0,
                "away_handicap_-0.25_odd": 2.44,
                "home_handicap_0.25_odd": 1.49,
                "away_handicap_0.25_odd": 1.67,
                "home_handicap_-0.25_odd": 2.07,
                "under_2.25_odd": 1.54,
                "over_2.25_odd": 2.33,
                "2_odd": 2.88,
                "1_odd": 2.42,
                "draw_odd": 2.78,
                "over_1.5_odd": 1.54,
                "under_1.5_odd": 2.33,
                "away_handicap_-0.75_odd": 3.65,
                "home_handicap_0.75_odd": 1.24,
                "under_1.25_odd": 2.95,
                "over_1.25_odd": 1.35,
                "home_handicap_0.5_odd": 1.37,
                "away_handicap_-0.5_odd": 2.85,
                "both_score_odd": 2.13,
                "both_noscore_odd": 1.63,
                "away_over_1.25_odd": 2.85,
                "away_under_1.25_odd": 1.37,
                "away_over_0.75_odd": 1.71,
                "away_under_0.75_odd": 2.01,
                "away_over_1.5_odd": 3.4,
                "away_under_1.5_odd": 1.27,
                "away_over_1.0_odd": 2.25,
                "away_under_1.0_odd": 1.57,
                "away_over_0.5_odd": 1.49,
                "away_under_0.5_odd": 2.44,
                "home_over_1.75_odd": 3.83,
                "home_under_1.75_odd": 1.22,
                "home_over_1.25_odd": 2.45,
                "home_under_1.25_odd": 1.48,
                "home_over_0.75_odd": 1.57,
                "home_under_0.75_odd": 2.25,
                "home_over_1.5_odd": 3.0,
                "home_under_1.5_odd": 1.34,
                "home_over_1.0_odd": 1.94,
                "home_under_1.0_odd": 1.76,
                "home_over_0.5_odd": 1.4,
                "home_under_0.5_odd": 2.7,
                "away_first_half_under_0.75_odd": 1.25,
                "away_first_half_over_0.75_odd": 3.57,
                "away_first_half_under_0.5_odd": 1.45,
                "away_first_half_over_0.5_odd": 2.55,
                "home_first_half_under_0.75_odd": 1.31,
                "home_first_half_over_0.75_odd": 3.15,
                "home_first_half_under_0.5_odd": 1.52,
                "home_first_half_over_0.5_odd": 2.37,
                "home_first_half_handicap_-0.25_odd": 2.5,
                "away_first_half_handicap_0.25_odd": 1.47,
                "first_half_over_1.0_odd": 2.5,
                "first_half_under_1.0_odd": 1.47,
                "first_half_under_0.5_odd": 2.25,
                "first_half_over_0.5_odd": 1.57,
                "away_first_half_handicap_-0.25_odd": 2.85,
                "home_first_half_handicap_0.25_odd": 1.37,
                "first_half_under_0.75_odd": 1.86,
                "first_half_over_0.75_odd": 1.84,
                "away_first_half_handicap_0.0_odd": 1.97,
                "home_first_half_handicap_0.0_odd": 1.73
            },
            {
                "match_id": 27581600,
                "date": "27/07/2025",
                "time": "20:00",
                "home_team": "CD Palestino",
                "away_team": "Union Espanola",
                "match_url": "https://www.asbet.org/en/sports/pre-match/event-view/Soccer/Chile/1809/primera-division/27581600/cd-palestino-union-espanola",
                "12_odd": 1.25,
                "X2_odd": 1.95,
                "1X_odd": 1.24,
                "under_2.75_odd": 1.79,
                "over_2.75_odd": 1.91,
                "under_2.25_odd": 2.35,
                "over_2.25_odd": 1.53,
                "under_3.0_odd": 1.58,
                "over_3.0_odd": 2.23,
                "under_2.0_odd": 3.0,
                "over_2.0_odd": 1.34,
                "away_handicap_0.75_odd": 1.75,
                "home_handicap_-0.75_odd": 1.95,
                "away_handicap_0.25_odd": 2.27,
                "home_handicap_-0.25_odd": 1.56,
                "away_handicap_0.0_odd": 2.87,
                "home_handicap_0.0_odd": 1.36,
                "away_handicap_0.5_odd": 1.94,
                "home_handicap_-0.5_odd": 1.76,
                "under_2.5_odd": 2.0,
                "over_2.5_odd": 1.72,
                "2_odd": 3.76,
                "1_odd": 1.73,
                "draw_odd": 3.61,
                "away_handicap_1.0_odd": 1.52,
                "home_handicap_-1.0_odd": 2.37,
                "away_handicap_1.5_odd": 1.34,
                "home_handicap_-1.5_odd": 3.0,
                "under_3.5_odd": 1.38,
                "over_3.5_odd": 2.8,
                "home_handicap_0.25_odd": 1.29,
                "away_handicap_-0.25_odd": 3.25,
                "home_handicap_-1.25_odd": 2.68,
                "away_handicap_1.25_odd": 1.41,
                "over_3.75_odd": 3.3,
                "under_3.75_odd": 1.28,
                "over_3.25_odd": 2.5,
                "under_3.25_odd": 1.47,
                "over_1.75_odd": 1.28,
                "under_1.75_odd": 3.3,
                "both_noscore_odd": 2.04,
                "both_score_odd": 1.69,
                "away_under_1.75_odd": 1.22,
                "away_over_1.75_odd": 3.83,
                "away_under_1.25_odd": 1.47,
                "away_over_1.25_odd": 2.5,
                "away_under_0.75_odd": 2.21,
                "away_over_0.75_odd": 1.59,
                "away_under_1.5_odd": 1.34,
                "away_over_1.5_odd": 3.0,
                "away_under_1.0_odd": 1.74,
                "away_over_1.0_odd": 1.96,
                "away_under_0.5_odd": 2.65,
                "away_over_0.5_odd": 1.42,
                "home_under_2.25_odd": 1.35,
                "home_over_2.25_odd": 2.95,
                "home_under_1.75_odd": 1.69,
                "home_over_1.75_odd": 2.04,
                "home_under_1.25_odd": 2.37,
                "home_over_1.25_odd": 1.52,
                "home_under_0.75_odd": 4.05,
                "home_over_0.75_odd": 1.2,
                "home_under_2.5_odd": 1.28,
                "home_over_2.5_odd": 3.3,
                "home_under_2.0_odd": 1.45,
                "home_over_2.0_odd": 2.55,
                "home_under_1.5_odd": 1.93,
                "home_over_1.5_odd": 1.77,
                "home_under_1.0_odd": 3.47,
                "home_over_1.0_odd": 1.26,
                "away_first_half_under_0.75_odd": 1.3,
                "away_first_half_over_0.75_odd": 3.2,
                "away_first_half_under_0.5_odd": 1.51,
                "away_first_half_over_0.5_odd": 2.39,
                "home_first_half_under_1.25_odd": 1.23,
                "home_first_half_over_1.25_odd": 3.75,
                "home_first_half_under_0.75_odd": 1.68,
                "home_first_half_over_0.75_odd": 2.05,
                "home_first_half_under_1.0_odd": 1.34,
                "home_first_half_over_1.0_odd": 3.0,
                "home_first_half_under_0.5_odd": 2.01,
                "home_first_half_over_0.5_odd": 1.71,
                "first_half_over_1.5_odd": 2.5,
                "first_half_under_1.5_odd": 1.47,
                "home_first_half_handicap_-0.5_odd": 2.27,
                "away_first_half_handicap_0.5_odd": 1.56,
                "first_half_over_1.25_odd": 2.08,
                "first_half_under_1.25_odd": 1.66,
                "first_half_over_0.75_odd": 1.44,
                "first_half_under_0.75_odd": 2.59,
                "home_first_half_handicap_-0.75_odd": 2.87,
                "away_first_half_handicap_0.75_odd": 1.36,
                "first_half_over_1.0_odd": 1.66,
                "first_half_under_1.0_odd": 2.08,
                "away_first_half_handicap_0.0_odd": 2.62,
                "home_first_half_handicap_0.0_odd": 1.43,
                "home_first_half_handicap_-0.25_odd": 1.86,
                "away_first_half_handicap_0.25_odd": 1.84
            },
            {
                "match_id": 27581601,
                "date": "27/07/2025",
                "time": "17:30",
                "home_team": "O´Higgins FC",
                "away_team": "CD Colo Colo",
                "match_url": "https://www.asbet.org/en/sports/pre-match/event-view/Soccer/Chile/1809/primera-division/27581601/ohiggins-fc-cd-colo-colo",
                "both_noscore_odd": 1.87,
                "both_score_odd": 1.83,
                "away_under_1.75_odd": 1.38,
                "away_over_1.75_odd": 2.8,
                "away_under_1.25_odd": 1.79,
                "away_over_1.25_odd": 1.91,
                "away_under_0.75_odd": 2.85,
                "away_over_0.75_odd": 1.37,
                "away_under_2.0_odd": 1.21,
                "away_over_2.0_odd": 3.9,
                "away_under_1.5_odd": 1.56,
                "away_over_1.5_odd": 2.27,
                "away_under_1.0_odd": 2.33,
                "away_over_1.0_odd": 1.54,
                "away_over_0.5_odd": 1.28,
                "away_under_0.5_odd": 3.3,
                "home_under_1.75_odd": 1.24,
                "home_over_1.75_odd": 3.65,
                "home_over_1.25_odd": 2.37,
                "home_under_1.25_odd": 1.52,
                "home_over_0.75_odd": 1.55,
                "home_under_0.75_odd": 2.3,
                "home_under_1.5_odd": 1.37,
                "home_over_1.5_odd": 2.85,
                "home_under_1.0_odd": 1.82,
                "home_over_1.0_odd": 1.88,
                "home_over_0.5_odd": 1.4,
                "home_under_0.5_odd": 2.7,
                "12_odd": 1.29,
                "X2_odd": 1.37,
                "1X_odd": 1.6,
                "under_2.75_odd": 1.53,
                "over_2.75_odd": 2.35,
                "under_2.5_odd": 1.71,
                "over_2.5_odd": 2.01,
                "under_2.0_odd": 2.35,
                "over_2.0_odd": 1.53,
                "away_handicap_0.0_odd": 1.62,
                "home_handicap_0.0_odd": 2.15,
                "away_handicap_-0.75_odd": 2.55,
                "home_handicap_0.75_odd": 1.45,
                "away_handicap_-0.5_odd": 2.17,
                "home_handicap_0.5_odd": 1.61,
                "away_handicap_-0.25_odd": 1.88,
                "home_handicap_0.25_odd": 1.82,
                "under_2.25_odd": 1.92,
                "over_2.25_odd": 1.78,
                "2_odd": 2.14,
                "1_odd": 2.86,
                "draw_odd": 3.29,
                "home_handicap_1.0_odd": 1.28,
                "away_handicap_-1.0_odd": 3.3,
                "over_3.0_odd": 2.85,
                "under_3.0_odd": 1.37,
                "over_1.5_odd": 1.33,
                "under_1.5_odd": 3.05,
                "over_3.5_odd": 3.47,
                "under_3.5_odd": 1.26,
                "home_handicap_-0.25_odd": 2.5,
                "away_handicap_0.25_odd": 1.47,
                "over_1.75_odd": 1.41,
                "under_1.75_odd": 2.68,
                "home_handicap_-0.5_odd": 2.85,
                "away_handicap_0.5_odd": 1.37,
                "over_3.25_odd": 3.2,
                "under_3.25_odd": 1.3,
                "away_first_half_over_0.75_odd": 2.52,
                "away_first_half_under_0.75_odd": 1.46,
                "away_first_half_over_0.5_odd": 2.0,
                "away_first_half_under_0.5_odd": 1.72,
                "home_first_half_over_0.75_odd": 3.1,
                "home_first_half_under_0.75_odd": 1.32,
                "home_first_half_over_0.5_odd": 2.33,
                "home_first_half_under_0.5_odd": 1.54,
                "first_half_under_1.25_odd": 1.5,
                "first_half_over_1.25_odd": 2.4,
                "first_half_under_1.5_odd": 1.36,
                "first_half_over_1.5_odd": 2.87,
                "first_half_under_1.0_odd": 1.79,
                "first_half_over_1.0_odd": 1.91,
                "first_half_under_0.5_odd": 2.68,
                "first_half_over_0.5_odd": 1.41,
                "away_first_half_handicap_0.25_odd": 1.37,
                "home_first_half_handicap_-0.25_odd": 2.85,
                "away_first_half_handicap_-0.25_odd": 2.23,
                "home_first_half_handicap_0.25_odd": 1.58,
                "away_first_half_handicap_-0.5_odd": 2.75,
                "home_first_half_handicap_0.5_odd": 1.39,
                "first_half_over_0.75_odd": 1.57,
                "first_half_under_0.75_odd": 2.25,
                "home_first_half_handicap_0.0_odd": 2.12,
                "away_first_half_handicap_0.0_odd": 1.64,
                "home_handicap_-0.75_odd": 3.57,
                "away_handicap_0.75_odd": 1.25
            },
            {
                "match_id": 27568552,
                "date": "26/07/2025",
                "time": "00:00",
                "home_team": "Deportes Limache",
                "away_team": "Deportivo Nublense",
                "match_url": "https://www.asbet.org/en/sports/pre-match/event-view/Soccer/Chile/1809/primera-division/27568552/deportes-limache-deportivo-nublense",
                "X2_odd": 1.55,
                "1X_odd": 1.4,
                "12_odd": 1.3,
                "home_handicap_0.0_odd": 1.7,
                "away_handicap_0.0_odd": 2.02,
                "over_3.5_odd": 3.15,
                "under_3.5_odd": 1.31,
                "over_3.0_odd": 2.52,
                "under_3.0_odd": 1.46,
                "over_1.5_odd": 1.28,
                "under_1.5_odd": 3.3,
                "over_2.75_odd": 2.12,
                "under_2.75_odd": 1.64,
                "over_2.25_odd": 1.65,
                "under_2.25_odd": 2.1,
                "over_2.5_odd": 1.87,
                "under_2.5_odd": 1.83,
                "over_2.0_odd": 1.44,
                "under_2.0_odd": 2.59,
                "home_handicap_-0.75_odd": 2.7,
                "away_handicap_0.75_odd": 1.4,
                "home_handicap_-0.5_odd": 2.27,
                "away_handicap_0.5_odd": 1.56,
                "home_handicap_0.25_odd": 1.52,
                "away_handicap_-0.25_odd": 2.37,
                "draw_odd": 3.29,
                "2_odd": 2.76,
                "1_odd": 2.3,
                "away_handicap_0.25_odd": 1.73,
                "home_handicap_-0.25_odd": 1.97,
                "away_handicap_-0.75_odd": 3.3,
                "home_handicap_0.75_odd": 1.28,
                "home_handicap_0.5_odd": 1.4,
                "away_handicap_-0.5_odd": 2.7,
                "over_1.75_odd": 1.34,
                "under_1.75_odd": 3.0,
                "over_3.25_odd": 2.85,
                "under_3.25_odd": 1.37,
                "both_score_odd": 1.7,
                "both_noscore_odd": 2.02,
                "away_over_1.75_odd": 3.15,
                "away_under_1.75_odd": 1.31,
                "away_under_1.25_odd": 1.65,
                "away_over_1.25_odd": 2.1,
                "away_under_0.75_odd": 2.59,
                "away_over_0.75_odd": 1.44,
                "away_over_1.5_odd": 2.52,
                "away_under_1.5_odd": 1.46,
                "away_over_1.0_odd": 1.67,
                "away_under_1.0_odd": 2.07,
                "away_over_0.5_odd": 1.32,
                "away_under_0.5_odd": 3.1,
                "home_over_1.75_odd": 2.7,
                "home_under_1.75_odd": 1.4,
                "home_over_1.25_odd": 1.88,
                "home_under_1.25_odd": 1.82,
                "home_over_0.75_odd": 1.34,
                "home_under_0.75_odd": 3.0,
                "home_over_2.0_odd": 3.83,
                "home_under_2.0_odd": 1.22,
                "home_over_1.5_odd": 2.25,
                "home_under_1.5_odd": 1.57,
                "home_under_1.0_odd": 2.4,
                "home_over_1.0_odd": 1.5,
                "home_over_0.5_odd": 1.26,
                "home_under_0.5_odd": 3.47,
                "away_first_half_over_0.75_odd": 2.75,
                "away_first_half_under_0.75_odd": 1.39,
                "away_first_half_over_0.5_odd": 2.13,
                "away_first_half_under_0.5_odd": 1.63,
                "home_first_half_over_0.75_odd": 2.5,
                "home_first_half_under_0.75_odd": 1.47,
                "home_first_half_over_0.5_odd": 1.96,
                "home_first_half_under_0.5_odd": 1.74,
                "away_first_half_handicap_0.25_odd": 1.55,
                "home_first_half_handicap_-0.25_odd": 2.3,
                "away_first_half_handicap_-0.25_odd": 2.65,
                "home_first_half_handicap_0.25_odd": 1.42,
                "first_half_under_0.75_odd": 2.39,
                "first_half_over_0.75_odd": 1.51,
                "first_half_over_1.25_odd": 2.25,
                "first_half_under_1.25_odd": 1.57,
                "first_half_over_1.5_odd": 2.68,
                "first_half_under_1.5_odd": 1.41,
                "first_half_over_0.5_odd": 1.37,
                "first_half_under_0.5_odd": 2.85,
                "first_half_over_1.0_odd": 1.79,
                "first_half_under_1.0_odd": 1.91,
                "home_first_half_handicap_-0.5_odd": 2.85,
                "away_first_half_handicap_0.5_odd": 1.37,
                "away_first_half_handicap_0.0_odd": 1.97,
                "home_first_half_handicap_0.0_odd": 1.73,
                "home_handicap_-1.0_odd": 3.65,
                "away_handicap_1.0_odd": 1.24
            },
            {
                "match_id": 27586984,
                "date": "28/07/2025",
                "time": "23:00",
                "home_team": "CD Union La Calera",
                "away_team": "Universidad de Chile",
                "match_url": "https://www.asbet.org/en/sports/pre-match/event-view/Soccer/Chile/1809/primera-division/27586984/cd-union-la-calera-universidad-de-chile",
                "X2_odd": 1.2,
                "1X_odd": 2.12,
                "12_odd": 1.22,
                "over_3.25_odd": 2.37,
                "under_3.25_odd": 1.52,
                "over_2.75_odd": 1.81,
                "under_2.75_odd": 1.89,
                "over_3.5_odd": 2.62,
                "under_3.5_odd": 1.43,
                "over_2.5_odd": 1.65,
                "under_2.5_odd": 2.1,
                "home_handicap_1.25_odd": 1.53,
                "away_handicap_-1.25_odd": 2.35,
                "home_handicap_0.25_odd": 2.52,
                "away_handicap_-0.25_odd": 1.46,
                "home_handicap_1.0_odd": 1.69,
                "away_handicap_-1.0_odd": 2.04,
                "home_handicap_0.5_odd": 2.15,
                "away_handicap_-0.5_odd": 1.62,
                "home_handicap_0.75_odd": 1.92,
                "away_handicap_-0.75_odd": 1.78,
                "over_3.0_odd": 2.08,
                "under_3.0_odd": 1.66,
                "draw_odd": 3.91,
                "2_odd": 1.6,
                "1_odd": 4.2,
                "home_handicap_1.5_odd": 1.43,
                "away_handicap_-1.5_odd": 2.62,
                "over_2.25_odd": 1.48,
                "under_2.25_odd": 2.45
            },
            {
                "match_id": 27586985,
                "date": "27/07/2025",
                "time": "23:00",
                "home_team": "CD Iquique",
                "away_team": "Audax Italiano",
                "match_url": "https://www.asbet.org/en/sports/pre-match/event-view/Soccer/Chile/1809/primera-division/27586985/cd-iquique-audax-italiano",
                "both_score_odd": 1.65,
                "both_noscore_odd": 2.1,
                "away_over_1.75_odd": 2.7,
                "away_under_1.75_odd": 1.4,
                "away_over_1.25_odd": 1.88,
                "away_under_1.25_odd": 1.82,
                "away_over_0.75_odd": 1.34,
                "away_under_0.75_odd": 3.0,
                "away_over_2.0_odd": 3.83,
                "away_under_2.0_odd": 1.22,
                "away_over_1.5_odd": 2.25,
                "away_under_1.5_odd": 1.57,
                "away_over_1.0_odd": 1.5,
                "away_under_1.0_odd": 2.4,
                "away_over_0.5_odd": 1.25,
                "away_under_0.5_odd": 3.57,
                "home_over_1.75_odd": 3.05,
                "home_under_1.75_odd": 1.33,
                "home_over_1.25_odd": 2.01,
                "home_under_1.25_odd": 1.71,
                "home_over_0.75_odd": 1.39,
                "home_under_0.75_odd": 2.75,
                "home_over_1.5_odd": 2.4,
                "home_under_1.5_odd": 1.5,
                "home_over_1.0_odd": 1.59,
                "home_under_1.0_odd": 2.21,
                "home_over_0.5_odd": 1.29,
                "home_under_0.5_odd": 3.25,
                "first_half_under_1.5_odd": 1.46,
                "first_half_over_1.5_odd": 2.52,
                "12_odd": 1.31,
                "X2_odd": 1.42,
                "1X_odd": 1.51,
                "away_handicap_0.0_odd": 1.75,
                "home_handicap_0.0_odd": 1.95,
                "under_3.25_odd": 1.4,
                "over_3.25_odd": 2.7,
                "under_2.75_odd": 1.69,
                "over_2.75_odd": 2.04,
                "under_3.5_odd": 1.33,
                "over_3.5_odd": 3.05,
                "under_2.5_odd": 1.88,
                "over_2.5_odd": 1.82,
                "away_handicap_0.25_odd": 1.55,
                "home_handicap_-0.25_odd": 2.3,
                "away_handicap_-0.75_odd": 2.85,
                "home_handicap_0.75_odd": 1.37,
                "away_handicap_-0.5_odd": 2.37,
                "home_handicap_0.5_odd": 1.52,
                "away_handicap_-0.25_odd": 2.07,
                "home_handicap_0.25_odd": 1.67,
                "under_3.0_odd": 1.49,
                "over_3.0_odd": 2.44,
                "2_odd": 2.36,
                "1_odd": 2.63,
                "draw_odd": 3.15,
                "away_handicap_0.75_odd": 1.29,
                "home_handicap_-0.75_odd": 3.25,
                "under_1.5_odd": 3.4,
                "over_1.5_odd": 1.27,
                "under_2.0_odd": 2.7,
                "over_2.0_odd": 1.4,
                "under_1.75_odd": 3.1,
                "over_1.75_odd": 1.32,
                "under_2.25_odd": 2.17,
                "over_2.25_odd": 1.61,
                "away_handicap_0.5_odd": 1.43,
                "home_handicap_-0.5_odd": 2.62,
                "away_first_half_over_0.75_odd": 2.44,
                "away_first_half_under_0.75_odd": 1.49,
                "away_first_half_over_1.0_odd": 4.05,
                "away_first_half_under_1.0_odd": 1.2,
                "away_first_half_over_0.5_odd": 1.93,
                "away_first_half_under_0.5_odd": 1.77,
                "home_first_half_over_0.75_odd": 2.59,
                "home_first_half_under_0.75_odd": 1.44,
                "home_first_half_over_0.5_odd": 2.01,
                "home_first_half_under_0.5_odd": 1.71,
                "away_first_half_handicap_-0.25_odd": 2.35,
                "home_first_half_handicap_0.25_odd": 1.53,
                "first_half_under_1.25_odd": 1.64,
                "first_half_over_1.25_odd": 2.12,
                "first_half_under_0.75_odd": 2.55,
                "first_half_over_0.75_odd": 1.45,
                "first_half_under_0.5_odd": 3.05,
                "first_half_over_0.5_odd": 1.33,
                "away_first_half_handicap_0.25_odd": 1.46,
                "home_first_half_handicap_-0.25_odd": 2.52,
                "away_first_half_handicap_-0.5_odd": 2.85,
                "home_first_half_handicap_0.5_odd": 1.37,
                "away_first_half_handicap_0.0_odd": 1.77,
                "home_first_half_handicap_0.0_odd": 1.93,
                "first_half_under_1.0_odd": 2.05,
                "first_half_over_1.0_odd": 1.68
            }
        ]
    },
    {
        "tournament_name": "Primera B",
        "tournament_id": 1810,
        "matches": [
            {
                "match_id": 27630298,
                "date": "27/07/2025",
                "time": "17:30",
                "home_team": "Deportes Antofagasta",
                "away_team": "CD Santiago Wanderers",
                "match_url": "https://www.asbet.org/en/sports/pre-match/event-view/Soccer/Chile/1810/primera-b/27630298/deportes-antofagasta-cd-santiago-wanderers",
                "first_half_under_0.5_odd": 2.68,
                "first_half_over_0.5_odd": 1.41,
                "over_1.5_odd": 1.33,
                "under_1.5_odd": 3.05,
                "away_first_half_over_0.75_odd": 3.05,
                "away_first_half_under_0.75_odd": 1.33,
                "away_first_half_over_0.5_odd": 2.3,
                "away_first_half_under_0.5_odd": 1.55,
                "home_first_half_over_0.75_odd": 2.62,
                "home_first_half_under_0.75_odd": 1.43,
                "home_first_half_over_0.5_odd": 2.04,
                "home_first_half_under_0.5_odd": 1.69,
                "home_first_half_handicap_-0.5_odd": 2.85,
                "away_first_half_handicap_0.5_odd": 1.37,
                "both_noscore_odd": 1.9,
                "both_score_odd": 1.8,
                "away_under_1.75_odd": 1.24,
                "away_over_1.75_odd": 3.65,
                "away_under_1.25_odd": 1.52,
                "away_over_1.25_odd": 2.37,
                "away_under_0.75_odd": 2.35,
                "away_over_0.75_odd": 1.53,
                "away_under_1.5_odd": 1.38,
                "away_over_1.5_odd": 2.8,
                "away_under_1.0_odd": 1.84,
                "away_over_1.0_odd": 1.86,
                "away_under_0.5_odd": 2.8,
                "away_over_0.5_odd": 1.38,
                "home_under_1.75_odd": 1.37,
                "home_over_1.75_odd": 2.85,
                "home_under_1.25_odd": 1.76,
                "home_over_1.25_odd": 1.94,
                "home_under_0.75_odd": 2.85,
                "home_over_0.75_odd": 1.37,
                "home_under_2.0_odd": 1.19,
                "home_over_2.0_odd": 4.15,
                "home_under_1.5_odd": 1.53,
                "home_over_1.5_odd": 2.35,
                "home_under_1.0_odd": 2.3,
                "home_over_1.0_odd": 1.55,
                "home_under_0.5_odd": 3.3,
                "home_over_0.5_odd": 1.28,
                "X2_odd": 1.58,
                "1X_odd": 1.36,
                "12_odd": 1.32,
                "first_half_over_1.25_odd": 2.44,
                "first_half_under_1.25_odd": 1.49,
                "first_half_over_0.75_odd": 1.57,
                "first_half_under_0.75_odd": 2.25,
                "first_half_over_1.5_odd": 2.87,
                "first_half_under_1.5_odd": 1.36,
                "home_first_half_handicap_-0.25_odd": 2.27,
                "away_first_half_handicap_0.25_odd": 1.56,
                "home_first_half_handicap_0.25_odd": 1.4,
                "away_first_half_handicap_-0.25_odd": 2.7,
                "home_first_half_handicap_0.0_odd": 1.65,
                "away_first_half_handicap_0.0_odd": 2.1,
                "first_half_over_1.0_odd": 1.93,
                "first_half_under_1.0_odd": 1.77,
                "away_handicap_1.0_odd": 1.25,
                "home_handicap_-1.0_odd": 3.57,
                "under_3.25_odd": 1.3,
                "over_3.25_odd": 3.2,
                "under_2.25_odd": 1.92,
                "over_2.25_odd": 1.78,
                "under_1.75_odd": 2.68,
                "over_1.75_odd": 1.41,
                "under_3.5_odd": 1.25,
                "over_3.5_odd": 3.57,
                "under_3.0_odd": 1.36,
                "over_3.0_odd": 2.87,
                "under_2.5_odd": 1.7,
                "over_2.5_odd": 2.02,
                "under_2.0_odd": 2.33,
                "over_2.0_odd": 1.54,
                "away_handicap_0.75_odd": 1.42,
                "home_handicap_-0.75_odd": 2.65,
                "away_handicap_0.25_odd": 1.79,
                "home_handicap_-0.25_odd": 1.91,
                "away_handicap_0.5_odd": 1.59,
                "home_handicap_-0.5_odd": 2.21,
                "away_handicap_-0.75_odd": 3.57,
                "home_handicap_0.75_odd": 1.25,
                "away_handicap_-0.25_odd": 2.5,
                "home_handicap_0.25_odd": 1.47,
                "away_handicap_-0.5_odd": 2.85,
                "home_handicap_0.5_odd": 1.37,
                "away_handicap_0.0_odd": 2.13,
                "home_handicap_0.0_odd": 1.63,
                "under_2.75_odd": 1.53,
                "over_2.75_odd": 2.35,
                "2_odd": 2.89,
                "1_odd": 2.21,
                "draw_odd": 3.12
            },
            {
                "match_id": 27630458,
                "date": "27/07/2025",
                "time": "20:00",
                "home_team": "CSD Rangers Talca",
                "away_team": "Deportes Copiapo",
                "match_url": "https://www.asbet.org/en/sports/pre-match/event-view/Soccer/Chile/1810/primera-b/27630458/csd-rangers-talca-deportes-copiapo",
                "home_first_half_handicap_-0.5_odd": 2.68,
                "away_first_half_handicap_0.5_odd": 1.41,
                "away_first_half_under_0.75_odd": 1.29,
                "away_first_half_over_0.75_odd": 3.25,
                "away_first_half_under_0.5_odd": 1.49,
                "away_first_half_over_0.5_odd": 2.44,
                "home_first_half_under_0.75_odd": 1.46,
                "home_first_half_over_0.75_odd": 2.52,
                "home_first_half_under_0.5_odd": 1.73,
                "home_first_half_over_0.5_odd": 1.97,
                "both_score_odd": 1.86,
                "both_noscore_odd": 1.84,
                "away_over_1.75_odd": 3.9,
                "away_under_1.75_odd": 1.21,
                "away_over_1.25_odd": 2.52,
                "away_under_1.25_odd": 1.46,
                "away_over_0.75_odd": 1.61,
                "away_under_0.75_odd": 2.17,
                "away_over_1.5_odd": 3.05,
                "away_under_1.5_odd": 1.33,
                "away_over_1.0_odd": 2.01,
                "away_under_1.0_odd": 1.71,
                "away_over_0.5_odd": 1.43,
                "away_under_0.5_odd": 2.62,
                "home_over_1.75_odd": 2.75,
                "home_under_1.75_odd": 1.39,
                "home_over_1.25_odd": 1.9,
                "home_under_1.25_odd": 1.8,
                "home_over_0.75_odd": 1.35,
                "home_under_0.75_odd": 2.95,
                "home_over_1.5_odd": 2.27,
                "home_under_1.5_odd": 1.56,
                "home_over_1.0_odd": 1.52,
                "home_under_1.0_odd": 2.37,
                "home_over_0.5_odd": 1.27,
                "home_under_0.5_odd": 3.4,
                "12_odd": 1.31,
                "X2_odd": 1.65,
                "1X_odd": 1.32,
                "first_half_under_1.25_odd": 1.47,
                "first_half_over_1.25_odd": 2.5,
                "first_half_under_0.75_odd": 2.2,
                "first_half_over_0.75_odd": 1.6,
                "first_half_under_1.5_odd": 1.34,
                "first_half_over_1.5_odd": 3.0,
                "first_half_under_0.5_odd": 2.59,
                "first_half_over_0.5_odd": 1.44,
                "away_first_half_handicap_0.25_odd": 1.63,
                "home_first_half_handicap_-0.25_odd": 2.13,
                "away_first_half_handicap_-0.25_odd": 3.05,
                "home_first_half_handicap_0.25_odd": 1.33,
                "away_first_half_handicap_0.0_odd": 2.25,
                "home_first_half_handicap_0.0_odd": 1.57,
                "first_half_under_1.0_odd": 1.73,
                "first_half_over_1.0_odd": 1.97,
                "away_handicap_-0.25_odd": 2.68,
                "home_handicap_0.25_odd": 1.41,
                "home_handicap_-1.0_odd": 3.25,
                "away_handicap_1.0_odd": 1.29,
                "over_3.25_odd": 3.3,
                "under_3.25_odd": 1.28,
                "over_2.75_odd": 2.4,
                "under_2.75_odd": 1.5,
                "over_2.25_odd": 1.82,
                "under_2.25_odd": 1.88,
                "over_1.75_odd": 1.44,
                "under_1.75_odd": 2.59,
                "over_3.0_odd": 3.05,
                "under_3.0_odd": 1.33,
                "over_2.0_odd": 1.58,
                "under_2.0_odd": 2.23,
                "over_1.5_odd": 1.36,
                "under_1.5_odd": 2.87,
                "home_handicap_-0.75_odd": 2.45,
                "away_handicap_0.75_odd": 1.48,
                "home_handicap_-0.25_odd": 1.81,
                "away_handicap_0.25_odd": 1.89,
                "home_handicap_-0.5_odd": 2.08,
                "away_handicap_0.5_odd": 1.66,
                "home_handicap_0.5_odd": 1.32,
                "away_handicap_-0.5_odd": 3.1,
                "away_handicap_0.0_odd": 2.3,
                "home_handicap_0.0_odd": 1.55,
                "under_2.5_odd": 1.67,
                "over_2.5_odd": 2.07,
                "2_odd": 3.1,
                "1_odd": 2.07,
                "draw_odd": 3.18,
                "home_over_2.0_odd": 3.9,
                "home_under_2.0_odd": 1.21,
                "over_3.5_odd": 3.65,
                "under_3.5_odd": 1.24,
                "home_handicap_-1.25_odd": 3.65,
                "away_handicap_1.25_odd": 1.24
            },
            {
                "match_id": 27619426,
                "date": "25/07/2025",
                "time": "20:00",
                "home_team": "Deportes Recoleta",
                "away_team": "Deportes Concepcion",
                "match_url": "https://www.asbet.org/en/sports/pre-match/event-view/Soccer/Chile/1810/primera-b/27619426/deportes-recoleta-deportes-concepcion",
                "away_first_half_over_0.75_odd": 3.9,
                "away_first_half_under_0.75_odd": 1.21,
                "away_first_half_over_0.5_odd": 2.8,
                "away_first_half_under_0.5_odd": 1.38,
                "home_first_half_over_0.75_odd": 3.2,
                "home_first_half_under_0.75_odd": 1.3,
                "home_first_half_over_0.5_odd": 2.4,
                "home_first_half_under_0.5_odd": 1.5,
                "first_half_over_0.5_odd": 1.61,
                "first_half_under_0.5_odd": 2.17,
                "home_first_half_handicap_-0.25_odd": 2.37,
                "away_first_half_handicap_0.25_odd": 1.52,
                "home_first_half_handicap_0.25_odd": 1.34,
                "away_first_half_handicap_-0.25_odd": 3.0,
                "both_noscore_odd": 1.61,
                "both_score_odd": 2.17,
                "away_over_1.25_odd": 3.1,
                "away_under_1.25_odd": 1.32,
                "away_over_0.75_odd": 1.81,
                "away_under_0.75_odd": 1.89,
                "away_over_1.5_odd": 3.75,
                "away_under_1.5_odd": 1.23,
                "away_over_1.0_odd": 2.45,
                "away_under_1.0_odd": 1.48,
                "away_over_0.5_odd": 1.55,
                "away_under_0.5_odd": 2.3,
                "home_over_1.75_odd": 3.75,
                "home_under_1.75_odd": 1.23,
                "home_over_1.25_odd": 2.39,
                "home_under_1.25_odd": 1.51,
                "home_over_0.75_odd": 1.54,
                "home_under_0.75_odd": 2.33,
                "home_over_1.5_odd": 2.85,
                "home_under_1.5_odd": 1.37,
                "home_over_1.0_odd": 1.88,
                "home_under_1.0_odd": 1.82,
                "home_over_0.5_odd": 1.38,
                "home_under_0.5_odd": 2.8,
                "over_2.75_odd": 3.57,
                "under_2.75_odd": 1.25,
                "over_1.25_odd": 1.38,
                "under_1.25_odd": 2.8,
                "home_handicap_-0.75_odd": 2.75,
                "away_handicap_0.75_odd": 1.39,
                "home_handicap_-0.5_odd": 2.27,
                "away_handicap_0.5_odd": 1.56,
                "home_handicap_0.25_odd": 1.43,
                "away_handicap_-0.25_odd": 2.62,
                "home_handicap_0.5_odd": 1.33,
                "away_handicap_-0.5_odd": 3.05,
                "12_odd": 1.38,
                "X2_odd": 1.55,
                "1X_odd": 1.32,
                "first_half_under_1.0_odd": 1.42,
                "first_half_over_1.0_odd": 2.65,
                "away_first_half_handicap_0.0_odd": 2.13,
                "home_first_half_handicap_0.0_odd": 1.63,
                "over_2.25_odd": 2.35,
                "under_2.25_odd": 1.53,
                "over_1.75_odd": 1.71,
                "under_1.75_odd": 2.01,
                "over_2.5_odd": 2.65,
                "under_2.5_odd": 1.42,
                "over_1.5_odd": 1.55,
                "under_1.5_odd": 2.3,
                "home_handicap_-0.25_odd": 1.93,
                "away_handicap_0.25_odd": 1.77,
                "home_handicap_0.0_odd": 1.61,
                "away_handicap_0.0_odd": 2.17,
                "over_2.0_odd": 2.0,
                "under_2.0_odd": 1.72,
                "draw_odd": 2.89,
                "2_odd": 3.16,
                "1_odd": 2.29,
                "first_half_under_0.75_odd": 1.8,
                "first_half_over_0.75_odd": 1.9,
                "home_first_half_handicap_-0.5_odd": 3.0,
                "away_first_half_handicap_0.5_odd": 1.34
            },
            {
                "match_id": 27637915,
                "date": "29/07/2025",
                "time": "01:15",
                "home_team": "San Marcos de Arica",
                "away_team": "CD Magallanes",
                "match_url": "https://www.asbet.org/en/sports/pre-match/event-view/Soccer/Chile/1810/primera-b/27637915/san-marcos-de-arica-cd-magallanes",
                "home_under_0.5_odd": 3.57,
                "home_over_0.5_odd": 1.25,
                "away_under_1.75_odd": 1.24,
                "away_over_1.75_odd": 3.65,
                "away_handicap_-0.25_odd": 2.59,
                "home_handicap_0.25_odd": 1.44,
                "away_first_half_under_0.75_odd": 1.32,
                "away_first_half_over_0.75_odd": 3.1,
                "away_first_half_under_0.5_odd": 1.55,
                "away_first_half_over_0.5_odd": 2.3,
                "home_first_half_under_0.75_odd": 1.47,
                "home_first_half_over_0.75_odd": 2.5,
                "home_first_half_under_1.0_odd": 1.2,
                "home_first_half_over_1.0_odd": 4.05,
                "home_first_half_under_0.5_odd": 1.74,
                "home_first_half_over_0.5_odd": 1.96,
                "both_score_odd": 1.8,
                "both_noscore_odd": 1.9,
                "away_over_1.25_odd": 2.37,
                "away_under_1.25_odd": 1.52,
                "away_over_0.75_odd": 1.55,
                "away_under_0.75_odd": 2.3,
                "away_over_1.5_odd": 2.8,
                "away_under_1.5_odd": 1.38,
                "away_over_1.0_odd": 1.88,
                "away_under_1.0_odd": 1.82,
                "away_over_0.5_odd": 1.4,
                "away_under_0.5_odd": 2.7,
                "home_over_1.75_odd": 2.65,
                "home_under_1.75_odd": 1.42,
                "home_over_1.25_odd": 1.84,
                "home_under_1.25_odd": 1.86,
                "home_over_0.75_odd": 1.33,
                "home_under_0.75_odd": 3.05,
                "home_over_2.0_odd": 3.75,
                "home_under_2.0_odd": 1.23,
                "home_over_1.5_odd": 2.2,
                "home_under_1.5_odd": 1.6,
                "home_over_1.0_odd": 1.47,
                "home_under_1.0_odd": 2.5,
                "12_odd": 1.29,
                "X2_odd": 1.66,
                "1X_odd": 1.34,
                "first_half_under_0.75_odd": 2.3,
                "first_half_over_0.75_odd": 1.55,
                "under_3.5_odd": 1.28,
                "over_3.5_odd": 3.3,
                "under_1.5_odd": 3.15,
                "over_1.5_odd": 1.31,
                "away_first_half_handicap_-0.25_odd": 2.85,
                "home_first_half_handicap_0.25_odd": 1.37,
                "first_half_under_1.25_odd": 1.52,
                "first_half_over_1.25_odd": 2.37,
                "first_half_under_1.5_odd": 1.37,
                "first_half_over_1.5_odd": 2.85,
                "first_half_under_0.5_odd": 2.7,
                "first_half_over_0.5_odd": 1.4,
                "away_first_half_handicap_0.5_odd": 1.4,
                "home_first_half_handicap_-0.5_odd": 2.7,
                "away_first_half_handicap_0.0_odd": 2.13,
                "home_first_half_handicap_0.0_odd": 1.63,
                "away_first_half_handicap_0.25_odd": 1.62,
                "home_first_half_handicap_-0.25_odd": 2.15,
                "under_3.25_odd": 1.33,
                "over_3.25_odd": 3.05,
                "under_2.75_odd": 1.58,
                "over_2.75_odd": 2.23,
                "under_2.25_odd": 2.0,
                "over_2.25_odd": 1.72,
                "under_1.75_odd": 2.8,
                "over_1.75_odd": 1.38,
                "under_3.0_odd": 1.4,
                "over_3.0_odd": 2.7,
                "under_2.0_odd": 2.44,
                "over_2.0_odd": 1.49,
                "away_handicap_1.25_odd": 1.25,
                "home_handicap_-1.25_odd": 3.57,
                "away_handicap_0.25_odd": 1.87,
                "home_handicap_-0.25_odd": 1.83,
                "away_handicap_1.0_odd": 1.31,
                "home_handicap_-1.0_odd": 3.15,
                "away_handicap_0.5_odd": 1.67,
                "home_handicap_-0.5_odd": 2.07,
                "away_handicap_0.0_odd": 2.25,
                "home_handicap_0.0_odd": 1.57,
                "under_2.5_odd": 1.76,
                "over_2.5_odd": 1.94,
                "away_handicap_0.75_odd": 1.49,
                "home_handicap_-0.75_odd": 2.44,
                "2_odd": 2.98,
                "1_odd": 2.06,
                "draw_odd": 3.35,
                "first_half_under_1.0_odd": 1.82,
                "first_half_over_1.0_odd": 1.88,
                "away_handicap_-0.5_odd": 2.95,
                "home_handicap_0.5_odd": 1.35
            },
            {
                "match_id": 27624935,
                "date": "26/07/2025",
                "time": "17:30",
                "home_team": "Deportes Santa Cruz",
                "away_team": "CD San Luis de Quillota",
                "match_url": "https://www.asbet.org/en/sports/pre-match/event-view/Soccer/Chile/1810/primera-b/27624935/deportes-santa-cruz-cd-san-luis-de-quillota",
                "home_under_2.0_odd": 1.23,
                "home_over_2.0_odd": 3.75,
                "first_half_under_1.5_odd": 1.37,
                "first_half_over_1.5_odd": 2.85,
                "away_first_half_handicap_0.5_odd": 1.39,
                "home_first_half_handicap_-0.5_odd": 2.75,
                "both_noscore_odd": 1.9,
                "both_score_odd": 1.8,
                "away_under_1.75_odd": 1.23,
                "away_over_1.75_odd": 3.75,
                "away_under_1.25_odd": 1.5,
                "away_over_1.25_odd": 2.4,
                "away_under_0.75_odd": 2.27,
                "away_over_0.75_odd": 1.56,
                "away_under_1.5_odd": 1.36,
                "away_over_1.5_odd": 2.87,
                "away_under_1.0_odd": 1.8,
                "away_over_1.0_odd": 1.9,
                "away_under_0.5_odd": 2.7,
                "away_over_0.5_odd": 1.4,
                "home_under_1.75_odd": 1.42,
                "home_over_1.75_odd": 2.65,
                "home_under_1.25_odd": 1.86,
                "home_over_1.25_odd": 1.84,
                "home_under_0.75_odd": 3.05,
                "home_over_0.75_odd": 1.33,
                "home_under_1.5_odd": 1.6,
                "home_over_1.5_odd": 2.2,
                "home_under_1.0_odd": 2.45,
                "home_over_1.0_odd": 1.48,
                "home_under_0.5_odd": 3.57,
                "home_over_0.5_odd": 1.25,
                "under_2.75_odd": 1.56,
                "over_2.75_odd": 2.27,
                "under_3.0_odd": 1.38,
                "over_3.0_odd": 2.8,
                "away_handicap_0.75_odd": 1.48,
                "home_handicap_-0.75_odd": 2.45,
                "away_handicap_0.5_odd": 1.66,
                "home_handicap_-0.5_odd": 2.08,
                "away_handicap_-0.25_odd": 2.65,
                "home_handicap_0.25_odd": 1.42,
                "away_handicap_-0.5_odd": 3.05,
                "home_handicap_0.5_odd": 1.33,
                "X2_odd": 1.65,
                "1X_odd": 1.33,
                "12_odd": 1.3,
                "over_1.75_odd": 1.39,
                "under_1.75_odd": 2.7,
                "over_2.5_odd": 1.96,
                "under_2.5_odd": 1.74,
                "over_2.0_odd": 1.51,
                "under_2.0_odd": 2.39,
                "over_1.5_odd": 1.32,
                "under_1.5_odd": 3.1,
                "home_handicap_-0.25_odd": 1.83,
                "away_handicap_0.25_odd": 1.87,
                "home_handicap_0.0_odd": 1.55,
                "away_handicap_0.0_odd": 2.3,
                "over_2.25_odd": 1.75,
                "under_2.25_odd": 1.95,
                "draw_odd": 3.33,
                "2_odd": 3.1,
                "1_odd": 2.1,
                "away_first_half_under_0.75_odd": 1.33,
                "away_first_half_over_0.75_odd": 3.05,
                "away_first_half_under_0.5_odd": 1.56,
                "away_first_half_over_0.5_odd": 2.27,
                "home_first_half_under_0.75_odd": 1.46,
                "home_first_half_over_0.75_odd": 2.52,
                "home_first_half_under_0.5_odd": 1.74,
                "home_first_half_over_0.5_odd": 1.96,
                "first_half_under_1.25_odd": 1.52,
                "first_half_over_1.25_odd": 2.37,
                "first_half_under_0.5_odd": 2.7,
                "first_half_over_0.5_odd": 1.4,
                "away_first_half_handicap_0.25_odd": 1.58,
                "home_first_half_handicap_-0.25_odd": 2.23,
                "away_first_half_handicap_-0.25_odd": 2.85,
                "home_first_half_handicap_0.25_odd": 1.37,
                "first_half_over_1.0_odd": 1.88,
                "first_half_under_1.0_odd": 1.82,
                "home_first_half_handicap_0.0_odd": 1.61,
                "away_first_half_handicap_0.0_odd": 2.17,
                "first_half_under_0.75_odd": 2.3,
                "first_half_over_0.75_odd": 1.55,
                "home_handicap_-1.0_odd": 3.2,
                "away_handicap_1.0_odd": 1.3,
                "under_3.25_odd": 1.32,
                "over_3.25_odd": 3.1,
                "under_3.5_odd": 1.27,
                "over_3.5_odd": 3.4,
                "home_handicap_-1.25_odd": 3.65,
                "away_handicap_1.25_odd": 1.24
            },
            {
                "match_id": 27624936,
                "date": "26/07/2025",
                "time": "17:30",
                "home_team": "CD Union San Felipe",
                "away_team": "Deportes Temuco",
                "match_url": "https://www.asbet.org/en/sports/pre-match/event-view/Soccer/Chile/1810/primera-b/27624936/cd-union-san-felipe-deportes-temuco",
                "away_first_half_under_0.75_odd": 1.29,
                "away_first_half_over_0.75_odd": 3.25,
                "away_first_half_under_0.5_odd": 1.49,
                "away_first_half_over_0.5_odd": 2.44,
                "home_first_half_under_0.75_odd": 1.36,
                "home_first_half_over_0.75_odd": 2.87,
                "home_first_half_under_0.5_odd": 1.59,
                "home_first_half_over_0.5_odd": 2.21,
                "first_half_under_1.25_odd": 1.4,
                "first_half_over_1.25_odd": 2.7,
                "first_half_under_0.75_odd": 2.02,
                "first_half_over_0.75_odd": 1.7,
                "first_half_under_0.5_odd": 2.44,
                "first_half_over_0.5_odd": 1.49,
                "away_first_half_handicap_0.25_odd": 1.52,
                "home_first_half_handicap_-0.25_odd": 2.37,
                "away_first_half_handicap_-0.25_odd": 2.85,
                "home_first_half_handicap_0.25_odd": 1.37,
                "both_score_odd": 1.93,
                "both_noscore_odd": 1.77,
                "away_over_1.75_odd": 4.05,
                "away_under_1.75_odd": 1.2,
                "away_over_1.25_odd": 2.62,
                "away_under_1.25_odd": 1.43,
                "away_over_0.75_odd": 1.62,
                "away_under_0.75_odd": 2.15,
                "away_over_1.5_odd": 3.15,
                "away_under_1.5_odd": 1.31,
                "away_over_1.0_odd": 2.05,
                "away_under_1.0_odd": 1.68,
                "away_over_0.5_odd": 1.44,
                "away_under_0.5_odd": 2.59,
                "home_over_1.75_odd": 3.25,
                "home_under_1.75_odd": 1.29,
                "home_over_1.25_odd": 2.15,
                "home_under_1.25_odd": 1.62,
                "home_over_0.75_odd": 1.45,
                "home_under_0.75_odd": 2.55,
                "home_over_1.5_odd": 2.59,
                "home_under_1.5_odd": 1.44,
                "home_over_1.0_odd": 1.7,
                "home_under_1.0_odd": 2.02,
                "home_over_0.5_odd": 1.32,
                "home_under_0.5_odd": 3.1,
                "over_1.75_odd": 1.53,
                "under_1.75_odd": 2.35,
                "over_1.5_odd": 1.42,
                "under_1.5_odd": 2.65,
                "home_handicap_-0.75_odd": 2.8,
                "away_handicap_0.75_odd": 1.38,
                "home_handicap_-0.5_odd": 2.3,
                "away_handicap_0.5_odd": 1.55,
                "home_handicap_0.25_odd": 1.46,
                "away_handicap_-0.25_odd": 2.52,
                "home_handicap_0.5_odd": 1.35,
                "away_handicap_-0.5_odd": 2.95,
                "12_odd": 1.36,
                "X2_odd": 1.54,
                "1X_odd": 1.35,
                "away_first_half_handicap_0.0_odd": 2.07,
                "home_first_half_handicap_0.0_odd": 1.67,
                "first_half_under_1.0_odd": 1.6,
                "first_half_over_1.0_odd": 2.2,
                "under_2.75_odd": 1.41,
                "over_2.75_odd": 2.68,
                "under_3.0_odd": 1.26,
                "over_3.0_odd": 3.47,
                "under_2.5_odd": 1.56,
                "over_2.5_odd": 2.27,
                "under_2.0_odd": 2.0,
                "over_2.0_odd": 1.72,
                "away_handicap_0.25_odd": 1.75,
                "home_handicap_-0.25_odd": 1.95,
                "away_handicap_0.0_odd": 2.13,
                "home_handicap_0.0_odd": 1.63,
                "under_2.25_odd": 1.72,
                "over_2.25_odd": 2.0,
                "2_odd": 3.03,
                "1_odd": 2.31,
                "draw_odd": 2.96,
                "over_1.25_odd": 1.27,
                "under_1.25_odd": 3.4,
                "home_first_half_handicap_-0.5_odd": 3.0,
                "away_first_half_handicap_0.5_odd": 1.34
            },
            {
                "match_id": 27625097,
                "date": "26/07/2025",
                "time": "20:00",
                "home_team": "Curico Unido",
                "away_team": "CD Santiago Morning",
                "match_url": "https://www.asbet.org/en/sports/pre-match/event-view/Soccer/Chile/1810/primera-b/27625097/curico-unido-cd-santiago-morning",
                "home_over_2.5_odd": 3.83,
                "home_under_2.5_odd": 1.22,
                "both_score_odd": 1.91,
                "both_noscore_odd": 1.79,
                "away_over_1.25_odd": 3.0,
                "away_under_1.25_odd": 1.34,
                "away_over_0.75_odd": 1.79,
                "away_under_0.75_odd": 1.91,
                "away_over_1.5_odd": 3.57,
                "away_under_1.5_odd": 1.25,
                "away_over_1.0_odd": 2.39,
                "away_under_1.0_odd": 1.51,
                "away_over_0.5_odd": 1.55,
                "away_under_0.5_odd": 2.3,
                "home_over_2.25_odd": 3.47,
                "home_under_2.25_odd": 1.26,
                "home_over_1.75_odd": 2.3,
                "home_under_1.75_odd": 1.55,
                "home_over_1.25_odd": 1.66,
                "home_under_1.25_odd": 2.08,
                "home_over_0.75_odd": 1.26,
                "home_under_0.75_odd": 3.47,
                "home_over_2.0_odd": 3.05,
                "home_under_2.0_odd": 1.33,
                "home_over_1.5_odd": 1.94,
                "home_under_1.5_odd": 1.76,
                "home_over_1.0_odd": 1.36,
                "home_under_1.0_odd": 2.87,
                "home_over_0.5_odd": 1.2,
                "home_under_0.5_odd": 4.05,
                "over_3.25_odd": 3.15,
                "under_3.25_odd": 1.31,
                "over_1.75_odd": 1.4,
                "under_1.75_odd": 2.7,
                "over_3.5_odd": 3.47,
                "under_3.5_odd": 1.26,
                "under_1.5_odd": 3.1,
                "over_1.5_odd": 1.32,
                "home_handicap_-1.25_odd": 2.75,
                "away_handicap_1.25_odd": 1.39,
                "home_handicap_-0.75_odd": 2.0,
                "away_handicap_0.75_odd": 1.72,
                "home_handicap_0.25_odd": 1.28,
                "away_handicap_-0.25_odd": 3.3,
                "12_odd": 1.27,
                "X2_odd": 1.93,
                "1X_odd": 1.23,
                "over_2.75_odd": 2.3,
                "under_2.75_odd": 1.55,
                "over_2.25_odd": 1.76,
                "under_2.25_odd": 1.94,
                "over_3.0_odd": 2.8,
                "under_3.0_odd": 1.38,
                "over_2.0_odd": 1.52,
                "under_2.0_odd": 2.37,
                "home_handicap_-0.25_odd": 1.56,
                "away_handicap_0.25_odd": 2.27,
                "home_handicap_-1.5_odd": 3.1,
                "away_handicap_1.5_odd": 1.32,
                "home_handicap_-1.0_odd": 2.4,
                "away_handicap_1.0_odd": 1.5,
                "home_handicap_0.0_odd": 1.35,
                "away_handicap_0.0_odd": 2.95,
                "over_2.5_odd": 1.97,
                "under_2.5_odd": 1.73,
                "draw_odd": 3.45,
                "2_odd": 3.87,
                "1_odd": 1.75,
                "away_handicap_0.5_odd": 1.95,
                "home_handicap_-0.5_odd": 1.75,
                "away_first_half_under_0.75_odd": 1.25,
                "away_first_half_over_0.75_odd": 3.57,
                "away_first_half_under_0.5_odd": 1.44,
                "away_first_half_over_0.5_odd": 2.59,
                "home_first_half_under_0.75_odd": 1.55,
                "home_first_half_over_0.75_odd": 2.3,
                "home_first_half_under_1.0_odd": 1.23,
                "home_first_half_over_1.0_odd": 3.75,
                "home_first_half_under_0.5_odd": 1.86,
                "home_first_half_over_0.5_odd": 1.84,
                "first_half_under_1.25_odd": 1.49,
                "first_half_over_1.25_odd": 2.44,
                "first_half_under_0.75_odd": 2.23,
                "first_half_over_0.75_odd": 1.58,
                "first_half_under_0.5_odd": 2.68,
                "first_half_over_0.5_odd": 1.41,
                "away_first_half_handicap_0.5_odd": 1.48,
                "home_first_half_handicap_-0.5_odd": 2.45,
                "first_half_under_1.5_odd": 1.36,
                "first_half_over_1.5_odd": 2.87,
                "away_first_half_handicap_0.0_odd": 2.62,
                "home_first_half_handicap_0.0_odd": 1.43,
                "first_half_under_1.0_odd": 1.77,
                "first_half_over_1.0_odd": 1.93,
                "away_first_half_handicap_0.25_odd": 1.82,
                "home_first_half_handicap_-0.25_odd": 1.88
            },
            {
                "match_id": 27625881,
                "date": "27/07/2025",
                "time": "00:00",
                "home_team": "Universidad de Concepcion",
                "away_team": "CD Cobreloa Calama",
                "match_url": "https://www.asbet.org/en/sports/pre-match/event-view/Soccer/Chile/1810/primera-b/27625881/universidad-de-concepcion-cd-cobreloa-calama",
                "both_noscore_odd": 1.81,
                "both_score_odd": 1.89,
                "away_under_1.75_odd": 1.28,
                "away_over_1.75_odd": 3.3,
                "away_under_1.25_odd": 1.59,
                "away_over_1.25_odd": 2.21,
                "away_under_0.75_odd": 2.5,
                "away_over_0.75_odd": 1.47,
                "away_under_1.5_odd": 1.42,
                "away_over_1.5_odd": 2.65,
                "away_under_1.0_odd": 1.96,
                "away_over_1.0_odd": 1.74,
                "away_under_0.5_odd": 3.0,
                "away_over_0.5_odd": 1.34,
                "home_under_1.75_odd": 1.25,
                "home_over_1.75_odd": 3.57,
                "home_under_1.25_odd": 1.53,
                "home_over_1.25_odd": 2.35,
                "home_under_0.75_odd": 2.35,
                "home_over_0.75_odd": 1.53,
                "home_under_1.5_odd": 1.38,
                "home_over_1.5_odd": 2.8,
                "home_under_1.0_odd": 1.85,
                "home_over_1.0_odd": 1.85,
                "home_under_0.5_odd": 2.8,
                "home_over_0.5_odd": 1.38,
                "under_3.25_odd": 1.25,
                "over_3.25_odd": 3.57,
                "under_2.75_odd": 1.45,
                "over_2.75_odd": 2.55,
                "under_1.25_odd": 3.65,
                "over_1.25_odd": 1.24,
                "under_3.0_odd": 1.29,
                "over_3.0_odd": 3.25,
                "away_handicap_0.75_odd": 1.29,
                "home_handicap_-0.75_odd": 3.25,
                "away_handicap_0.5_odd": 1.43,
                "home_handicap_-0.5_odd": 2.62,
                "away_handicap_-0.75_odd": 3.0,
                "home_handicap_0.75_odd": 1.34,
                "away_handicap_-0.25_odd": 2.12,
                "home_handicap_0.25_odd": 1.64,
                "away_handicap_-0.5_odd": 2.44,
                "home_handicap_0.5_odd": 1.49,
                "X2_odd": 1.42,
                "1X_odd": 1.48,
                "12_odd": 1.33,
                "over_2.25_odd": 1.91,
                "under_2.25_odd": 1.79,
                "over_1.75_odd": 1.49,
                "under_1.75_odd": 2.44,
                "over_2.0_odd": 1.64,
                "under_2.0_odd": 2.12,
                "under_1.5_odd": 2.75,
                "over_1.5_odd": 1.39,
                "away_handicap_0.25_odd": 1.55,
                "home_handicap_-0.25_odd": 2.3,
                "away_handicap_0.0_odd": 1.78,
                "home_handicap_0.0_odd": 1.92,
                "under_2.5_odd": 1.61,
                "over_2.5_odd": 2.17,
                "2_odd": 2.44,
                "1_odd": 2.64,
                "draw_odd": 3.03,
                "away_first_half_under_0.75_odd": 1.36,
                "away_first_half_over_0.75_odd": 2.87,
                "away_first_half_under_0.5_odd": 1.59,
                "away_first_half_over_0.5_odd": 2.21,
                "home_first_half_under_0.75_odd": 1.34,
                "home_first_half_over_0.75_odd": 3.0,
                "home_first_half_under_0.5_odd": 1.56,
                "home_first_half_over_0.5_odd": 2.27,
                "first_half_under_1.25_odd": 1.44,
                "first_half_over_1.25_odd": 2.59,
                "first_half_under_0.5_odd": 2.52,
                "first_half_over_0.5_odd": 1.46,
                "away_first_half_handicap_0.25_odd": 1.44,
                "home_first_half_handicap_-0.25_odd": 2.59,
                "home_first_half_handicap_0.25_odd": 1.47,
                "away_first_half_handicap_-0.25_odd": 2.5,
                "first_half_under_1.0_odd": 1.67,
                "first_half_over_1.0_odd": 2.07,
                "away_first_half_handicap_0.0_odd": 1.8,
                "home_first_half_handicap_0.0_odd": 1.9,
                "first_half_under_0.75_odd": 2.12,
                "first_half_over_0.75_odd": 1.64
            }
        ]
    }
]