[
    {
        "last_updated": "2025-07-24T20:52:01.634419+01:00"
    },
    {
        "tournament_name": "HNL",
        "tournament_id": 1822,
        "matches": [
            {
                "match_id": 27602236,
                "date": "01/08/2025",
                "time": "19:00",
                "home_team": "NK Lokomotiva Zagreb",
                "away_team": "HNK Vukovar 91",
                "match_url": "https://www.asbet.org/en/sports/pre-match/event-view/Soccer/Croatia/1822/hnl/27602236/nk-lokomotiva-zagreb-hnk-vukovar",
                "both_noscore_odd": 1.78,
                "both_score_odd": 1.92,
                "away_over_1.75_odd": 5.35,
                "away_under_1.75_odd": 1.12,
                "away_under_1.25_odd": 1.28,
                "away_over_1.25_odd": 3.3,
                "away_under_0.75_odd": 1.79,
                "away_over_0.75_odd": 1.91,
                "away_under_1.5_odd": 1.21,
                "away_over_1.5_odd": 3.9,
                "away_under_1.0_odd": 1.41,
                "away_over_1.0_odd": 2.68,
                "away_under_0.5_odd": 2.15,
                "away_over_0.5_odd": 1.62,
                "home_under_2.75_odd": 1.17,
                "home_over_2.75_odd": 4.42,
                "home_under_2.25_odd": 1.32,
                "home_over_2.25_odd": 3.1,
                "home_under_1.75_odd": 1.65,
                "home_over_1.75_odd": 2.1,
                "home_under_1.25_odd": 2.3,
                "home_over_1.25_odd": 1.55,
                "home_under_0.75_odd": 3.9,
                "home_over_0.75_odd": 1.21,
                "home_under_2.5_odd": 1.26,
                "home_over_2.5_odd": 3.47,
                "home_under_2.0_odd": 1.42,
                "home_over_2.0_odd": 2.65,
                "home_under_1.5_odd": 1.88,
                "home_over_1.5_odd": 1.82,
                "home_under_1.0_odd": 3.3,
                "home_over_1.0_odd": 1.28,
                "home_under_0.5_odd": 4.57,
                "home_over_0.5_odd": 1.16,
                "under_3.75_odd": 1.19,
                "over_3.75_odd": 4.15,
                "under_3.25_odd": 1.33,
                "over_3.25_odd": 3.05,
                "away_handicap_2.25_odd": 1.14,
                "home_handicap_-2.25_odd": 4.9,
                "home_handicap_-1.75_odd": 3.4,
                "away_handicap_1.75_odd": 1.27,
                "home_handicap_-2.0_odd": 4.57,
                "away_handicap_2.0_odd": 1.16,
                "away_handicap_-0.25_odd": 4.05,
                "home_handicap_0.25_odd": 1.2,
                "X2_odd": 2.16,
                "1X_odd": 1.15,
                "12_odd": 1.26,
                "over_2.75_odd": 2.23,
                "under_2.75_odd": 1.58,
                "under_2.25_odd": 2.0,
                "over_2.25_odd": 1.72,
                "under_1.75_odd": 2.8,
                "over_1.75_odd": 1.38,
                "over_3.5_odd": 3.3,
                "under_3.5_odd": 1.28,
                "over_3.0_odd": 2.7,
                "under_3.0_odd": 1.4,
                "under_2.0_odd": 2.44,
                "over_2.0_odd": 1.49,
                "under_1.5_odd": 3.15,
                "over_1.5_odd": 1.31,
                "home_handicap_-1.25_odd": 2.45,
                "away_handicap_1.25_odd": 1.48,
                "home_handicap_-0.25_odd": 1.43,
                "away_handicap_0.25_odd": 2.62,
                "away_handicap_2.5_odd": 1.12,
                "home_handicap_-2.5_odd": 5.35,
                "away_handicap_1.5_odd": 1.38,
                "home_handicap_-1.5_odd": 2.8,
                "home_handicap_-1.0_odd": 2.13,
                "away_handicap_1.0_odd": 1.63,
                "home_handicap_-0.5_odd": 1.61,
                "away_handicap_0.5_odd": 2.17,
                "home_handicap_0.0_odd": 1.24,
                "away_handicap_0.0_odd": 3.65,
                "home_handicap_0.5_odd": 1.16,
                "away_handicap_-0.5_odd": 4.57,
                "home_handicap_-0.75_odd": 1.8,
                "away_handicap_0.75_odd": 1.9,
                "over_2.5_odd": 1.93,
                "under_2.5_odd": 1.77,
                "2_odd": 4.8,
                "1_odd": 1.6,
                "draw_odd": 3.51,
                "home_first_half_handicap_-0.25_odd": 1.71,
                "away_first_half_handicap_0.25_odd": 2.01,
                "second_half_under_3.5_odd": 1.03,
                "second_half_over_3.5_odd": 9.0,
                "second_half_under_3.0_odd": 1.035,
                "second_half_over_3.0_odd": 8.7,
                "second_half_under_2.5_odd": 1.15,
                "second_half_over_2.5_odd": 4.75,
                "second_half_under_2.0_odd": 1.22,
                "second_half_over_2.0_odd": 3.83,
                "second_half_under_1.5_odd": 1.58,
                "second_half_over_1.5_odd": 2.23,
                "second_half_under_1.0_odd": 2.39,
                "second_half_over_1.0_odd": 1.51,
                "second_half_over_0.5_odd": 1.27,
                "second_half_under_0.5_odd": 3.4,
                "home_second_half_handicap_-1.5_odd": 4.57,
                "away_second_half_handicap_1.5_odd": 1.16,
                "home_second_half_handicap_-1.0_odd": 3.57,
                "away_second_half_handicap_1.0_odd": 1.25,
                "home_second_half_handicap_0.0_odd": 1.32,
                "away_second_half_handicap_0.0_odd": 3.1,
                "away_first_half_over_0.75_odd": 3.9,
                "away_first_half_under_0.75_odd": 1.21,
                "away_first_half_over_0.5_odd": 2.8,
                "away_first_half_under_0.5_odd": 1.38,
                "home_first_half_over_1.25_odd": 3.65,
                "home_first_half_under_1.25_odd": 1.24,
                "home_first_half_over_0.75_odd": 2.04,
                "home_first_half_under_0.75_odd": 1.69,
                "home_first_half_over_1.5_odd": 4.3,
                "home_first_half_under_1.5_odd": 1.18,
                "home_first_half_over_1.0_odd": 3.0,
                "home_first_half_under_1.0_odd": 1.34,
                "home_first_half_over_0.5_odd": 1.7,
                "home_first_half_under_0.5_odd": 2.02,
                "first_half_over_1.25_odd": 2.3,
                "first_half_under_1.25_odd": 1.55,
                "first_half_over_0.75_odd": 1.52,
                "first_half_under_0.75_odd": 2.37,
                "first_half_over_1.0_odd": 1.82,
                "first_half_under_1.0_odd": 1.88,
                "home_first_half_handicap_-1.25_odd": 4.75,
                "away_first_half_handicap_1.25_odd": 1.15,
                "home_first_half_handicap_-1.0_odd": 4.15,
                "away_first_half_handicap_1.0_odd": 1.19,
                "home_first_half_handicap_-0.75_odd": 2.68,
                "away_first_half_handicap_0.75_odd": 1.41,
                "home_first_half_handicap_0.25_odd": 1.2,
                "away_first_half_handicap_-0.25_odd": 4.05,
                "home_first_half_handicap_0.0_odd": 1.31,
                "away_first_half_handicap_0.0_odd": 3.15,
                "first_half_over_0.5_odd": 1.37,
                "first_half_under_0.5_odd": 2.85,
                "home_first_half_handicap_-0.5_odd": 2.15,
                "away_first_half_handicap_0.5_odd": 1.62,
                "home_first_half_handicap_0.5_odd": 1.14,
                "away_first_half_handicap_-0.5_odd": 4.9,
                "first_half_over_1.5_odd": 2.7,
                "first_half_under_1.5_odd": 1.4,
                "home_first_half_under_1.75_odd": 1.1,
                "home_first_half_over_1.75_odd": 5.85,
                "away_first_half_handicap_1.5_odd": 1.12,
                "home_first_half_handicap_-1.5_odd": 5.35
            },
            {
                "match_id": 27602237,
                "date": "02/08/2025",
                "time": "20:00",
                "home_team": "NK Osijek",
                "away_team": "GNK Dinamo Zagreb",
                "match_url": "https://www.asbet.org/en/sports/pre-match/event-view/Soccer/Croatia/1822/hnl/27602237/nk-osijek-gnk-dinamo-zagreb",
                "both_score_odd": 1.72,
                "both_noscore_odd": 2.0,
                "away_under_2.75_odd": 1.29,
                "away_over_2.75_odd": 3.25,
                "away_under_2.25_odd": 1.52,
                "away_over_2.25_odd": 2.37,
                "away_under_1.75_odd": 1.97,
                "away_over_1.75_odd": 1.73,
                "away_under_1.25_odd": 2.87,
                "away_over_1.25_odd": 1.36,
                "away_under_0.75_odd": 5.35,
                "away_over_0.75_odd": 1.12,
                "away_under_2.5_odd": 1.41,
                "away_over_2.5_odd": 2.68,
                "away_under_2.0_odd": 1.7,
                "away_over_2.0_odd": 2.02,
                "away_under_1.5_odd": 2.27,
                "away_over_1.5_odd": 1.56,
                "away_under_1.0_odd": 4.57,
                "away_over_1.0_odd": 1.16,
                "home_under_1.75_odd": 1.16,
                "home_over_1.75_odd": 4.57,
                "home_under_1.25_odd": 1.35,
                "home_over_1.25_odd": 2.95,
                "home_under_0.75_odd": 1.94,
                "home_over_0.75_odd": 1.76,
                "home_under_1.5_odd": 1.26,
                "home_over_1.5_odd": 3.47,
                "home_under_1.0_odd": 1.53,
                "home_over_1.0_odd": 2.35,
                "home_under_0.5_odd": 2.35,
                "home_over_0.5_odd": 1.53,
                "under_3.75_odd": 1.33,
                "over_3.75_odd": 3.05,
                "under_1.75_odd": 3.75,
                "over_1.75_odd": 1.23,
                "away_handicap_0.25_odd": 1.16,
                "home_handicap_-0.25_odd": 4.57,
                "away_handicap_-2.25_odd": 3.9,
                "home_handicap_2.25_odd": 1.21,
                "away_handicap_-1.75_odd": 2.85,
                "home_handicap_1.75_odd": 1.37,
                "away_handicap_-2.0_odd": 3.65,
                "home_handicap_2.0_odd": 1.24,
                "X2_odd": 1.13,
                "12_odd": 1.22,
                "1X_odd": 2.42,
                "under_3.25_odd": 1.54,
                "over_3.25_odd": 2.33,
                "under_2.75_odd": 1.91,
                "over_2.75_odd": 1.79,
                "under_2.25_odd": 2.52,
                "over_2.25_odd": 1.46,
                "under_3.5_odd": 1.45,
                "over_3.5_odd": 2.55,
                "under_3.0_odd": 1.69,
                "over_3.0_odd": 2.04,
                "under_2.0_odd": 3.25,
                "over_2.0_odd": 1.29,
                "under_1.5_odd": 4.05,
                "over_1.5_odd": 1.2,
                "away_handicap_0.5_odd": 1.14,
                "home_handicap_-0.5_odd": 4.9,
                "away_handicap_0.0_odd": 1.2,
                "home_handicap_0.0_odd": 4.05,
                "away_handicap_-1.25_odd": 2.13,
                "home_handicap_1.25_odd": 1.63,
                "away_handicap_-0.25_odd": 1.35,
                "home_handicap_0.25_odd": 2.95,
                "away_handicap_-2.5_odd": 4.3,
                "home_handicap_2.5_odd": 1.18,
                "away_handicap_-1.5_odd": 2.4,
                "home_handicap_1.5_odd": 1.5,
                "away_handicap_-1.0_odd": 1.84,
                "home_handicap_1.0_odd": 1.86,
                "away_handicap_-0.5_odd": 1.5,
                "home_handicap_0.5_odd": 2.4,
                "over_2.5_odd": 1.63,
                "under_2.5_odd": 2.13,
                "draw_odd": 3.9,
                "2_odd": 1.48,
                "1_odd": 5.3,
                "home_handicap_0.75_odd": 2.13,
                "away_handicap_-0.75_odd": 1.63,
                "home_first_half_handicap_0.25_odd": 2.2,
                "away_first_half_handicap_-0.25_odd": 1.6,
                "second_half_over_3.5_odd": 7.3,
                "second_half_under_3.5_odd": 1.06,
                "second_half_over_3.0_odd": 6.7,
                "second_half_under_3.0_odd": 1.075,
                "second_half_over_2.5_odd": 3.65,
                "second_half_under_2.5_odd": 1.24,
                "second_half_over_2.0_odd": 2.8,
                "second_half_under_2.0_odd": 1.38,
                "second_half_over_1.5_odd": 1.87,
                "second_half_under_1.5_odd": 1.83,
                "second_half_over_1.0_odd": 1.32,
                "second_half_under_1.0_odd": 3.1,
                "second_half_over_0.5_odd": 1.18,
                "second_half_under_0.5_odd": 4.3,
                "away_second_half_handicap_-1.5_odd": 3.83,
                "home_second_half_handicap_1.5_odd": 1.22,
                "home_second_half_handicap_1.0_odd": 1.36,
                "away_second_half_handicap_-1.0_odd": 2.87,
                "away_second_half_handicap_0.0_odd": 1.28,
                "home_second_half_handicap_0.0_odd": 3.3,
                "away_first_half_under_1.25_odd": 1.34,
                "away_first_half_over_1.25_odd": 3.0,
                "away_first_half_under_0.75_odd": 1.91,
                "away_first_half_over_0.75_odd": 1.79,
                "away_first_half_under_1.5_odd": 1.25,
                "away_first_half_over_1.5_odd": 3.57,
                "away_first_half_under_1.0_odd": 1.51,
                "away_first_half_over_1.0_odd": 2.39,
                "away_first_half_under_0.5_odd": 2.3,
                "away_first_half_over_0.5_odd": 1.55,
                "home_first_half_under_0.75_odd": 1.22,
                "home_first_half_over_0.75_odd": 3.83,
                "home_first_half_under_0.5_odd": 1.4,
                "home_first_half_over_0.5_odd": 2.7,
                "first_half_under_1.75_odd": 1.36,
                "first_half_over_1.75_odd": 2.87,
                "first_half_under_1.25_odd": 1.74,
                "first_half_over_1.25_odd": 1.96,
                "first_half_under_0.75_odd": 2.7,
                "first_half_over_0.75_odd": 1.4,
                "away_first_half_handicap_0.25_odd": 1.18,
                "home_first_half_handicap_-0.25_odd": 4.3,
                "away_first_half_handicap_-1.25_odd": 3.9,
                "home_first_half_handicap_1.25_odd": 1.21,
                "home_first_half_handicap_1.0_odd": 1.28,
                "away_first_half_handicap_-1.0_odd": 3.3,
                "home_first_half_handicap_0.75_odd": 1.53,
                "away_first_half_handicap_-0.75_odd": 2.35,
                "away_first_half_handicap_0.0_odd": 1.26,
                "home_first_half_handicap_0.0_odd": 3.47,
                "first_half_over_1.5_odd": 2.37,
                "first_half_under_1.5_odd": 1.52,
                "first_half_over_0.5_odd": 1.29,
                "first_half_under_0.5_odd": 3.25,
                "home_first_half_handicap_-0.5_odd": 5.1,
                "away_first_half_handicap_0.5_odd": 1.13,
                "away_first_half_handicap_-0.5_odd": 1.93,
                "home_first_half_handicap_0.5_odd": 1.77,
                "first_half_under_1.0_odd": 2.21,
                "first_half_over_1.0_odd": 1.59,
                "under_4.0_odd": 1.22,
                "over_4.0_odd": 3.83,
                "home_handicap_2.75_odd": 1.12,
                "away_handicap_-2.75_odd": 5.35,
                "away_under_3.0_odd": 1.16,
                "away_over_3.0_odd": 4.57,
                "away_under_3.25_odd": 1.14,
                "away_over_3.25_odd": 4.9,
                "away_first_half_under_1.75_odd": 1.15,
                "away_first_half_over_1.75_odd": 4.75,
                "away_first_half_handicap_-1.5_odd": 4.42,
                "home_first_half_handicap_1.5_odd": 1.17,
                "away_under_3.5_odd": 1.12,
                "away_over_3.5_odd": 5.35
            },
            {
                "match_id": 27602238,
                "date": "03/08/2025",
                "time": "17:45",
                "home_team": "HNK Rijeka",
                "away_team": "NK Slaven Belupo",
                "match_url": "https://www.asbet.org/en/sports/pre-match/event-view/Soccer/Croatia/1822/hnl/27602238/hnk-rijeka-nk-slaven-belupo",
                "both_noscore_odd": 1.75,
                "both_score_odd": 1.95,
                "away_under_1.25_odd": 1.22,
                "away_over_1.25_odd": 3.83,
                "away_under_0.75_odd": 1.66,
                "away_over_0.75_odd": 2.08,
                "away_under_1.5_odd": 1.16,
                "away_over_1.5_odd": 4.57,
                "away_under_1.0_odd": 1.31,
                "away_over_1.0_odd": 3.15,
                "away_under_0.5_odd": 2.0,
                "away_over_0.5_odd": 1.72,
                "home_under_2.75_odd": 1.21,
                "home_over_2.75_odd": 3.9,
                "home_under_2.25_odd": 1.39,
                "home_over_2.25_odd": 2.75,
                "home_under_1.75_odd": 1.76,
                "home_over_1.75_odd": 1.94,
                "home_under_1.25_odd": 2.5,
                "home_over_1.25_odd": 1.47,
                "home_under_0.75_odd": 4.57,
                "home_over_0.75_odd": 1.16,
                "home_under_3.0_odd": 1.11,
                "home_over_3.0_odd": 5.55,
                "home_under_2.5_odd": 1.31,
                "home_over_2.5_odd": 3.15,
                "home_under_2.0_odd": 1.51,
                "home_over_2.0_odd": 2.39,
                "home_under_1.5_odd": 2.0,
                "home_over_1.5_odd": 1.72,
                "home_under_1.0_odd": 3.9,
                "home_over_1.0_odd": 1.21,
                "under_3.75_odd": 1.21,
                "over_3.75_odd": 3.9,
                "under_1.75_odd": 2.87,
                "over_1.75_odd": 1.36,
                "home_handicap_-2.25_odd": 4.3,
                "away_handicap_2.25_odd": 1.18,
                "away_handicap_0.25_odd": 3.05,
                "home_handicap_-0.25_odd": 1.33,
                "home_handicap_0.25_odd": 1.13,
                "away_handicap_-0.25_odd": 5.1,
                "home_handicap_0.0_odd": 1.16,
                "away_handicap_0.0_odd": 4.57,
                "X2_odd": 2.42,
                "1X_odd": 1.09,
                "12_odd": 1.26,
                "under_3.25_odd": 1.35,
                "over_3.25_odd": 2.95,
                "over_2.75_odd": 2.17,
                "under_2.75_odd": 1.61,
                "over_2.25_odd": 1.69,
                "under_2.25_odd": 2.04,
                "under_3.5_odd": 1.29,
                "over_3.5_odd": 3.25,
                "under_3.0_odd": 1.43,
                "over_3.0_odd": 2.62,
                "under_2.0_odd": 2.52,
                "over_2.0_odd": 1.46,
                "under_1.5_odd": 3.25,
                "over_1.5_odd": 1.29,
                "away_handicap_1.75_odd": 1.33,
                "home_handicap_-1.75_odd": 3.05,
                "away_handicap_0.75_odd": 2.1,
                "home_handicap_-0.75_odd": 1.65,
                "home_handicap_-2.5_odd": 4.57,
                "away_handicap_2.5_odd": 1.16,
                "home_handicap_-2.0_odd": 3.9,
                "away_handicap_2.0_odd": 1.21,
                "home_handicap_-1.5_odd": 2.52,
                "away_handicap_1.5_odd": 1.46,
                "away_handicap_1.0_odd": 1.85,
                "home_handicap_-1.0_odd": 1.85,
                "home_handicap_-0.5_odd": 1.5,
                "away_handicap_0.5_odd": 2.4,
                "home_handicap_-1.25_odd": 2.23,
                "away_handicap_1.25_odd": 1.58,
                "draw_odd": 3.47,
                "2_odd": 6.4,
                "1_odd": 1.48,
                "over_2.5_odd": 1.91,
                "under_2.5_odd": 1.79,
                "away_first_half_handicap_0.5_odd": 1.76,
                "home_first_half_handicap_-0.5_odd": 1.94,
                "second_half_over_3.5_odd": 9.0,
                "second_half_under_3.5_odd": 1.03,
                "second_half_over_3.0_odd": 8.5,
                "second_half_under_3.0_odd": 1.04,
                "second_half_over_2.5_odd": 4.57,
                "second_half_under_2.5_odd": 1.16,
                "second_half_over_2.0_odd": 3.57,
                "second_half_under_2.0_odd": 1.25,
                "second_half_over_1.5_odd": 2.15,
                "second_half_under_1.5_odd": 1.62,
                "second_half_over_1.0_odd": 1.47,
                "second_half_under_1.0_odd": 2.5,
                "second_half_over_0.5_odd": 1.24,
                "second_half_under_0.5_odd": 3.65,
                "away_second_half_handicap_1.5_odd": 1.2,
                "home_second_half_handicap_-1.5_odd": 4.05,
                "home_second_half_handicap_-1.0_odd": 3.05,
                "away_second_half_handicap_1.0_odd": 1.33,
                "home_second_half_handicap_0.0_odd": 1.24,
                "away_second_half_handicap_0.0_odd": 3.65,
                "away_first_half_over_0.75_odd": 4.57,
                "away_first_half_under_0.75_odd": 1.16,
                "away_first_half_under_0.5_odd": 1.29,
                "away_first_half_over_0.5_odd": 3.25,
                "home_first_half_under_1.75_odd": 1.12,
                "home_first_half_over_1.75_odd": 5.35,
                "home_first_half_under_1.25_odd": 1.28,
                "home_first_half_over_1.25_odd": 3.3,
                "home_first_half_under_0.75_odd": 1.76,
                "home_first_half_over_0.75_odd": 1.94,
                "home_first_half_under_1.5_odd": 1.21,
                "home_first_half_over_1.5_odd": 3.9,
                "home_first_half_under_1.0_odd": 1.41,
                "home_first_half_over_1.0_odd": 2.68,
                "home_first_half_under_0.5_odd": 2.1,
                "home_first_half_over_0.5_odd": 1.65,
                "first_half_under_1.25_odd": 1.55,
                "first_half_over_1.25_odd": 2.3,
                "first_half_under_0.75_odd": 2.37,
                "first_half_over_0.75_odd": 1.52,
                "away_first_half_handicap_1.25_odd": 1.2,
                "home_first_half_handicap_-1.25_odd": 4.05,
                "away_first_half_handicap_1.0_odd": 1.26,
                "home_first_half_handicap_-1.0_odd": 3.47,
                "away_first_half_handicap_0.75_odd": 1.51,
                "home_first_half_handicap_-0.75_odd": 2.39,
                "home_first_half_handicap_-0.25_odd": 1.61,
                "away_first_half_handicap_0.25_odd": 2.17,
                "home_first_half_handicap_0.25_odd": 1.16,
                "away_first_half_handicap_-0.25_odd": 4.57,
                "home_first_half_handicap_0.0_odd": 1.23,
                "away_first_half_handicap_0.0_odd": 3.75,
                "first_half_under_1.5_odd": 1.4,
                "first_half_over_1.5_odd": 2.7,
                "first_half_over_0.5_odd": 1.38,
                "first_half_under_0.5_odd": 2.8,
                "home_first_half_handicap_-1.5_odd": 4.57,
                "away_first_half_handicap_1.5_odd": 1.16,
                "first_half_under_1.0_odd": 1.87,
                "first_half_over_1.0_odd": 1.83,
                "home_over_0.5_odd": 1.13,
                "home_under_0.5_odd": 5.1,
                "away_first_half_handicap_-0.5_odd": 5.55,
                "home_first_half_handicap_0.5_odd": 1.11
            },
            {
                "match_id": 27602239,
                "date": "03/08/2025",
                "time": "20:00",
                "home_team": "HNK Hajduk Split",
                "away_team": "NK Istra 1961",
                "match_url": "https://www.asbet.org/en/sports/pre-match/event-view/Soccer/Croatia/1822/hnl/27602239/hnk-hajduk-split-nk-istra",
                "both_noscore_odd": 1.8,
                "both_score_odd": 1.9,
                "away_over_1.25_odd": 3.1,
                "away_under_1.25_odd": 1.32,
                "away_under_0.75_odd": 1.84,
                "away_over_0.75_odd": 1.86,
                "away_under_1.5_odd": 1.24,
                "away_over_1.5_odd": 3.65,
                "away_under_1.0_odd": 1.46,
                "away_over_1.0_odd": 2.52,
                "away_under_0.5_odd": 2.21,
                "away_over_0.5_odd": 1.59,
                "home_under_2.75_odd": 1.2,
                "home_over_2.75_odd": 4.05,
                "home_under_2.25_odd": 1.36,
                "home_over_2.25_odd": 2.87,
                "home_under_1.75_odd": 1.71,
                "home_over_1.75_odd": 2.01,
                "home_under_1.25_odd": 2.39,
                "home_over_1.25_odd": 1.51,
                "home_under_0.75_odd": 4.05,
                "home_over_0.75_odd": 1.2,
                "home_under_2.5_odd": 1.29,
                "home_over_2.5_odd": 3.25,
                "home_under_2.0_odd": 1.47,
                "home_over_2.0_odd": 2.5,
                "home_under_1.5_odd": 1.94,
                "home_over_1.5_odd": 1.76,
                "home_under_1.0_odd": 3.47,
                "home_over_1.0_odd": 1.26,
                "under_3.75_odd": 1.22,
                "over_3.75_odd": 3.83,
                "under_1.75_odd": 3.0,
                "over_1.75_odd": 1.34,
                "away_handicap_2.25_odd": 1.15,
                "home_handicap_-2.25_odd": 4.75,
                "away_handicap_2.0_odd": 1.17,
                "home_handicap_-2.0_odd": 4.42,
                "away_handicap_-0.25_odd": 3.83,
                "home_handicap_0.25_odd": 1.22,
                "away_handicap_0.0_odd": 3.4,
                "home_handicap_0.0_odd": 1.27,
                "X2_odd": 2.12,
                "1X_odd": 1.19,
                "12_odd": 1.24,
                "under_3.25_odd": 1.37,
                "over_3.25_odd": 2.85,
                "under_2.75_odd": 1.64,
                "over_2.75_odd": 2.12,
                "under_2.25_odd": 2.1,
                "over_2.25_odd": 1.65,
                "under_3.5_odd": 1.31,
                "over_3.5_odd": 3.15,
                "under_3.0_odd": 1.46,
                "over_3.0_odd": 2.52,
                "under_2.0_odd": 2.62,
                "over_2.0_odd": 1.43,
                "under_1.5_odd": 3.3,
                "over_1.5_odd": 1.28,
                "away_handicap_1.75_odd": 1.29,
                "home_handicap_-1.75_odd": 3.25,
                "away_handicap_1.25_odd": 1.52,
                "home_handicap_-1.25_odd": 2.37,
                "away_handicap_0.75_odd": 1.91,
                "home_handicap_-0.75_odd": 1.79,
                "away_handicap_0.25_odd": 2.55,
                "home_handicap_-0.25_odd": 1.45,
                "away_handicap_2.5_odd": 1.13,
                "home_handicap_-2.5_odd": 5.1,
                "away_handicap_1.5_odd": 1.42,
                "home_handicap_-1.5_odd": 2.65,
                "away_handicap_0.5_odd": 2.17,
                "home_handicap_-0.5_odd": 1.61,
                "under_2.5_odd": 1.85,
                "over_2.5_odd": 1.85,
                "2_odd": 4.4,
                "1_odd": 1.6,
                "draw_odd": 3.74,
                "home_handicap_-1.0_odd": 2.08,
                "away_handicap_1.0_odd": 1.66,
                "away_first_half_handicap_0.5_odd": 1.62,
                "home_first_half_handicap_-0.5_odd": 2.15,
                "second_half_over_3.5_odd": 8.5,
                "second_half_under_3.5_odd": 1.04,
                "second_half_over_3.0_odd": 8.5,
                "second_half_under_3.0_odd": 1.04,
                "second_half_over_2.5_odd": 4.3,
                "second_half_under_2.5_odd": 1.18,
                "second_half_over_2.0_odd": 3.47,
                "second_half_under_2.0_odd": 1.26,
                "second_half_over_1.5_odd": 2.12,
                "second_half_under_1.5_odd": 1.64,
                "second_half_over_1.0_odd": 1.45,
                "second_half_under_1.0_odd": 2.55,
                "second_half_over_0.5_odd": 1.23,
                "second_half_under_0.5_odd": 3.75,
                "away_second_half_handicap_1.5_odd": 1.17,
                "home_second_half_handicap_-1.5_odd": 4.42,
                "home_second_half_handicap_-1.0_odd": 3.4,
                "away_second_half_handicap_1.0_odd": 1.27,
                "away_second_half_handicap_0.0_odd": 3.1,
                "home_second_half_handicap_0.0_odd": 1.32,
                "away_first_half_under_0.75_odd": 1.22,
                "away_first_half_over_0.75_odd": 3.83,
                "away_first_half_under_0.5_odd": 1.4,
                "away_first_half_over_0.5_odd": 2.7,
                "home_first_half_under_1.25_odd": 1.23,
                "home_first_half_over_1.25_odd": 3.75,
                "home_first_half_under_0.75_odd": 1.68,
                "home_first_half_over_0.75_odd": 2.05,
                "home_first_half_under_1.5_odd": 1.18,
                "home_first_half_over_1.5_odd": 4.3,
                "home_first_half_under_1.0_odd": 1.34,
                "home_first_half_over_1.0_odd": 3.0,
                "home_first_half_under_0.5_odd": 2.01,
                "home_first_half_over_0.5_odd": 1.71,
                "first_half_under_1.25_odd": 1.57,
                "first_half_over_1.25_odd": 2.25,
                "first_half_under_0.75_odd": 2.39,
                "first_half_over_0.75_odd": 1.51,
                "away_first_half_handicap_1.25_odd": 1.14,
                "home_first_half_handicap_-1.25_odd": 4.9,
                "away_first_half_handicap_1.0_odd": 1.19,
                "home_first_half_handicap_-1.0_odd": 4.15,
                "home_first_half_handicap_-0.75_odd": 2.7,
                "away_first_half_handicap_0.75_odd": 1.4,
                "home_first_half_handicap_-0.25_odd": 1.75,
                "away_first_half_handicap_0.25_odd": 1.95,
                "away_first_half_handicap_-0.25_odd": 3.9,
                "home_first_half_handicap_0.25_odd": 1.21,
                "away_first_half_handicap_0.0_odd": 3.05,
                "home_first_half_handicap_0.0_odd": 1.33,
                "first_half_over_1.5_odd": 2.68,
                "first_half_under_1.5_odd": 1.41,
                "first_half_over_0.5_odd": 1.37,
                "first_half_under_0.5_odd": 2.85,
                "away_first_half_handicap_1.5_odd": 1.12,
                "home_first_half_handicap_-1.5_odd": 5.35,
                "away_first_half_handicap_-0.5_odd": 4.75,
                "home_first_half_handicap_0.5_odd": 1.15,
                "first_half_under_1.0_odd": 1.91,
                "first_half_over_1.0_odd": 1.79,
                "away_handicap_-0.5_odd": 4.15,
                "home_handicap_0.5_odd": 1.19,
                "away_handicap_-0.75_odd": 5.55,
                "home_handicap_0.75_odd": 1.11,
                "home_under_0.5_odd": 4.57,
                "home_over_0.5_odd": 1.16,
                "away_under_1.75_odd": 1.14,
                "away_over_1.75_odd": 4.9
            },
            {
                "match_id": 27602240,
                "date": "04/08/2025",
                "time": "20:00",
                "home_team": "NK Varazdin",
                "away_team": "HNK Gorica",
                "match_url": "https://www.asbet.org/en/sports/pre-match/event-view/Soccer/Croatia/1822/hnl/27602240/nk-varazdin-hnk-gorica",
                "away_handicap_2.0_odd": 1.11,
                "home_handicap_-2.0_odd": 5.55,
                "both_noscore_odd": 1.64,
                "both_score_odd": 2.12,
                "away_over_1.25_odd": 3.75,
                "away_under_1.25_odd": 1.23,
                "away_under_0.75_odd": 1.68,
                "away_over_0.75_odd": 2.05,
                "away_over_1.5_odd": 4.42,
                "away_under_1.5_odd": 1.17,
                "away_under_1.0_odd": 1.33,
                "away_over_1.0_odd": 3.05,
                "away_under_0.5_odd": 2.01,
                "away_over_0.5_odd": 1.71,
                "home_under_2.25_odd": 1.22,
                "home_over_2.25_odd": 3.83,
                "home_under_1.75_odd": 1.48,
                "home_over_1.75_odd": 2.45,
                "home_under_1.25_odd": 1.96,
                "home_over_1.25_odd": 1.74,
                "home_under_0.75_odd": 3.3,
                "home_over_0.75_odd": 1.28,
                "home_under_2.5_odd": 1.18,
                "home_over_2.5_odd": 4.3,
                "home_under_2.0_odd": 1.28,
                "home_over_2.0_odd": 3.3,
                "home_under_1.5_odd": 1.68,
                "home_over_1.5_odd": 2.05,
                "home_under_1.0_odd": 2.7,
                "home_over_1.0_odd": 1.4,
                "home_under_0.5_odd": 3.9,
                "home_over_0.5_odd": 1.21,
                "under_3.25_odd": 1.22,
                "over_3.25_odd": 3.83,
                "under_2.75_odd": 1.42,
                "over_2.75_odd": 2.65,
                "under_2.25_odd": 1.74,
                "over_2.25_odd": 1.96,
                "under_1.75_odd": 2.37,
                "over_1.75_odd": 1.52,
                "under_1.25_odd": 3.47,
                "over_1.25_odd": 1.26,
                "under_3.5_odd": 1.19,
                "over_3.5_odd": 4.15,
                "under_3.0_odd": 1.27,
                "over_3.0_odd": 3.4,
                "over_2.0_odd": 1.7,
                "under_2.0_odd": 2.02,
                "over_1.5_odd": 1.41,
                "under_1.5_odd": 2.68,
                "away_handicap_1.75_odd": 1.21,
                "home_handicap_-1.75_odd": 3.9,
                "home_handicap_-1.25_odd": 2.8,
                "away_handicap_1.25_odd": 1.38,
                "home_handicap_-0.75_odd": 1.93,
                "away_handicap_0.75_odd": 1.77,
                "away_handicap_0.25_odd": 2.44,
                "home_handicap_-0.25_odd": 1.49,
                "away_handicap_1.5_odd": 1.31,
                "home_handicap_-1.5_odd": 3.15,
                "home_handicap_-1.0_odd": 2.39,
                "away_handicap_1.0_odd": 1.51,
                "home_handicap_0.25_odd": 1.21,
                "away_handicap_-0.25_odd": 3.9,
                "home_handicap_0.5_odd": 1.17,
                "away_handicap_-0.5_odd": 4.42,
                "away_handicap_0.0_odd": 3.4,
                "home_handicap_0.0_odd": 1.27,
                "X2_odd": 2.03,
                "1X_odd": 1.17,
                "12_odd": 1.3,
                "2_odd": 4.7,
                "1_odd": 1.68,
                "draw_odd": 3.23,
                "over_2.5_odd": 2.25,
                "under_2.5_odd": 1.57,
                "away_handicap_0.5_odd": 2.02,
                "home_handicap_-0.5_odd": 1.7,
                "home_first_half_handicap_-0.25_odd": 1.8,
                "away_first_half_handicap_0.25_odd": 1.9,
                "second_half_over_3.5_odd": 10.3,
                "second_half_under_3.5_odd": 1.017,
                "second_half_over_3.0_odd": 10.0,
                "second_half_under_3.0_odd": 1.02,
                "second_half_over_2.5_odd": 5.55,
                "second_half_under_2.5_odd": 1.11,
                "second_half_over_2.0_odd": 4.57,
                "second_half_under_2.0_odd": 1.16,
                "second_half_over_1.5_odd": 2.45,
                "second_half_under_1.5_odd": 1.48,
                "second_half_over_1.0_odd": 1.64,
                "second_half_under_1.0_odd": 2.12,
                "second_half_over_0.5_odd": 1.32,
                "second_half_under_0.5_odd": 3.1,
                "away_second_half_handicap_1.0_odd": 1.2,
                "home_second_half_handicap_-1.0_odd": 4.05,
                "away_second_half_handicap_0.0_odd": 2.95,
                "home_second_half_handicap_0.0_odd": 1.35,
                "away_first_half_over_0.75_odd": 4.42,
                "away_first_half_under_0.75_odd": 1.17,
                "away_first_half_over_0.5_odd": 3.1,
                "away_first_half_under_0.5_odd": 1.32,
                "home_first_half_under_1.25_odd": 1.18,
                "home_first_half_over_1.25_odd": 4.3,
                "home_first_half_under_0.75_odd": 1.56,
                "home_first_half_over_0.75_odd": 2.27,
                "home_first_half_under_1.5_odd": 1.14,
                "home_first_half_over_1.5_odd": 4.9,
                "home_first_half_under_1.0_odd": 1.25,
                "home_first_half_over_1.0_odd": 3.57,
                "home_first_half_under_0.5_odd": 1.86,
                "home_first_half_over_0.5_odd": 1.84,
                "first_half_under_1.25_odd": 1.42,
                "first_half_over_1.25_odd": 2.65,
                "first_half_under_1.5_odd": 1.31,
                "first_half_over_1.5_odd": 3.15,
                "first_half_under_1.0_odd": 1.65,
                "first_half_over_1.0_odd": 2.1,
                "first_half_under_0.5_odd": 2.5,
                "first_half_over_0.5_odd": 1.47,
                "away_first_half_handicap_0.75_odd": 1.36,
                "home_first_half_handicap_-0.75_odd": 2.87,
                "away_first_half_handicap_0.5_odd": 1.56,
                "home_first_half_handicap_-0.5_odd": 2.27,
                "away_first_half_handicap_-0.25_odd": 4.15,
                "home_first_half_handicap_0.25_odd": 1.19,
                "away_first_half_handicap_-0.5_odd": 4.9,
                "home_first_half_handicap_0.5_odd": 1.14,
                "home_first_half_handicap_0.0_odd": 1.32,
                "away_first_half_handicap_0.0_odd": 3.1,
                "first_half_under_0.75_odd": 2.08,
                "first_half_over_0.75_odd": 1.66,
                "home_over_2.75_odd": 5.55,
                "home_under_2.75_odd": 1.11,
                "away_second_half_handicap_1.5_odd": 1.13,
                "home_second_half_handicap_-1.5_odd": 5.1,
                "home_first_half_handicap_-1.25_odd": 5.35,
                "away_first_half_handicap_1.25_odd": 1.12,
                "home_first_half_handicap_-1.0_odd": 4.75,
                "away_first_half_handicap_1.0_odd": 1.15
            }
        ]
    }
]