[
    {
        "last_updated": "2025-07-24T20:52:17.110407+01:00"
    },
    {
        "tournament_name": "Superliga. Outright",
        "tournament_id": 23061,
        "matches": []
    },
    {
        "tournament_name": "1st Division",
        "tournament_id": 1830,
        "matches": [
            {
                "match_id": 27575448,
                "date": "26/07/2025",
                "time": "13:00",
                "home_team": "Hillerod Fodbold",
                "away_team": "Aalborg BK",
                "match_url": "https://www.asbet.org/en/sports/pre-match/event-view/Soccer/Denmark/1830/st-division/27575448/hillerod-fodbold-aalborg-bk",
                "away_first_half_under_0.75_odd": 1.42,
                "away_first_half_over_0.75_odd": 2.65,
                "away_first_half_under_0.5_odd": 1.67,
                "away_first_half_over_0.5_odd": 2.07,
                "home_first_half_under_0.75_odd": 1.52,
                "home_first_half_over_0.75_odd": 2.37,
                "home_first_half_under_1.0_odd": 1.22,
                "home_first_half_over_1.0_odd": 3.83,
                "home_first_half_over_0.5_odd": 1.89,
                "home_first_half_under_0.5_odd": 1.81,
                "away_over_1.75_odd": 2.95,
                "away_under_1.75_odd": 1.35,
                "away_over_1.25_odd": 1.97,
                "away_under_1.25_odd": 1.73,
                "away_over_0.75_odd": 1.39,
                "away_under_0.75_odd": 2.75,
                "home_over_2.25_odd": 3.83,
                "home_under_2.25_odd": 1.22,
                "home_over_1.75_odd": 2.5,
                "home_under_1.75_odd": 1.47,
                "home_over_1.25_odd": 1.75,
                "home_under_1.25_odd": 1.95,
                "home_over_0.75_odd": 1.29,
                "home_under_0.75_odd": 3.25,
                "under_3.0_odd": 1.57,
                "over_3.0_odd": 2.25,
                "away_first_half_handicap_0.25_odd": 1.57,
                "home_first_half_handicap_-0.25_odd": 2.25,
                "under_3.25_odd": 1.46,
                "over_3.25_odd": 2.52,
                "under_2.5_odd": 1.96,
                "over_2.5_odd": 1.74,
                "both_noscore_odd": 2.17,
                "both_score_odd": 1.61,
                "away_under_1.5_odd": 1.51,
                "away_over_1.5_odd": 2.39,
                "away_under_1.0_odd": 2.21,
                "away_over_1.0_odd": 1.59,
                "away_under_0.5_odd": 3.25,
                "away_over_0.5_odd": 1.29,
                "home_under_2.0_odd": 1.27,
                "home_over_2.0_odd": 3.4,
                "home_under_1.5_odd": 1.66,
                "home_over_1.5_odd": 2.08,
                "home_under_1.0_odd": 2.68,
                "home_over_1.0_odd": 1.41,
                "home_over_0.5_odd": 1.22,
                "home_under_0.5_odd": 3.83,
                "over_2.25_odd": 1.55,
                "under_2.25_odd": 2.3,
                "home_handicap_-0.75_odd": 2.62,
                "away_handicap_0.75_odd": 1.43,
                "away_handicap_1.0_odd": 1.27,
                "home_handicap_-1.0_odd": 3.4,
                "away_handicap_-0.75_odd": 3.3,
                "home_handicap_0.75_odd": 1.28,
                "away_handicap_0.0_odd": 2.07,
                "home_handicap_0.0_odd": 1.67,
                "away_handicap_0.25_odd": 1.76,
                "home_handicap_-0.25_odd": 1.94,
                "first_half_under_1.25_odd": 1.63,
                "first_half_over_1.25_odd": 2.13,
                "first_half_under_0.75_odd": 2.52,
                "first_half_over_0.75_odd": 1.46,
                "first_half_under_1.5_odd": 1.46,
                "first_half_over_1.5_odd": 2.52,
                "first_half_over_0.5_odd": 1.33,
                "first_half_under_0.5_odd": 3.05,
                "home_first_half_handicap_-0.5_odd": 2.75,
                "away_first_half_handicap_0.5_odd": 1.39,
                "home_first_half_handicap_0.25_odd": 1.42,
                "away_first_half_handicap_-0.25_odd": 2.65,
                "away_first_half_handicap_0.0_odd": 2.01,
                "home_first_half_handicap_0.0_odd": 1.71,
                "first_half_over_1.0_odd": 1.69,
                "first_half_under_1.0_odd": 2.04,
                "over_3.75_odd": 3.3,
                "under_3.75_odd": 1.28,
                "over_1.75_odd": 1.28,
                "under_1.75_odd": 3.3,
                "over_3.5_odd": 2.8,
                "under_3.5_odd": 1.38,
                "over_2.0_odd": 1.35,
                "under_2.0_odd": 2.95,
                "home_handicap_-0.5_odd": 2.21,
                "away_handicap_0.5_odd": 1.59,
                "home_handicap_0.25_odd": 1.51,
                "away_handicap_-0.25_odd": 2.39,
                "home_handicap_0.5_odd": 1.4,
                "away_handicap_-0.5_odd": 2.7,
                "12_odd": 1.29,
                "X2_odd": 1.58,
                "1X_odd": 1.4,
                "under_2.75_odd": 1.77,
                "over_2.75_odd": 1.92,
                "2_odd": 2.78,
                "1_odd": 2.23,
                "draw_odd": 3.41
            },
            {
                "match_id": 27575449,
                "date": "26/07/2025",
                "time": "13:00",
                "home_team": "Esbjerg fB",
                "away_team": "Hvidovre IF",
                "match_url": "https://www.asbet.org/en/sports/pre-match/event-view/Soccer/Denmark/1830/st-division/27575449/esbjerg-fb-hvidovre-if",
                "away_first_half_over_0.75_odd": 2.45,
                "away_first_half_under_0.75_odd": 1.48,
                "away_first_half_over_0.5_odd": 1.95,
                "away_first_half_under_0.5_odd": 1.75,
                "home_first_half_over_0.75_odd": 2.23,
                "home_first_half_under_0.75_odd": 1.58,
                "home_first_half_over_1.0_odd": 3.4,
                "home_first_half_under_1.0_odd": 1.27,
                "home_first_half_over_0.5_odd": 1.81,
                "home_first_half_under_0.5_odd": 1.89,
                "both_score_odd": 1.51,
                "both_noscore_odd": 2.39,
                "away_over_1.75_odd": 2.62,
                "away_under_1.75_odd": 1.43,
                "away_under_1.25_odd": 1.89,
                "away_over_1.25_odd": 1.81,
                "away_under_0.75_odd": 3.1,
                "away_over_0.75_odd": 1.32,
                "away_under_2.0_odd": 1.24,
                "away_over_2.0_odd": 3.65,
                "away_under_1.5_odd": 1.61,
                "away_over_1.5_odd": 2.17,
                "away_under_1.0_odd": 2.52,
                "away_over_1.0_odd": 1.46,
                "away_under_0.5_odd": 3.65,
                "away_over_0.5_odd": 1.24,
                "home_under_2.25_odd": 1.27,
                "home_over_2.25_odd": 3.4,
                "home_under_1.75_odd": 1.55,
                "home_over_1.75_odd": 2.3,
                "home_under_1.25_odd": 2.12,
                "home_over_1.25_odd": 1.64,
                "home_under_0.75_odd": 3.65,
                "home_over_0.75_odd": 1.24,
                "home_under_2.0_odd": 1.34,
                "home_over_2.0_odd": 3.0,
                "home_under_1.5_odd": 1.77,
                "home_over_1.5_odd": 1.93,
                "home_under_1.0_odd": 3.0,
                "home_over_1.0_odd": 1.34,
                "under_3.75_odd": 1.36,
                "over_3.75_odd": 2.87,
                "under_2.0_odd": 3.47,
                "over_2.0_odd": 1.26,
                "X2_odd": 1.58,
                "1X_odd": 1.41,
                "12_odd": 1.27,
                "home_first_half_handicap_-0.5_odd": 2.68,
                "away_first_half_handicap_0.5_odd": 1.41,
                "away_first_half_handicap_0.25_odd": 1.59,
                "home_first_half_handicap_-0.25_odd": 2.21,
                "away_first_half_handicap_0.0_odd": 1.97,
                "home_first_half_handicap_0.0_odd": 1.73,
                "away_first_half_handicap_-0.25_odd": 2.55,
                "home_first_half_handicap_0.25_odd": 1.45,
                "first_half_under_0.75_odd": 2.8,
                "first_half_over_0.75_odd": 1.38,
                "first_half_over_1.5_odd": 2.33,
                "first_half_under_1.5_odd": 1.54,
                "first_half_over_1.0_odd": 1.56,
                "first_half_under_1.0_odd": 2.27,
                "first_half_over_1.25_odd": 1.93,
                "first_half_under_1.25_odd": 1.77,
                "home_handicap_-0.75_odd": 2.62,
                "away_handicap_0.75_odd": 1.43,
                "home_handicap_-0.5_odd": 2.21,
                "away_handicap_0.5_odd": 1.59,
                "away_handicap_-0.75_odd": 3.2,
                "home_handicap_0.75_odd": 1.3,
                "away_handicap_-0.5_odd": 2.65,
                "home_handicap_0.5_odd": 1.42,
                "home_handicap_-1.0_odd": 3.4,
                "away_handicap_1.0_odd": 1.27,
                "home_handicap_-0.25_odd": 1.95,
                "away_handicap_0.25_odd": 1.75,
                "home_handicap_0.25_odd": 1.52,
                "away_handicap_-0.25_odd": 2.37,
                "home_handicap_0.0_odd": 1.69,
                "away_handicap_0.0_odd": 2.04,
                "under_3.25_odd": 1.59,
                "over_3.25_odd": 2.21,
                "over_2.25_odd": 1.43,
                "under_2.25_odd": 2.62,
                "under_3.5_odd": 1.48,
                "over_3.5_odd": 2.45,
                "over_3.0_odd": 1.95,
                "under_3.0_odd": 1.75,
                "over_2.5_odd": 1.59,
                "under_2.5_odd": 2.21,
                "over_2.75_odd": 1.73,
                "under_2.75_odd": 1.97,
                "draw_odd": 3.52,
                "2_odd": 2.72,
                "1_odd": 2.23,
                "away_first_half_under_1.0_odd": 1.2,
                "away_first_half_over_1.0_odd": 4.05,
                "home_under_2.5_odd": 1.22,
                "home_over_2.5_odd": 3.83,
                "under_4.0_odd": 1.24,
                "over_4.0_odd": 3.65,
                "first_half_under_1.75_odd": 1.37,
                "first_half_over_1.75_odd": 2.85,
                "away_over_2.25_odd": 4.05,
                "away_under_2.25_odd": 1.2
            },
            {
                "match_id": 27581554,
                "date": "27/07/2025",
                "time": "13:00",
                "home_team": "Hobro IK",
                "away_team": "Middelfart Boldklub",
                "match_url": "https://www.asbet.org/en/sports/pre-match/event-view/Soccer/Denmark/1830/st-division/27581554/hobro-ik-middelfart-boldklub",
                "both_score_odd": 1.68,
                "both_noscore_odd": 2.05,
                "away_over_1.75_odd": 3.47,
                "away_under_1.75_odd": 1.26,
                "away_over_1.25_odd": 2.3,
                "away_under_1.25_odd": 1.55,
                "away_over_0.75_odd": 1.51,
                "away_under_0.75_odd": 2.39,
                "away_over_1.5_odd": 2.7,
                "away_under_1.5_odd": 1.4,
                "away_over_1.0_odd": 1.81,
                "away_under_1.0_odd": 1.89,
                "away_over_0.5_odd": 1.37,
                "away_under_0.5_odd": 2.85,
                "home_over_2.25_odd": 3.47,
                "home_under_2.25_odd": 1.26,
                "home_over_1.75_odd": 2.33,
                "home_under_1.75_odd": 1.54,
                "home_over_1.25_odd": 1.65,
                "home_under_1.25_odd": 2.1,
                "home_over_0.75_odd": 1.25,
                "home_under_0.75_odd": 3.57,
                "home_over_2.0_odd": 3.05,
                "home_under_2.0_odd": 1.33,
                "home_over_1.5_odd": 1.94,
                "home_under_1.5_odd": 1.76,
                "home_over_1.0_odd": 1.35,
                "home_under_1.0_odd": 2.95,
                "over_3.75_odd": 3.57,
                "under_3.75_odd": 1.25,
                "over_1.75_odd": 1.3,
                "under_1.75_odd": 3.2,
                "away_handicap_1.25_odd": 1.29,
                "home_handicap_-1.25_odd": 3.25,
                "X2_odd": 1.75,
                "1X_odd": 1.3,
                "12_odd": 1.28,
                "under_3.25_odd": 1.42,
                "over_3.25_odd": 2.65,
                "under_2.25_odd": 2.23,
                "over_2.25_odd": 1.58,
                "under_3.5_odd": 1.35,
                "over_3.5_odd": 2.95,
                "under_3.0_odd": 1.52,
                "over_3.0_odd": 2.37,
                "under_2.5_odd": 1.91,
                "over_2.5_odd": 1.79,
                "under_2.0_odd": 2.8,
                "over_2.0_odd": 1.38,
                "away_handicap_0.75_odd": 1.57,
                "home_handicap_-0.75_odd": 2.25,
                "away_handicap_0.25_odd": 2.01,
                "home_handicap_-0.25_odd": 1.71,
                "away_handicap_1.0_odd": 1.37,
                "home_handicap_-1.0_odd": 2.85,
                "away_handicap_0.0_odd": 2.5,
                "home_handicap_0.0_odd": 1.47,
                "away_handicap_-0.25_odd": 2.85,
                "home_handicap_0.25_odd": 1.37,
                "away_handicap_-0.5_odd": 3.2,
                "home_handicap_0.5_odd": 1.3,
                "away_handicap_0.5_odd": 1.75,
                "home_handicap_-0.5_odd": 1.95,
                "under_2.75_odd": 1.72,
                "over_2.75_odd": 2.0,
                "2_odd": 3.26,
                "1_odd": 1.92,
                "draw_odd": 3.41,
                "first_half_over_1.0_odd": 1.73,
                "first_half_under_1.0_odd": 1.97,
                "away_first_half_over_0.75_odd": 3.0,
                "away_first_half_under_0.75_odd": 1.34,
                "away_first_half_over_0.5_odd": 2.27,
                "away_first_half_under_0.5_odd": 1.56,
                "home_first_half_over_0.75_odd": 2.25,
                "home_first_half_under_0.75_odd": 1.57,
                "home_first_half_over_1.0_odd": 3.47,
                "home_first_half_under_1.0_odd": 1.26,
                "home_first_half_over_0.5_odd": 1.83,
                "home_first_half_under_0.5_odd": 1.87,
                "first_half_over_1.25_odd": 2.17,
                "first_half_under_1.25_odd": 1.61,
                "first_half_over_0.75_odd": 1.47,
                "first_half_under_0.75_odd": 2.5,
                "home_first_half_handicap_0.25_odd": 1.34,
                "away_first_half_handicap_-0.25_odd": 3.0,
                "away_first_half_handicap_0.0_odd": 2.3,
                "home_first_half_handicap_0.0_odd": 1.55,
                "first_half_under_1.5_odd": 1.44,
                "first_half_over_1.5_odd": 2.59,
                "first_half_over_0.5_odd": 1.34,
                "first_half_under_0.5_odd": 3.0,
                "over_1.5_odd": 1.25,
                "under_1.5_odd": 3.57,
                "home_first_half_handicap_-0.5_odd": 2.52,
                "away_first_half_handicap_0.5_odd": 1.46,
                "home_first_half_handicap_-0.25_odd": 2.04,
                "away_first_half_handicap_0.25_odd": 1.69,
                "home_over_2.5_odd": 3.9,
                "home_under_2.5_odd": 1.21,
                "home_handicap_-1.5_odd": 3.65,
                "away_handicap_1.5_odd": 1.24
            },
            {
                "match_id": 27568543,
                "date": "25/07/2025",
                "time": "18:00",
                "home_team": "Lyngby BK",
                "away_team": "B 93 Copenhagen",
                "match_url": "https://www.asbet.org/en/sports/pre-match/event-view/Soccer/Denmark/1830/st-division/27568543/lyngby-bk-b-copenhagen",
                "away_over_1.25_odd": 2.87,
                "away_under_1.25_odd": 1.36,
                "away_over_0.75_odd": 1.75,
                "away_under_0.75_odd": 1.95,
                "home_over_2.75_odd": 3.83,
                "home_under_2.75_odd": 1.22,
                "home_over_2.25_odd": 2.65,
                "home_under_2.25_odd": 1.42,
                "home_over_1.75_odd": 1.89,
                "home_under_1.75_odd": 1.81,
                "home_over_1.25_odd": 1.45,
                "home_under_1.25_odd": 2.55,
                "under_2.5_odd": 1.97,
                "over_2.5_odd": 1.73,
                "both_noscore_odd": 1.93,
                "both_score_odd": 1.77,
                "away_under_1.5_odd": 1.26,
                "away_over_1.5_odd": 3.47,
                "away_under_1.0_odd": 1.54,
                "away_over_1.0_odd": 2.33,
                "away_under_0.5_odd": 2.37,
                "away_over_0.5_odd": 1.52,
                "home_under_2.5_odd": 1.33,
                "home_over_2.5_odd": 3.05,
                "home_under_2.0_odd": 1.55,
                "home_over_2.0_odd": 2.3,
                "home_under_1.5_odd": 2.07,
                "home_over_1.5_odd": 1.67,
                "under_3.75_odd": 1.28,
                "over_3.75_odd": 3.3,
                "under_3.25_odd": 1.46,
                "over_3.25_odd": 2.52,
                "under_2.25_odd": 2.35,
                "over_2.25_odd": 1.53,
                "under_1.75_odd": 3.3,
                "over_1.75_odd": 1.28,
                "under_3.5_odd": 1.38,
                "over_3.5_odd": 2.8,
                "under_3.0_odd": 1.58,
                "over_3.0_odd": 2.23,
                "under_2.0_odd": 3.0,
                "over_2.0_odd": 1.34,
                "away_handicap_1.75_odd": 1.31,
                "home_handicap_-1.75_odd": 3.15,
                "away_handicap_1.25_odd": 1.53,
                "home_handicap_-1.25_odd": 2.35,
                "away_handicap_0.25_odd": 2.65,
                "home_handicap_-0.25_odd": 1.42,
                "away_handicap_1.5_odd": 1.43,
                "home_handicap_-1.5_odd": 2.62,
                "away_handicap_1.0_odd": 1.7,
                "home_handicap_-1.0_odd": 2.02,
                "away_handicap_0.5_odd": 2.21,
                "home_handicap_-0.5_odd": 1.59,
                "X2_odd": 2.17,
                "1X_odd": 1.17,
                "12_odd": 1.24,
                "home_handicap_-0.75_odd": 1.75,
                "away_handicap_0.75_odd": 1.95,
                "over_2.75_odd": 1.92,
                "under_2.75_odd": 1.78,
                "draw_odd": 3.82,
                "2_odd": 4.8,
                "1_odd": 1.59,
                "away_first_half_over_0.75_odd": 3.75,
                "away_first_half_under_0.75_odd": 1.23,
                "away_first_half_over_0.5_odd": 2.68,
                "away_first_half_under_0.5_odd": 1.41,
                "home_first_half_over_1.25_odd": 3.4,
                "home_first_half_under_1.25_odd": 1.27,
                "home_first_half_over_0.75_odd": 1.95,
                "home_first_half_under_0.75_odd": 1.75,
                "home_first_half_over_1.5_odd": 3.9,
                "home_first_half_under_1.5_odd": 1.21,
                "home_first_half_over_1.0_odd": 2.7,
                "home_first_half_under_1.0_odd": 1.4,
                "home_first_half_over_0.5_odd": 1.65,
                "home_first_half_under_0.5_odd": 2.1,
                "home_handicap_0.0_odd": 1.25,
                "away_handicap_0.0_odd": 3.57,
                "first_half_over_1.5_odd": 2.52,
                "first_half_under_1.5_odd": 1.46,
                "home_first_half_handicap_0.0_odd": 1.33,
                "away_first_half_handicap_0.0_odd": 3.05,
                "first_half_over_0.75_odd": 1.46,
                "first_half_under_0.75_odd": 2.52,
                "first_half_over_1.0_odd": 1.69,
                "first_half_under_1.0_odd": 2.04,
                "first_half_over_1.25_odd": 2.13,
                "first_half_under_1.25_odd": 1.63,
                "home_first_half_handicap_-0.75_odd": 2.59,
                "away_first_half_handicap_0.75_odd": 1.44,
                "home_first_half_handicap_-0.5_odd": 2.08,
                "away_first_half_handicap_0.5_odd": 1.66,
                "away_first_half_handicap_0.25_odd": 2.02,
                "home_first_half_handicap_-0.25_odd": 1.7,
                "home_under_1.0_odd": 3.9,
                "home_over_1.0_odd": 1.21,
                "first_half_under_0.5_odd": 3.05,
                "first_half_over_0.5_odd": 1.33
            },
            {
                "match_id": 27568544,
                "date": "25/07/2025",
                "time": "18:00",
                "home_team": "AC Horsens",
                "away_team": "Kolding IF",
                "match_url": "https://www.asbet.org/en/sports/pre-match/event-view/Soccer/Denmark/1830/st-division/27568544/ac-horsens-kolding-if",
                "away_first_half_over_0.75_odd": 3.0,
                "away_first_half_under_0.75_odd": 1.34,
                "away_first_half_over_0.5_odd": 2.25,
                "away_first_half_under_0.5_odd": 1.57,
                "home_first_half_over_0.75_odd": 2.45,
                "home_first_half_under_0.75_odd": 1.48,
                "home_first_half_over_0.5_odd": 1.95,
                "home_first_half_under_0.5_odd": 1.75,
                "both_score_odd": 1.73,
                "both_noscore_odd": 1.97,
                "away_over_1.75_odd": 3.4,
                "away_under_1.75_odd": 1.27,
                "away_over_1.25_odd": 2.25,
                "away_under_1.25_odd": 1.57,
                "away_over_0.75_odd": 1.5,
                "away_under_0.75_odd": 2.4,
                "away_over_1.5_odd": 2.7,
                "away_under_1.5_odd": 1.4,
                "away_over_1.0_odd": 1.79,
                "away_under_1.0_odd": 1.91,
                "away_over_0.5_odd": 1.36,
                "away_under_0.5_odd": 2.87,
                "home_over_1.75_odd": 2.65,
                "home_under_1.75_odd": 1.42,
                "home_over_1.25_odd": 1.83,
                "home_under_1.25_odd": 1.87,
                "home_under_0.75_odd": 3.1,
                "home_over_0.75_odd": 1.32,
                "home_over_2.0_odd": 3.75,
                "home_under_2.0_odd": 1.23,
                "home_over_1.5_odd": 2.2,
                "home_under_1.5_odd": 1.6,
                "home_over_1.0_odd": 1.47,
                "home_under_1.0_odd": 2.5,
                "home_over_0.5_odd": 1.24,
                "home_under_0.5_odd": 3.65,
                "over_1.75_odd": 1.36,
                "under_1.75_odd": 2.87,
                "12_odd": 1.31,
                "X2_odd": 1.61,
                "1X_odd": 1.35,
                "away_first_half_handicap_-0.25_odd": 2.8,
                "home_first_half_handicap_0.25_odd": 1.38,
                "away_first_half_handicap_0.25_odd": 1.59,
                "home_first_half_handicap_-0.25_odd": 2.21,
                "away_first_half_handicap_0.5_odd": 1.4,
                "home_first_half_handicap_-0.5_odd": 2.7,
                "away_first_half_handicap_0.0_odd": 2.1,
                "home_first_half_handicap_0.0_odd": 1.65,
                "first_half_under_1.25_odd": 1.54,
                "first_half_over_1.25_odd": 2.33,
                "first_half_under_0.75_odd": 2.35,
                "first_half_over_0.75_odd": 1.53,
                "first_half_under_1.5_odd": 1.39,
                "first_half_over_1.5_odd": 2.75,
                "first_half_under_1.0_odd": 1.85,
                "first_half_over_1.0_odd": 1.85,
                "away_handicap_1.0_odd": 1.28,
                "home_handicap_-1.0_odd": 3.3,
                "away_handicap_0.5_odd": 1.62,
                "home_handicap_-0.5_odd": 2.15,
                "away_handicap_0.0_odd": 2.21,
                "home_handicap_0.0_odd": 1.59,
                "away_handicap_-0.25_odd": 2.55,
                "home_handicap_0.25_odd": 1.45,
                "away_handicap_-0.5_odd": 2.95,
                "home_handicap_0.5_odd": 1.35,
                "home_handicap_-0.75_odd": 2.55,
                "away_handicap_0.75_odd": 1.45,
                "home_handicap_-0.25_odd": 1.88,
                "away_handicap_0.25_odd": 1.82,
                "over_3.25_odd": 2.95,
                "under_3.25_odd": 1.35,
                "over_2.25_odd": 1.69,
                "under_2.25_odd": 2.04,
                "over_3.5_odd": 3.25,
                "under_3.5_odd": 1.29,
                "over_3.0_odd": 2.62,
                "under_3.0_odd": 1.43,
                "over_2.5_odd": 1.91,
                "under_2.5_odd": 1.79,
                "over_2.0_odd": 1.46,
                "under_2.0_odd": 2.52,
                "over_2.75_odd": 2.17,
                "under_2.75_odd": 1.61,
                "draw_odd": 3.26,
                "2_odd": 3.02,
                "1_odd": 2.16,
                "under_1.5_odd": 3.25,
                "over_1.5_odd": 1.29,
                "first_half_under_0.5_odd": 2.8,
                "first_half_over_0.5_odd": 1.38,
                "home_first_half_over_1.0_odd": 4.05,
                "home_first_half_under_1.0_odd": 1.2,
                "home_handicap_0.75_odd": 1.24,
                "away_handicap_-0.75_odd": 3.65
            },
            {
                "match_id": 27568545,
                "date": "25/07/2025",
                "time": "17:30",
                "home_team": "HB Koge",
                "away_team": "Aarhus Fremad",
                "match_url": "https://www.asbet.org/en/sports/pre-match/event-view/Soccer/Denmark/1830/st-division/27568545/hb-koge-aarhus-fremad",
                "away_over_1.75_odd": 2.68,
                "away_under_1.75_odd": 1.41,
                "away_over_1.25_odd": 1.85,
                "away_under_1.25_odd": 1.85,
                "away_over_0.75_odd": 1.33,
                "away_under_0.75_odd": 3.05,
                "home_over_1.75_odd": 2.75,
                "home_under_1.75_odd": 1.39,
                "home_over_1.25_odd": 1.87,
                "home_under_1.25_odd": 1.83,
                "home_over_0.75_odd": 1.34,
                "home_under_0.75_odd": 3.0,
                "over_2.0_odd": 1.35,
                "under_2.0_odd": 2.95,
                "both_score_odd": 1.61,
                "both_noscore_odd": 2.17,
                "away_over_2.0_odd": 3.75,
                "away_under_2.0_odd": 1.23,
                "away_over_1.5_odd": 2.21,
                "away_under_1.5_odd": 1.59,
                "away_over_1.0_odd": 1.48,
                "away_under_1.0_odd": 2.45,
                "away_over_0.5_odd": 1.25,
                "away_under_0.5_odd": 3.57,
                "home_over_2.0_odd": 3.9,
                "home_under_2.0_odd": 1.21,
                "home_over_1.5_odd": 2.23,
                "home_under_1.5_odd": 1.58,
                "home_over_1.0_odd": 1.49,
                "home_under_1.0_odd": 2.44,
                "home_over_0.5_odd": 1.25,
                "home_under_0.5_odd": 3.57,
                "over_3.75_odd": 3.3,
                "under_3.75_odd": 1.28,
                "over_3.25_odd": 2.52,
                "under_3.25_odd": 1.46,
                "over_2.25_odd": 1.55,
                "under_2.25_odd": 2.3,
                "over_1.75_odd": 1.28,
                "under_1.75_odd": 3.3,
                "over_3.5_odd": 2.8,
                "under_3.5_odd": 1.38,
                "over_3.0_odd": 2.25,
                "under_3.0_odd": 1.57,
                "over_2.5_odd": 1.74,
                "under_2.5_odd": 1.96,
                "home_handicap_-0.75_odd": 3.0,
                "away_handicap_0.75_odd": 1.34,
                "home_handicap_-0.25_odd": 2.2,
                "away_handicap_0.25_odd": 1.6,
                "home_handicap_-0.5_odd": 2.5,
                "away_handicap_0.5_odd": 1.47,
                "home_handicap_0.75_odd": 1.35,
                "away_handicap_-0.75_odd": 2.95,
                "home_handicap_0.25_odd": 1.63,
                "away_handicap_-0.25_odd": 2.13,
                "home_handicap_0.5_odd": 1.49,
                "away_handicap_-0.5_odd": 2.44,
                "12_odd": 1.29,
                "X2_odd": 1.46,
                "1X_odd": 1.49,
                "away_handicap_0.0_odd": 1.81,
                "home_handicap_0.0_odd": 1.89,
                "under_2.75_odd": 1.77,
                "over_2.75_odd": 1.93,
                "2_odd": 2.46,
                "1_odd": 2.53,
                "draw_odd": 3.36,
                "away_first_half_under_0.75_odd": 1.47,
                "away_first_half_over_0.75_odd": 2.5,
                "away_first_half_under_0.5_odd": 1.75,
                "away_first_half_over_0.5_odd": 1.95,
                "home_first_half_under_0.75_odd": 1.46,
                "home_first_half_over_0.75_odd": 2.52,
                "home_first_half_under_0.5_odd": 1.73,
                "home_first_half_over_0.5_odd": 1.97,
                "first_half_under_1.5_odd": 1.46,
                "first_half_over_1.5_odd": 2.52,
                "first_half_under_1.25_odd": 1.64,
                "first_half_over_1.25_odd": 2.12,
                "first_half_under_0.75_odd": 2.55,
                "first_half_over_0.75_odd": 1.45,
                "away_first_half_handicap_0.25_odd": 1.49,
                "home_first_half_handicap_-0.25_odd": 2.44,
                "away_first_half_handicap_-0.25_odd": 2.39,
                "home_first_half_handicap_0.25_odd": 1.51,
                "home_first_half_handicap_0.0_odd": 1.88,
                "away_first_half_handicap_0.0_odd": 1.82,
                "first_half_over_1.0_odd": 1.68,
                "first_half_under_1.0_odd": 2.05,
                "home_first_half_handicap_0.5_odd": 1.35,
                "away_first_half_handicap_-0.5_odd": 2.95,
                "home_first_half_handicap_-0.5_odd": 3.0,
                "away_first_half_handicap_0.5_odd": 1.34,
                "first_half_over_0.5_odd": 1.33,
                "first_half_under_0.5_odd": 3.05
            }
        ]
    },
    {
        "tournament_name": "Superliga",
        "tournament_id": 1833,
        "matches": [
            {
                "match_id": 27575450,
                "date": "26/07/2025",
                "time": "17:00",
                "home_team": "FC Copenhagen",
                "away_team": "Vejle BK",
                "match_url": "https://www.asbet.org/en/sports/pre-match/event-view/Soccer/Denmark/1833/superliga/27575450/fc-copenhagen-vejle-bk",
                "both_noscore_odd": 1.78,
                "both_score_odd": 1.96,
                "away_under_0.75_odd": 1.62,
                "away_over_0.75_odd": 2.21,
                "away_under_1.0_odd": 1.28,
                "away_over_1.0_odd": 3.4,
                "away_under_0.5_odd": 1.93,
                "away_over_0.5_odd": 1.81,
                "home_under_3.25_odd": 1.28,
                "home_over_3.25_odd": 3.4,
                "home_over_2.75_odd": 2.45,
                "home_under_2.75_odd": 1.51,
                "home_over_2.25_odd": 1.86,
                "home_under_2.25_odd": 1.88,
                "home_under_1.75_odd": 2.65,
                "home_over_1.75_odd": 1.44,
                "home_under_1.25_odd": 4.0,
                "home_over_1.25_odd": 1.22,
                "home_under_3.5_odd": 1.24,
                "home_over_3.5_odd": 3.75,
                "home_over_3.0_odd": 3.05,
                "home_under_3.0_odd": 1.34,
                "home_over_2.5_odd": 2.12,
                "home_under_2.5_odd": 1.67,
                "home_over_2.0_odd": 1.58,
                "home_under_2.0_odd": 2.28,
                "home_under_1.5_odd": 2.97,
                "home_over_1.5_odd": 1.36,
                "under_4.25_odd": 1.25,
                "over_4.25_odd": 3.7,
                "under_3.75_odd": 1.41,
                "over_3.75_odd": 2.77,
                "under_2.25_odd": 2.85,
                "over_2.25_odd": 1.39,
                "away_handicap_0.5_odd": 3.55,
                "home_handicap_-0.5_odd": 1.27,
                "X2_odd": 3.62,
                "1X_odd": 1.07,
                "12_odd": 1.14,
                "away_first_half_over_0.5_odd": 3.2,
                "away_first_half_under_0.5_odd": 1.3,
                "home_first_half_over_1.75_odd": 3.75,
                "home_first_half_under_1.75_odd": 1.23,
                "home_first_half_over_1.25_odd": 2.44,
                "home_first_half_under_1.25_odd": 1.49,
                "home_first_half_over_0.75_odd": 1.59,
                "home_first_half_under_0.75_odd": 2.21,
                "home_first_half_over_1.5_odd": 2.87,
                "home_first_half_under_1.5_odd": 1.36,
                "home_first_half_over_1.0_odd": 1.94,
                "home_first_half_under_1.0_odd": 1.76,
                "home_first_half_under_0.5_odd": 2.62,
                "home_first_half_over_0.5_odd": 1.43,
                "over_3.5_odd": 2.35,
                "under_3.5_odd": 1.55,
                "first_half_over_1.5_odd": 2.23,
                "first_half_under_1.5_odd": 1.58,
                "home_handicap_-1.0_odd": 1.39,
                "away_handicap_1.0_odd": 2.85,
                "home_first_half_handicap_-1.0_odd": 2.5,
                "away_first_half_handicap_1.0_odd": 1.47,
                "over_2.5_odd": 1.54,
                "under_2.5_odd": 2.38,
                "first_half_under_1.0_odd": 2.39,
                "first_half_over_1.0_odd": 1.51,
                "away_handicap_1.5_odd": 1.93,
                "home_handicap_-1.5_odd": 1.81,
                "away_first_half_handicap_1.25_odd": 1.34,
                "home_first_half_handicap_-1.25_odd": 3.0,
                "away_first_half_handicap_0.25_odd": 2.68,
                "home_first_half_handicap_-0.25_odd": 1.41,
                "home_first_half_handicap_-0.5_odd": 1.67,
                "away_first_half_handicap_0.5_odd": 2.07,
                "under_3.25_odd": 1.67,
                "over_3.25_odd": 2.12,
                "under_2.75_odd": 2.12,
                "over_2.75_odd": 1.67,
                "under_4.0_odd": 1.29,
                "over_4.0_odd": 3.35,
                "away_handicap_2.75_odd": 1.26,
                "home_handicap_-2.75_odd": 3.6,
                "home_handicap_-2.5_odd": 2.95,
                "away_handicap_2.5_odd": 1.37,
                "away_handicap_2.0_odd": 1.55,
                "home_handicap_-2.0_odd": 2.35,
                "under_3.0_odd": 1.87,
                "over_3.0_odd": 1.87,
                "away_handicap_2.25_odd": 1.44,
                "home_handicap_-2.25_odd": 2.65,
                "home_handicap_-1.25_odd": 1.59,
                "away_handicap_1.25_odd": 2.26,
                "home_handicap_-0.75_odd": 1.32,
                "away_handicap_0.75_odd": 3.15,
                "first_half_over_1.75_odd": 2.7,
                "first_half_under_1.75_odd": 1.4,
                "first_half_under_0.75_odd": 2.95,
                "first_half_over_0.75_odd": 1.35,
                "2_odd": 9.0,
                "1_odd": 1.26,
                "draw_odd": 5.5,
                "first_half_over_1.25_odd": 1.88,
                "first_half_under_1.25_odd": 1.82,
                "away_handicap_1.75_odd": 1.76,
                "home_handicap_-1.75_odd": 1.99,
                "away_first_half_handicap_0.75_odd": 1.78,
                "home_first_half_handicap_-0.75_odd": 1.92,
                "away_over_1.25_odd": 4.25,
                "away_under_1.25_odd": 1.2,
                "away_over_1.5_odd": 4.75,
                "away_under_1.5_odd": 1.16,
                "home_over_3.75_odd": 4.75,
                "home_under_3.75_odd": 1.16,
                "second_half_over_3.5_odd": 6.7,
                "second_half_under_3.5_odd": 1.075,
                "second_half_over_3.0_odd": 5.85,
                "second_half_under_3.0_odd": 1.1,
                "second_half_over_2.5_odd": 3.3,
                "second_half_under_2.5_odd": 1.28,
                "second_half_over_2.0_odd": 2.52,
                "second_half_under_2.0_odd": 1.46,
                "second_half_over_1.5_odd": 1.77,
                "second_half_under_1.5_odd": 1.93,
                "second_half_over_1.0_odd": 1.27,
                "second_half_under_1.0_odd": 3.4,
                "second_half_over_0.5_odd": 1.15,
                "second_half_under_0.5_odd": 4.75,
                "home_second_half_handicap_-2.0_odd": 5.35,
                "away_second_half_handicap_2.0_odd": 1.12,
                "home_second_half_handicap_-1.5_odd": 2.87,
                "away_second_half_handicap_1.5_odd": 1.36,
                "home_second_half_handicap_-1.0_odd": 2.08,
                "away_second_half_handicap_1.0_odd": 1.66,
                "home_second_half_handicap_0.0_odd": 1.14,
                "away_second_half_handicap_0.0_odd": 4.9,
                "away_first_half_over_0.75_odd": 4.57,
                "away_first_half_under_0.75_odd": 1.16,
                "over_4.5_odd": 4.0,
                "under_4.5_odd": 1.22,
                "over_2.0_odd": 1.23,
                "under_2.0_odd": 3.85,
                "home_handicap_-3.25_odd": 4.9,
                "away_handicap_3.25_odd": 1.15,
                "home_handicap_-0.25_odd": 1.18,
                "away_handicap_0.25_odd": 4.4,
                "home_handicap_-3.5_odd": 5.3,
                "away_handicap_3.5_odd": 1.13,
                "home_handicap_-3.0_odd": 4.55,
                "away_handicap_3.0_odd": 1.17,
                "home_first_half_handicap_-1.75_odd": 4.57,
                "away_first_half_handicap_1.75_odd": 1.16,
                "home_first_half_handicap_-1.5_odd": 3.47,
                "away_first_half_handicap_1.5_odd": 1.26,
                "home_first_half_handicap_0.0_odd": 1.15,
                "away_first_half_handicap_0.0_odd": 4.75,
                "corners_over_10.5_odd": 2.12,
                "corners_under_10.5_odd": 1.64,
                "corners_over_10.0_odd": 1.87,
                "corners_under_10.0_odd": 1.83,
                "corners_over_9.5_odd": 1.67,
                "corners_under_9.5_odd": 2.07
            },
            {
                "match_id": 27581556,
                "date": "27/07/2025",
                "time": "17:00",
                "home_team": "FC Nordsjaelland",
                "away_team": "Brondby IF",
                "match_url": "https://www.asbet.org/en/sports/pre-match/event-view/Soccer/Denmark/1833/superliga/27581556/fc-nordsjaelland-brondby-if",
                "both_noscore_odd": 2.57,
                "both_score_odd": 1.47,
                "away_under_2.25_odd": 1.31,
                "away_over_2.25_odd": 3.2,
                "away_under_1.75_odd": 1.64,
                "away_over_1.75_odd": 2.17,
                "away_under_1.25_odd": 2.26,
                "away_over_1.25_odd": 1.59,
                "away_under_0.75_odd": 4.0,
                "away_over_0.75_odd": 1.22,
                "away_under_2.5_odd": 1.25,
                "away_over_2.5_odd": 3.7,
                "away_under_2.0_odd": 1.4,
                "away_over_2.0_odd": 2.8,
                "away_under_1.5_odd": 1.87,
                "away_over_1.5_odd": 1.87,
                "away_under_1.0_odd": 3.3,
                "away_over_1.0_odd": 1.3,
                "home_under_2.25_odd": 1.24,
                "home_over_2.25_odd": 3.75,
                "home_under_1.75_odd": 1.5,
                "home_over_1.75_odd": 2.47,
                "home_under_1.25_odd": 2.02,
                "home_over_1.25_odd": 1.74,
                "home_under_0.75_odd": 3.4,
                "home_over_0.75_odd": 1.28,
                "home_under_2.0_odd": 1.3,
                "home_over_2.0_odd": 3.3,
                "home_under_1.5_odd": 1.71,
                "home_over_1.5_odd": 2.06,
                "home_under_1.0_odd": 2.8,
                "home_over_1.0_odd": 1.4,
                "home_under_0.5_odd": 4.0,
                "home_over_0.5_odd": 1.22,
                "under_4.25_odd": 1.26,
                "over_4.25_odd": 3.6,
                "over_3.75_odd": 2.65,
                "under_3.75_odd": 1.44,
                "under_2.25_odd": 2.95,
                "over_2.25_odd": 1.37,
                "12_odd": 1.27,
                "X2_odd": 1.43,
                "1X_odd": 1.57,
                "away_first_half_under_1.25_odd": 1.21,
                "away_first_half_over_1.25_odd": 3.9,
                "away_first_half_under_0.75_odd": 1.62,
                "away_first_half_over_0.75_odd": 2.15,
                "away_first_half_under_1.0_odd": 1.29,
                "away_first_half_over_1.0_odd": 3.25,
                "away_first_half_under_0.5_odd": 1.94,
                "away_first_half_over_0.5_odd": 1.76,
                "home_first_half_over_0.75_odd": 2.35,
                "home_first_half_under_0.75_odd": 1.53,
                "home_first_half_over_1.0_odd": 3.75,
                "home_first_half_under_1.0_odd": 1.23,
                "home_first_half_over_0.5_odd": 1.87,
                "home_first_half_under_0.5_odd": 1.83,
                "under_2.5_odd": 2.42,
                "over_2.5_odd": 1.52,
                "away_handicap_0.0_odd": 1.73,
                "home_handicap_0.0_odd": 2.03,
                "first_half_over_1.0_odd": 1.48,
                "first_half_under_1.0_odd": 2.45,
                "home_first_half_handicap_-0.25_odd": 2.52,
                "away_first_half_handicap_0.25_odd": 1.46,
                "home_first_half_handicap_0.25_odd": 1.58,
                "away_first_half_handicap_-0.25_odd": 2.23,
                "home_first_half_handicap_0.5_odd": 1.41,
                "away_first_half_handicap_-0.5_odd": 2.68,
                "home_handicap_1.0_odd": 1.28,
                "away_handicap_-1.0_odd": 3.4,
                "first_half_under_1.5_odd": 1.61,
                "first_half_over_1.5_odd": 2.17,
                "away_first_half_handicap_0.0_odd": 1.74,
                "home_first_half_handicap_0.0_odd": 1.96,
                "over_3.25_odd": 2.06,
                "under_3.25_odd": 1.71,
                "under_2.75_odd": 2.17,
                "over_2.75_odd": 1.64,
                "under_4.0_odd": 1.31,
                "over_4.0_odd": 3.2,
                "under_3.5_odd": 1.58,
                "over_3.5_odd": 2.28,
                "away_handicap_0.75_odd": 1.32,
                "home_handicap_-0.75_odd": 3.15,
                "away_handicap_-0.75_odd": 2.62,
                "home_handicap_0.75_odd": 1.45,
                "under_3.0_odd": 1.92,
                "over_3.0_odd": 1.82,
                "away_handicap_0.25_odd": 1.56,
                "home_handicap_-0.25_odd": 2.33,
                "away_handicap_0.5_odd": 1.44,
                "home_handicap_-0.5_odd": 2.65,
                "home_handicap_0.5_odd": 1.59,
                "away_handicap_-0.5_odd": 2.26,
                "first_half_over_1.75_odd": 2.65,
                "first_half_under_1.75_odd": 1.42,
                "first_half_over_0.75_odd": 1.33,
                "first_half_under_0.75_odd": 3.05,
                "draw_odd": 3.63,
                "2_odd": 2.28,
                "1_odd": 2.69,
                "away_handicap_-0.25_odd": 1.99,
                "home_handicap_0.25_odd": 1.76,
                "first_half_over_1.25_odd": 1.86,
                "first_half_under_1.25_odd": 1.86,
                "home_first_half_handicap_-0.5_odd": 3.05,
                "away_first_half_handicap_0.5_odd": 1.33
            },
            {
                "match_id": 27581557,
                "date": "27/07/2025",
                "time": "15:00",
                "home_team": "Silkeborg IF",
                "away_team": "FC Fredericia",
                "match_url": "https://www.asbet.org/en/sports/pre-match/event-view/Soccer/Denmark/1833/superliga/27581557/silkeborg-if-fc-fredericia",
                "2_odd": 4.3,
                "1_odd": 1.69,
                "draw_odd": 3.86,
                "both_score_odd": 1.65,
                "both_noscore_odd": 2.15,
                "away_over_1.75_odd": 3.85,
                "away_under_1.75_odd": 1.23,
                "away_over_1.25_odd": 2.47,
                "away_under_1.25_odd": 1.5,
                "away_over_0.75_odd": 1.59,
                "away_under_0.75_odd": 2.26,
                "away_over_1.5_odd": 2.97,
                "away_under_1.5_odd": 1.36,
                "away_over_1.0_odd": 1.95,
                "away_under_1.0_odd": 1.77,
                "away_over_0.5_odd": 1.42,
                "away_under_0.5_odd": 2.73,
                "home_over_2.75_odd": 3.75,
                "home_under_2.75_odd": 1.24,
                "home_over_2.25_odd": 2.7,
                "home_under_2.25_odd": 1.43,
                "home_over_1.75_odd": 1.89,
                "home_under_1.75_odd": 1.85,
                "home_over_1.25_odd": 1.44,
                "home_under_1.25_odd": 2.65,
                "home_over_2.5_odd": 3.0,
                "home_under_2.5_odd": 1.35,
                "home_over_2.0_odd": 2.28,
                "home_under_2.0_odd": 1.58,
                "home_over_1.5_odd": 1.67,
                "home_under_1.5_odd": 2.12,
                "12_odd": 1.24,
                "X2_odd": 2.08,
                "1X_odd": 1.21,
                "home_handicap_-1.0_odd": 2.21,
                "away_handicap_1.0_odd": 1.62,
                "over_3.5_odd": 2.6,
                "under_3.5_odd": 1.46,
                "over_2.0_odd": 1.29,
                "under_2.0_odd": 3.35,
                "over_3.0_odd": 2.06,
                "under_3.0_odd": 1.71,
                "home_handicap_-1.5_odd": 2.85,
                "away_handicap_1.5_odd": 1.39,
                "home_handicap_0.0_odd": 1.32,
                "away_handicap_0.0_odd": 3.15,
                "over_2.5_odd": 1.64,
                "under_2.5_odd": 2.17,
                "home_handicap_0.25_odd": 1.25,
                "away_handicap_-0.25_odd": 3.7,
                "home_handicap_-1.25_odd": 2.52,
                "away_handicap_1.25_odd": 1.48,
                "over_3.75_odd": 3.05,
                "under_3.75_odd": 1.34,
                "over_3.25_odd": 2.33,
                "under_3.25_odd": 1.56,
                "over_2.25_odd": 1.47,
                "under_2.25_odd": 2.57,
                "home_handicap_-1.75_odd": 3.4,
                "away_handicap_1.75_odd": 1.28,
                "home_handicap_-0.25_odd": 1.51,
                "away_handicap_0.25_odd": 2.45,
                "home_handicap_-0.5_odd": 1.69,
                "away_handicap_0.5_odd": 2.08,
                "home_handicap_-0.75_odd": 1.87,
                "away_handicap_0.75_odd": 1.87,
                "over_2.75_odd": 1.8,
                "under_2.75_odd": 1.94,
                "away_first_half_under_0.75_odd": 1.32,
                "away_first_half_over_0.75_odd": 3.1,
                "away_first_half_under_0.5_odd": 1.53,
                "away_first_half_over_0.5_odd": 2.35,
                "home_first_half_under_1.25_odd": 1.26,
                "home_first_half_over_1.25_odd": 3.47,
                "home_first_half_under_0.75_odd": 1.73,
                "home_first_half_over_0.75_odd": 1.97,
                "home_first_half_under_1.5_odd": 1.2,
                "home_first_half_over_1.5_odd": 4.05,
                "home_first_half_under_1.0_odd": 1.38,
                "home_first_half_over_1.0_odd": 2.8,
                "home_first_half_under_0.5_odd": 2.07,
                "home_first_half_over_0.5_odd": 1.67,
                "first_half_under_1.75_odd": 1.35,
                "first_half_over_1.75_odd": 2.95,
                "first_half_over_0.75_odd": 1.4,
                "first_half_under_0.75_odd": 2.7,
                "first_half_over_1.5_odd": 2.39,
                "first_half_under_1.5_odd": 1.51,
                "first_half_over_1.0_odd": 1.6,
                "first_half_under_1.0_odd": 2.2,
                "home_first_half_handicap_-0.75_odd": 2.8,
                "away_first_half_handicap_0.75_odd": 1.38,
                "home_first_half_handicap_-0.5_odd": 2.23,
                "away_first_half_handicap_0.5_odd": 1.58,
                "home_first_half_handicap_0.0_odd": 1.43,
                "away_first_half_handicap_0.0_odd": 2.62,
                "home_first_half_handicap_-0.25_odd": 1.82,
                "away_first_half_handicap_0.25_odd": 1.88,
                "first_half_over_1.25_odd": 2.0,
                "first_half_under_1.25_odd": 1.72,
                "home_under_1.0_odd": 4.1,
                "home_over_1.0_odd": 1.21
            },
            {
                "match_id": 27581558,
                "date": "27/07/2025",
                "time": "13:00",
                "home_team": "Odense BK",
                "away_team": "Viborg FF",
                "match_url": "https://www.asbet.org/en/sports/pre-match/event-view/Soccer/Denmark/1833/superliga/27581558/odense-bk-viborg-ff",
                "draw_odd": 3.59,
                "2_odd": 3.3,
                "1_odd": 1.99,
                "both_noscore_odd": 2.38,
                "both_score_odd": 1.54,
                "away_under_1.75_odd": 1.35,
                "away_over_1.75_odd": 3.0,
                "away_under_1.25_odd": 1.74,
                "away_over_1.25_odd": 2.02,
                "away_under_0.75_odd": 2.8,
                "away_over_0.75_odd": 1.4,
                "away_under_1.5_odd": 1.52,
                "away_over_1.5_odd": 2.42,
                "away_under_1.0_odd": 2.25,
                "away_over_1.0_odd": 1.6,
                "away_under_0.5_odd": 3.35,
                "away_over_0.5_odd": 1.29,
                "home_under_2.25_odd": 1.34,
                "home_over_2.25_odd": 3.05,
                "home_under_1.75_odd": 1.69,
                "home_over_1.75_odd": 2.08,
                "home_under_1.25_odd": 2.38,
                "home_over_1.25_odd": 1.54,
                "home_under_2.5_odd": 1.27,
                "home_over_2.5_odd": 3.55,
                "home_under_2.0_odd": 1.44,
                "home_over_2.0_odd": 2.65,
                "home_under_1.5_odd": 1.93,
                "home_over_1.5_odd": 1.81,
                "home_under_1.0_odd": 3.55,
                "home_over_1.0_odd": 1.27,
                "under_3.75_odd": 1.37,
                "over_3.75_odd": 2.95,
                "under_3.25_odd": 1.61,
                "over_3.25_odd": 2.23,
                "under_2.25_odd": 2.65,
                "over_2.25_odd": 1.44,
                "away_handicap_0.75_odd": 1.58,
                "home_handicap_-0.75_odd": 2.28,
                "away_handicap_0.5_odd": 1.77,
                "home_handicap_-0.5_odd": 1.97,
                "away_handicap_-0.25_odd": 2.8,
                "home_handicap_0.25_odd": 1.4,
                "away_handicap_-0.5_odd": 3.1,
                "home_handicap_0.5_odd": 1.33,
                "X2_odd": 1.73,
                "1X_odd": 1.31,
                "12_odd": 1.27,
                "under_2.5_odd": 2.25,
                "over_2.5_odd": 1.6,
                "under_3.5_odd": 1.49,
                "over_3.5_odd": 2.5,
                "under_3.0_odd": 1.77,
                "over_3.0_odd": 1.97,
                "under_2.0_odd": 3.6,
                "over_2.0_odd": 1.26,
                "away_handicap_1.0_odd": 1.39,
                "home_handicap_-1.0_odd": 2.85,
                "away_handicap_0.0_odd": 2.45,
                "home_handicap_0.0_odd": 1.51,
                "away_handicap_0.25_odd": 2.0,
                "home_handicap_-0.25_odd": 1.75,
                "under_2.75_odd": 2.0,
                "over_2.75_odd": 1.75,
                "home_handicap_-1.5_odd": 3.6,
                "away_handicap_1.5_odd": 1.26,
                "over_4.0_odd": 3.7,
                "under_4.0_odd": 1.25,
                "first_half_under_1.5_odd": 1.55,
                "first_half_over_1.5_odd": 2.3,
                "away_first_half_over_0.75_odd": 2.68,
                "away_first_half_under_0.75_odd": 1.41,
                "away_first_half_over_0.5_odd": 2.07,
                "away_first_half_under_0.5_odd": 1.67,
                "home_first_half_over_0.75_odd": 2.07,
                "home_first_half_under_0.75_odd": 1.67,
                "home_first_half_over_1.0_odd": 3.05,
                "home_first_half_under_1.0_odd": 1.33,
                "home_first_half_over_0.5_odd": 1.71,
                "home_first_half_under_0.5_odd": 2.01,
                "first_half_over_0.75_odd": 1.37,
                "first_half_under_0.75_odd": 2.85,
                "home_first_half_handicap_-0.25_odd": 2.01,
                "away_first_half_handicap_0.25_odd": 1.71,
                "home_first_half_handicap_0.25_odd": 1.36,
                "away_first_half_handicap_-0.25_odd": 2.87,
                "first_half_under_1.0_odd": 2.3,
                "first_half_over_1.0_odd": 1.55,
                "away_first_half_handicap_0.5_odd": 1.49,
                "home_first_half_handicap_-0.5_odd": 2.44,
                "away_first_half_handicap_0.0_odd": 2.3,
                "home_first_half_handicap_0.0_odd": 1.55,
                "away_handicap_1.25_odd": 1.31,
                "home_handicap_-1.25_odd": 3.2,
                "first_half_under_1.25_odd": 1.77,
                "first_half_over_1.25_odd": 1.93,
                "first_half_under_1.75_odd": 1.38,
                "first_half_over_1.75_odd": 2.8,
                "home_first_half_under_1.25_odd": 1.22,
                "home_first_half_over_1.25_odd": 3.83,
                "home_over_0.75_odd": 1.2,
                "home_under_0.75_odd": 4.25
            },
            {
                "match_id": 27568546,
                "date": "25/07/2025",
                "time": "18:00",
                "home_team": "Aarhus GF",
                "away_team": "Randers FC",
                "match_url": "https://www.asbet.org/en/sports/pre-match/event-view/Soccer/Denmark/1833/superliga/27568546/aarhus-gf-randers-fc",
                "home_over_2.75_odd": 5.55,
                "home_under_2.75_odd": 1.12,
                "second_half_under_3.5_odd": 1.035,
                "second_half_over_3.5_odd": 8.7,
                "second_half_under_3.0_odd": 1.04,
                "second_half_over_3.0_odd": 8.5,
                "second_half_under_2.5_odd": 1.17,
                "second_half_over_2.5_odd": 4.42,
                "second_half_under_2.0_odd": 1.26,
                "second_half_over_2.0_odd": 3.47,
                "second_half_under_1.5_odd": 1.64,
                "second_half_over_1.5_odd": 2.12,
                "second_half_under_1.0_odd": 2.59,
                "second_half_over_1.0_odd": 1.44,
                "second_half_under_0.5_odd": 3.65,
                "second_half_over_0.5_odd": 1.24,
                "away_second_half_handicap_1.0_odd": 1.16,
                "home_second_half_handicap_-1.0_odd": 4.57,
                "away_second_half_handicap_0.0_odd": 2.33,
                "home_second_half_handicap_0.0_odd": 1.54,
                "home_first_half_over_1.25_odd": 4.57,
                "home_first_half_under_1.25_odd": 1.16,
                "home_first_half_over_1.5_odd": 5.1,
                "home_first_half_under_1.5_odd": 1.13,
                "home_first_half_handicap_0.75_odd": 1.13,
                "away_first_half_handicap_-0.75_odd": 5.1,
                "home_first_half_handicap_0.5_odd": 1.23,
                "away_first_half_handicap_-0.5_odd": 3.75,
                "corners_over_9.5_odd": 1.79,
                "corners_under_9.5_odd": 1.91,
                "corners_under_10.0_odd": 1.69,
                "corners_over_10.0_odd": 2.04,
                "draw_odd": 3.41,
                "2_odd": 3.47,
                "1_odd": 2.05,
                "both_score_odd": 1.76,
                "both_noscore_odd": 1.99,
                "away_over_1.75_odd": 3.85,
                "away_under_1.75_odd": 1.23,
                "away_over_1.25_odd": 2.47,
                "away_under_1.25_odd": 1.5,
                "away_over_0.75_odd": 1.58,
                "away_under_0.75_odd": 2.28,
                "away_over_1.5_odd": 2.97,
                "away_under_1.5_odd": 1.36,
                "away_over_1.0_odd": 1.93,
                "away_under_1.0_odd": 1.81,
                "away_over_0.5_odd": 1.41,
                "away_under_0.5_odd": 2.77,
                "home_over_2.25_odd": 3.85,
                "home_under_2.25_odd": 1.23,
                "home_over_1.75_odd": 2.5,
                "home_under_1.75_odd": 1.49,
                "home_over_1.25_odd": 1.75,
                "home_under_1.25_odd": 2.0,
                "home_over_0.75_odd": 1.28,
                "home_under_0.75_odd": 3.4,
                "home_over_2.0_odd": 3.35,
                "home_under_2.0_odd": 1.29,
                "home_over_1.5_odd": 2.07,
                "home_under_1.5_odd": 1.7,
                "home_over_1.0_odd": 1.41,
                "home_under_1.0_odd": 2.77,
                "home_over_0.5_odd": 1.22,
                "home_under_0.5_odd": 4.0,
                "12_odd": 1.3,
                "X2_odd": 1.71,
                "1X_odd": 1.29,
                "home_handicap_0.25_odd": 1.38,
                "away_handicap_-0.25_odd": 2.9,
                "home_handicap_0.75_odd": 1.2,
                "away_handicap_-0.75_odd": 4.25,
                "home_handicap_-0.75_odd": 2.35,
                "away_handicap_0.75_odd": 1.55,
                "home_handicap_-1.25_odd": 3.4,
                "away_handicap_1.25_odd": 1.28,
                "over_3.25_odd": 2.95,
                "under_3.25_odd": 1.36,
                "over_2.75_odd": 2.15,
                "under_2.75_odd": 1.65,
                "over_2.25_odd": 1.68,
                "under_2.25_odd": 2.1,
                "over_1.75_odd": 1.36,
                "under_1.75_odd": 2.97,
                "over_3.5_odd": 3.2,
                "under_3.5_odd": 1.31,
                "over_3.0_odd": 2.6,
                "under_3.0_odd": 1.46,
                "over_2.0_odd": 1.45,
                "under_2.0_odd": 2.62,
                "over_1.5_odd": 1.29,
                "under_1.5_odd": 3.35,
                "home_handicap_-1.0_odd": 3.0,
                "away_handicap_1.0_odd": 1.35,
                "home_handicap_-0.5_odd": 1.99,
                "away_handicap_0.5_odd": 1.76,
                "home_handicap_0.0_odd": 1.5,
                "away_handicap_0.0_odd": 2.47,
                "home_handicap_0.5_odd": 1.3,
                "away_handicap_-0.5_odd": 3.3,
                "home_handicap_-0.25_odd": 1.76,
                "away_handicap_0.25_odd": 1.99,
                "over_2.5_odd": 1.91,
                "under_2.5_odd": 1.83,
                "away_handicap_1.5_odd": 1.24,
                "home_handicap_-1.5_odd": 3.75,
                "away_first_half_under_0.75_odd": 1.31,
                "away_first_half_over_0.75_odd": 3.15,
                "away_first_half_under_0.5_odd": 1.52,
                "away_first_half_over_0.5_odd": 2.37,
                "home_first_half_under_0.75_odd": 1.53,
                "home_first_half_over_0.75_odd": 2.35,
                "home_first_half_under_1.0_odd": 1.23,
                "home_first_half_over_1.0_odd": 3.75,
                "home_first_half_under_0.5_odd": 1.82,
                "home_first_half_over_0.5_odd": 1.88,
                "home_first_half_handicap_-1.0_odd": 5.55,
                "away_first_half_handicap_1.0_odd": 1.11,
                "first_half_over_1.5_odd": 2.7,
                "first_half_under_1.5_odd": 1.4,
                "first_half_over_1.25_odd": 2.3,
                "first_half_under_1.25_odd": 1.55,
                "first_half_over_0.75_odd": 1.52,
                "first_half_under_0.75_odd": 2.37,
                "first_half_over_0.5_odd": 1.38,
                "first_half_under_0.5_odd": 2.8,
                "first_half_over_1.0_odd": 1.83,
                "first_half_under_1.0_odd": 1.87,
                "home_first_half_handicap_-0.5_odd": 2.52,
                "away_first_half_handicap_0.5_odd": 1.46,
                "home_first_half_handicap_0.0_odd": 1.53,
                "away_first_half_handicap_0.0_odd": 2.35,
                "home_first_half_handicap_0.25_odd": 1.32,
                "away_first_half_handicap_-0.25_odd": 3.1,
                "away_handicap_1.75_odd": 1.16,
                "home_handicap_-1.75_odd": 4.75,
                "under_3.75_odd": 1.22,
                "over_3.75_odd": 4.0,
                "home_first_half_handicap_-0.25_odd": 2.05,
                "away_first_half_handicap_0.25_odd": 1.68,
                "home_over_2.5_odd": 4.3,
                "home_under_2.5_odd": 1.19,
                "home_first_half_handicap_-0.75_odd": 3.3,
                "away_first_half_handicap_0.75_odd": 1.28
            },
            {
                "match_id": 27586978,
                "date": "28/07/2025",
                "time": "18:00",
                "home_team": "FC Midtjylland",
                "away_team": "SonderjyskE",
                "match_url": "https://www.asbet.org/en/sports/pre-match/event-view/Soccer/Denmark/1833/superliga/27586978/fc-midtjylland-sonderjyske",
                "both_noscore_odd": 2.3,
                "both_score_odd": 1.57,
                "away_over_1.75_odd": 4.0,
                "away_under_1.75_odd": 1.22,
                "away_over_1.25_odd": 2.52,
                "away_under_1.25_odd": 1.48,
                "away_over_0.75_odd": 1.62,
                "away_under_0.75_odd": 2.21,
                "away_under_1.5_odd": 1.35,
                "away_over_1.5_odd": 3.0,
                "away_under_1.0_odd": 1.75,
                "away_over_1.0_odd": 2.0,
                "away_under_0.5_odd": 2.65,
                "away_over_0.5_odd": 1.44,
                "home_over_3.25_odd": 3.55,
                "home_under_3.25_odd": 1.27,
                "home_over_2.75_odd": 2.5,
                "home_under_2.75_odd": 1.49,
                "home_under_2.25_odd": 1.85,
                "home_over_2.25_odd": 1.89,
                "home_under_1.75_odd": 2.57,
                "home_over_1.75_odd": 1.47,
                "home_under_1.25_odd": 3.85,
                "home_over_1.25_odd": 1.23,
                "home_under_3.5_odd": 1.23,
                "home_over_3.5_odd": 3.85,
                "home_under_3.0_odd": 1.33,
                "home_over_3.0_odd": 3.1,
                "home_under_2.5_odd": 1.65,
                "home_over_2.5_odd": 2.15,
                "home_under_2.0_odd": 2.21,
                "home_over_2.0_odd": 1.62,
                "home_under_1.5_odd": 2.95,
                "home_over_1.5_odd": 1.37,
                "under_4.25_odd": 1.36,
                "over_4.25_odd": 2.97,
                "under_2.25_odd": 3.4,
                "over_2.25_odd": 1.28,
                "under_4.0_odd": 1.43,
                "over_4.0_odd": 2.7,
                "home_handicap_-2.5_odd": 3.55,
                "away_handicap_2.5_odd": 1.27,
                "12_odd": 1.17,
                "X2_odd": 2.74,
                "1X_odd": 1.13,
                "away_first_half_under_0.75_odd": 1.28,
                "away_first_half_over_0.75_odd": 3.3,
                "away_first_half_under_0.5_odd": 1.48,
                "away_first_half_over_0.5_odd": 2.45,
                "home_first_half_under_1.75_odd": 1.22,
                "home_first_half_over_1.75_odd": 3.83,
                "home_first_half_under_1.25_odd": 1.48,
                "home_first_half_over_1.25_odd": 2.45,
                "home_first_half_under_0.75_odd": 2.2,
                "home_first_half_over_0.75_odd": 1.6,
                "home_first_half_under_1.5_odd": 1.35,
                "home_first_half_over_1.5_odd": 2.95,
                "home_first_half_under_1.0_odd": 1.75,
                "home_first_half_over_1.0_odd": 1.95,
                "home_first_half_under_0.5_odd": 2.62,
                "home_first_half_over_0.5_odd": 1.43,
                "over_3.75_odd": 2.28,
                "under_3.75_odd": 1.58,
                "over_2.75_odd": 1.49,
                "under_2.75_odd": 2.5,
                "under_4.5_odd": 1.31,
                "over_4.5_odd": 3.2,
                "over_3.5_odd": 2.02,
                "under_3.5_odd": 1.74,
                "over_3.0_odd": 1.61,
                "under_3.0_odd": 2.23,
                "over_2.5_odd": 1.41,
                "under_2.5_odd": 2.77,
                "away_handicap_2.25_odd": 1.32,
                "home_handicap_-2.25_odd": 3.15,
                "away_handicap_1.75_odd": 1.53,
                "home_handicap_-1.75_odd": 2.4,
                "home_handicap_-0.75_odd": 1.51,
                "away_handicap_0.75_odd": 2.45,
                "home_handicap_-0.25_odd": 1.3,
                "away_handicap_0.25_odd": 3.35,
                "home_handicap_-2.0_odd": 2.95,
                "away_handicap_2.0_odd": 1.37,
                "away_handicap_1.5_odd": 1.68,
                "home_handicap_-1.5_odd": 2.1,
                "home_handicap_-1.0_odd": 1.65,
                "away_handicap_1.0_odd": 2.15,
                "home_handicap_-0.5_odd": 1.42,
                "away_handicap_0.5_odd": 2.73,
                "first_half_over_1.75_odd": 2.39,
                "first_half_under_1.75_odd": 1.51,
                "first_half_over_1.25_odd": 1.7,
                "first_half_under_1.25_odd": 2.02,
                "first_half_over_1.0_odd": 1.39,
                "first_half_under_1.0_odd": 2.75,
                "home_first_half_handicap_-1.0_odd": 2.8,
                "away_first_half_handicap_1.0_odd": 1.38,
                "home_first_half_handicap_-0.75_odd": 2.13,
                "away_first_half_handicap_0.75_odd": 1.63,
                "home_first_half_handicap_-0.25_odd": 1.53,
                "away_first_half_handicap_0.25_odd": 2.35,
                "draw_odd": 4.8,
                "2_odd": 5.9,
                "1_odd": 1.42,
                "away_first_half_handicap_0.5_odd": 1.9,
                "home_first_half_handicap_-0.5_odd": 1.8,
                "first_half_under_1.5_odd": 1.71,
                "first_half_over_1.5_odd": 2.01,
                "home_handicap_-1.25_odd": 1.88,
                "away_handicap_1.25_odd": 1.86,
                "over_3.25_odd": 1.82,
                "under_3.25_odd": 1.92
            }
        ]
    },
    {
        "tournament_name": "1st Division. Outright",
        "tournament_id": 21801,
        "matches": []
    }
]