[
    {
        "last_updated": "2025-07-24T20:52:10.285919+01:00"
    },
    {
        "tournament_name": "Liga Nacional",
        "tournament_id": 1886,
        "matches": [
            {
                "match_id": 27599547,
                "date": "26/07/2025",
                "time": "03:00",
                "home_team": "Xelaju MC",
                "away_team": "Antigua GFC",
                "match_url": "https://www.asbet.org/en/sports/pre-match/event-view/Soccer/Guatemala/1886/liga-nacional/27599547/xelaju-mc-antigua-gfc",
                "under_2.75_odd": 1.47,
                "over_2.75_odd": 2.5,
                "away_handicap_1.0_odd": 1.38,
                "home_handicap_-1.0_odd": 2.8,
                "both_score_odd": 1.93,
                "both_noscore_odd": 1.77,
                "away_over_1.25_odd": 3.1,
                "away_under_1.25_odd": 1.32,
                "away_over_0.75_odd": 1.8,
                "away_under_0.75_odd": 1.9,
                "away_over_1.5_odd": 3.65,
                "away_under_1.5_odd": 1.24,
                "away_over_1.0_odd": 2.44,
                "away_under_1.0_odd": 1.49,
                "away_over_0.5_odd": 1.55,
                "away_under_0.5_odd": 2.3,
                "home_over_2.25_odd": 4.05,
                "home_under_2.25_odd": 1.2,
                "home_over_1.75_odd": 2.59,
                "home_under_1.75_odd": 1.44,
                "home_under_1.25_odd": 1.9,
                "home_over_1.25_odd": 1.8,
                "home_over_0.75_odd": 1.3,
                "home_under_0.75_odd": 3.2,
                "home_over_2.0_odd": 3.57,
                "home_under_2.0_odd": 1.25,
                "home_over_1.5_odd": 2.17,
                "home_under_1.5_odd": 1.61,
                "home_over_1.0_odd": 1.44,
                "home_under_1.0_odd": 2.59,
                "home_over_0.5_odd": 1.23,
                "home_under_0.5_odd": 3.75,
                "over_3.25_odd": 3.57,
                "under_3.25_odd": 1.25,
                "12_odd": 1.32,
                "X2_odd": 1.82,
                "1X_odd": 1.23,
                "first_half_over_1.0_odd": 2.04,
                "first_half_under_1.0_odd": 1.69,
                "away_handicap_1.25_odd": 1.3,
                "home_handicap_-1.25_odd": 3.2,
                "away_handicap_1.5_odd": 1.24,
                "home_handicap_-1.5_odd": 3.65,
                "away_handicap_0.0_odd": 2.85,
                "home_handicap_0.0_odd": 1.37,
                "away_handicap_0.75_odd": 1.61,
                "home_handicap_-0.75_odd": 2.17,
                "under_2.25_odd": 1.82,
                "over_2.25_odd": 1.88,
                "under_1.75_odd": 2.5,
                "over_1.75_odd": 1.47,
                "under_3.0_odd": 1.31,
                "over_3.0_odd": 3.15,
                "under_2.5_odd": 1.62,
                "over_2.5_odd": 2.15,
                "under_2.0_odd": 2.15,
                "over_2.0_odd": 1.62,
                "under_1.5_odd": 2.8,
                "over_1.5_odd": 1.38,
                "away_handicap_0.25_odd": 2.15,
                "home_handicap_-0.25_odd": 1.62,
                "away_handicap_0.5_odd": 1.83,
                "home_handicap_-0.5_odd": 1.87,
                "away_handicap_-0.25_odd": 3.25,
                "home_handicap_0.25_odd": 1.29,
                "2_odd": 3.98,
                "1_odd": 1.88,
                "draw_odd": 3.16,
                "away_first_half_under_0.75_odd": 1.23,
                "away_first_half_over_0.75_odd": 3.75,
                "away_first_half_under_0.5_odd": 1.4,
                "away_first_half_over_0.5_odd": 2.7,
                "home_first_half_under_0.75_odd": 1.49,
                "home_first_half_over_0.75_odd": 2.44,
                "home_first_half_under_1.0_odd": 1.22,
                "home_first_half_over_1.0_odd": 3.83,
                "home_first_half_under_0.5_odd": 1.76,
                "home_first_half_over_0.5_odd": 1.94,
                "home_first_half_handicap_-0.5_odd": 2.5,
                "away_first_half_handicap_0.5_odd": 1.47,
                "home_first_half_handicap_0.0_odd": 1.47,
                "away_first_half_handicap_0.0_odd": 2.5,
                "home_first_half_handicap_-0.25_odd": 1.93,
                "away_first_half_handicap_0.25_odd": 1.77,
                "first_half_over_1.25_odd": 2.55,
                "first_half_under_1.25_odd": 1.45,
                "first_half_over_0.75_odd": 1.62,
                "first_half_under_0.75_odd": 2.15,
                "first_half_over_0.5_odd": 1.45,
                "first_half_under_0.5_odd": 2.55
            }
        ]
    }
]