[
    {
        "last_updated": "2025-07-24T20:52:21.081877+01:00"
    },
    {
        "tournament_name": "Urvalsdeild - Women",
        "tournament_id": 1894,
        "matches": [
            {
                "match_id": 27647191,
                "date": "25/07/2025",
                "time": "19:00",
                "home_team": "Vikingur Reykjavik (Wom)",
                "away_team": "Stjarnan FC (Wom)",
                "match_url": "https://www.asbet.org/en/sports/pre-match/event-view/Soccer/Iceland/1894/urvalsdeild---women/27647191/vikingur-reykjavik-wom-stjarnan-fc-wom",
                "under_3.75_odd": 1.45,
                "over_3.75_odd": 2.55,
                "under_2.75_odd": 2.17,
                "over_2.75_odd": 1.61,
                "under_3.5_odd": 1.57,
                "over_3.5_odd": 2.25,
                "under_3.0_odd": 1.92,
                "over_3.0_odd": 1.78,
                "away_handicap_0.25_odd": 1.84,
                "home_handicap_-0.25_odd": 1.86,
                "away_handicap_0.5_odd": 1.64,
                "home_handicap_-0.5_odd": 2.12,
                "away_handicap_-0.25_odd": 2.45,
                "home_handicap_0.25_odd": 1.48,
                "X2_odd": 1.62,
                "1X_odd": 1.38,
                "12_odd": 1.27,
                "over_2.5_odd": 1.5,
                "under_2.5_odd": 2.4,
                "over_3.25_odd": 2.01,
                "under_3.25_odd": 1.71,
                "home_handicap_0.0_odd": 1.62,
                "away_handicap_0.0_odd": 2.15,
                "draw_odd": 3.58,
                "2_odd": 2.83,
                "1_odd": 2.14,
                "away_handicap_0.75_odd": 1.48,
                "home_handicap_-0.75_odd": 2.45
            },
            {
                "match_id": 27647192,
                "date": "25/07/2025",
                "time": "19:00",
                "home_team": "FH Hafnarfjordur (Wom)",
                "away_team": "Fram Reykjavik (Wom)",
                "match_url": "https://www.asbet.org/en/sports/pre-match/event-view/Soccer/Iceland/1894/urvalsdeild---women/27647192/fh-hafnarfjordur-wom-fram-reykjavik-wom",
                "under_2.75_odd": 2.1,
                "over_2.75_odd": 1.65,
                "under_3.5_odd": 1.54,
                "over_3.5_odd": 2.33,
                "under_3.0_odd": 1.86,
                "over_3.0_odd": 1.84,
                "away_handicap_1.25_odd": 1.8,
                "home_handicap_-1.25_odd": 1.9,
                "away_handicap_0.75_odd": 2.37,
                "home_handicap_-0.75_odd": 1.52,
                "away_handicap_1.5_odd": 1.63,
                "home_handicap_-1.5_odd": 2.13,
                "X2_odd": 2.56,
                "1X_odd": 1.13,
                "12_odd": 1.19,
                "over_2.5_odd": 1.53,
                "under_2.5_odd": 2.35,
                "over_3.25_odd": 2.08,
                "under_3.25_odd": 1.66,
                "home_handicap_-1.0_odd": 1.67,
                "away_handicap_1.0_odd": 2.07,
                "draw_odd": 4.4,
                "2_odd": 5.7,
                "1_odd": 1.43,
                "away_handicap_1.75_odd": 1.48,
                "home_handicap_-1.75_odd": 2.45
            }
        ]
    },
    {
        "tournament_name": "2. Deild",
        "tournament_id": 1896,
        "matches": [
            {
                "match_id": 27628097,
                "date": "25/07/2025",
                "time": "20:15",
                "home_team": "Haukar Hafnarfjordur",
                "away_team": "KFG Gardabaer",
                "match_url": "https://www.asbet.org/en/sports/pre-match/event-view/Soccer/Iceland/1896/deild/27628097/haukar-hafnarfjordur-kfg-gardabaer",
                "both_noscore_odd": 2.55,
                "both_score_odd": 1.45,
                "away_under_1.75_odd": 1.31,
                "away_over_1.75_odd": 3.15,
                "away_under_1.25_odd": 1.65,
                "away_over_1.25_odd": 2.1,
                "away_under_0.75_odd": 2.59,
                "away_over_0.75_odd": 1.44,
                "away_under_1.5_odd": 1.46,
                "away_over_1.5_odd": 2.52,
                "away_under_1.0_odd": 2.07,
                "away_over_1.0_odd": 1.67,
                "away_under_0.5_odd": 3.1,
                "away_over_0.5_odd": 1.32,
                "home_under_3.25_odd": 1.22,
                "home_over_3.25_odd": 3.83,
                "home_under_2.75_odd": 1.41,
                "home_over_2.75_odd": 2.68,
                "home_under_2.25_odd": 1.72,
                "home_over_2.25_odd": 2.0,
                "home_under_1.75_odd": 2.35,
                "home_over_1.75_odd": 1.53,
                "home_under_1.25_odd": 3.47,
                "home_over_1.25_odd": 1.26,
                "home_under_3.0_odd": 1.26,
                "home_over_3.0_odd": 3.47,
                "home_under_2.5_odd": 1.56,
                "home_over_2.5_odd": 2.27,
                "home_under_2.0_odd": 2.0,
                "home_over_2.0_odd": 1.72,
                "home_under_1.5_odd": 2.65,
                "home_over_1.5_odd": 1.42,
                "under_4.25_odd": 1.37,
                "over_4.25_odd": 2.85,
                "under_2.75_odd": 2.52,
                "over_2.75_odd": 1.46,
                "under_2.25_odd": 3.47,
                "over_2.25_odd": 1.26,
                "under_4.5_odd": 1.32,
                "over_4.5_odd": 3.1,
                "under_4.0_odd": 1.45,
                "over_4.0_odd": 2.55,
                "away_handicap_1.75_odd": 1.39,
                "home_handicap_-1.75_odd": 2.75,
                "away_handicap_1.25_odd": 1.62,
                "home_handicap_-1.25_odd": 2.15,
                "away_handicap_0.25_odd": 2.68,
                "home_handicap_-0.25_odd": 1.41,
                "away_handicap_0.5_odd": 2.27,
                "home_handicap_-0.5_odd": 1.56,
                "away_handicap_0.0_odd": 3.57,
                "home_handicap_0.0_odd": 1.25,
                "X2_odd": 2.23,
                "1X_odd": 1.18,
                "12_odd": 1.21,
                "away_first_half_under_0.75_odd": 1.38,
                "away_first_half_over_0.75_odd": 2.8,
                "away_first_half_under_0.5_odd": 1.61,
                "away_first_half_over_0.5_odd": 2.17,
                "home_first_half_under_1.25_odd": 1.4,
                "home_first_half_over_1.25_odd": 2.7,
                "home_first_half_under_0.75_odd": 2.02,
                "home_first_half_over_0.75_odd": 1.7,
                "home_first_half_under_1.5_odd": 1.29,
                "home_first_half_over_1.5_odd": 3.25,
                "home_first_half_under_1.0_odd": 1.61,
                "home_first_half_over_1.0_odd": 2.17,
                "home_first_half_under_0.5_odd": 2.4,
                "home_first_half_over_0.5_odd": 1.5,
                "first_half_under_1.75_odd": 1.51,
                "first_half_over_1.75_odd": 2.39,
                "away_first_half_handicap_0.75_odd": 1.5,
                "home_first_half_handicap_-0.75_odd": 2.4,
                "away_first_half_handicap_0.25_odd": 2.04,
                "home_first_half_handicap_-0.25_odd": 1.69,
                "over_3.75_odd": 2.2,
                "under_3.75_odd": 1.6,
                "over_3.5_odd": 1.94,
                "under_3.5_odd": 1.76,
                "over_3.0_odd": 1.56,
                "under_3.0_odd": 2.27,
                "over_2.5_odd": 1.38,
                "under_2.5_odd": 2.8,
                "home_handicap_-2.0_odd": 3.4,
                "away_handicap_2.0_odd": 1.27,
                "home_handicap_-1.5_odd": 2.39,
                "away_handicap_1.5_odd": 1.51,
                "over_3.25_odd": 1.76,
                "under_3.25_odd": 1.94,
                "home_handicap_-0.75_odd": 1.7,
                "away_handicap_0.75_odd": 2.02,
                "first_half_over_1.5_odd": 2.0,
                "first_half_under_1.5_odd": 1.72,
                "first_half_over_1.0_odd": 1.38,
                "first_half_under_1.0_odd": 2.8,
                "home_first_half_handicap_0.0_odd": 1.36,
                "away_first_half_handicap_0.0_odd": 2.87,
                "draw_odd": 4.2,
                "2_odd": 4.6,
                "1_odd": 1.56,
                "away_handicap_1.0_odd": 1.85,
                "home_handicap_-1.0_odd": 1.85,
                "home_first_half_handicap_-0.5_odd": 2.0,
                "away_first_half_handicap_0.5_odd": 1.72,
                "first_half_over_1.25_odd": 1.7,
                "first_half_under_1.25_odd": 2.02
            },
            {
                "match_id": 27628098,
                "date": "25/07/2025",
                "time": "20:15",
                "home_team": "Grotta",
                "away_team": "FC Kari Akranes",
                "match_url": "https://www.asbet.org/en/sports/pre-match/event-view/Soccer/Iceland/1896/deild/27628098/grotta-fc-kari-akranes",
                "both_score_odd": 1.54,
                "both_noscore_odd": 2.33,
                "away_over_1.75_odd": 4.05,
                "away_under_1.75_odd": 1.2,
                "away_over_1.25_odd": 2.59,
                "away_under_1.25_odd": 1.44,
                "away_over_0.75_odd": 1.61,
                "away_under_0.75_odd": 2.17,
                "away_over_1.5_odd": 3.1,
                "away_under_1.5_odd": 1.32,
                "away_over_1.0_odd": 2.04,
                "away_under_1.0_odd": 1.69,
                "away_over_0.5_odd": 1.44,
                "away_under_0.5_odd": 2.59,
                "home_over_3.25_odd": 3.2,
                "home_under_3.25_odd": 1.3,
                "home_over_2.75_odd": 2.3,
                "home_under_2.75_odd": 1.55,
                "home_over_2.25_odd": 1.75,
                "home_under_2.25_odd": 1.95,
                "home_over_1.75_odd": 1.4,
                "home_under_1.75_odd": 2.7,
                "home_over_1.25_odd": 1.2,
                "home_under_1.25_odd": 4.05,
                "home_over_3.0_odd": 2.85,
                "home_under_3.0_odd": 1.37,
                "home_over_2.5_odd": 1.96,
                "home_under_2.5_odd": 1.74,
                "home_over_2.0_odd": 1.52,
                "home_under_2.0_odd": 2.37,
                "home_over_1.5_odd": 1.33,
                "home_under_1.5_odd": 3.05,
                "over_4.25_odd": 2.87,
                "under_4.25_odd": 1.36,
                "over_3.75_odd": 2.15,
                "under_3.75_odd": 1.62,
                "over_2.25_odd": 1.24,
                "under_2.25_odd": 3.65,
                "over_4.5_odd": 3.15,
                "under_4.5_odd": 1.31,
                "over_4.0_odd": 2.55,
                "under_4.0_odd": 1.45,
                "home_handicap_-2.25_odd": 2.87,
                "away_handicap_2.25_odd": 1.36,
                "home_handicap_-1.75_odd": 2.2,
                "away_handicap_1.75_odd": 1.6,
                "home_handicap_-0.75_odd": 1.47,
                "away_handicap_0.75_odd": 2.5,
                "home_handicap_-0.25_odd": 1.27,
                "away_handicap_0.25_odd": 3.4,
                "home_handicap_-0.5_odd": 1.39,
                "away_handicap_0.5_odd": 2.75,
                "12_odd": 1.18,
                "X2_odd": 2.73,
                "1X_odd": 1.11,
                "away_first_half_over_0.75_odd": 3.2,
                "away_first_half_under_0.75_odd": 1.3,
                "away_first_half_over_0.5_odd": 2.39,
                "away_first_half_under_0.5_odd": 1.51,
                "home_first_half_over_1.25_odd": 2.39,
                "home_first_half_under_1.25_odd": 1.51,
                "home_first_half_over_0.75_odd": 1.57,
                "home_first_half_under_0.75_odd": 2.25,
                "home_first_half_over_1.5_odd": 2.85,
                "home_first_half_under_1.5_odd": 1.37,
                "home_first_half_over_1.0_odd": 1.9,
                "home_first_half_under_1.0_odd": 1.8,
                "home_first_half_over_0.5_odd": 1.41,
                "home_first_half_under_0.5_odd": 2.68,
                "first_half_over_1.75_odd": 2.3,
                "first_half_under_1.75_odd": 1.55,
                "home_first_half_handicap_-0.75_odd": 2.1,
                "away_first_half_handicap_0.75_odd": 1.65,
                "away_first_half_handicap_0.25_odd": 2.37,
                "home_first_half_handicap_-0.25_odd": 1.52,
                "over_2.75_odd": 1.42,
                "under_2.75_odd": 2.65,
                "over_3.5_odd": 1.9,
                "under_3.5_odd": 1.8,
                "over_3.0_odd": 1.52,
                "under_3.0_odd": 2.37,
                "over_2.5_odd": 1.36,
                "under_2.5_odd": 2.87,
                "home_handicap_-1.25_odd": 1.76,
                "away_handicap_1.25_odd": 1.94,
                "home_handicap_-2.0_odd": 2.59,
                "away_handicap_2.0_odd": 1.44,
                "home_handicap_-1.5_odd": 1.9,
                "away_handicap_1.5_odd": 1.8,
                "first_half_under_1.5_odd": 1.76,
                "first_half_over_1.5_odd": 1.94,
                "first_half_over_1.0_odd": 1.36,
                "first_half_under_1.0_odd": 2.87,
                "home_handicap_-1.0_odd": 1.57,
                "away_handicap_1.0_odd": 2.25,
                "2_odd": 6.3,
                "1_odd": 1.39,
                "draw_odd": 4.5,
                "over_3.25_odd": 1.71,
                "under_3.25_odd": 2.01,
                "home_first_half_handicap_-0.5_odd": 1.76,
                "away_first_half_handicap_0.5_odd": 1.94,
                "first_half_over_1.25_odd": 1.65,
                "first_half_under_1.25_odd": 2.1,
                "home_over_3.5_odd": 3.47,
                "home_under_3.5_odd": 1.26,
                "home_handicap_-2.5_odd": 3.15,
                "away_handicap_2.5_odd": 1.31,
                "home_first_half_handicap_-1.0_odd": 2.75,
                "away_first_half_handicap_1.0_odd": 1.39,
                "home_first_half_under_1.75_odd": 1.24,
                "home_first_half_over_1.75_odd": 3.65,
                "first_half_over_2.0_odd": 3.05,
                "first_half_under_2.0_odd": 1.33
            }
        ]
    },
    {
        "tournament_name": "1. Deild",
        "tournament_id": 1897,
        "matches": [
            {
                "match_id": 27616603,
                "date": "25/07/2025",
                "time": "19:00",
                "home_team": "Keflavik",
                "away_team": "Thor Akureyri",
                "match_url": "https://www.asbet.org/en/sports/pre-match/event-view/Soccer/Iceland/1897/deild/27616603/keflavik-thor-akureyri",
                "away_under_0.75_odd": 3.57,
                "away_over_0.75_odd": 1.25,
                "both_noscore_odd": 2.87,
                "both_score_odd": 1.36,
                "away_under_2.25_odd": 1.26,
                "away_over_2.25_odd": 3.47,
                "away_under_1.75_odd": 1.54,
                "away_over_1.75_odd": 2.33,
                "away_under_1.25_odd": 2.08,
                "away_over_1.25_odd": 1.66,
                "away_under_2.5_odd": 1.21,
                "away_over_2.5_odd": 3.9,
                "away_under_2.0_odd": 1.33,
                "away_over_2.0_odd": 3.05,
                "away_under_1.5_odd": 1.75,
                "away_over_1.5_odd": 1.95,
                "away_under_1.0_odd": 2.95,
                "away_over_1.0_odd": 1.35,
                "home_under_2.75_odd": 1.26,
                "home_over_2.75_odd": 3.47,
                "home_under_2.25_odd": 1.48,
                "home_over_2.25_odd": 2.45,
                "home_under_1.75_odd": 1.91,
                "home_over_1.75_odd": 1.79,
                "home_under_1.25_odd": 2.75,
                "home_over_1.25_odd": 1.39,
                "home_under_2.5_odd": 1.38,
                "home_over_2.5_odd": 2.8,
                "home_under_2.0_odd": 1.64,
                "home_over_2.0_odd": 2.12,
                "home_under_1.5_odd": 2.2,
                "home_over_1.5_odd": 1.6,
                "under_4.25_odd": 1.36,
                "over_4.25_odd": 2.87,
                "under_3.25_odd": 2.0,
                "over_3.25_odd": 1.72,
                "under_2.75_odd": 2.62,
                "over_2.75_odd": 1.43,
                "under_4.0_odd": 1.44,
                "over_4.0_odd": 2.59,
                "under_3.0_odd": 2.35,
                "over_3.0_odd": 1.53,
                "away_handicap_1.25_odd": 1.34,
                "home_handicap_-1.25_odd": 3.0,
                "away_handicap_0.75_odd": 1.56,
                "home_handicap_-0.75_odd": 2.27,
                "away_handicap_1.0_odd": 1.4,
                "home_handicap_-1.0_odd": 2.7,
                "away_handicap_0.5_odd": 1.75,
                "home_handicap_-0.5_odd": 1.95,
                "away_handicap_-0.75_odd": 3.4,
                "home_handicap_0.75_odd": 1.27,
                "away_handicap_-0.25_odd": 2.55,
                "home_handicap_0.25_odd": 1.45,
                "away_handicap_-0.5_odd": 2.85,
                "home_handicap_0.5_odd": 1.37,
                "away_handicap_0.0_odd": 2.27,
                "home_handicap_0.0_odd": 1.56,
                "X2_odd": 1.71,
                "12_odd": 1.24,
                "1X_odd": 1.36,
                "over_4.5_odd": 3.2,
                "under_4.5_odd": 1.3,
                "under_3.5_odd": 1.79,
                "over_3.5_odd": 1.91,
                "over_2.5_odd": 1.36,
                "under_2.5_odd": 2.87,
                "draw_odd": 3.86,
                "2_odd": 2.92,
                "1_odd": 2.01,
                "away_handicap_0.25_odd": 1.92,
                "home_handicap_-0.25_odd": 1.78,
                "over_3.75_odd": 2.15,
                "under_3.75_odd": 1.62,
                "away_first_half_over_0.75_odd": 2.27,
                "away_first_half_under_0.75_odd": 1.56,
                "away_first_half_over_1.0_odd": 3.57,
                "away_first_half_under_1.0_odd": 1.25,
                "away_first_half_over_0.5_odd": 1.83,
                "away_first_half_under_0.5_odd": 1.87,
                "home_first_half_over_1.25_odd": 3.2,
                "home_first_half_under_1.25_odd": 1.31,
                "home_first_half_over_0.75_odd": 1.86,
                "home_first_half_under_0.75_odd": 1.84,
                "home_first_half_under_1.5_odd": 1.22,
                "home_first_half_over_1.5_odd": 3.83,
                "home_first_half_over_1.0_odd": 2.52,
                "home_first_half_under_1.0_odd": 1.46,
                "home_first_half_over_0.5_odd": 1.59,
                "home_first_half_under_0.5_odd": 2.21,
                "first_half_over_1.75_odd": 2.3,
                "first_half_under_1.75_odd": 1.55,
                "first_half_over_1.25_odd": 1.66,
                "first_half_under_1.25_odd": 2.08,
                "home_first_half_handicap_-0.25_odd": 2.01,
                "away_first_half_handicap_0.25_odd": 1.71,
                "away_first_half_handicap_0.5_odd": 1.51,
                "home_first_half_handicap_-0.5_odd": 2.39,
                "away_first_half_handicap_-0.25_odd": 2.7,
                "home_first_half_handicap_0.25_odd": 1.4,
                "first_half_over_1.5_odd": 1.94,
                "first_half_under_1.5_odd": 1.76,
                "away_first_half_handicap_0.0_odd": 2.21,
                "home_first_half_handicap_0.0_odd": 1.59,
                "first_half_over_1.0_odd": 1.36,
                "first_half_under_1.0_odd": 2.87,
                "home_handicap_-1.5_odd": 3.25,
                "away_handicap_1.5_odd": 1.29,
                "under_2.25_odd": 3.57,
                "over_2.25_odd": 1.25,
                "away_first_half_handicap_0.75_odd": 1.33,
                "home_first_half_handicap_-0.75_odd": 3.05,
                "first_half_over_2.0_odd": 3.05,
                "first_half_under_2.0_odd": 1.33
            },
            {
                "match_id": 27616791,
                "date": "25/07/2025",
                "time": "20:15",
                "home_team": "HK Kopavogur",
                "away_team": "Leiknir Reykjavik",
                "match_url": "https://www.asbet.org/en/sports/pre-match/event-view/Soccer/Iceland/1897/deild/27616791/hk-kopavogur-leiknir-reykjavik",
                "both_score_odd": 1.41,
                "both_noscore_odd": 2.68,
                "away_over_1.75_odd": 3.15,
                "away_under_1.75_odd": 1.31,
                "away_over_1.25_odd": 2.05,
                "away_under_1.25_odd": 1.68,
                "away_over_0.75_odd": 1.41,
                "away_under_0.75_odd": 2.68,
                "away_over_1.5_odd": 2.5,
                "away_under_1.5_odd": 1.47,
                "away_over_1.0_odd": 1.62,
                "away_under_1.0_odd": 2.15,
                "away_over_0.5_odd": 1.29,
                "away_under_0.5_odd": 3.25,
                "home_under_3.25_odd": 1.21,
                "home_over_3.25_odd": 3.9,
                "home_under_2.75_odd": 1.41,
                "home_over_2.75_odd": 2.68,
                "home_over_2.25_odd": 1.97,
                "home_under_2.25_odd": 1.73,
                "home_over_1.75_odd": 1.53,
                "home_under_1.75_odd": 2.35,
                "home_over_3.0_odd": 3.65,
                "home_under_3.0_odd": 1.24,
                "home_over_2.5_odd": 2.27,
                "home_under_2.5_odd": 1.56,
                "home_under_2.0_odd": 2.01,
                "home_over_2.0_odd": 1.71,
                "home_over_1.5_odd": 1.42,
                "home_under_1.5_odd": 2.65,
                "over_4.25_odd": 2.87,
                "under_4.25_odd": 1.36,
                "over_3.75_odd": 2.15,
                "under_3.75_odd": 1.62,
                "over_3.25_odd": 1.72,
                "under_3.25_odd": 2.0,
                "over_2.75_odd": 1.43,
                "under_2.75_odd": 2.62,
                "over_3.0_odd": 1.52,
                "under_3.0_odd": 2.37,
                "home_handicap_-1.75_odd": 2.95,
                "away_handicap_1.75_odd": 1.35,
                "home_handicap_-1.25_odd": 2.25,
                "away_handicap_1.25_odd": 1.57,
                "home_handicap_-0.75_odd": 1.72,
                "away_handicap_0.75_odd": 2.0,
                "home_handicap_-0.25_odd": 1.4,
                "away_handicap_0.25_odd": 2.7,
                "home_handicap_-1.0_odd": 1.89,
                "away_handicap_1.0_odd": 1.81,
                "home_handicap_-0.5_odd": 1.57,
                "away_handicap_0.5_odd": 2.25,
                "12_odd": 1.24,
                "X2_odd": 2.2,
                "1X_odd": 1.16,
                "over_2.5_odd": 1.36,
                "under_2.5_odd": 2.87,
                "over_4.5_odd": 3.15,
                "under_4.5_odd": 1.31,
                "under_3.5_odd": 1.8,
                "over_3.5_odd": 1.9,
                "draw_odd": 3.78,
                "2_odd": 5.0,
                "1_odd": 1.57,
                "away_handicap_1.5_odd": 1.46,
                "home_handicap_-1.5_odd": 2.52,
                "under_4.0_odd": 1.44,
                "over_4.0_odd": 2.59,
                "away_first_half_under_0.75_odd": 1.38,
                "away_first_half_over_0.75_odd": 2.8,
                "away_first_half_under_0.5_odd": 1.62,
                "away_first_half_over_0.5_odd": 2.15,
                "home_first_half_over_1.25_odd": 2.65,
                "home_first_half_under_1.25_odd": 1.42,
                "home_first_half_over_0.75_odd": 1.67,
                "home_first_half_under_0.75_odd": 2.07,
                "home_first_half_over_1.5_odd": 3.15,
                "home_first_half_under_1.5_odd": 1.31,
                "home_first_half_over_1.0_odd": 2.12,
                "home_first_half_under_1.0_odd": 1.64,
                "home_first_half_under_0.5_odd": 2.5,
                "home_first_half_over_0.5_odd": 1.47,
                "first_half_over_1.25_odd": 1.67,
                "first_half_under_1.25_odd": 2.07,
                "home_first_half_handicap_-0.75_odd": 2.39,
                "away_first_half_handicap_0.75_odd": 1.51,
                "away_first_half_handicap_0.25_odd": 2.07,
                "home_first_half_handicap_-0.25_odd": 1.67,
                "first_half_under_1.5_odd": 1.74,
                "first_half_over_1.5_odd": 1.96,
                "first_half_under_1.75_odd": 1.53,
                "first_half_over_1.75_odd": 2.35,
                "home_first_half_handicap_-0.5_odd": 1.97,
                "away_first_half_handicap_0.5_odd": 1.73,
                "away_first_half_handicap_0.0_odd": 2.95,
                "home_first_half_handicap_0.0_odd": 1.35,
                "home_over_1.25_odd": 1.25,
                "home_under_1.25_odd": 3.57,
                "first_half_over_1.0_odd": 1.37,
                "first_half_under_1.0_odd": 2.85,
                "over_2.25_odd": 1.24,
                "under_2.25_odd": 3.65,
                "home_handicap_-2.0_odd": 3.65,
                "away_handicap_2.0_odd": 1.24
            },
            {
                "match_id": 27616792,
                "date": "25/07/2025",
                "time": "20:15",
                "home_team": "IR Reykjavik",
                "away_team": "UMF Njardvik",
                "match_url": "https://www.asbet.org/en/sports/pre-match/event-view/Soccer/Iceland/1897/deild/27616792/ir-reykjavik-umf-njardvik",
                "both_noscore_odd": 2.85,
                "both_score_odd": 1.37,
                "away_under_2.25_odd": 1.32,
                "away_over_2.25_odd": 3.1,
                "away_under_1.75_odd": 1.66,
                "away_over_1.75_odd": 2.08,
                "away_under_1.25_odd": 2.35,
                "away_over_1.25_odd": 1.53,
                "away_under_2.5_odd": 1.26,
                "away_over_2.5_odd": 3.47,
                "away_under_2.0_odd": 1.42,
                "away_over_2.0_odd": 2.65,
                "away_under_1.5_odd": 1.9,
                "away_over_1.5_odd": 1.8,
                "home_under_2.25_odd": 1.26,
                "home_over_2.25_odd": 3.57,
                "home_under_1.75_odd": 1.54,
                "home_over_1.75_odd": 2.33,
                "home_under_1.25_odd": 2.1,
                "home_over_1.25_odd": 1.65,
                "home_under_2.5_odd": 1.21,
                "home_over_2.5_odd": 3.9,
                "home_under_2.0_odd": 1.32,
                "home_over_2.0_odd": 3.1,
                "home_under_1.5_odd": 1.75,
                "home_over_1.5_odd": 1.95,
                "under_4.25_odd": 1.29,
                "over_4.25_odd": 3.25,
                "under_3.25_odd": 1.78,
                "over_3.25_odd": 1.92,
                "under_2.75_odd": 2.27,
                "over_2.75_odd": 1.56,
                "under_4.0_odd": 1.35,
                "over_4.0_odd": 2.95,
                "under_3.0_odd": 2.01,
                "over_3.0_odd": 1.71,
                "away_handicap_0.75_odd": 1.28,
                "home_handicap_-0.75_odd": 3.3,
                "away_handicap_0.25_odd": 1.5,
                "home_handicap_-0.25_odd": 2.4,
                "away_handicap_0.5_odd": 1.39,
                "home_handicap_-0.5_odd": 2.75,
                "away_handicap_-0.75_odd": 2.7,
                "home_handicap_0.75_odd": 1.4,
                "away_handicap_-0.25_odd": 2.0,
                "home_handicap_0.25_odd": 1.72,
                "away_handicap_-0.5_odd": 2.3,
                "home_handicap_0.5_odd": 1.55,
                "X2_odd": 1.39,
                "12_odd": 1.32,
                "1X_odd": 1.54,
                "under_2.5_odd": 2.52,
                "over_2.5_odd": 1.46,
                "over_4.5_odd": 3.47,
                "under_4.5_odd": 1.26,
                "under_3.5_odd": 1.62,
                "over_3.5_odd": 2.15,
                "2_odd": 2.34,
                "1_odd": 2.81,
                "draw_odd": 3.16,
                "over_3.75_odd": 2.44,
                "under_3.75_odd": 1.49,
                "home_handicap_0.0_odd": 2.04,
                "away_handicap_0.0_odd": 1.69,
                "away_first_half_over_1.25_odd": 3.83,
                "away_first_half_under_1.25_odd": 1.22,
                "away_first_half_over_0.75_odd": 2.1,
                "away_first_half_under_0.75_odd": 1.65,
                "away_first_half_over_1.0_odd": 3.15,
                "away_first_half_under_1.0_odd": 1.31,
                "away_first_half_over_0.5_odd": 1.74,
                "away_first_half_under_0.5_odd": 1.96,
                "home_first_half_over_0.75_odd": 2.3,
                "home_first_half_under_0.75_odd": 1.55,
                "home_first_half_over_1.0_odd": 3.57,
                "home_first_half_under_1.0_odd": 1.25,
                "home_first_half_over_0.5_odd": 1.85,
                "home_first_half_under_0.5_odd": 1.85,
                "first_half_over_1.75_odd": 2.55,
                "first_half_under_1.75_odd": 1.45,
                "first_half_over_1.25_odd": 1.8,
                "first_half_under_1.25_odd": 1.9,
                "away_first_half_handicap_0.25_odd": 1.47,
                "home_first_half_handicap_-0.25_odd": 2.5,
                "away_first_half_handicap_0.5_odd": 1.34,
                "home_first_half_handicap_-0.5_odd": 3.0,
                "away_first_half_handicap_-0.25_odd": 2.21,
                "home_first_half_handicap_0.25_odd": 1.59,
                "home_first_half_handicap_0.5_odd": 1.42,
                "away_first_half_handicap_-0.5_odd": 2.65,
                "first_half_under_1.5_odd": 1.63,
                "first_half_over_1.5_odd": 2.13,
                "away_first_half_handicap_0.0_odd": 1.74,
                "home_first_half_handicap_0.0_odd": 1.96,
                "first_half_under_1.0_odd": 2.52,
                "first_half_over_1.0_odd": 1.46,
                "over_2.25_odd": 1.32,
                "under_2.25_odd": 3.1,
                "away_under_1.0_odd": 3.57,
                "away_over_1.0_odd": 1.25,
                "home_under_0.75_odd": 3.75,
                "home_over_0.75_odd": 1.23,
                "home_under_1.0_odd": 3.05,
                "home_over_1.0_odd": 1.33,
                "home_handicap_1.0_odd": 1.24,
                "away_handicap_-1.0_odd": 3.65
            },
            {
                "match_id": 27616793,
                "date": "25/07/2025",
                "time": "20:15",
                "home_team": "UMF Grindavik",
                "away_team": "Throttur Reykjavik",
                "match_url": "https://www.asbet.org/en/sports/pre-match/event-view/Soccer/Iceland/1897/deild/27616793/umf-grindavik-throttur-reykjavik",
                "both_score_odd": 1.31,
                "both_noscore_odd": 3.15,
                "away_over_2.75_odd": 3.0,
                "away_under_2.75_odd": 1.34,
                "away_under_2.25_odd": 1.6,
                "away_over_2.25_odd": 2.2,
                "away_over_1.75_odd": 1.63,
                "away_under_1.75_odd": 2.13,
                "away_over_1.25_odd": 1.31,
                "away_under_1.25_odd": 3.15,
                "away_over_3.0_odd": 4.05,
                "away_under_3.0_odd": 1.2,
                "away_over_2.5_odd": 2.5,
                "away_under_2.5_odd": 1.47,
                "away_over_2.0_odd": 1.87,
                "away_under_2.0_odd": 1.83,
                "away_over_1.5_odd": 1.49,
                "away_under_1.5_odd": 2.44,
                "home_over_2.25_odd": 3.15,
                "home_under_2.25_odd": 1.31,
                "home_over_1.75_odd": 2.13,
                "home_under_1.75_odd": 1.63,
                "home_under_1.25_odd": 2.27,
                "home_over_1.25_odd": 1.56,
                "home_under_0.75_odd": 3.9,
                "home_over_0.75_odd": 1.21,
                "home_over_2.5_odd": 3.57,
                "home_under_2.5_odd": 1.25,
                "home_over_2.0_odd": 2.7,
                "home_under_2.0_odd": 1.4,
                "home_under_1.5_odd": 1.87,
                "home_over_1.5_odd": 1.83,
                "home_over_1.0_odd": 1.29,
                "home_under_1.0_odd": 3.25,
                "over_4.75_odd": 3.1,
                "under_4.75_odd": 1.32,
                "under_4.25_odd": 1.51,
                "over_4.25_odd": 2.39,
                "over_3.25_odd": 1.57,
                "under_3.25_odd": 2.25,
                "over_2.75_odd": 1.34,
                "under_2.75_odd": 3.0,
                "over_4.0_odd": 2.15,
                "under_4.0_odd": 1.62,
                "over_3.0_odd": 1.4,
                "under_3.0_odd": 2.7,
                "home_handicap_-0.75_odd": 3.47,
                "away_handicap_0.75_odd": 1.26,
                "away_handicap_0.25_odd": 1.44,
                "home_handicap_-0.25_odd": 2.59,
                "home_handicap_-0.5_odd": 2.85,
                "away_handicap_0.5_odd": 1.37,
                "home_handicap_1.25_odd": 1.37,
                "away_handicap_-1.25_odd": 2.85,
                "home_handicap_0.75_odd": 1.61,
                "away_handicap_-0.75_odd": 2.17,
                "home_handicap_0.25_odd": 1.96,
                "away_handicap_-0.25_odd": 1.74,
                "home_handicap_1.5_odd": 1.31,
                "away_handicap_-1.5_odd": 3.15,
                "home_handicap_1.0_odd": 1.45,
                "away_handicap_-1.0_odd": 2.55,
                "home_handicap_0.0_odd": 2.33,
                "away_handicap_0.0_odd": 1.54,
                "12_odd": 1.22,
                "X2_odd": 1.36,
                "1X_odd": 1.76,
                "over_2.5_odd": 1.29,
                "under_2.5_odd": 3.25,
                "over_4.5_odd": 2.62,
                "under_4.5_odd": 1.43,
                "over_3.5_odd": 1.74,
                "under_3.5_odd": 1.96,
                "draw_odd": 4.1,
                "2_odd": 1.94,
                "1_odd": 2.94,
                "under_3.75_odd": 1.8,
                "over_3.75_odd": 1.9,
                "away_handicap_-0.5_odd": 1.89,
                "home_handicap_0.5_odd": 1.81,
                "away_first_half_over_1.25_odd": 2.95,
                "away_first_half_under_1.25_odd": 1.35,
                "away_first_half_over_0.75_odd": 1.77,
                "away_first_half_under_0.75_odd": 1.93,
                "away_first_half_over_1.5_odd": 3.47,
                "away_first_half_under_1.5_odd": 1.26,
                "away_first_half_over_1.0_odd": 2.35,
                "away_first_half_under_1.0_odd": 1.53,
                "away_first_half_over_0.5_odd": 1.53,
                "away_first_half_under_0.5_odd": 2.35,
                "home_first_half_over_1.25_odd": 4.05,
                "home_first_half_under_1.25_odd": 1.2,
                "home_first_half_over_0.75_odd": 2.17,
                "home_first_half_under_0.75_odd": 1.61,
                "home_first_half_over_1.0_odd": 3.25,
                "home_first_half_under_1.0_odd": 1.29,
                "home_first_half_over_0.5_odd": 1.77,
                "home_first_half_under_0.5_odd": 1.93,
                "first_half_over_1.75_odd": 2.13,
                "first_half_under_1.75_odd": 1.63,
                "first_half_over_1.25_odd": 1.57,
                "first_half_under_1.25_odd": 2.25,
                "first_half_over_2.0_odd": 2.7,
                "first_half_under_2.0_odd": 1.4,
                "home_first_half_handicap_-0.25_odd": 2.68,
                "away_first_half_handicap_0.25_odd": 1.41,
                "home_first_half_handicap_0.75_odd": 1.36,
                "away_first_half_handicap_-0.75_odd": 2.87,
                "home_first_half_handicap_0.5_odd": 1.53,
                "away_first_half_handicap_-0.5_odd": 2.35,
                "away_first_half_handicap_0.0_odd": 1.6,
                "home_first_half_handicap_0.0_odd": 2.2,
                "first_half_over_1.5_odd": 1.84,
                "first_half_under_1.5_odd": 1.86,
                "away_first_half_handicap_-0.25_odd": 1.95,
                "home_first_half_handicap_0.25_odd": 1.75
            },
            {
                "match_id": 27616794,
                "date": "25/07/2025",
                "time": "20:15",
                "home_team": "Fylkir Reykjavik",
                "away_team": "Fjolnir",
                "match_url": "https://www.asbet.org/en/sports/pre-match/event-view/Soccer/Iceland/1897/deild/27616794/fylkir-reykjavik-fjolnir",
                "over_2.75_odd": 1.35,
                "under_2.75_odd": 2.95,
                "both_noscore_odd": 2.68,
                "both_score_odd": 1.41,
                "away_under_1.75_odd": 1.33,
                "away_over_1.75_odd": 3.05,
                "away_under_1.25_odd": 1.7,
                "away_over_1.25_odd": 2.02,
                "away_under_0.75_odd": 2.68,
                "away_over_0.75_odd": 1.41,
                "away_under_1.5_odd": 1.5,
                "away_over_1.5_odd": 2.4,
                "away_under_1.0_odd": 2.17,
                "away_over_1.0_odd": 1.61,
                "home_under_3.25_odd": 1.29,
                "home_over_3.25_odd": 3.25,
                "home_under_2.75_odd": 1.53,
                "home_over_2.75_odd": 2.35,
                "home_under_2.25_odd": 1.92,
                "home_over_2.25_odd": 1.78,
                "home_under_1.75_odd": 2.68,
                "home_over_1.75_odd": 1.41,
                "home_under_3.5_odd": 1.25,
                "home_over_3.5_odd": 3.57,
                "home_under_3.0_odd": 1.36,
                "home_over_3.0_odd": 2.87,
                "home_under_2.5_odd": 1.7,
                "home_over_2.5_odd": 2.02,
                "home_under_2.0_odd": 2.35,
                "home_over_2.0_odd": 1.53,
                "home_under_1.5_odd": 3.05,
                "home_over_1.5_odd": 1.33,
                "under_4.75_odd": 1.31,
                "over_4.75_odd": 3.15,
                "under_4.25_odd": 1.49,
                "over_4.25_odd": 2.44,
                "under_3.75_odd": 1.77,
                "over_3.75_odd": 1.93,
                "under_3.25_odd": 2.21,
                "over_3.25_odd": 1.59,
                "under_3.0_odd": 2.65,
                "over_3.0_odd": 1.42,
                "away_handicap_1.75_odd": 1.47,
                "home_handicap_-1.75_odd": 2.5,
                "away_handicap_1.25_odd": 1.78,
                "home_handicap_-1.25_odd": 1.92,
                "away_handicap_0.75_odd": 2.2,
                "home_handicap_-0.75_odd": 1.6,
                "away_handicap_0.25_odd": 2.87,
                "home_handicap_-0.25_odd": 1.36,
                "away_handicap_2.0_odd": 1.34,
                "home_handicap_-2.0_odd": 3.0,
                "away_handicap_1.5_odd": 1.6,
                "home_handicap_-1.5_odd": 2.2,
                "away_handicap_0.5_odd": 2.44,
                "home_handicap_-0.5_odd": 1.49,
                "X2_odd": 2.44,
                "1X_odd": 1.17,
                "12_odd": 1.18,
                "over_2.5_odd": 1.3,
                "under_2.5_odd": 3.2,
                "over_4.5_odd": 2.65,
                "under_4.5_odd": 1.42,
                "over_3.5_odd": 1.76,
                "under_3.5_odd": 1.94,
                "draw_odd": 4.6,
                "2_odd": 4.75,
                "1_odd": 1.49,
                "under_4.0_odd": 1.59,
                "over_4.0_odd": 2.21,
                "away_handicap_1.0_odd": 1.94,
                "home_handicap_-1.0_odd": 1.76,
                "away_first_half_over_0.75_odd": 2.8,
                "away_first_half_under_0.75_odd": 1.38,
                "away_first_half_over_0.5_odd": 2.15,
                "away_first_half_under_0.5_odd": 1.62,
                "home_first_half_over_1.75_odd": 3.65,
                "home_first_half_under_1.75_odd": 1.24,
                "home_first_half_over_1.25_odd": 2.39,
                "home_first_half_under_1.25_odd": 1.51,
                "home_first_half_over_0.75_odd": 1.57,
                "home_first_half_under_0.75_odd": 2.25,
                "home_first_half_over_1.5_odd": 2.85,
                "home_first_half_under_1.5_odd": 1.37,
                "home_first_half_over_1.0_odd": 1.91,
                "home_first_half_under_1.0_odd": 1.79,
                "home_first_half_over_0.5_odd": 1.42,
                "home_first_half_under_0.5_odd": 2.65,
                "first_half_over_1.25_odd": 1.59,
                "first_half_under_1.25_odd": 2.21,
                "first_half_over_2.0_odd": 2.8,
                "first_half_under_2.0_odd": 1.38,
                "home_first_half_handicap_-0.75_odd": 2.23,
                "away_first_half_handicap_0.75_odd": 1.58,
                "home_first_half_handicap_-0.5_odd": 1.88,
                "away_first_half_handicap_0.5_odd": 1.82,
                "first_half_over_1.5_odd": 1.86,
                "first_half_under_1.5_odd": 1.84,
                "home_first_half_handicap_-0.25_odd": 1.56,
                "away_first_half_handicap_0.25_odd": 2.27,
                "first_half_under_1.75_odd": 1.61,
                "first_half_over_1.75_odd": 2.17,
                "home_handicap_-2.5_odd": 3.57,
                "away_handicap_2.5_odd": 1.25,
                "home_first_half_handicap_-1.0_odd": 2.95,
                "away_first_half_handicap_1.0_odd": 1.35,
                "away_under_0.5_odd": 3.2,
                "away_over_0.5_odd": 1.3,
                "home_handicap_-2.25_odd": 3.25,
                "away_handicap_2.25_odd": 1.29,
                "home_over_1.25_odd": 1.2,
                "home_under_1.25_odd": 4.05
            },
            {
                "match_id": 27621815,
                "date": "26/07/2025",
                "time": "15:00",
                "home_team": "Volsungur",
                "away_team": "UMF Selfoss",
                "match_url": "https://www.asbet.org/en/sports/pre-match/event-view/Soccer/Iceland/1897/deild/27621815/volsungur-umf-selfoss",
                "home_under_1.0_odd": 3.3,
                "home_over_1.0_odd": 1.28,
                "first_half_over_1.0_odd": 1.4,
                "first_half_under_1.0_odd": 2.7,
                "both_noscore_odd": 2.85,
                "both_score_odd": 1.37,
                "away_under_2.25_odd": 1.34,
                "away_over_2.25_odd": 3.0,
                "away_under_1.75_odd": 1.68,
                "away_over_1.75_odd": 2.05,
                "away_under_1.25_odd": 2.35,
                "away_over_1.25_odd": 1.53,
                "away_under_2.5_odd": 1.27,
                "away_over_2.5_odd": 3.4,
                "away_under_2.0_odd": 1.44,
                "away_over_2.0_odd": 2.59,
                "away_under_1.5_odd": 1.91,
                "away_over_1.5_odd": 1.79,
                "away_under_1.0_odd": 3.47,
                "away_over_1.0_odd": 1.26,
                "home_under_2.25_odd": 1.32,
                "home_over_2.25_odd": 3.1,
                "home_under_1.75_odd": 1.64,
                "home_over_1.75_odd": 2.12,
                "home_under_1.25_odd": 2.27,
                "home_over_1.25_odd": 1.56,
                "home_under_2.5_odd": 1.26,
                "home_over_2.5_odd": 3.47,
                "home_under_2.0_odd": 1.41,
                "home_over_2.0_odd": 2.68,
                "home_under_1.5_odd": 1.86,
                "home_over_1.5_odd": 1.84,
                "under_4.25_odd": 1.32,
                "over_4.25_odd": 3.1,
                "under_3.75_odd": 1.55,
                "over_3.75_odd": 2.3,
                "under_3.25_odd": 1.9,
                "over_3.25_odd": 1.8,
                "under_4.5_odd": 1.27,
                "over_4.5_odd": 3.4,
                "under_3.5_odd": 1.72,
                "over_3.5_odd": 2.0,
                "under_3.0_odd": 2.2,
                "over_3.0_odd": 1.6,
                "away_handicap_0.75_odd": 1.37,
                "home_handicap_-0.75_odd": 2.85,
                "away_handicap_0.25_odd": 1.62,
                "home_handicap_-0.25_odd": 2.15,
                "away_handicap_-0.25_odd": 2.1,
                "home_handicap_0.25_odd": 1.65,
                "away_handicap_-0.5_odd": 2.37,
                "home_handicap_0.5_odd": 1.52,
                "X2_odd": 1.49,
                "1X_odd": 1.51,
                "12_odd": 1.26,
                "under_2.5_odd": 2.7,
                "over_2.5_odd": 1.4,
                "away_handicap_0.0_odd": 1.84,
                "home_handicap_0.0_odd": 1.86,
                "2_odd": 2.39,
                "1_odd": 2.45,
                "draw_odd": 3.64,
                "over_4.0_odd": 2.8,
                "under_4.0_odd": 1.38,
                "home_handicap_-0.5_odd": 2.4,
                "away_handicap_0.5_odd": 1.5,
                "away_first_half_under_1.25_odd": 1.22,
                "away_first_half_over_1.25_odd": 3.83,
                "away_first_half_over_0.75_odd": 2.1,
                "away_first_half_under_0.75_odd": 1.65,
                "away_first_half_over_1.0_odd": 3.1,
                "away_first_half_under_1.0_odd": 1.32,
                "away_first_half_over_0.5_odd": 1.74,
                "away_first_half_under_0.5_odd": 1.96,
                "home_first_half_over_1.25_odd": 3.83,
                "home_first_half_under_1.25_odd": 1.22,
                "home_first_half_over_0.75_odd": 2.12,
                "home_first_half_under_0.75_odd": 1.64,
                "home_first_half_over_1.0_odd": 3.15,
                "home_first_half_under_1.0_odd": 1.31,
                "home_first_half_under_0.5_odd": 1.95,
                "home_first_half_over_0.5_odd": 1.75,
                "first_half_under_1.75_odd": 1.5,
                "first_half_over_1.75_odd": 2.4,
                "first_half_under_1.25_odd": 2.0,
                "first_half_over_1.25_odd": 1.72,
                "home_first_half_handicap_-0.25_odd": 2.35,
                "away_first_half_handicap_0.25_odd": 1.53,
                "home_first_half_handicap_-0.5_odd": 2.8,
                "away_first_half_handicap_0.5_odd": 1.38,
                "home_first_half_handicap_0.25_odd": 1.55,
                "away_first_half_handicap_-0.25_odd": 2.3,
                "home_first_half_handicap_0.5_odd": 1.39,
                "away_first_half_handicap_-0.5_odd": 2.75,
                "under_2.75_odd": 2.45,
                "over_2.75_odd": 1.48,
                "away_handicap_-0.75_odd": 2.75,
                "home_handicap_0.75_odd": 1.39,
                "first_half_under_1.5_odd": 1.7,
                "first_half_over_1.5_odd": 2.02,
                "home_first_half_handicap_0.0_odd": 1.86,
                "away_first_half_handicap_0.0_odd": 1.84,
                "home_handicap_1.0_odd": 1.25,
                "away_handicap_-1.0_odd": 3.57,
                "home_over_0.75_odd": 1.21,
                "home_under_0.75_odd": 3.9,
                "over_2.25_odd": 1.28,
                "under_2.25_odd": 3.3,
                "home_handicap_-1.0_odd": 3.65,
                "away_handicap_1.0_odd": 1.24,
                "away_over_0.75_odd": 1.2,
                "away_under_0.75_odd": 4.05
            }
        ]
    },
    {
        "tournament_name": "3. Deild",
        "tournament_id": 11547,
        "matches": [
            {
                "match_id": 27646514,
                "date": "26/07/2025",
                "time": "15:00",
                "home_team": "Ymir",
                "away_team": "UMF Sindri",
                "match_url": "https://www.asbet.org/en/sports/pre-match/event-view/Soccer/Iceland/11547/deild/27646514/ymir-umf-sindri",
                "both_score_odd": 1.43,
                "both_noscore_odd": 2.62,
                "away_over_2.25_odd": 3.57,
                "away_under_2.25_odd": 1.25,
                "away_over_1.75_odd": 2.35,
                "away_under_1.75_odd": 1.53,
                "away_over_1.25_odd": 1.67,
                "away_under_1.25_odd": 2.07,
                "away_over_0.75_odd": 1.26,
                "away_under_0.75_odd": 3.47,
                "away_over_2.5_odd": 4.05,
                "away_under_2.5_odd": 1.2,
                "away_over_2.0_odd": 3.1,
                "away_under_2.0_odd": 1.32,
                "away_under_1.5_odd": 1.74,
                "away_over_1.5_odd": 1.96,
                "away_over_1.0_odd": 1.36,
                "away_under_1.0_odd": 2.87,
                "away_over_0.5_odd": 1.2,
                "away_under_0.5_odd": 4.05,
                "home_over_2.25_odd": 3.05,
                "home_under_2.25_odd": 1.33,
                "home_over_1.75_odd": 2.07,
                "home_under_1.75_odd": 1.67,
                "home_over_1.25_odd": 1.53,
                "home_under_1.25_odd": 2.35,
                "home_under_0.75_odd": 4.05,
                "home_over_0.75_odd": 1.2,
                "home_over_2.5_odd": 3.4,
                "home_under_2.5_odd": 1.27,
                "home_over_2.0_odd": 2.62,
                "home_under_2.0_odd": 1.43,
                "home_over_1.5_odd": 1.8,
                "home_under_1.5_odd": 1.9,
                "home_over_1.0_odd": 1.27,
                "home_under_1.0_odd": 3.4,
                "over_4.25_odd": 3.25,
                "under_4.25_odd": 1.29,
                "over_3.75_odd": 2.5,
                "under_3.75_odd": 1.47,
                "over_2.75_odd": 1.57,
                "under_2.75_odd": 2.25,
                "over_2.25_odd": 1.33,
                "under_2.25_odd": 3.05,
                "over_4.5_odd": 3.57,
                "under_4.5_odd": 1.25,
                "over_4.0_odd": 3.0,
                "under_4.0_odd": 1.34,
                "over_3.5_odd": 2.17,
                "under_3.5_odd": 1.61,
                "under_3.0_odd": 1.97,
                "over_3.0_odd": 1.73,
                "away_handicap_1.25_odd": 1.24,
                "home_handicap_-1.25_odd": 3.65,
                "away_handicap_0.75_odd": 1.45,
                "home_handicap_-0.75_odd": 2.55,
                "away_handicap_1.0_odd": 1.29,
                "home_handicap_-1.0_odd": 3.25,
                "away_handicap_0.5_odd": 1.59,
                "home_handicap_-0.5_odd": 2.21,
                "away_handicap_-0.75_odd": 3.15,
                "home_handicap_0.75_odd": 1.31,
                "away_handicap_-0.25_odd": 2.33,
                "home_handicap_0.25_odd": 1.54,
                "away_handicap_-0.5_odd": 2.62,
                "home_handicap_0.5_odd": 1.43,
                "X2_odd": 1.58,
                "1X_odd": 1.42,
                "12_odd": 1.26,
                "under_2.5_odd": 2.5,
                "over_2.5_odd": 1.47,
                "away_handicap_0.0_odd": 2.02,
                "home_handicap_0.0_odd": 1.7,
                "2_odd": 2.61,
                "1_odd": 2.19,
                "draw_odd": 3.58,
                "home_handicap_-0.25_odd": 1.94,
                "away_handicap_0.25_odd": 1.76,
                "over_3.25_odd": 1.94,
                "under_3.25_odd": 1.76,
                "away_first_half_over_0.75_odd": 2.3,
                "away_first_half_under_0.75_odd": 1.55,
                "away_first_half_over_1.0_odd": 3.65,
                "away_first_half_under_1.0_odd": 1.24,
                "away_first_half_over_0.5_odd": 1.86,
                "away_first_half_under_0.5_odd": 1.84,
                "home_first_half_over_1.25_odd": 3.83,
                "home_first_half_under_1.25_odd": 1.22,
                "home_first_half_over_0.75_odd": 2.12,
                "home_first_half_under_0.75_odd": 1.64,
                "home_first_half_over_1.0_odd": 3.15,
                "home_first_half_under_1.0_odd": 1.31,
                "home_first_half_over_0.5_odd": 1.74,
                "home_first_half_under_0.5_odd": 1.96,
                "first_half_over_1.75_odd": 2.59,
                "first_half_under_1.75_odd": 1.44,
                "first_half_over_1.5_odd": 2.13,
                "first_half_under_1.5_odd": 1.63,
                "first_half_over_1.0_odd": 1.46,
                "first_half_under_1.0_odd": 2.52,
                "home_first_half_handicap_-0.25_odd": 2.21,
                "away_first_half_handicap_0.25_odd": 1.59,
                "home_first_half_handicap_-0.5_odd": 2.65,
                "away_first_half_handicap_0.5_odd": 1.42,
                "home_first_half_handicap_0.25_odd": 1.47,
                "away_first_half_handicap_-0.25_odd": 2.5,
                "home_first_half_handicap_0.5_odd": 1.34,
                "away_first_half_handicap_-0.5_odd": 3.0,
                "first_half_over_1.25_odd": 1.8,
                "first_half_under_1.25_odd": 1.9,
                "home_first_half_handicap_0.0_odd": 1.74,
                "away_first_half_handicap_0.0_odd": 1.96
            },
            {
                "match_id": 27646874,
                "date": "26/07/2025",
                "time": "17:00",
                "home_team": "Arbaer",
                "away_team": "KF Fjallabyggdar",
                "match_url": "https://www.asbet.org/en/sports/pre-match/event-view/Soccer/Iceland/11547/deild/27646874/arbaer-kf-fjallabyggdar",
                "both_noscore_odd": 2.59,
                "both_score_odd": 1.44,
                "away_over_2.25_odd": 4.05,
                "away_under_2.25_odd": 1.2,
                "away_over_1.75_odd": 2.59,
                "away_under_1.75_odd": 1.44,
                "away_over_1.25_odd": 1.79,
                "away_under_1.25_odd": 1.91,
                "away_over_0.75_odd": 1.31,
                "away_under_0.75_odd": 3.15,
                "away_over_2.0_odd": 3.57,
                "away_under_2.0_odd": 1.25,
                "away_over_1.5_odd": 2.13,
                "away_under_1.5_odd": 1.63,
                "away_over_1.0_odd": 1.44,
                "away_under_1.0_odd": 2.59,
                "home_over_2.25_odd": 2.75,
                "home_under_2.25_odd": 1.39,
                "home_over_1.75_odd": 1.92,
                "home_under_1.75_odd": 1.78,
                "home_over_1.25_odd": 1.46,
                "home_under_1.25_odd": 2.52,
                "home_over_2.5_odd": 3.15,
                "home_under_2.5_odd": 1.31,
                "home_over_2.0_odd": 2.37,
                "home_under_2.0_odd": 1.52,
                "home_over_1.5_odd": 1.7,
                "home_under_1.5_odd": 2.02,
                "home_over_1.0_odd": 1.22,
                "home_under_1.0_odd": 3.83,
                "over_4.25_odd": 3.25,
                "under_4.25_odd": 1.29,
                "over_3.75_odd": 2.5,
                "under_3.75_odd": 1.47,
                "over_2.75_odd": 1.57,
                "under_2.75_odd": 2.25,
                "over_2.25_odd": 1.33,
                "under_2.25_odd": 3.05,
                "over_4.5_odd": 3.57,
                "under_4.5_odd": 1.25,
                "over_4.0_odd": 3.0,
                "under_4.0_odd": 1.34,
                "under_3.5_odd": 1.61,
                "over_3.5_odd": 2.17,
                "under_3.0_odd": 1.97,
                "over_3.0_odd": 1.73,
                "away_handicap_0.75_odd": 1.55,
                "home_handicap_-0.75_odd": 2.3,
                "away_handicap_0.25_odd": 1.94,
                "home_handicap_-0.25_odd": 1.76,
                "away_handicap_1.0_odd": 1.37,
                "home_handicap_-1.0_odd": 2.85,
                "away_handicap_0.5_odd": 1.72,
                "home_handicap_-0.5_odd": 2.0,
                "away_handicap_-0.75_odd": 3.65,
                "home_handicap_0.75_odd": 1.24,
                "away_handicap_-0.25_odd": 2.62,
                "home_handicap_0.25_odd": 1.43,
                "away_handicap_-0.5_odd": 2.95,
                "home_handicap_0.5_odd": 1.35,
                "X2_odd": 1.7,
                "1X_odd": 1.34,
                "12_odd": 1.26,
                "under_2.5_odd": 2.5,
                "over_2.5_odd": 1.47,
                "2_odd": 2.97,
                "1_odd": 1.99,
                "draw_odd": 3.57,
                "away_handicap_0.0_odd": 2.3,
                "home_handicap_0.0_odd": 1.55,
                "under_3.25_odd": 1.76,
                "over_3.25_odd": 1.94,
                "first_half_under_1.25_odd": 1.9,
                "first_half_over_1.25_odd": 1.8,
                "away_over_0.5_odd": 1.23,
                "away_under_0.5_odd": 3.75,
                "home_over_2.75_odd": 3.9,
                "home_under_2.75_odd": 1.21,
                "home_handicap_-1.25_odd": 3.15,
                "away_handicap_1.25_odd": 1.31,
                "home_handicap_-1.5_odd": 3.47,
                "away_handicap_1.5_odd": 1.26
            },
            {
                "match_id": 27646875,
                "date": "26/07/2025",
                "time": "17:00",
                "home_team": "Magni Grenivik",
                "away_team": "KFK Kopavogur",
                "match_url": "https://www.asbet.org/en/sports/pre-match/event-view/Soccer/Iceland/11547/deild/27646875/magni-grenivik-kfk-kopavogur",
                "both_noscore_odd": 2.8,
                "both_score_odd": 1.38,
                "away_over_1.75_odd": 2.75,
                "away_under_1.75_odd": 1.39,
                "away_over_1.25_odd": 1.9,
                "away_under_1.25_odd": 1.8,
                "away_over_0.75_odd": 1.35,
                "away_under_0.75_odd": 2.95,
                "away_over_2.0_odd": 3.9,
                "away_under_2.0_odd": 1.21,
                "away_over_1.5_odd": 2.27,
                "away_under_1.5_odd": 1.56,
                "away_over_1.0_odd": 1.52,
                "away_under_1.0_odd": 2.37,
                "away_over_0.5_odd": 1.26,
                "away_under_0.5_odd": 3.47,
                "home_over_3.25_odd": 3.47,
                "home_under_3.25_odd": 1.26,
                "home_over_2.75_odd": 2.5,
                "home_under_2.75_odd": 1.47,
                "home_over_2.25_odd": 1.88,
                "home_under_2.25_odd": 1.82,
                "home_over_1.75_odd": 1.47,
                "home_under_1.75_odd": 2.5,
                "home_over_1.25_odd": 1.23,
                "home_under_1.25_odd": 3.75,
                "home_over_3.5_odd": 3.83,
                "home_under_3.5_odd": 1.22,
                "home_over_3.0_odd": 3.15,
                "home_under_3.0_odd": 1.31,
                "home_over_2.5_odd": 2.13,
                "home_under_2.5_odd": 1.63,
                "home_over_2.0_odd": 1.61,
                "home_under_2.0_odd": 2.17,
                "home_over_1.5_odd": 1.37,
                "home_under_1.5_odd": 2.85,
                "over_4.75_odd": 3.2,
                "under_4.75_odd": 1.3,
                "over_4.25_odd": 2.45,
                "under_4.25_odd": 1.48,
                "over_3.25_odd": 1.6,
                "under_3.25_odd": 2.2,
                "over_2.75_odd": 1.36,
                "under_2.75_odd": 2.87,
                "over_4.5_odd": 2.68,
                "under_4.5_odd": 1.41,
                "under_4.0_odd": 1.58,
                "over_4.0_odd": 2.23,
                "over_3.5_odd": 1.77,
                "under_3.5_odd": 1.93,
                "over_3.0_odd": 1.43,
                "under_3.0_odd": 2.62,
                "home_handicap_-2.25_odd": 3.65,
                "away_handicap_2.25_odd": 1.24,
                "home_handicap_-1.75_odd": 2.75,
                "away_handicap_1.75_odd": 1.39,
                "home_handicap_-1.25_odd": 2.17,
                "away_handicap_1.25_odd": 1.61,
                "home_handicap_-0.75_odd": 1.72,
                "away_handicap_0.75_odd": 2.0,
                "home_handicap_-0.25_odd": 1.44,
                "away_handicap_0.25_odd": 2.59,
                "home_handicap_-2.0_odd": 3.3,
                "away_handicap_2.0_odd": 1.28,
                "home_handicap_-1.5_odd": 2.39,
                "away_handicap_1.5_odd": 1.51,
                "home_handicap_-0.5_odd": 1.59,
                "away_handicap_0.5_odd": 2.21,
                "12_odd": 1.2,
                "X2_odd": 2.18,
                "1X_odd": 1.2,
                "home_handicap_0.0_odd": 1.28,
                "away_handicap_0.0_odd": 3.3,
                "home_handicap_-1.0_odd": 1.85,
                "away_handicap_1.0_odd": 1.85,
                "over_2.5_odd": 1.3,
                "under_2.5_odd": 3.2,
                "over_3.75_odd": 1.94,
                "under_3.75_odd": 1.76,
                "draw_odd": 4.2,
                "2_odd": 4.2,
                "1_odd": 1.56,
                "away_first_half_under_0.75_odd": 1.46,
                "away_first_half_over_0.75_odd": 2.52,
                "away_first_half_under_0.5_odd": 1.73,
                "away_first_half_over_0.5_odd": 1.97,
                "home_first_half_under_1.75_odd": 1.21,
                "home_first_half_over_1.75_odd": 3.9,
                "home_first_half_under_1.25_odd": 1.46,
                "home_first_half_over_1.25_odd": 2.52,
                "home_first_half_under_0.75_odd": 2.15,
                "home_first_half_over_0.75_odd": 1.62,
                "home_first_half_under_1.5_odd": 1.33,
                "home_first_half_over_1.5_odd": 3.05,
                "home_first_half_under_1.0_odd": 1.7,
                "home_first_half_over_1.0_odd": 2.02,
                "home_first_half_under_0.5_odd": 2.59,
                "home_first_half_over_0.5_odd": 1.44,
                "first_half_under_1.75_odd": 1.62,
                "first_half_over_1.75_odd": 2.15,
                "first_half_under_1.25_odd": 2.23,
                "first_half_over_1.25_odd": 1.58,
                "first_half_under_2.0_odd": 1.39,
                "first_half_over_2.0_odd": 2.75,
                "home_first_half_handicap_-0.75_odd": 2.4,
                "away_first_half_handicap_0.75_odd": 1.5,
                "away_first_half_handicap_0.25_odd": 2.02,
                "home_first_half_handicap_-0.25_odd": 1.7,
                "away_first_half_handicap_0.0_odd": 2.8,
                "home_first_half_handicap_0.0_odd": 1.38,
                "first_half_under_1.5_odd": 1.85,
                "first_half_over_1.5_odd": 1.85,
                "away_first_half_handicap_0.5_odd": 1.72,
                "home_first_half_handicap_-0.5_odd": 2.0
            },
            {
                "match_id": 27640638,
                "date": "25/07/2025",
                "time": "20:15",
                "home_team": "IH Hafnarfjordur",
                "away_team": "Reynir Sandgerdi",
                "match_url": "https://www.asbet.org/en/sports/pre-match/event-view/Soccer/Iceland/11547/deild/27640638/ih-hafnarfjordur-reynir-sandgerdi",
                "away_handicap_-3.5_odd": 3.0,
                "home_handicap_3.5_odd": 1.34,
                "both_score_odd": 1.39,
                "both_noscore_odd": 2.75,
                "away_over_4.25_odd": 2.7,
                "away_under_4.25_odd": 1.4,
                "away_over_3.75_odd": 2.13,
                "away_under_3.75_odd": 1.63,
                "away_under_3.25_odd": 2.0,
                "away_over_3.25_odd": 1.72,
                "away_under_2.75_odd": 2.59,
                "away_over_2.75_odd": 1.44,
                "away_over_2.25_odd": 1.26,
                "away_under_2.25_odd": 3.47,
                "away_over_4.0_odd": 2.5,
                "away_under_4.0_odd": 1.47,
                "away_over_3.5_odd": 1.9,
                "away_under_3.5_odd": 1.8,
                "away_over_3.0_odd": 1.54,
                "away_under_3.0_odd": 2.33,
                "away_over_2.5_odd": 1.37,
                "away_under_2.5_odd": 2.85,
                "home_over_1.75_odd": 3.3,
                "home_under_1.75_odd": 1.28,
                "home_over_1.25_odd": 2.2,
                "home_under_1.25_odd": 1.6,
                "home_over_0.75_odd": 1.48,
                "home_under_0.75_odd": 2.45,
                "home_over_1.5_odd": 2.62,
                "home_under_1.5_odd": 1.43,
                "home_over_1.0_odd": 1.75,
                "home_under_1.0_odd": 1.95,
                "home_under_0.5_odd": 2.95,
                "home_over_0.5_odd": 1.35,
                "over_5.25_odd": 2.37,
                "under_5.25_odd": 1.52,
                "over_4.75_odd": 1.92,
                "under_4.75_odd": 1.78,
                "over_3.25_odd": 1.25,
                "under_3.25_odd": 3.57,
                "over_5.0_odd": 2.15,
                "under_5.0_odd": 1.62,
                "home_handicap_3.25_odd": 1.4,
                "away_handicap_-3.25_odd": 2.7,
                "home_handicap_2.75_odd": 1.6,
                "away_handicap_-2.75_odd": 2.2,
                "home_handicap_2.25_odd": 1.92,
                "away_handicap_-2.25_odd": 1.78,
                "home_handicap_1.75_odd": 2.33,
                "away_handicap_-1.75_odd": 1.54,
                "home_handicap_1.25_odd": 2.87,
                "away_handicap_-1.25_odd": 1.36,
                "home_handicap_3.0_odd": 1.46,
                "away_handicap_-3.0_odd": 2.52,
                "home_handicap_2.5_odd": 1.74,
                "away_handicap_-2.5_odd": 1.96,
                "home_handicap_1.5_odd": 2.52,
                "away_handicap_-1.5_odd": 1.46,
                "home_handicap_1.0_odd": 3.47,
                "away_handicap_-1.0_odd": 1.26,
                "12_odd": 1.1,
                "X2_odd": 1.07,
                "1X_odd": 3.95,
                "over_4.25_odd": 1.61,
                "under_4.25_odd": 2.17,
                "over_3.75_odd": 1.4,
                "under_3.75_odd": 2.7,
                "over_4.5_odd": 1.77,
                "under_4.5_odd": 1.93,
                "over_3.5_odd": 1.34,
                "under_3.5_odd": 3.0,
                "draw_odd": 6.6,
                "2_odd": 1.2,
                "1_odd": 8.6,
                "away_handicap_-2.0_odd": 1.64,
                "home_handicap_2.0_odd": 2.12,
                "under_4.0_odd": 2.5,
                "over_4.0_odd": 1.47,
                "away_under_4.5_odd": 1.34,
                "away_over_4.5_odd": 3.0,
                "under_5.5_odd": 1.45,
                "over_5.5_odd": 2.55,
                "away_over_4.75_odd": 3.57,
                "away_under_4.75_odd": 1.25,
                "under_5.75_odd": 1.34,
                "over_5.75_odd": 3.0,
                "away_handicap_-3.75_odd": 3.47,
                "home_handicap_3.75_odd": 1.26
            },
            {
                "match_id": 27640639,
                "date": "25/07/2025",
                "time": "20:15",
                "home_team": "Knattspyrnufelag Vesturbaejar",
                "away_team": "Augnablik Kopavogur",
                "match_url": "https://www.asbet.org/en/sports/pre-match/event-view/Soccer/Iceland/11547/deild/27640639/knattspyrnufelag-vesturbaejar-augnablik-kopavogur",
                "both_score_odd": 1.49,
                "both_noscore_odd": 2.44,
                "away_over_2.25_odd": 3.4,
                "away_under_2.25_odd": 1.27,
                "away_over_1.75_odd": 2.27,
                "away_under_1.75_odd": 1.56,
                "away_over_1.25_odd": 1.63,
                "away_under_1.25_odd": 2.13,
                "away_over_0.75_odd": 1.24,
                "away_under_0.75_odd": 3.65,
                "away_over_2.5_odd": 3.83,
                "away_under_2.5_odd": 1.22,
                "away_over_2.0_odd": 3.0,
                "away_under_2.0_odd": 1.34,
                "away_over_1.5_odd": 1.92,
                "away_under_1.5_odd": 1.78,
                "away_over_1.0_odd": 1.33,
                "away_under_1.0_odd": 3.05,
                "home_over_2.25_odd": 3.83,
                "home_under_2.25_odd": 1.22,
                "home_over_1.75_odd": 2.5,
                "home_under_1.75_odd": 1.47,
                "home_over_1.25_odd": 1.75,
                "home_under_1.25_odd": 1.95,
                "home_over_0.75_odd": 1.29,
                "home_under_0.75_odd": 3.25,
                "home_over_2.0_odd": 3.4,
                "home_under_2.0_odd": 1.27,
                "home_over_1.5_odd": 2.08,
                "home_under_1.5_odd": 1.66,
                "home_over_1.0_odd": 1.41,
                "home_under_1.0_odd": 2.68,
                "home_over_0.5_odd": 1.22,
                "home_under_0.5_odd": 3.83,
                "over_3.75_odd": 2.75,
                "under_3.75_odd": 1.39,
                "over_2.25_odd": 1.4,
                "under_2.25_odd": 2.7,
                "over_4.0_odd": 3.47,
                "under_4.0_odd": 1.26,
                "over_2.0_odd": 1.24,
                "under_2.0_odd": 3.65,
                "away_handicap_0.75_odd": 1.32,
                "home_handicap_-0.75_odd": 3.1,
                "away_handicap_0.25_odd": 1.55,
                "home_handicap_-0.25_odd": 2.3,
                "away_handicap_0.5_odd": 1.44,
                "home_handicap_-0.5_odd": 2.59,
                "away_handicap_-0.75_odd": 2.65,
                "home_handicap_0.75_odd": 1.42,
                "away_handicap_-0.25_odd": 1.97,
                "home_handicap_0.25_odd": 1.73,
                "away_handicap_-1.0_odd": 3.47,
                "home_handicap_1.0_odd": 1.26,
                "away_handicap_-0.5_odd": 2.25,
                "home_handicap_0.5_odd": 1.57,
                "X2_odd": 1.43,
                "1X_odd": 1.55,
                "12_odd": 1.27,
                "under_3.25_odd": 1.62,
                "over_3.25_odd": 2.15,
                "under_2.75_odd": 2.04,
                "over_2.75_odd": 1.69,
                "under_3.5_odd": 1.51,
                "over_3.5_odd": 2.39,
                "under_2.5_odd": 2.27,
                "over_2.5_odd": 1.56,
                "away_handicap_0.0_odd": 1.76,
                "home_handicap_0.0_odd": 1.94,
                "under_3.0_odd": 1.8,
                "over_3.0_odd": 1.9,
                "2_odd": 2.28,
                "1_odd": 2.64,
                "draw_odd": 3.56,
                "away_first_half_over_0.75_odd": 2.27,
                "away_first_half_under_0.75_odd": 1.56,
                "away_first_half_over_1.0_odd": 3.57,
                "away_first_half_under_1.0_odd": 1.25,
                "away_first_half_over_0.5_odd": 1.83,
                "away_first_half_under_0.5_odd": 1.87,
                "home_first_half_over_0.75_odd": 2.39,
                "home_first_half_under_0.75_odd": 1.51,
                "home_first_half_over_1.0_odd": 3.83,
                "home_first_half_under_1.0_odd": 1.22,
                "home_first_half_over_0.5_odd": 1.9,
                "home_first_half_under_0.5_odd": 1.8,
                "first_half_over_1.75_odd": 2.8,
                "first_half_under_1.75_odd": 1.38,
                "first_half_over_0.75_odd": 1.37,
                "first_half_under_0.75_odd": 2.85,
                "first_half_over_1.5_odd": 2.3,
                "first_half_under_1.5_odd": 1.55,
                "first_half_over_1.0_odd": 1.54,
                "first_half_under_1.0_odd": 2.33,
                "home_first_half_handicap_-0.25_odd": 2.45,
                "away_first_half_handicap_0.25_odd": 1.48,
                "home_first_half_handicap_-0.5_odd": 3.0,
                "away_first_half_handicap_0.5_odd": 1.34,
                "home_first_half_handicap_0.25_odd": 1.55,
                "away_first_half_handicap_-0.25_odd": 2.3,
                "home_first_half_handicap_0.5_odd": 1.39,
                "away_first_half_handicap_-0.5_odd": 2.75,
                "first_half_over_1.25_odd": 1.92,
                "first_half_under_1.25_odd": 1.78,
                "home_first_half_handicap_0.0_odd": 1.92,
                "away_first_half_handicap_0.0_odd": 1.78
            }
        ]
    },
    {
        "tournament_name": "Urvalsdeild",
        "tournament_id": 1895,
        "matches": [
            {
                "match_id": 27653919,
                "date": "26/07/2025",
                "time": "18:00",
                "home_team": "KR Reykjavik",
                "away_team": "Breidablik UBK Kopavogur",
                "match_url": "https://www.asbet.org/en/sports/pre-match/event-view/Soccer/Iceland/1895/urvalsdeild/27653919/kr-reykjavik-breidablik-ubk-kopavogur",
                "second_half_over_4.5_odd": 8.2,
                "second_half_under_4.5_odd": 1.045,
                "second_half_over_4.0_odd": 7.5,
                "second_half_under_4.0_odd": 1.055,
                "second_half_over_3.5_odd": 4.42,
                "second_half_under_3.5_odd": 1.17,
                "second_half_over_3.0_odd": 3.75,
                "second_half_under_3.0_odd": 1.23,
                "second_half_over_2.5_odd": 2.39,
                "second_half_under_2.5_odd": 1.52,
                "second_half_over_2.0_odd": 1.79,
                "second_half_under_2.0_odd": 1.91,
                "second_half_over_1.5_odd": 1.46,
                "second_half_under_1.5_odd": 2.52,
                "second_half_over_1.0_odd": 1.12,
                "second_half_under_1.0_odd": 5.35,
                "second_half_over_0.5_odd": 1.08,
                "second_half_under_0.5_odd": 6.5,
                "home_second_half_handicap_-1.0_odd": 5.55,
                "away_second_half_handicap_1.0_odd": 1.11,
                "home_second_half_handicap_1.5_odd": 1.17,
                "away_second_half_handicap_-1.5_odd": 4.42,
                "home_second_half_handicap_1.0_odd": 1.25,
                "away_second_half_handicap_-1.0_odd": 3.57,
                "home_second_half_handicap_0.0_odd": 2.17,
                "away_second_half_handicap_0.0_odd": 1.61,
                "away_first_half_over_1.75_odd": 4.42,
                "away_first_half_under_1.75_odd": 1.17,
                "away_first_half_over_1.25_odd": 2.8,
                "away_first_half_under_1.25_odd": 1.38,
                "away_first_half_over_0.75_odd": 1.73,
                "away_first_half_under_0.75_odd": 1.97,
                "away_first_half_over_1.5_odd": 3.3,
                "away_first_half_under_1.5_odd": 1.28,
                "away_first_half_over_1.0_odd": 2.25,
                "away_first_half_under_1.0_odd": 1.57,
                "away_first_half_over_0.5_odd": 1.51,
                "away_first_half_under_0.5_odd": 2.39,
                "home_first_half_over_1.25_odd": 3.83,
                "home_first_half_under_1.25_odd": 1.22,
                "home_first_half_over_0.75_odd": 2.1,
                "home_first_half_under_0.75_odd": 1.65,
                "home_first_half_over_1.5_odd": 4.42,
                "home_first_half_under_1.5_odd": 1.17,
                "home_first_half_over_1.0_odd": 3.1,
                "home_first_half_under_1.0_odd": 1.32,
                "home_first_half_over_0.5_odd": 1.73,
                "home_first_half_under_0.5_odd": 1.97,
                "both_score_odd": 1.28,
                "both_noscore_odd": 3.3,
                "away_over_3.25_odd": 4.3,
                "away_under_3.25_odd": 1.18,
                "away_over_2.75_odd": 2.87,
                "away_under_2.75_odd": 1.36,
                "away_over_2.25_odd": 2.13,
                "away_under_2.25_odd": 1.63,
                "away_over_1.75_odd": 1.59,
                "away_under_1.75_odd": 2.21,
                "away_over_1.25_odd": 1.29,
                "away_under_1.25_odd": 3.25,
                "away_over_3.5_odd": 4.57,
                "away_under_3.5_odd": 1.16,
                "away_over_3.0_odd": 3.9,
                "away_under_3.0_odd": 1.21,
                "away_over_2.5_odd": 2.4,
                "away_under_2.5_odd": 1.5,
                "away_over_2.0_odd": 1.82,
                "away_under_2.0_odd": 1.88,
                "away_over_1.5_odd": 1.47,
                "away_under_1.5_odd": 2.5,
                "away_over_1.0_odd": 1.12,
                "away_under_1.0_odd": 5.35,
                "home_over_2.75_odd": 4.3,
                "home_under_2.75_odd": 1.18,
                "home_over_2.25_odd": 2.95,
                "home_under_2.25_odd": 1.35,
                "home_over_1.75_odd": 2.02,
                "home_under_1.75_odd": 1.7,
                "home_over_1.25_odd": 1.52,
                "home_under_1.25_odd": 2.37,
                "home_over_0.75_odd": 1.19,
                "home_under_0.75_odd": 4.15,
                "home_over_2.5_odd": 3.3,
                "home_under_2.5_odd": 1.28,
                "home_over_2.0_odd": 2.55,
                "home_under_2.0_odd": 1.45,
                "home_over_1.5_odd": 1.77,
                "home_under_1.5_odd": 1.93,
                "home_over_1.0_odd": 1.26,
                "home_under_1.0_odd": 3.47,
                "home_over_0.5_odd": 1.15,
                "home_under_0.5_odd": 4.75,
                "1X_odd": 1.77,
                "12_odd": 1.22,
                "X2_odd": 1.36,
                "over_5.25_odd": 3.9,
                "under_5.25_odd": 1.21,
                "over_3.0_odd": 1.36,
                "under_3.0_odd": 2.87,
                "home_handicap_-0.75_odd": 3.4,
                "away_handicap_0.75_odd": 1.27,
                "home_handicap_-1.5_odd": 5.1,
                "away_handicap_1.5_odd": 1.13,
                "home_handicap_1.75_odd": 1.22,
                "away_handicap_-1.75_odd": 3.83,
                "home_handicap_1.25_odd": 1.36,
                "away_handicap_-1.25_odd": 2.87,
                "home_handicap_0.25_odd": 1.96,
                "away_handicap_-0.25_odd": 1.74,
                "home_handicap_2.5_odd": 1.12,
                "away_handicap_-2.5_odd": 5.55,
                "home_handicap_2.0_odd": 1.14,
                "away_handicap_-2.0_odd": 4.9,
                "home_handicap_1.5_odd": 1.3,
                "away_handicap_-1.5_odd": 3.2,
                "first_half_over_1.75_odd": 2.04,
                "first_half_under_1.75_odd": 1.69,
                "first_half_over_2.0_odd": 2.55,
                "first_half_under_2.0_odd": 1.45,
                "first_half_over_1.0_odd": 1.27,
                "first_half_under_1.0_odd": 3.4,
                "home_first_half_handicap_-0.75_odd": 4.15,
                "away_first_half_handicap_0.75_odd": 1.19,
                "home_first_half_handicap_-0.25_odd": 2.68,
                "away_first_half_handicap_0.25_odd": 1.41,
                "home_first_half_handicap_-0.5_odd": 3.15,
                "away_first_half_handicap_0.5_odd": 1.31,
                "home_first_half_handicap_1.5_odd": 1.12,
                "away_first_half_handicap_-1.5_odd": 5.35,
                "home_first_half_handicap_1.0_odd": 1.19,
                "away_first_half_handicap_-1.0_odd": 4.15,
                "home_first_half_handicap_0.75_odd": 1.37,
                "away_first_half_handicap_-0.75_odd": 2.85,
                "home_first_half_handicap_0.5_odd": 1.54,
                "away_first_half_handicap_-0.5_odd": 2.33,
                "home_first_half_handicap_0.0_odd": 2.21,
                "away_first_half_handicap_0.0_odd": 1.59,
                "home_first_half_handicap_0.25_odd": 1.74,
                "away_first_half_handicap_-0.25_odd": 1.96,
                "corners_over_12.0_odd": 2.05,
                "corners_under_12.0_odd": 1.68,
                "first_half_over_2.25_odd": 3.0,
                "first_half_under_2.25_odd": 1.34,
                "first_half_over_2.5_odd": 3.3,
                "first_half_under_2.5_odd": 1.28,
                "first_half_over_1.5_odd": 1.78,
                "first_half_under_1.5_odd": 1.92,
                "over_4.75_odd": 2.87,
                "under_4.75_odd": 1.36,
                "over_4.25_odd": 2.25,
                "under_4.25_odd": 1.57,
                "over_3.25_odd": 1.52,
                "under_3.25_odd": 2.37,
                "over_2.75_odd": 1.3,
                "under_2.75_odd": 3.2,
                "over_4.5_odd": 2.45,
                "under_4.5_odd": 1.48,
                "over_4.0_odd": 2.02,
                "under_4.0_odd": 1.7,
                "over_3.5_odd": 1.67,
                "under_3.5_odd": 2.07,
                "over_2.5_odd": 1.26,
                "under_2.5_odd": 3.47,
                "home_handicap_-1.25_odd": 4.75,
                "away_handicap_1.25_odd": 1.15,
                "home_handicap_-1.0_odd": 4.42,
                "away_handicap_1.0_odd": 1.17,
                "home_handicap_1.0_odd": 1.43,
                "away_handicap_-1.0_odd": 2.62,
                "over_3.75_odd": 1.82,
                "under_3.75_odd": 1.88,
                "home_handicap_-0.25_odd": 2.62,
                "away_handicap_0.25_odd": 1.43,
                "home_handicap_0.0_odd": 2.33,
                "away_handicap_0.0_odd": 1.54,
                "home_handicap_0.5_odd": 1.78,
                "away_handicap_-0.5_odd": 1.92,
                "corners_over_11.5_odd": 1.82,
                "corners_under_11.5_odd": 1.88,
                "1_odd": 2.96,
                "draw_odd": 4.1,
                "2_odd": 1.94,
                "corners_over_11.0_odd": 1.62,
                "corners_under_11.0_odd": 2.15,
                "over_5.0_odd": 3.65,
                "under_5.0_odd": 1.24,
                "home_handicap_-0.5_odd": 2.87,
                "away_handicap_0.5_odd": 1.36,
                "home_handicap_2.25_odd": 1.13,
                "away_handicap_-2.25_odd": 5.1,
                "home_handicap_0.75_odd": 1.6,
                "away_handicap_-0.75_odd": 2.2,
                "first_half_over_1.25_odd": 1.53,
                "first_half_under_1.25_odd": 2.35,
                "home_first_half_handicap_1.25_odd": 1.15,
                "away_first_half_handicap_-1.25_odd": 4.75
            }
        ]
    }
]