[
    {
        "last_updated": "2025-07-24T20:52:05.845247+01:00"
    },
    {
        "tournament_name": "Premier League",
        "tournament_id": 1930,
        "matches": [
            {
                "match_id": 27649899,
                "date": "25/07/2025",
                "time": "15:00",
                "home_team": "FK Zhenys",
                "away_team": "FC Okzhetpes",
                "match_url": "https://www.asbet.org/en/sports/pre-match/event-view/Soccer/Kazakhstan/1930/premier-league/27649899/fk-zhenys-fc-okzhetpes",
                "both_score_odd": 1.93,
                "both_noscore_odd": 1.77,
                "away_over_1.25_odd": 3.0,
                "away_under_1.25_odd": 1.34,
                "away_over_0.75_odd": 1.78,
                "away_under_0.75_odd": 1.92,
                "away_over_1.5_odd": 3.57,
                "away_under_1.5_odd": 1.25,
                "away_over_1.0_odd": 2.37,
                "away_under_1.0_odd": 1.52,
                "away_over_0.5_odd": 1.53,
                "away_under_0.5_odd": 2.35,
                "home_over_1.75_odd": 2.45,
                "home_under_1.75_odd": 1.48,
                "home_over_1.25_odd": 1.74,
                "home_under_1.25_odd": 1.96,
                "home_over_0.75_odd": 1.29,
                "home_under_0.75_odd": 3.25,
                "home_over_2.0_odd": 3.3,
                "home_under_2.0_odd": 1.28,
                "home_over_1.5_odd": 2.05,
                "home_under_1.5_odd": 1.68,
                "home_over_1.0_odd": 1.41,
                "home_under_1.0_odd": 2.68,
                "home_over_0.5_odd": 1.22,
                "home_under_0.5_odd": 3.83,
                "over_1.75_odd": 1.44,
                "under_1.75_odd": 2.59,
                "home_handicap_0.25_odd": 1.29,
                "away_handicap_-0.25_odd": 3.25,
                "12_odd": 1.29,
                "X2_odd": 1.85,
                "1X_odd": 1.24,
                "away_first_half_under_0.75_odd": 1.24,
                "away_first_half_over_0.75_odd": 3.65,
                "away_first_half_under_0.5_odd": 1.44,
                "away_first_half_over_0.5_odd": 2.59,
                "home_first_half_under_0.75_odd": 1.51,
                "home_first_half_over_0.75_odd": 2.39,
                "home_first_half_under_1.0_odd": 1.23,
                "home_first_half_over_1.0_odd": 3.75,
                "home_first_half_under_0.5_odd": 1.77,
                "home_first_half_over_0.5_odd": 1.93,
                "first_half_under_1.25_odd": 1.47,
                "first_half_over_1.25_odd": 2.5,
                "first_half_under_0.75_odd": 2.2,
                "first_half_over_0.75_odd": 1.6,
                "away_first_half_handicap_0.25_odd": 1.71,
                "home_first_half_handicap_-0.25_odd": 2.01,
                "away_first_half_handicap_0.5_odd": 1.47,
                "home_first_half_handicap_-0.5_odd": 2.5,
                "over_2.25_odd": 1.83,
                "under_2.25_odd": 1.87,
                "over_2.75_odd": 2.4,
                "under_2.75_odd": 1.5,
                "over_3.0_odd": 3.05,
                "under_3.0_odd": 1.33,
                "home_handicap_-1.5_odd": 3.3,
                "away_handicap_1.5_odd": 1.28,
                "first_half_over_0.5_odd": 1.43,
                "first_half_under_0.5_odd": 2.62,
                "over_3.25_odd": 3.3,
                "under_3.25_odd": 1.28,
                "over_2.0_odd": 1.58,
                "under_2.0_odd": 2.23,
                "over_1.5_odd": 1.35,
                "under_1.5_odd": 2.95,
                "home_handicap_-0.75_odd": 2.12,
                "away_handicap_0.75_odd": 1.64,
                "home_handicap_-1.0_odd": 2.62,
                "away_handicap_1.0_odd": 1.43,
                "home_handicap_-0.5_odd": 1.83,
                "away_handicap_0.5_odd": 1.87,
                "home_handicap_0.0_odd": 1.38,
                "away_handicap_0.0_odd": 2.8,
                "first_half_over_1.5_odd": 3.0,
                "first_half_under_1.5_odd": 1.34,
                "under_2.5_odd": 1.67,
                "over_2.5_odd": 2.07,
                "draw_odd": 3.37,
                "2_odd": 3.84,
                "1_odd": 1.84,
                "first_half_under_1.0_odd": 1.73,
                "first_half_over_1.0_odd": 1.97,
                "away_handicap_0.25_odd": 2.17,
                "home_handicap_-0.25_odd": 1.61,
                "away_first_half_handicap_0.0_odd": 2.7,
                "home_first_half_handicap_0.0_odd": 1.4,
                "home_under_2.25_odd": 1.22,
                "home_over_2.25_odd": 3.83,
                "away_handicap_1.25_odd": 1.34,
                "home_handicap_-1.25_odd": 3.0,
                "over_3.5_odd": 3.65,
                "under_3.5_odd": 1.24,
                "home_handicap_0.5_odd": 1.24,
                "away_handicap_-0.5_odd": 3.65
            },
            {
                "match_id": 27649912,
                "date": "26/07/2025",
                "time": "14:00",
                "home_team": "Elimai FC",
                "away_team": "FC Zhetysu",
                "match_url": "https://www.asbet.org/en/sports/pre-match/event-view/Soccer/Kazakhstan/1930/premier-league/27649912/elimai-fc-fc-zhetysu",
                "away_first_half_under_0.5_odd": 1.32,
                "away_first_half_over_0.5_odd": 3.1,
                "home_first_half_under_1.25_odd": 1.23,
                "home_first_half_over_1.25_odd": 3.75,
                "home_first_half_under_0.75_odd": 1.65,
                "home_first_half_over_0.75_odd": 2.1,
                "home_first_half_under_1.0_odd": 1.33,
                "home_first_half_over_1.0_odd": 3.05,
                "home_first_half_under_0.5_odd": 1.95,
                "home_first_half_over_0.5_odd": 1.75,
                "first_half_under_1.25_odd": 1.5,
                "first_half_over_1.25_odd": 2.4,
                "first_half_under_0.75_odd": 2.25,
                "first_half_over_0.75_odd": 1.57,
                "away_first_half_handicap_0.75_odd": 1.43,
                "home_first_half_handicap_-0.75_odd": 2.62,
                "away_first_half_handicap_0.5_odd": 1.64,
                "home_first_half_handicap_-0.5_odd": 2.12,
                "both_score_odd": 2.07,
                "both_noscore_odd": 1.67,
                "away_over_1.25_odd": 3.75,
                "away_under_1.25_odd": 1.23,
                "away_over_0.75_odd": 2.05,
                "away_under_0.75_odd": 1.68,
                "away_over_1.0_odd": 3.0,
                "away_under_1.0_odd": 1.34,
                "away_over_0.5_odd": 1.71,
                "away_under_0.5_odd": 2.01,
                "home_over_2.75_odd": 4.05,
                "home_under_2.75_odd": 1.2,
                "home_over_2.25_odd": 2.87,
                "home_under_2.25_odd": 1.36,
                "home_over_1.75_odd": 2.01,
                "home_under_1.75_odd": 1.71,
                "home_over_1.25_odd": 1.52,
                "home_under_1.25_odd": 2.37,
                "home_over_2.5_odd": 3.25,
                "home_under_2.5_odd": 1.29,
                "home_over_2.0_odd": 2.5,
                "home_under_2.0_odd": 1.47,
                "home_over_1.5_odd": 1.76,
                "home_under_1.5_odd": 1.94,
                "home_over_1.0_odd": 1.28,
                "home_under_1.0_odd": 3.3,
                "over_3.25_odd": 3.1,
                "under_3.25_odd": 1.32,
                "over_1.75_odd": 1.38,
                "under_1.75_odd": 2.8,
                "home_handicap_-1.75_odd": 3.0,
                "away_handicap_1.75_odd": 1.34,
                "home_handicap_-1.25_odd": 2.21,
                "away_handicap_1.25_odd": 1.59,
                "home_handicap_-0.25_odd": 1.4,
                "away_handicap_0.25_odd": 2.7,
                "home_handicap_-0.5_odd": 1.56,
                "away_handicap_0.5_odd": 2.27,
                "12_odd": 1.22,
                "X2_odd": 2.23,
                "1X_odd": 1.17,
                "over_1.5_odd": 1.31,
                "under_1.5_odd": 3.15,
                "over_2.0_odd": 1.5,
                "under_2.0_odd": 2.4,
                "over_3.5_odd": 3.4,
                "under_3.5_odd": 1.27,
                "first_half_over_1.5_odd": 2.87,
                "first_half_under_1.5_odd": 1.36,
                "first_half_over_1.0_odd": 1.92,
                "first_half_under_1.0_odd": 1.78,
                "over_2.25_odd": 1.73,
                "under_2.25_odd": 1.97,
                "over_3.0_odd": 2.7,
                "under_3.0_odd": 1.4,
                "over_2.5_odd": 1.95,
                "under_2.5_odd": 1.75,
                "over_2.75_odd": 2.25,
                "under_2.75_odd": 1.57,
                "home_handicap_-1.0_odd": 1.92,
                "away_handicap_1.0_odd": 1.78,
                "home_first_half_handicap_-0.25_odd": 1.7,
                "away_first_half_handicap_0.25_odd": 2.02,
                "home_handicap_-1.5_odd": 2.5,
                "away_handicap_1.5_odd": 1.47,
                "home_handicap_0.0_odd": 1.24,
                "away_handicap_0.0_odd": 3.65,
                "away_handicap_0.75_odd": 2.01,
                "home_handicap_-0.75_odd": 1.71,
                "2_odd": 4.7,
                "1_odd": 1.54,
                "draw_odd": 3.86,
                "home_over_0.75_odd": 1.21,
                "home_under_0.75_odd": 3.9,
                "first_half_over_0.5_odd": 1.41,
                "first_half_under_0.5_odd": 2.68
            },
            {
                "match_id": 27649913,
                "date": "27/07/2025",
                "time": "16:00",
                "home_team": "FC Turan",
                "away_team": "FC Ordabasy",
                "match_url": "https://www.asbet.org/en/sports/pre-match/event-view/Soccer/Kazakhstan/1930/premier-league/27649913/fc-turan-fc-ordabasy",
                "away_first_half_over_1.25_odd": 3.65,
                "away_first_half_under_1.25_odd": 1.24,
                "away_first_half_over_0.75_odd": 2.05,
                "away_first_half_under_0.75_odd": 1.68,
                "away_first_half_over_1.0_odd": 3.0,
                "away_first_half_under_1.0_odd": 1.34,
                "away_first_half_over_0.5_odd": 1.71,
                "away_first_half_under_0.5_odd": 2.01,
                "home_first_half_over_0.5_odd": 2.95,
                "home_first_half_under_0.5_odd": 1.35,
                "first_half_over_1.25_odd": 2.35,
                "first_half_under_1.25_odd": 1.53,
                "first_half_over_0.75_odd": 1.53,
                "first_half_under_0.75_odd": 2.35,
                "first_half_over_1.5_odd": 2.75,
                "first_half_under_1.5_odd": 1.39,
                "first_half_over_0.5_odd": 1.39,
                "first_half_under_0.5_odd": 2.75,
                "home_first_half_handicap_0.75_odd": 1.43,
                "away_first_half_handicap_-0.75_odd": 2.62,
                "home_first_half_handicap_0.5_odd": 1.64,
                "away_first_half_handicap_-0.5_odd": 2.12,
                "both_noscore_odd": 1.7,
                "both_score_odd": 2.02,
                "away_over_2.25_odd": 2.8,
                "away_under_2.25_odd": 1.38,
                "away_over_1.75_odd": 1.96,
                "away_under_1.75_odd": 1.74,
                "away_over_1.25_odd": 1.51,
                "away_under_1.25_odd": 2.39,
                "away_over_0.75_odd": 1.21,
                "away_under_0.75_odd": 3.9,
                "away_over_2.5_odd": 3.2,
                "away_under_2.5_odd": 1.3,
                "away_over_2.0_odd": 2.44,
                "away_under_2.0_odd": 1.49,
                "away_over_1.5_odd": 1.74,
                "away_under_1.5_odd": 1.96,
                "away_over_1.0_odd": 1.27,
                "away_under_1.0_odd": 3.4,
                "home_over_1.25_odd": 3.47,
                "home_under_1.25_odd": 1.26,
                "home_over_0.75_odd": 2.0,
                "home_under_0.75_odd": 1.72,
                "home_over_1.0_odd": 2.85,
                "home_under_1.0_odd": 1.37,
                "home_over_0.5_odd": 1.68,
                "home_under_0.5_odd": 2.05,
                "over_3.25_odd": 2.95,
                "under_3.25_odd": 1.35,
                "over_2.75_odd": 2.17,
                "under_2.75_odd": 1.61,
                "over_2.25_odd": 1.69,
                "under_2.25_odd": 2.04,
                "under_1.75_odd": 2.87,
                "over_1.75_odd": 1.36,
                "over_3.5_odd": 3.25,
                "under_3.5_odd": 1.29,
                "over_3.0_odd": 2.62,
                "under_3.0_odd": 1.43,
                "over_2.0_odd": 1.46,
                "under_2.0_odd": 2.52,
                "over_1.5_odd": 1.29,
                "under_1.5_odd": 3.25,
                "home_handicap_1.25_odd": 1.6,
                "away_handicap_-1.25_odd": 2.2,
                "home_handicap_0.75_odd": 2.01,
                "away_handicap_-0.75_odd": 1.71,
                "home_handicap_0.25_odd": 2.68,
                "away_handicap_-0.25_odd": 1.41,
                "home_handicap_1.5_odd": 1.49,
                "away_handicap_-1.5_odd": 2.44,
                "12_odd": 1.21,
                "X2_odd": 1.18,
                "1X_odd": 2.26,
                "home_first_half_handicap_0.25_odd": 2.02,
                "away_first_half_handicap_-0.25_odd": 1.7,
                "home_handicap_1.0_odd": 1.78,
                "away_handicap_-1.0_odd": 1.92,
                "home_handicap_0.0_odd": 3.57,
                "away_handicap_0.0_odd": 1.25,
                "home_handicap_0.5_odd": 2.25,
                "away_handicap_-0.5_odd": 1.57,
                "first_half_over_1.0_odd": 1.85,
                "first_half_under_1.0_odd": 1.85,
                "draw_odd": 3.99,
                "2_odd": 1.55,
                "1_odd": 4.5,
                "under_2.5_odd": 1.79,
                "over_2.5_odd": 1.91,
                "away_handicap_-1.75_odd": 2.95,
                "home_handicap_1.75_odd": 1.35,
                "away_over_2.75_odd": 4.05,
                "away_under_2.75_odd": 1.2
            },
            {
                "match_id": 27649914,
                "date": "26/07/2025",
                "time": "14:00",
                "home_team": "FC Tobol",
                "away_team": "FC Kairat Almaty",
                "match_url": "https://www.asbet.org/en/sports/pre-match/event-view/Soccer/Kazakhstan/1930/premier-league/27649914/fc-tobol-fc-kairat-almaty",
                "home_over_2.25_odd": 3.83,
                "home_under_2.25_odd": 1.22,
                "both_score_odd": 1.77,
                "both_noscore_odd": 1.93,
                "away_under_1.75_odd": 1.2,
                "away_over_1.75_odd": 4.05,
                "away_under_1.25_odd": 1.45,
                "away_over_1.25_odd": 2.55,
                "away_under_0.75_odd": 2.15,
                "away_over_0.75_odd": 1.62,
                "away_over_1.5_odd": 3.1,
                "away_under_1.5_odd": 1.32,
                "away_over_1.0_odd": 2.02,
                "away_under_1.0_odd": 1.7,
                "away_over_0.5_odd": 1.44,
                "away_under_0.5_odd": 2.59,
                "home_over_1.75_odd": 2.5,
                "home_under_1.75_odd": 1.47,
                "home_under_1.25_odd": 1.96,
                "home_over_1.25_odd": 1.74,
                "home_over_0.75_odd": 1.28,
                "home_under_0.75_odd": 3.3,
                "home_under_1.5_odd": 1.66,
                "home_over_1.5_odd": 2.08,
                "home_over_1.0_odd": 1.4,
                "home_under_1.0_odd": 2.7,
                "home_under_0.5_odd": 3.9,
                "home_over_0.5_odd": 1.21,
                "under_3.25_odd": 1.33,
                "over_3.25_odd": 3.05,
                "away_handicap_0.75_odd": 1.55,
                "home_handicap_-0.75_odd": 2.3,
                "X2_odd": 1.74,
                "1X_odd": 1.26,
                "12_odd": 1.31,
                "over_3.0_odd": 2.7,
                "under_3.0_odd": 1.4,
                "under_1.5_odd": 3.15,
                "over_1.5_odd": 1.31,
                "under_2.25_odd": 2.0,
                "over_2.25_odd": 1.72,
                "away_handicap_0.25_odd": 2.04,
                "home_handicap_-0.25_odd": 1.69,
                "first_half_under_1.0_odd": 1.8,
                "first_half_over_1.0_odd": 1.9,
                "under_2.0_odd": 2.44,
                "over_2.0_odd": 1.49,
                "over_2.75_odd": 2.23,
                "under_2.75_odd": 1.58,
                "over_1.75_odd": 1.38,
                "under_1.75_odd": 2.8,
                "over_3.5_odd": 3.3,
                "under_3.5_odd": 1.28,
                "home_handicap_-0.5_odd": 1.94,
                "away_handicap_0.5_odd": 1.76,
                "home_handicap_0.25_odd": 1.33,
                "away_handicap_-0.25_odd": 3.05,
                "home_handicap_0.5_odd": 1.26,
                "away_handicap_-0.5_odd": 3.47,
                "over_2.5_odd": 1.94,
                "under_2.5_odd": 1.76,
                "draw_odd": 3.21,
                "2_odd": 3.61,
                "1_odd": 1.95,
                "away_handicap_0.0_odd": 2.59,
                "home_handicap_0.0_odd": 1.44,
                "home_handicap_-1.0_odd": 2.95,
                "away_handicap_1.0_odd": 1.35,
                "home_under_2.0_odd": 1.27,
                "home_over_2.0_odd": 3.4,
                "away_handicap_1.25_odd": 1.28,
                "home_handicap_-1.25_odd": 3.3
            },
            {
                "match_id": 27649915,
                "date": "26/07/2025",
                "time": "16:00",
                "home_team": "FC Kaysar Kyzylorda",
                "away_team": "FC Kyzylzhar",
                "match_url": "https://www.asbet.org/en/sports/pre-match/event-view/Soccer/Kazakhstan/1930/premier-league/27649915/fc-kaysar-kyzylorda-fc-kyzylzhar",
                "both_score_odd": 1.75,
                "both_noscore_odd": 1.95,
                "away_over_1.75_odd": 3.1,
                "away_under_1.75_odd": 1.32,
                "away_over_1.25_odd": 2.07,
                "away_under_1.25_odd": 1.67,
                "away_over_0.75_odd": 1.4,
                "away_under_0.75_odd": 2.7,
                "away_over_1.5_odd": 2.5,
                "away_under_1.5_odd": 1.47,
                "away_over_1.0_odd": 1.62,
                "away_under_1.0_odd": 2.15,
                "away_over_0.5_odd": 1.29,
                "away_under_0.5_odd": 3.25,
                "home_over_1.75_odd": 3.4,
                "home_under_1.75_odd": 1.27,
                "home_over_1.25_odd": 2.21,
                "home_under_1.25_odd": 1.59,
                "home_over_0.75_odd": 1.46,
                "home_under_0.75_odd": 2.52,
                "home_over_1.5_odd": 2.65,
                "home_under_1.5_odd": 1.42,
                "home_over_1.0_odd": 1.73,
                "home_under_1.0_odd": 1.97,
                "home_over_0.5_odd": 1.33,
                "home_under_0.5_odd": 3.05,
                "over_3.25_odd": 3.2,
                "under_3.25_odd": 1.3,
                "away_handicap_0.75_odd": 1.28,
                "home_handicap_-0.75_odd": 3.3,
                "away_handicap_-0.75_odd": 3.05,
                "home_handicap_0.75_odd": 1.33,
                "X2_odd": 1.4,
                "1X_odd": 1.47,
                "12_odd": 1.36,
                "away_first_half_over_0.75_odd": 2.8,
                "away_first_half_under_0.75_odd": 1.38,
                "away_first_half_over_0.5_odd": 2.2,
                "away_first_half_under_0.5_odd": 1.6,
                "home_first_half_over_0.75_odd": 2.87,
                "home_first_half_under_0.75_odd": 1.36,
                "home_first_half_over_0.5_odd": 2.23,
                "home_first_half_under_0.5_odd": 1.58,
                "first_half_over_1.25_odd": 2.5,
                "first_half_under_1.25_odd": 1.47,
                "first_half_over_0.75_odd": 1.6,
                "first_half_under_0.75_odd": 2.2,
                "home_first_half_handicap_-0.25_odd": 2.52,
                "away_first_half_handicap_0.25_odd": 1.46,
                "home_first_half_handicap_0.25_odd": 1.49,
                "away_first_half_handicap_-0.25_odd": 2.44,
                "home_first_half_handicap_0.5_odd": 1.33,
                "away_first_half_handicap_-0.5_odd": 3.05,
                "first_half_under_0.5_odd": 2.62,
                "first_half_over_0.5_odd": 1.43,
                "under_2.75_odd": 1.53,
                "over_2.75_odd": 2.35,
                "under_1.5_odd": 3.05,
                "over_1.5_odd": 1.33,
                "under_2.25_odd": 1.92,
                "over_2.25_odd": 1.78,
                "over_1.75_odd": 1.41,
                "under_1.75_odd": 2.68,
                "over_3.5_odd": 3.57,
                "under_3.5_odd": 1.25,
                "over_3.0_odd": 2.87,
                "under_3.0_odd": 1.36,
                "over_2.0_odd": 1.53,
                "under_2.0_odd": 2.35,
                "home_handicap_-0.25_odd": 2.35,
                "away_handicap_0.25_odd": 1.53,
                "home_handicap_-0.5_odd": 2.68,
                "away_handicap_0.5_odd": 1.41,
                "home_handicap_0.25_odd": 1.64,
                "away_handicap_-0.25_odd": 2.12,
                "home_handicap_0.5_odd": 1.48,
                "away_handicap_-0.5_odd": 2.45,
                "first_half_over_1.5_odd": 3.0,
                "first_half_under_1.5_odd": 1.34,
                "over_2.5_odd": 2.01,
                "under_2.5_odd": 1.71,
                "home_first_half_handicap_0.0_odd": 1.92,
                "away_first_half_handicap_0.0_odd": 1.78,
                "draw_odd": 2.97,
                "2_odd": 2.5,
                "1_odd": 2.76,
                "first_half_over_1.0_odd": 1.96,
                "first_half_under_1.0_odd": 1.74,
                "home_handicap_0.0_odd": 1.94,
                "away_handicap_0.0_odd": 1.76
            }
        ]
    }
]