[
    {
        "last_updated": "2025-07-24T20:52:21.159469+01:00"
    },
    {
        "tournament_name": "Virsliga",
        "tournament_id": 1939,
        "matches": [
            {
                "match_id": 27575398,
                "date": "26/07/2025",
                "time": "15:00",
                "home_team": "SK Super Nova Salaspils",
                "away_team": "Grobinas SC",
                "match_url": "https://www.asbet.org/en/sports/pre-match/event-view/Soccer/Latvia/1939/virsliga/27575398/sk-super-nova-salaspils-grobinas-sc",
                "both_score_odd": 1.66,
                "both_noscore_odd": 2.08,
                "away_over_1.75_odd": 3.15,
                "away_under_1.75_odd": 1.31,
                "away_over_1.25_odd": 2.1,
                "away_under_1.25_odd": 1.65,
                "away_over_0.75_odd": 1.45,
                "away_under_0.75_odd": 2.55,
                "away_over_1.5_odd": 2.52,
                "away_under_1.5_odd": 1.46,
                "away_over_1.0_odd": 1.68,
                "away_under_1.0_odd": 2.05,
                "away_over_0.5_odd": 1.33,
                "away_under_0.5_odd": 3.05,
                "home_over_2.25_odd": 3.65,
                "home_under_2.25_odd": 1.24,
                "home_over_1.75_odd": 2.39,
                "home_under_1.75_odd": 1.51,
                "home_over_1.25_odd": 1.71,
                "home_under_1.25_odd": 2.01,
                "home_over_0.75_odd": 1.28,
                "home_under_0.75_odd": 3.3,
                "home_over_2.5_odd": 4.05,
                "home_under_2.5_odd": 1.2,
                "home_over_2.0_odd": 3.2,
                "home_under_2.0_odd": 1.3,
                "home_over_1.5_odd": 2.01,
                "home_under_1.5_odd": 1.71,
                "home_over_1.0_odd": 1.39,
                "home_under_1.0_odd": 2.75,
                "over_3.75_odd": 3.4,
                "under_3.75_odd": 1.27,
                "over_3.25_odd": 2.59,
                "under_3.25_odd": 1.44,
                "over_1.75_odd": 1.29,
                "under_1.75_odd": 3.25,
                "over_3.5_odd": 2.85,
                "under_3.5_odd": 1.37,
                "over_1.5_odd": 1.24,
                "under_1.5_odd": 3.65,
                "home_handicap_-1.25_odd": 3.4,
                "away_handicap_1.25_odd": 1.27,
                "home_handicap_-0.25_odd": 1.84,
                "away_handicap_0.25_odd": 1.86,
                "home_handicap_0.25_odd": 1.46,
                "away_handicap_-0.25_odd": 2.52,
                "home_handicap_0.5_odd": 1.37,
                "away_handicap_-0.5_odd": 2.85,
                "12_odd": 1.27,
                "X2_odd": 1.66,
                "1X_odd": 1.37,
                "home_handicap_0.0_odd": 1.59,
                "away_handicap_0.0_odd": 2.21,
                "over_2.75_odd": 1.95,
                "under_2.75_odd": 1.75,
                "over_2.25_odd": 1.56,
                "under_2.25_odd": 2.27,
                "over_3.0_odd": 2.3,
                "under_3.0_odd": 1.55,
                "over_2.0_odd": 1.36,
                "under_2.0_odd": 2.87,
                "home_handicap_-0.75_odd": 2.4,
                "away_handicap_0.75_odd": 1.5,
                "home_handicap_-1.0_odd": 3.1,
                "away_handicap_1.0_odd": 1.32,
                "over_2.5_odd": 1.76,
                "under_2.5_odd": 1.94,
                "draw_odd": 3.59,
                "2_odd": 2.91,
                "1_odd": 2.1,
                "away_handicap_0.5_odd": 1.66,
                "home_handicap_-0.5_odd": 2.08,
                "away_first_half_under_0.75_odd": 1.38,
                "away_first_half_over_0.75_odd": 2.8,
                "away_first_half_over_0.5_odd": 2.17,
                "away_first_half_under_0.5_odd": 1.61,
                "home_first_half_over_0.75_odd": 2.3,
                "home_first_half_under_0.75_odd": 1.55,
                "home_first_half_under_1.0_odd": 1.24,
                "home_first_half_over_1.0_odd": 3.65,
                "home_first_half_under_0.5_odd": 1.84,
                "home_first_half_over_0.5_odd": 1.86,
                "first_half_under_1.25_odd": 1.63,
                "first_half_over_1.25_odd": 2.13,
                "first_half_over_0.75_odd": 1.46,
                "first_half_under_0.75_odd": 2.52,
                "first_half_over_0.5_odd": 1.33,
                "first_half_under_0.5_odd": 3.05,
                "home_first_half_handicap_-0.5_odd": 2.62,
                "away_first_half_handicap_0.5_odd": 1.43,
                "first_half_over_1.5_odd": 2.52,
                "first_half_under_1.5_odd": 1.46,
                "home_first_half_handicap_0.0_odd": 1.62,
                "away_first_half_handicap_0.0_odd": 2.15,
                "first_half_under_1.0_odd": 2.02,
                "first_half_over_1.0_odd": 1.7,
                "away_first_half_handicap_0.25_odd": 1.62,
                "home_first_half_handicap_-0.25_odd": 2.15,
                "away_handicap_-0.75_odd": 3.47,
                "home_handicap_0.75_odd": 1.26,
                "home_first_half_handicap_0.25_odd": 1.38,
                "away_first_half_handicap_-0.25_odd": 2.8,
                "home_under_0.5_odd": 3.9,
                "home_over_0.5_odd": 1.21
            },
            {
                "match_id": 27581586,
                "date": "27/07/2025",
                "time": "16:00",
                "home_team": "Riga FC",
                "away_team": "FK Metta",
                "match_url": "https://www.asbet.org/en/sports/pre-match/event-view/Soccer/Latvia/1939/virsliga/27581586/riga-fc-fk-metta",
                "home_first_half_over_2.5_odd": 4.05,
                "home_first_half_under_2.5_odd": 1.2,
                "both_noscore_odd": 1.64,
                "both_score_odd": 2.12,
                "away_under_0.75_odd": 1.43,
                "away_over_0.75_odd": 2.62,
                "away_under_0.5_odd": 1.68,
                "away_over_0.5_odd": 2.05,
                "home_under_3.75_odd": 1.62,
                "home_over_3.75_odd": 2.15,
                "home_under_3.25_odd": 1.97,
                "home_over_3.25_odd": 1.73,
                "home_under_2.75_odd": 2.62,
                "home_over_2.75_odd": 1.43,
                "home_under_2.25_odd": 3.65,
                "home_over_2.25_odd": 1.24,
                "home_under_4.0_odd": 1.45,
                "home_over_4.0_odd": 2.55,
                "home_under_3.5_odd": 1.78,
                "home_over_3.5_odd": 1.92,
                "home_under_3.0_odd": 2.35,
                "home_over_3.0_odd": 1.53,
                "home_under_2.5_odd": 2.87,
                "home_over_2.5_odd": 1.36,
                "under_4.25_odd": 1.7,
                "over_4.25_odd": 2.02,
                "under_3.75_odd": 2.07,
                "over_3.75_odd": 1.67,
                "under_3.25_odd": 2.65,
                "over_3.25_odd": 1.42,
                "under_2.75_odd": 3.65,
                "over_2.75_odd": 1.24,
                "under_4.5_odd": 1.58,
                "over_4.5_odd": 2.23,
                "under_4.0_odd": 1.87,
                "over_4.0_odd": 1.83,
                "under_3.0_odd": 3.25,
                "over_3.0_odd": 1.29,
                "away_handicap_3.75_odd": 1.38,
                "home_handicap_-3.75_odd": 2.8,
                "away_handicap_3.25_odd": 1.58,
                "home_handicap_-3.25_odd": 2.23,
                "away_handicap_2.75_odd": 1.91,
                "home_handicap_-2.75_odd": 1.79,
                "away_handicap_2.25_odd": 2.44,
                "home_handicap_-2.25_odd": 1.49,
                "away_handicap_1.75_odd": 3.3,
                "home_handicap_-1.75_odd": 1.28,
                "away_handicap_3.5_odd": 1.49,
                "home_handicap_-3.5_odd": 2.44,
                "away_handicap_3.0_odd": 1.72,
                "home_handicap_-3.0_odd": 2.0,
                "away_handicap_2.0_odd": 3.05,
                "home_handicap_-2.0_odd": 1.33,
                "X2_odd": 8.7,
                "1X_odd": 1.01,
                "12_odd": 1.03,
                "home_handicap_-2.5_odd": 1.64,
                "away_handicap_2.5_odd": 2.12,
                "draw_odd": 9.8,
                "2_odd": 15.0,
                "1_odd": 1.05,
                "under_3.5_odd": 2.27,
                "over_3.5_odd": 1.56,
                "home_first_half_under_1.75_odd": 1.52,
                "home_first_half_over_1.75_odd": 2.37,
                "home_first_half_under_1.25_odd": 2.05,
                "home_first_half_over_1.25_odd": 1.68,
                "home_first_half_under_0.75_odd": 3.4,
                "home_first_half_over_0.75_odd": 1.27,
                "home_first_half_under_2.0_odd": 1.31,
                "home_first_half_over_2.0_odd": 3.15,
                "home_first_half_over_1.5_odd": 1.97,
                "home_first_half_under_1.5_odd": 1.73,
                "home_first_half_over_1.0_odd": 1.37,
                "home_first_half_under_1.0_odd": 2.85,
                "home_first_half_over_0.5_odd": 1.21,
                "home_first_half_under_0.5_odd": 3.9,
                "first_half_over_1.75_odd": 1.94,
                "first_half_under_1.75_odd": 1.76,
                "first_half_over_1.25_odd": 1.48,
                "first_half_under_1.25_odd": 2.45,
                "first_half_over_2.0_odd": 2.4,
                "first_half_under_2.0_odd": 1.5,
                "away_first_half_handicap_1.75_odd": 1.4,
                "home_first_half_handicap_-1.75_odd": 2.7,
                "away_first_half_handicap_1.25_odd": 1.8,
                "home_first_half_handicap_-1.25_odd": 1.9,
                "away_first_half_handicap_1.5_odd": 1.57,
                "home_first_half_handicap_-1.5_odd": 2.25,
                "away_first_half_handicap_0.75_odd": 2.8,
                "home_first_half_handicap_-0.75_odd": 1.38,
                "home_first_half_handicap_-1.0_odd": 1.61,
                "away_first_half_handicap_1.0_odd": 2.17,
                "first_half_over_1.5_odd": 1.72,
                "first_half_under_1.5_odd": 2.0,
                "under_4.75_odd": 1.45,
                "over_4.75_odd": 2.55,
                "away_handicap_4.0_odd": 1.27,
                "home_handicap_-4.0_odd": 3.4,
                "under_5.25_odd": 1.27,
                "over_5.25_odd": 3.4,
                "under_5.0_odd": 1.31,
                "over_5.0_odd": 3.15,
                "away_first_half_under_0.5_odd": 1.23,
                "away_first_half_over_0.5_odd": 3.75,
                "home_first_half_under_2.25_odd": 1.25,
                "home_first_half_over_2.25_odd": 3.57,
                "home_under_4.5_odd": 1.32,
                "home_over_4.5_odd": 3.1,
                "first_half_under_2.25_odd": 1.38,
                "first_half_over_2.25_odd": 2.8
            },
            {
                "match_id": 27581587,
                "date": "27/07/2025",
                "time": "15:00",
                "home_team": "FK Liepaja",
                "away_team": "FK Auda",
                "match_url": "https://www.asbet.org/en/sports/pre-match/event-view/Soccer/Latvia/1939/virsliga/27581587/fk-liepaja-fk-auda",
                "both_noscore_odd": 2.13,
                "both_score_odd": 1.63,
                "away_under_1.75_odd": 1.39,
                "away_over_1.75_odd": 2.75,
                "away_under_1.25_odd": 1.81,
                "away_over_1.25_odd": 1.89,
                "away_under_0.75_odd": 2.95,
                "away_over_0.75_odd": 1.35,
                "away_under_2.0_odd": 1.21,
                "away_over_2.0_odd": 3.9,
                "away_under_1.5_odd": 1.57,
                "away_over_1.5_odd": 2.25,
                "away_under_1.0_odd": 2.37,
                "away_over_1.0_odd": 1.52,
                "away_under_0.5_odd": 3.47,
                "away_over_0.5_odd": 1.26,
                "home_under_1.75_odd": 1.41,
                "home_over_1.75_odd": 2.68,
                "home_under_1.25_odd": 1.84,
                "home_over_1.25_odd": 1.86,
                "home_under_0.75_odd": 3.05,
                "home_over_0.75_odd": 1.33,
                "home_under_2.0_odd": 1.23,
                "home_over_2.0_odd": 3.75,
                "home_under_1.5_odd": 1.59,
                "home_over_1.5_odd": 2.21,
                "home_under_1.0_odd": 2.44,
                "home_over_1.0_odd": 1.49,
                "home_under_0.5_odd": 3.57,
                "home_over_0.5_odd": 1.25,
                "under_3.75_odd": 1.27,
                "over_3.75_odd": 3.4,
                "under_3.25_odd": 1.45,
                "over_3.25_odd": 2.55,
                "under_1.75_odd": 3.25,
                "over_1.75_odd": 1.29,
                "under_2.0_odd": 2.87,
                "over_2.0_odd": 1.36,
                "away_handicap_0.75_odd": 1.36,
                "home_handicap_-0.75_odd": 2.87,
                "away_handicap_0.25_odd": 1.64,
                "home_handicap_-0.25_odd": 2.12,
                "away_handicap_0.5_odd": 1.5,
                "home_handicap_-0.5_odd": 2.4,
                "away_handicap_-0.75_odd": 3.0,
                "home_handicap_0.75_odd": 1.34,
                "away_handicap_-0.5_odd": 2.45,
                "home_handicap_0.5_odd": 1.48,
                "X2_odd": 1.5,
                "1X_odd": 1.46,
                "12_odd": 1.28,
                "over_2.5_odd": 1.75,
                "under_2.5_odd": 1.95,
                "over_2.25_odd": 1.55,
                "under_2.25_odd": 2.3,
                "over_3.5_odd": 2.85,
                "under_3.5_odd": 1.37,
                "over_3.0_odd": 2.3,
                "under_3.0_odd": 1.55,
                "home_handicap_0.25_odd": 1.61,
                "away_handicap_-0.25_odd": 2.17,
                "draw_odd": 3.38,
                "2_odd": 2.48,
                "1_odd": 2.38,
                "under_2.75_odd": 1.76,
                "over_2.75_odd": 1.94,
                "away_handicap_0.0_odd": 1.9,
                "home_handicap_0.0_odd": 1.8,
                "away_first_half_under_0.75_odd": 1.45,
                "away_first_half_over_0.75_odd": 2.55,
                "away_first_half_under_0.5_odd": 1.71,
                "away_first_half_over_0.5_odd": 2.01,
                "home_first_half_under_0.75_odd": 1.47,
                "home_first_half_over_0.75_odd": 2.5,
                "home_first_half_under_0.5_odd": 1.74,
                "home_first_half_over_0.5_odd": 1.96,
                "first_half_under_1.25_odd": 1.63,
                "first_half_over_1.25_odd": 2.13,
                "first_half_over_0.75_odd": 1.46,
                "first_half_under_0.75_odd": 2.52,
                "away_first_half_handicap_0.25_odd": 1.51,
                "home_first_half_handicap_-0.25_odd": 2.39,
                "away_first_half_handicap_-0.25_odd": 2.5,
                "home_first_half_handicap_0.25_odd": 1.47,
                "first_half_under_1.5_odd": 1.45,
                "first_half_over_1.5_odd": 2.55,
                "first_half_over_1.0_odd": 1.7,
                "first_half_under_1.0_odd": 2.02,
                "home_first_half_handicap_0.0_odd": 1.81,
                "away_first_half_handicap_0.0_odd": 1.89,
                "home_first_half_handicap_-0.5_odd": 2.95,
                "away_first_half_handicap_0.5_odd": 1.35,
                "over_1.5_odd": 1.24,
                "under_1.5_odd": 3.65,
                "first_half_over_0.5_odd": 1.33,
                "first_half_under_0.5_odd": 3.05,
                "home_first_half_handicap_0.5_odd": 1.33,
                "away_first_half_handicap_-0.5_odd": 3.05
            },
            {
                "match_id": 27581588,
                "date": "27/07/2025",
                "time": "13:00",
                "home_team": "BFC Daugavpils",
                "away_team": "FS Jelgava",
                "match_url": "https://www.asbet.org/en/sports/pre-match/event-view/Soccer/Latvia/1939/virsliga/27581588/bfc-daugavpils-fs-jelgava",
                "away_first_half_over_0.75_odd": 2.65,
                "away_first_half_under_0.75_odd": 1.42,
                "away_first_half_over_0.5_odd": 2.07,
                "away_first_half_under_0.5_odd": 1.67,
                "home_first_half_over_0.75_odd": 2.55,
                "home_first_half_under_0.75_odd": 1.45,
                "home_first_half_over_0.5_odd": 2.01,
                "home_first_half_under_0.5_odd": 1.71,
                "first_half_over_1.25_odd": 2.23,
                "first_half_under_1.25_odd": 1.58,
                "first_half_over_0.75_odd": 1.49,
                "first_half_under_0.75_odd": 2.44,
                "first_half_over_0.5_odd": 1.36,
                "first_half_under_0.5_odd": 2.87,
                "home_first_half_handicap_-0.25_odd": 2.39,
                "away_first_half_handicap_0.25_odd": 1.51,
                "home_first_half_handicap_-0.5_odd": 2.95,
                "away_first_half_handicap_0.5_odd": 1.35,
                "home_first_half_handicap_0.25_odd": 1.47,
                "away_first_half_handicap_-0.25_odd": 2.5,
                "both_noscore_odd": 2.1,
                "both_score_odd": 1.65,
                "away_under_1.75_odd": 1.34,
                "away_over_1.75_odd": 3.0,
                "away_under_1.25_odd": 1.72,
                "away_over_1.25_odd": 2.0,
                "away_under_0.75_odd": 2.8,
                "away_over_0.75_odd": 1.38,
                "away_under_1.5_odd": 1.51,
                "away_over_1.5_odd": 2.39,
                "away_under_1.0_odd": 2.23,
                "away_over_1.0_odd": 1.58,
                "away_under_0.5_odd": 3.3,
                "away_over_0.5_odd": 1.28,
                "home_under_1.75_odd": 1.37,
                "home_over_1.75_odd": 2.85,
                "home_under_1.25_odd": 1.78,
                "home_over_1.25_odd": 1.92,
                "home_under_0.75_odd": 2.95,
                "home_over_0.75_odd": 1.35,
                "home_under_2.0_odd": 1.2,
                "home_over_2.0_odd": 4.05,
                "home_under_1.5_odd": 1.54,
                "home_over_1.5_odd": 2.33,
                "home_under_1.0_odd": 2.35,
                "home_over_1.0_odd": 1.53,
                "home_under_0.5_odd": 3.47,
                "home_over_0.5_odd": 1.26,
                "under_3.25_odd": 1.39,
                "over_3.25_odd": 2.75,
                "under_1.75_odd": 3.05,
                "over_1.75_odd": 1.33,
                "under_3.5_odd": 1.32,
                "over_3.5_odd": 3.1,
                "under_1.5_odd": 3.4,
                "over_1.5_odd": 1.27,
                "away_handicap_0.75_odd": 1.34,
                "home_handicap_-0.75_odd": 3.0,
                "away_handicap_0.5_odd": 1.49,
                "home_handicap_-0.5_odd": 2.44,
                "away_handicap_-0.75_odd": 3.15,
                "home_handicap_0.75_odd": 1.31,
                "away_handicap_-0.25_odd": 2.25,
                "home_handicap_0.25_odd": 1.57,
                "away_handicap_-0.5_odd": 2.55,
                "home_handicap_0.5_odd": 1.45,
                "X2_odd": 1.47,
                "1X_odd": 1.43,
                "12_odd": 1.33,
                "first_half_under_1.5_odd": 1.42,
                "first_half_over_1.5_odd": 2.65,
                "first_half_over_1.0_odd": 1.77,
                "first_half_under_1.0_odd": 1.93,
                "over_2.75_odd": 2.07,
                "under_2.75_odd": 1.67,
                "over_2.25_odd": 1.63,
                "under_2.25_odd": 2.13,
                "over_3.0_odd": 2.45,
                "under_3.0_odd": 1.48,
                "over_2.0_odd": 1.41,
                "under_2.0_odd": 2.68,
                "home_handicap_0.0_odd": 1.79,
                "away_handicap_0.0_odd": 1.91,
                "over_2.5_odd": 1.84,
                "under_2.5_odd": 1.86,
                "home_first_half_handicap_0.0_odd": 1.81,
                "away_first_half_handicap_0.0_odd": 1.89,
                "home_handicap_-0.25_odd": 2.13,
                "away_handicap_0.25_odd": 1.63,
                "draw_odd": 3.09,
                "2_odd": 2.58,
                "1_odd": 2.45
            }
        ]
    }
]