[
    {
        "last_updated": "2025-07-24T20:52:12.684740+01:00"
    },
    {
        "tournament_name": "A Lyga",
        "tournament_id": 1944,
        "matches": [
            {
                "match_id": 27575447,
                "date": "26/07/2025",
                "time": "17:00",
                "home_team": "FK Zalgiris",
                "away_team": "DFK Dainava",
                "match_url": "https://www.asbet.org/en/sports/pre-match/event-view/Soccer/Lithuania/1944/a-lyga/27575447/fk-zalgiris-dfk-dainava",
                "under_3.25_odd": 1.47,
                "over_3.25_odd": 2.5,
                "under_2.25_odd": 2.37,
                "over_2.25_odd": 1.52,
                "under_3.0_odd": 1.59,
                "over_3.0_odd": 2.21,
                "away_handicap_1.75_odd": 1.56,
                "home_handicap_-1.75_odd": 2.27,
                "away_handicap_1.25_odd": 1.94,
                "home_handicap_-1.25_odd": 1.76,
                "away_handicap_1.0_odd": 2.35,
                "home_handicap_-1.0_odd": 1.53,
                "X2_odd": 2.95,
                "1X_odd": 1.09,
                "12_odd": 1.17,
                "over_2.5_odd": 1.71,
                "under_2.5_odd": 2.01,
                "over_2.75_odd": 1.9,
                "under_2.75_odd": 1.8,
                "draw_odd": 4.5,
                "2_odd": 7.2,
                "1_odd": 1.32,
                "away_handicap_1.5_odd": 1.75,
                "home_handicap_-1.5_odd": 1.95,
                "both_score_odd": 2.05,
                "both_noscore_odd": 1.68,
                "away_over_0.75_odd": 2.27,
                "away_under_0.75_odd": 1.56,
                "away_over_1.0_odd": 3.57,
                "away_under_1.0_odd": 1.25,
                "away_over_0.5_odd": 1.84,
                "away_under_0.5_odd": 1.86,
                "home_over_2.75_odd": 2.95,
                "home_under_2.75_odd": 1.35,
                "home_over_2.25_odd": 2.15,
                "home_under_2.25_odd": 1.62,
                "home_over_1.75_odd": 1.62,
                "home_under_1.75_odd": 2.15,
                "home_over_1.25_odd": 1.31,
                "home_under_1.25_odd": 3.15,
                "home_over_3.0_odd": 3.83,
                "home_under_3.0_odd": 1.22,
                "home_over_2.5_odd": 2.44,
                "home_under_2.5_odd": 1.49,
                "home_over_2.0_odd": 1.84,
                "home_under_2.0_odd": 1.86,
                "home_over_1.5_odd": 1.48,
                "home_under_1.5_odd": 2.45,
                "over_3.75_odd": 3.25,
                "under_3.75_odd": 1.29,
                "over_1.75_odd": 1.26,
                "under_1.75_odd": 3.47,
                "over_3.5_odd": 2.75,
                "under_3.5_odd": 1.39,
                "over_2.0_odd": 1.33,
                "under_2.0_odd": 3.05,
                "home_handicap_-2.25_odd": 3.1,
                "away_handicap_2.25_odd": 1.32,
                "home_handicap_-0.75_odd": 1.42,
                "away_handicap_0.75_odd": 2.65,
                "home_handicap_-2.5_odd": 3.4,
                "away_handicap_2.5_odd": 1.27,
                "home_handicap_-2.0_odd": 2.75,
                "away_handicap_2.0_odd": 1.39,
                "home_handicap_-0.5_odd": 1.34,
                "away_handicap_0.5_odd": 3.0,
                "away_first_half_over_0.5_odd": 3.25,
                "away_first_half_under_0.5_odd": 1.29,
                "home_first_half_over_1.25_odd": 2.8,
                "home_first_half_under_1.25_odd": 1.38,
                "home_first_half_over_0.75_odd": 1.73,
                "home_first_half_under_0.75_odd": 1.97,
                "home_first_half_over_1.5_odd": 3.3,
                "home_first_half_under_1.5_odd": 1.28,
                "home_first_half_over_1.0_odd": 2.25,
                "home_first_half_under_1.0_odd": 1.57,
                "home_first_half_over_0.5_odd": 1.51,
                "home_first_half_under_0.5_odd": 2.39,
                "first_half_over_1.5_odd": 2.45,
                "first_half_under_1.5_odd": 1.48,
                "home_first_half_handicap_-1.0_odd": 2.85,
                "away_first_half_handicap_1.0_odd": 1.37,
                "home_first_half_handicap_-0.75_odd": 2.04,
                "away_first_half_handicap_0.75_odd": 1.69,
                "home_first_half_handicap_-0.25_odd": 1.44,
                "away_first_half_handicap_0.25_odd": 2.59,
                "first_half_over_0.75_odd": 1.43,
                "first_half_under_0.75_odd": 2.62,
                "first_half_over_1.0_odd": 1.64,
                "first_half_under_1.0_odd": 2.12,
                "home_first_half_handicap_-0.5_odd": 1.78,
                "away_first_half_handicap_0.5_odd": 1.92,
                "first_half_over_1.25_odd": 2.05,
                "first_half_under_1.25_odd": 1.68
            },
            {
                "match_id": 27581553,
                "date": "27/07/2025",
                "time": "14:45",
                "home_team": "FK Suduva Marijampole",
                "away_team": "Dziugas Telsiai",
                "match_url": "https://www.asbet.org/en/sports/pre-match/event-view/Soccer/Lithuania/1944/a-lyga/27581553/fk-suduva-marijampole-dziugas-telsiai",
                "away_handicap_0.25_odd": 2.37,
                "home_handicap_-0.25_odd": 1.52,
                "away_handicap_0.5_odd": 1.96,
                "home_handicap_-0.5_odd": 1.74,
                "X2_odd": 1.94,
                "1X_odd": 1.19,
                "12_odd": 1.3,
                "over_1.75_odd": 1.52,
                "under_1.75_odd": 2.37,
                "over_2.5_odd": 2.25,
                "under_2.5_odd": 1.57,
                "over_2.0_odd": 1.7,
                "under_2.0_odd": 2.02,
                "over_2.25_odd": 1.95,
                "under_2.25_odd": 1.75,
                "home_handicap_-1.0_odd": 2.44,
                "away_handicap_1.0_odd": 1.49,
                "away_handicap_0.75_odd": 1.76,
                "home_handicap_-0.75_odd": 1.94,
                "draw_odd": 3.25,
                "2_odd": 4.33,
                "1_odd": 1.72
            },
            {
                "match_id": 27586975,
                "date": "28/07/2025",
                "time": "18:00",
                "home_team": "FC Hegelmann",
                "away_team": "FK Riteriai",
                "match_url": "https://www.asbet.org/en/sports/pre-match/event-view/Soccer/Lithuania/1944/a-lyga/27586975/fc-hegelmann-fk-riteriai",
                "over_3.25_odd": 2.17,
                "under_3.25_odd": 1.61,
                "over_3.0_odd": 1.91,
                "under_3.0_odd": 1.79,
                "home_handicap_-1.75_odd": 2.0,
                "away_handicap_1.75_odd": 1.72,
                "home_handicap_-1.5_odd": 1.81,
                "away_handicap_1.5_odd": 1.89,
                "12_odd": 1.14,
                "X2_odd": 3.32,
                "1X_odd": 1.07,
                "under_2.5_odd": 2.27,
                "over_2.5_odd": 1.56,
                "under_2.75_odd": 2.02,
                "over_2.75_odd": 1.7,
                "2_odd": 7.9,
                "1_odd": 1.26,
                "draw_odd": 5.0,
                "home_handicap_-1.25_odd": 1.6,
                "away_handicap_1.25_odd": 2.2,
                "under_3.5_odd": 1.51,
                "over_3.5_odd": 2.39,
                "away_handicap_2.0_odd": 1.51,
                "home_handicap_-2.0_odd": 2.39
            },
            {
                "match_id": 27586976,
                "date": "28/07/2025",
                "time": "17:30",
                "home_team": "FK Panevezys",
                "away_team": "FK Banga",
                "match_url": "https://www.asbet.org/en/sports/pre-match/event-view/Soccer/Lithuania/1944/a-lyga/27586976/fk-panevezys-fk-banga",
                "under_2.75_odd": 1.46,
                "over_2.75_odd": 2.52,
                "under_1.75_odd": 2.45,
                "over_1.75_odd": 1.48,
                "under_2.0_odd": 2.15,
                "over_2.0_odd": 1.62,
                "away_handicap_0.25_odd": 2.39,
                "home_handicap_-0.25_odd": 1.51,
                "away_handicap_1.0_odd": 1.5,
                "home_handicap_-1.0_odd": 2.4,
                "away_handicap_0.5_odd": 1.97,
                "home_handicap_-0.5_odd": 1.73,
                "X2_odd": 1.96,
                "1X_odd": 1.19,
                "12_odd": 1.3,
                "over_2.5_odd": 2.15,
                "under_2.5_odd": 1.62,
                "home_handicap_-0.75_odd": 1.95,
                "away_handicap_0.75_odd": 1.75,
                "2_odd": 4.4,
                "1_odd": 1.71,
                "draw_odd": 3.25,
                "over_2.25_odd": 1.89,
                "under_2.25_odd": 1.81
            },
            {
                "match_id": 27586977,
                "date": "28/07/2025",
                "time": "17:00",
                "home_team": "FA Siauliai",
                "away_team": "FK Kauno Zalgiris",
                "match_url": "https://www.asbet.org/en/sports/pre-match/event-view/Soccer/Lithuania/1944/a-lyga/27586977/fa-siauliai-fk-kauno-zalgiris",
                "under_2.75_odd": 1.66,
                "over_2.75_odd": 2.08,
                "under_2.25_odd": 2.13,
                "over_2.25_odd": 1.63,
                "under_3.0_odd": 1.47,
                "over_3.0_odd": 2.5,
                "home_handicap_1.25_odd": 1.58,
                "away_handicap_-1.25_odd": 2.23,
                "home_handicap_0.75_odd": 2.05,
                "away_handicap_-0.75_odd": 1.68,
                "home_handicap_1.5_odd": 1.46,
                "away_handicap_-1.5_odd": 2.52,
                "home_handicap_0.5_odd": 2.33,
                "away_handicap_-0.5_odd": 1.54,
                "12_odd": 1.23,
                "X2_odd": 1.15,
                "1X_odd": 2.28,
                "away_handicap_-1.0_odd": 1.94,
                "home_handicap_1.0_odd": 1.76,
                "under_2.5_odd": 1.85,
                "over_2.5_odd": 1.85,
                "2_odd": 1.52,
                "1_odd": 5.1,
                "draw_odd": 3.81
            }
        ]
    },
    {
        "tournament_name": "1 Lyga",
        "tournament_id": 1945,
        "matches": [
            {
                "match_id": 27596464,
                "date": "25/07/2025",
                "time": "16:00",
                "home_team": "FK Babrungas Plunge",
                "away_team": "FK Zalgiris B",
                "match_url": "https://www.asbet.org/en/sports/pre-match/event-view/Soccer/Lithuania/1945/lyga/27596464/fk-babrungas-plunge-fk-zalgiris-b",
                "over_4.25_odd": 3.65,
                "under_4.25_odd": 1.24,
                "both_score_odd": 1.47,
                "both_noscore_odd": 2.5,
                "away_over_1.75_odd": 2.68,
                "away_under_1.75_odd": 1.41,
                "away_over_1.25_odd": 1.84,
                "away_under_1.25_odd": 1.86,
                "away_over_0.75_odd": 1.32,
                "away_under_0.75_odd": 3.1,
                "away_over_2.0_odd": 3.75,
                "away_under_2.0_odd": 1.23,
                "away_over_1.5_odd": 2.21,
                "away_under_1.5_odd": 1.59,
                "away_over_1.0_odd": 1.47,
                "away_under_1.0_odd": 2.5,
                "away_over_0.5_odd": 1.24,
                "away_under_0.5_odd": 3.65,
                "home_over_2.25_odd": 3.05,
                "home_under_2.25_odd": 1.33,
                "home_over_1.75_odd": 2.07,
                "home_under_1.75_odd": 1.67,
                "home_over_1.25_odd": 1.53,
                "home_under_1.25_odd": 2.35,
                "home_over_2.5_odd": 3.4,
                "home_under_2.5_odd": 1.27,
                "home_over_2.0_odd": 2.62,
                "home_under_2.0_odd": 1.43,
                "home_over_1.5_odd": 1.8,
                "home_under_1.5_odd": 1.9,
                "home_over_1.0_odd": 1.26,
                "home_under_1.0_odd": 3.47,
                "over_3.75_odd": 2.68,
                "under_3.75_odd": 1.41,
                "over_2.25_odd": 1.38,
                "under_2.25_odd": 2.8,
                "over_4.0_odd": 3.3,
                "under_4.0_odd": 1.28,
                "home_handicap_-0.75_odd": 2.39,
                "away_handicap_0.75_odd": 1.51,
                "home_handicap_-0.25_odd": 1.83,
                "away_handicap_0.25_odd": 1.87,
                "home_handicap_-1.0_odd": 3.05,
                "away_handicap_1.0_odd": 1.33,
                "home_handicap_-0.5_odd": 2.05,
                "away_handicap_0.5_odd": 1.68,
                "home_handicap_0.75_odd": 1.24,
                "away_handicap_-0.75_odd": 3.65,
                "home_handicap_0.25_odd": 1.43,
                "away_handicap_-0.25_odd": 2.62,
                "home_handicap_0.5_odd": 1.35,
                "away_handicap_-0.5_odd": 2.95,
                "12_odd": 1.28,
                "X2_odd": 1.66,
                "1X_odd": 1.34,
                "over_3.25_odd": 2.08,
                "under_3.25_odd": 1.66,
                "over_2.75_odd": 1.66,
                "under_2.75_odd": 2.08,
                "over_3.5_odd": 2.35,
                "under_3.5_odd": 1.53,
                "over_2.5_odd": 1.53,
                "under_2.5_odd": 2.35,
                "under_3.0_odd": 1.85,
                "over_3.0_odd": 1.85,
                "2_odd": 3.05,
                "1_odd": 2.07,
                "draw_odd": 3.45,
                "home_handicap_0.0_odd": 1.56,
                "away_handicap_0.0_odd": 2.27,
                "away_handicap_1.25_odd": 1.27,
                "home_handicap_-1.25_odd": 3.4,
                "away_first_half_over_0.75_odd": 2.45,
                "away_first_half_under_0.75_odd": 1.48,
                "away_first_half_over_1.0_odd": 4.05,
                "away_first_half_under_1.0_odd": 1.2,
                "away_first_half_over_0.5_odd": 1.95,
                "away_first_half_under_0.5_odd": 1.75,
                "home_first_half_over_1.25_odd": 3.9,
                "home_first_half_under_1.25_odd": 1.21,
                "home_first_half_over_0.75_odd": 2.15,
                "home_first_half_under_0.75_odd": 1.62,
                "home_first_half_over_1.0_odd": 3.25,
                "home_first_half_under_1.0_odd": 1.29,
                "home_first_half_over_0.5_odd": 1.76,
                "home_first_half_under_0.5_odd": 1.94,
                "first_half_over_1.75_odd": 2.75,
                "first_half_under_1.75_odd": 1.39,
                "first_half_over_0.75_odd": 1.36,
                "first_half_under_0.75_odd": 2.87,
                "first_half_over_1.5_odd": 2.25,
                "first_half_under_1.5_odd": 1.57,
                "first_half_over_1.0_odd": 1.53,
                "first_half_under_1.0_odd": 2.35,
                "home_first_half_handicap_-0.25_odd": 2.15,
                "away_first_half_handicap_0.25_odd": 1.62,
                "home_first_half_handicap_-0.5_odd": 2.59,
                "away_first_half_handicap_0.5_odd": 1.44,
                "home_first_half_handicap_0.25_odd": 1.43,
                "away_first_half_handicap_-0.25_odd": 2.62,
                "first_half_over_1.25_odd": 1.9,
                "first_half_under_1.25_odd": 1.8,
                "home_first_half_handicap_0.0_odd": 1.68,
                "away_first_half_handicap_0.0_odd": 2.05
            },
            {
                "match_id": 27596465,
                "date": "25/07/2025",
                "time": "16:00",
                "home_team": "FK Nevezis",
                "away_team": "FK Panevezys 2",
                "match_url": "https://www.asbet.org/en/sports/pre-match/event-view/Soccer/Lithuania/1945/lyga/27596465/fk-nevezis-fk-panevezys",
                "both_score_odd": 1.35,
                "both_noscore_odd": 2.95,
                "away_over_1.75_odd": 2.62,
                "away_under_1.75_odd": 1.43,
                "away_over_1.25_odd": 1.81,
                "away_under_1.25_odd": 1.89,
                "away_over_0.75_odd": 1.32,
                "away_under_0.75_odd": 3.1,
                "away_over_2.0_odd": 3.65,
                "away_under_2.0_odd": 1.24,
                "away_over_1.5_odd": 2.17,
                "away_under_1.5_odd": 1.61,
                "away_over_1.0_odd": 1.46,
                "away_under_1.0_odd": 2.52,
                "away_over_0.5_odd": 1.24,
                "away_under_0.5_odd": 3.65,
                "home_over_3.25_odd": 3.3,
                "home_under_3.25_odd": 1.28,
                "home_over_2.75_odd": 2.39,
                "home_under_2.75_odd": 1.51,
                "home_over_2.25_odd": 1.82,
                "home_under_2.25_odd": 1.88,
                "home_over_1.75_odd": 1.44,
                "home_under_1.75_odd": 2.59,
                "home_over_1.25_odd": 1.21,
                "home_under_1.25_odd": 3.9,
                "home_over_3.5_odd": 3.65,
                "home_under_3.5_odd": 1.24,
                "home_over_3.0_odd": 3.0,
                "home_under_3.0_odd": 1.34,
                "home_over_2.5_odd": 2.07,
                "home_under_2.5_odd": 1.67,
                "home_over_2.0_odd": 1.57,
                "home_under_2.0_odd": 2.25,
                "home_over_1.5_odd": 1.35,
                "home_under_1.5_odd": 2.95,
                "over_4.75_odd": 3.0,
                "under_4.75_odd": 1.34,
                "over_4.25_odd": 2.33,
                "under_4.25_odd": 1.54,
                "over_2.75_odd": 1.32,
                "under_2.75_odd": 3.1,
                "over_4.5_odd": 2.52,
                "under_4.5_odd": 1.46,
                "home_handicap_-2.25_odd": 3.57,
                "away_handicap_2.25_odd": 1.25,
                "home_handicap_-1.75_odd": 2.7,
                "away_handicap_1.75_odd": 1.4,
                "home_handicap_-1.25_odd": 2.13,
                "away_handicap_1.25_odd": 1.63,
                "home_handicap_-0.75_odd": 1.72,
                "away_handicap_0.75_odd": 2.0,
                "home_handicap_-0.25_odd": 1.45,
                "away_handicap_0.25_odd": 2.55,
                "home_handicap_-2.0_odd": 3.25,
                "away_handicap_2.0_odd": 1.29,
                "home_handicap_-1.5_odd": 2.37,
                "away_handicap_1.5_odd": 1.52,
                "home_handicap_-0.5_odd": 1.59,
                "away_handicap_0.5_odd": 2.21,
                "home_handicap_0.25_odd": 1.25,
                "away_handicap_-0.25_odd": 3.57,
                "12_odd": 1.19,
                "X2_odd": 2.17,
                "1X_odd": 1.22,
                "home_handicap_0.0_odd": 1.29,
                "away_handicap_0.0_odd": 3.25,
                "home_handicap_-1.0_odd": 1.85,
                "away_handicap_1.0_odd": 1.85,
                "over_3.25_odd": 1.54,
                "under_3.25_odd": 2.33,
                "over_4.0_odd": 2.08,
                "under_4.0_odd": 1.66,
                "over_3.5_odd": 1.7,
                "under_3.5_odd": 2.02,
                "over_3.0_odd": 1.38,
                "under_3.0_odd": 2.8,
                "over_2.5_odd": 1.27,
                "under_2.5_odd": 3.4,
                "over_3.75_odd": 1.85,
                "under_3.75_odd": 1.85,
                "draw_odd": 4.4,
                "2_odd": 4.1,
                "1_odd": 1.59,
                "away_first_half_over_0.75_odd": 2.44,
                "away_first_half_under_0.75_odd": 1.49,
                "away_first_half_under_1.0_odd": 1.2,
                "away_first_half_over_1.0_odd": 4.05,
                "away_first_half_over_0.5_odd": 1.94,
                "away_first_half_under_0.5_odd": 1.76,
                "home_first_half_over_1.75_odd": 3.83,
                "home_first_half_under_1.75_odd": 1.22,
                "home_first_half_under_1.25_odd": 1.47,
                "home_first_half_over_1.25_odd": 2.5,
                "home_first_half_under_0.75_odd": 2.2,
                "home_first_half_over_0.75_odd": 1.6,
                "home_first_half_under_1.5_odd": 1.34,
                "home_first_half_over_1.5_odd": 3.0,
                "home_first_half_under_1.0_odd": 1.74,
                "home_first_half_over_1.0_odd": 1.96,
                "home_first_half_under_0.5_odd": 2.62,
                "home_first_half_over_0.5_odd": 1.43,
                "first_half_under_2.25_odd": 1.33,
                "first_half_over_2.25_odd": 3.05,
                "first_half_under_1.75_odd": 1.66,
                "first_half_over_1.75_odd": 2.08,
                "first_half_under_1.25_odd": 2.3,
                "first_half_over_1.25_odd": 1.55,
                "first_half_under_2.0_odd": 1.43,
                "first_half_over_2.0_odd": 2.62,
                "away_first_half_handicap_0.75_odd": 1.5,
                "home_first_half_handicap_-0.75_odd": 2.4,
                "away_first_half_handicap_0.25_odd": 2.02,
                "home_first_half_handicap_-0.25_odd": 1.7,
                "away_first_half_handicap_0.0_odd": 2.75,
                "home_first_half_handicap_0.0_odd": 1.39,
                "first_half_over_1.5_odd": 1.8,
                "first_half_under_1.5_odd": 1.9,
                "away_first_half_handicap_0.5_odd": 1.72,
                "home_first_half_handicap_-0.5_odd": 2.0
            },
            {
                "match_id": 27601961,
                "date": "26/07/2025",
                "time": "12:00",
                "home_team": "FK Tauras Taurage",
                "away_team": "FA Siauliai B",
                "match_url": "https://www.asbet.org/en/sports/pre-match/event-view/Soccer/Lithuania/1945/lyga/27601961/fk-tauras-taurage-fa-siauliai-b",
                "both_noscore_odd": 2.17,
                "both_score_odd": 1.61,
                "away_under_1.25_odd": 1.39,
                "away_over_1.25_odd": 2.75,
                "away_under_0.75_odd": 2.02,
                "away_over_0.75_odd": 1.7,
                "away_under_1.5_odd": 1.28,
                "away_over_1.5_odd": 3.3,
                "away_under_1.0_odd": 1.59,
                "away_over_1.0_odd": 2.21,
                "away_under_0.5_odd": 2.44,
                "away_over_0.5_odd": 1.49,
                "home_under_3.75_odd": 1.22,
                "home_over_3.75_odd": 3.83,
                "home_under_3.25_odd": 1.37,
                "home_over_3.25_odd": 2.85,
                "home_under_2.75_odd": 1.65,
                "home_over_2.75_odd": 2.1,
                "home_under_2.25_odd": 2.1,
                "home_over_2.25_odd": 1.65,
                "home_under_1.75_odd": 2.87,
                "home_over_1.75_odd": 1.36,
                "home_under_3.5_odd": 1.31,
                "home_over_3.5_odd": 3.15,
                "home_under_3.0_odd": 1.46,
                "home_over_3.0_odd": 2.52,
                "home_under_2.5_odd": 1.85,
                "home_over_2.5_odd": 1.85,
                "home_under_2.0_odd": 2.55,
                "home_over_2.0_odd": 1.45,
                "home_under_1.5_odd": 3.25,
                "home_over_1.5_odd": 1.29,
                "under_4.75_odd": 1.24,
                "over_4.75_odd": 3.65,
                "under_4.25_odd": 1.39,
                "over_4.25_odd": 2.75,
                "under_3.75_odd": 1.66,
                "over_3.75_odd": 2.08,
                "under_3.25_odd": 2.07,
                "over_3.25_odd": 1.67,
                "under_2.75_odd": 2.7,
                "over_2.75_odd": 1.4,
                "under_4.5_odd": 1.32,
                "over_4.5_odd": 3.1,
                "under_4.0_odd": 1.48,
                "over_4.0_odd": 2.45,
                "under_3.0_odd": 2.44,
                "over_3.0_odd": 1.49,
                "away_handicap_2.75_odd": 1.29,
                "home_handicap_-2.75_odd": 3.25,
                "away_handicap_2.25_odd": 1.46,
                "home_handicap_-2.25_odd": 2.52,
                "away_handicap_1.25_odd": 2.15,
                "home_handicap_-1.25_odd": 1.62,
                "away_handicap_0.75_odd": 2.7,
                "home_handicap_-0.75_odd": 1.4,
                "away_handicap_0.25_odd": 3.57,
                "home_handicap_-0.25_odd": 1.25,
                "away_handicap_2.5_odd": 1.39,
                "home_handicap_-2.5_odd": 2.75,
                "away_handicap_2.0_odd": 1.56,
                "home_handicap_-2.0_odd": 2.27,
                "away_handicap_1.5_odd": 1.93,
                "home_handicap_-1.5_odd": 1.77,
                "away_handicap_1.0_odd": 2.45,
                "home_handicap_-1.0_odd": 1.48,
                "away_handicap_0.5_odd": 2.95,
                "home_handicap_-0.5_odd": 1.35,
                "X2_odd": 2.91,
                "1X_odd": 1.11,
                "12_odd": 1.15,
                "under_2.5_odd": 3.05,
                "over_2.5_odd": 1.33,
                "under_3.5_odd": 1.85,
                "over_3.5_odd": 1.85,
                "2_odd": 6.0,
                "1_odd": 1.33,
                "draw_odd": 5.0,
                "home_handicap_-1.75_odd": 1.92,
                "away_handicap_1.75_odd": 1.78,
                "away_first_half_over_0.75_odd": 3.47,
                "away_first_half_under_0.75_odd": 1.26,
                "away_first_half_over_0.5_odd": 2.55,
                "away_first_half_under_0.5_odd": 1.45,
                "home_first_half_over_1.75_odd": 3.4,
                "home_first_half_under_1.75_odd": 1.27,
                "home_first_half_over_1.25_odd": 2.25,
                "home_first_half_under_1.25_odd": 1.57,
                "home_first_half_over_0.75_odd": 1.5,
                "home_first_half_under_0.75_odd": 2.4,
                "home_first_half_over_1.5_odd": 2.68,
                "home_first_half_under_1.5_odd": 1.41,
                "home_first_half_over_1.0_odd": 1.79,
                "home_first_half_under_1.0_odd": 1.91,
                "home_first_half_over_0.5_odd": 1.36,
                "home_first_half_under_0.5_odd": 2.87,
                "first_half_over_1.75_odd": 2.25,
                "first_half_under_1.75_odd": 1.57,
                "first_half_over_1.25_odd": 1.63,
                "first_half_under_1.25_odd": 2.13,
                "first_half_under_2.0_odd": 1.35,
                "first_half_over_2.0_odd": 2.95,
                "first_half_under_1.0_odd": 3.0,
                "first_half_over_1.0_odd": 1.34,
                "away_first_half_handicap_1.25_odd": 1.35,
                "home_first_half_handicap_-1.25_odd": 2.95,
                "away_first_half_handicap_1.0_odd": 1.49,
                "home_first_half_handicap_-1.0_odd": 2.44,
                "away_first_half_handicap_0.25_odd": 2.7,
                "home_first_half_handicap_-0.25_odd": 1.4,
                "away_first_half_handicap_0.5_odd": 2.15,
                "home_first_half_handicap_-0.5_odd": 1.62,
                "away_first_half_handicap_0.75_odd": 1.76,
                "home_first_half_handicap_-0.75_odd": 1.94,
                "first_half_under_1.5_odd": 1.78,
                "first_half_over_1.5_odd": 1.92
            },
            {
                "match_id": 27602209,
                "date": "26/07/2025",
                "time": "13:00",
                "home_team": "FK Atmosfera Mazeikiai",
                "away_team": "FC Hegelmann B",
                "match_url": "https://www.asbet.org/en/sports/pre-match/event-view/Soccer/Lithuania/1945/lyga/27602209/fk-atmosfera-mazeikiai-fc-hegelmann-b",
                "both_score_odd": 1.41,
                "both_noscore_odd": 2.68,
                "away_over_2.25_odd": 3.47,
                "away_under_2.25_odd": 1.26,
                "away_over_1.75_odd": 2.3,
                "away_under_1.75_odd": 1.55,
                "away_over_1.25_odd": 1.64,
                "away_under_1.25_odd": 2.12,
                "away_over_0.75_odd": 1.25,
                "away_under_0.75_odd": 3.57,
                "away_over_2.5_odd": 3.83,
                "away_under_2.5_odd": 1.22,
                "away_over_2.0_odd": 3.05,
                "away_under_2.0_odd": 1.33,
                "away_over_1.5_odd": 1.93,
                "away_under_1.5_odd": 1.77,
                "away_over_1.0_odd": 1.34,
                "away_under_1.0_odd": 3.0,
                "home_over_2.25_odd": 2.95,
                "home_under_2.25_odd": 1.35,
                "home_over_1.75_odd": 2.02,
                "home_under_1.75_odd": 1.7,
                "home_over_1.25_odd": 1.51,
                "home_under_1.25_odd": 2.39,
                "home_over_2.5_odd": 3.3,
                "home_under_2.5_odd": 1.28,
                "home_over_2.0_odd": 2.55,
                "home_under_2.0_odd": 1.45,
                "home_over_1.5_odd": 1.77,
                "home_under_1.5_odd": 1.93,
                "home_over_1.0_odd": 1.25,
                "home_under_1.0_odd": 3.57,
                "over_4.25_odd": 3.15,
                "under_4.25_odd": 1.31,
                "over_3.75_odd": 2.39,
                "under_3.75_odd": 1.51,
                "over_2.75_odd": 1.54,
                "under_2.75_odd": 2.33,
                "over_2.25_odd": 1.31,
                "under_2.25_odd": 3.15,
                "over_4.5_odd": 3.4,
                "under_4.5_odd": 1.27,
                "over_4.0_odd": 2.87,
                "under_4.0_odd": 1.36,
                "over_3.5_odd": 2.12,
                "under_3.5_odd": 1.64,
                "over_3.0_odd": 1.68,
                "under_3.0_odd": 2.05,
                "home_handicap_-1.25_odd": 3.65,
                "away_handicap_1.25_odd": 1.24,
                "home_handicap_-0.75_odd": 2.55,
                "away_handicap_0.75_odd": 1.45,
                "home_handicap_-1.0_odd": 3.25,
                "away_handicap_1.0_odd": 1.29,
                "home_handicap_-0.5_odd": 2.21,
                "away_handicap_0.5_odd": 1.59,
                "home_handicap_0.75_odd": 1.31,
                "away_handicap_-0.75_odd": 3.15,
                "home_handicap_0.25_odd": 1.54,
                "away_handicap_-0.25_odd": 2.33,
                "home_handicap_0.5_odd": 1.43,
                "away_handicap_-0.5_odd": 2.62,
                "12_odd": 1.26,
                "X2_odd": 1.58,
                "1X_odd": 1.42,
                "over_2.5_odd": 1.45,
                "under_2.5_odd": 2.55,
                "over_3.25_odd": 1.9,
                "under_3.25_odd": 1.8,
                "home_handicap_0.0_odd": 1.7,
                "away_handicap_0.0_odd": 2.02,
                "home_handicap_-0.25_odd": 1.94,
                "away_handicap_0.25_odd": 1.76,
                "draw_odd": 3.58,
                "2_odd": 2.61,
                "1_odd": 2.19,
                "away_first_half_under_0.75_odd": 1.57,
                "away_first_half_over_0.75_odd": 2.25,
                "away_first_half_under_1.0_odd": 1.26,
                "away_first_half_over_1.0_odd": 3.47,
                "away_first_half_under_0.5_odd": 1.88,
                "away_first_half_over_0.5_odd": 1.82,
                "home_first_half_under_1.25_odd": 1.23,
                "home_first_half_over_1.25_odd": 3.75,
                "home_first_half_under_0.75_odd": 1.67,
                "home_first_half_over_0.75_odd": 2.07,
                "home_first_half_under_1.0_odd": 1.33,
                "home_first_half_over_1.0_odd": 3.05,
                "home_first_half_under_0.5_odd": 2.01,
                "home_first_half_over_0.5_odd": 1.71,
                "first_half_under_1.75_odd": 1.47,
                "first_half_over_1.75_odd": 2.5,
                "first_half_under_1.5_odd": 1.66,
                "first_half_over_1.5_odd": 2.08,
                "first_half_under_1.0_odd": 2.62,
                "first_half_over_1.0_odd": 1.43,
                "away_first_half_handicap_0.25_odd": 1.6,
                "home_first_half_handicap_-0.25_odd": 2.2,
                "away_first_half_handicap_0.5_odd": 1.43,
                "home_first_half_handicap_-0.5_odd": 2.62,
                "home_first_half_handicap_0.25_odd": 1.47,
                "away_first_half_handicap_-0.25_odd": 2.5,
                "home_first_half_handicap_0.5_odd": 1.34,
                "away_first_half_handicap_-0.5_odd": 3.0,
                "first_half_under_1.25_odd": 1.94,
                "first_half_over_1.25_odd": 1.76,
                "away_first_half_handicap_0.0_odd": 1.96,
                "home_first_half_handicap_0.0_odd": 1.74
            },
            {
                "match_id": 27602816,
                "date": "26/07/2025",
                "time": "16:00",
                "home_team": "BFA Vilnius",
                "away_team": "FK Jonava",
                "match_url": "https://www.asbet.org/en/sports/pre-match/event-view/Soccer/Lithuania/1945/lyga/27602816/bfa-vilnius-fk-jonava",
                "both_noscore_odd": 1.77,
                "both_score_odd": 1.93,
                "away_over_1.25_odd": 3.4,
                "away_under_1.25_odd": 1.27,
                "away_over_0.75_odd": 1.94,
                "away_under_0.75_odd": 1.76,
                "away_over_1.5_odd": 4.05,
                "away_under_1.5_odd": 1.2,
                "away_over_1.0_odd": 2.75,
                "away_under_1.0_odd": 1.39,
                "away_over_0.5_odd": 1.64,
                "away_under_0.5_odd": 2.12,
                "home_over_2.25_odd": 2.7,
                "home_under_2.25_odd": 1.4,
                "home_over_1.75_odd": 1.92,
                "home_under_1.75_odd": 1.78,
                "home_over_1.25_odd": 1.47,
                "home_under_1.25_odd": 2.5,
                "home_over_2.5_odd": 3.15,
                "home_under_2.5_odd": 1.31,
                "home_over_2.0_odd": 2.37,
                "home_under_2.0_odd": 1.52,
                "home_over_1.5_odd": 1.7,
                "home_under_1.5_odd": 2.02,
                "home_over_1.0_odd": 1.23,
                "home_under_1.0_odd": 3.75,
                "over_3.25_odd": 2.8,
                "under_3.25_odd": 1.38,
                "over_1.75_odd": 1.33,
                "under_1.75_odd": 3.05,
                "over_3.5_odd": 3.1,
                "under_3.5_odd": 1.32,
                "over_1.5_odd": 1.27,
                "under_1.5_odd": 3.4,
                "home_handicap_-1.25_odd": 2.21,
                "away_handicap_1.25_odd": 1.59,
                "home_handicap_-0.75_odd": 1.69,
                "away_handicap_0.75_odd": 2.04,
                "home_handicap_-0.25_odd": 1.39,
                "away_handicap_0.25_odd": 2.75,
                "home_handicap_-1.5_odd": 2.5,
                "away_handicap_1.5_odd": 1.47,
                "home_handicap_-1.0_odd": 1.9,
                "away_handicap_1.0_odd": 1.8,
                "12_odd": 1.23,
                "X2_odd": 2.26,
                "1X_odd": 1.16,
                "over_2.75_odd": 2.08,
                "under_2.75_odd": 1.66,
                "over_2.25_odd": 1.63,
                "under_2.25_odd": 2.13,
                "over_3.0_odd": 2.5,
                "under_3.0_odd": 1.47,
                "over_2.0_odd": 1.42,
                "under_2.0_odd": 2.65,
                "over_2.5_odd": 1.85,
                "under_2.5_odd": 1.85,
                "draw_odd": 3.78,
                "2_odd": 5.0,
                "1_odd": 1.53,
                "away_handicap_0.5_odd": 2.3,
                "home_handicap_-0.5_odd": 1.55,
                "away_first_half_under_0.75_odd": 1.2,
                "away_first_half_over_0.75_odd": 4.05,
                "away_first_half_over_0.5_odd": 2.87,
                "away_first_half_under_0.5_odd": 1.36,
                "home_first_half_over_0.75_odd": 1.97,
                "home_first_half_under_0.75_odd": 1.73,
                "home_first_half_over_1.0_odd": 2.85,
                "home_first_half_under_1.0_odd": 1.37,
                "home_first_half_over_0.5_odd": 1.67,
                "home_first_half_under_0.5_odd": 2.07,
                "first_half_over_1.25_odd": 2.25,
                "first_half_under_1.25_odd": 1.57,
                "first_half_over_0.75_odd": 1.5,
                "first_half_under_0.75_odd": 2.4,
                "first_half_over_1.5_odd": 2.68,
                "first_half_under_1.5_odd": 1.41,
                "first_half_over_0.5_odd": 1.36,
                "first_half_under_0.5_odd": 2.87,
                "home_first_half_handicap_-0.5_odd": 2.07,
                "away_first_half_handicap_0.5_odd": 1.67,
                "first_half_under_1.0_odd": 1.92,
                "first_half_over_1.0_odd": 1.78,
                "away_first_half_handicap_0.25_odd": 2.02,
                "home_first_half_handicap_-0.25_odd": 1.7,
                "home_first_half_over_1.25_odd": 3.47,
                "home_first_half_under_1.25_odd": 1.26,
                "home_first_half_handicap_-0.75_odd": 2.55,
                "away_first_half_handicap_0.75_odd": 1.45,
                "home_over_2.75_odd": 3.9,
                "home_under_2.75_odd": 1.21,
                "home_handicap_-1.75_odd": 3.0,
                "away_handicap_1.75_odd": 1.34,
                "home_first_half_over_1.5_odd": 4.05,
                "home_first_half_under_1.5_odd": 1.2
            }
        ]
    }
]