[
    {
        "last_updated": "2025-07-24T20:52:21.756819+01:00"
    },
    {
        "tournament_name": "U19 Liga MX",
        "tournament_id": 18290186,
        "matches": [
            {
                "match_id": 27647110,
                "date": "25/07/2025",
                "time": "18:30",
                "home_team": "Queretaro FC U19",
                "away_team": "Pumas UNAM U19",
                "match_url": "https://www.asbet.org/en/sports/pre-match/event-view/Soccer/Mexico/18290186/u-liga-mx/27647110/queretaro-fc-u-pumas-unam-u",
                "under_3.25_odd": 1.47,
                "over_3.25_odd": 2.5,
                "under_2.25_odd": 2.37,
                "over_2.25_odd": 1.52,
                "under_3.0_odd": 1.59,
                "over_3.0_odd": 2.21,
                "away_handicap_-1.25_odd": 2.35,
                "home_handicap_1.25_odd": 1.53,
                "home_handicap_0.75_odd": 1.94,
                "away_handicap_-0.75_odd": 1.76,
                "home_handicap_1.5_odd": 1.43,
                "away_handicap_-1.5_odd": 2.62,
                "away_handicap_-0.5_odd": 1.6,
                "home_handicap_0.5_odd": 2.2,
                "X2_odd": 1.16,
                "1X_odd": 2.16,
                "12_odd": 1.25,
                "over_2.5_odd": 1.71,
                "under_2.5_odd": 2.01,
                "over_2.75_odd": 1.9,
                "under_2.75_odd": 1.8,
                "draw_odd": 3.68,
                "2_odd": 1.6,
                "1_odd": 5.0,
                "away_handicap_-1.0_odd": 1.94,
                "home_handicap_1.0_odd": 1.76
            },
            {
                "match_id": 27647517,
                "date": "25/07/2025",
                "time": "20:45",
                "home_team": "Club Tijuana U19",
                "away_team": "FC Juarez U19",
                "match_url": "https://www.asbet.org/en/sports/pre-match/event-view/Soccer/Mexico/18290186/u-liga-mx/27647517/club-tijuana-u-fc-juarez-u",
                "under_2.75_odd": 1.61,
                "over_2.75_odd": 2.17,
                "under_2.25_odd": 2.04,
                "over_2.25_odd": 1.69,
                "under_3.0_odd": 1.43,
                "over_3.0_odd": 2.62,
                "under_2.0_odd": 2.52,
                "over_2.0_odd": 1.46,
                "away_handicap_1.25_odd": 1.55,
                "home_handicap_-1.25_odd": 2.3,
                "away_handicap_0.75_odd": 1.97,
                "home_handicap_-0.75_odd": 1.73,
                "away_handicap_1.5_odd": 1.45,
                "home_handicap_-1.5_odd": 2.55,
                "away_handicap_0.5_odd": 2.25,
                "home_handicap_-0.5_odd": 1.57,
                "X2_odd": 2.21,
                "1X_odd": 1.16,
                "12_odd": 1.24,
                "draw_odd": 3.8,
                "2_odd": 5.0,
                "1_odd": 1.57,
                "away_handicap_1.0_odd": 1.76,
                "home_handicap_-1.0_odd": 1.94,
                "under_2.5_odd": 1.78,
                "over_2.5_odd": 1.92
            }
        ]
    },
    {
        "tournament_name": "Liga MX. Outright",
        "tournament_id": 26624,
        "matches": []
    },
    {
        "tournament_name": "Liga MX - Women",
        "tournament_id": 11251,
        "matches": [
            {
                "match_id": 27636316,
                "date": "25/07/2025",
                "time": "02:00",
                "home_team": "Club Atlas De Guadalajara (Wom)",
                "away_team": "Puebla FC (Wom)",
                "match_url": "https://www.asbet.org/en/sports/pre-match/event-view/Soccer/Mexico/11251/liga-mx---women/27636316/club-atlas-de-guadalajara-wom-puebla-fc-wom",
                "home_under_3.75_odd": 1.24,
                "home_over_3.75_odd": 3.65,
                "under_3.0_odd": 2.08,
                "over_3.0_odd": 1.66,
                "under_2.25_odd": 3.15,
                "over_2.25_odd": 1.31,
                "first_half_under_1.5_odd": 1.66,
                "first_half_over_1.5_odd": 2.08,
                "under_2.5_odd": 2.59,
                "over_2.5_odd": 1.44,
                "under_3.25_odd": 1.82,
                "over_3.25_odd": 1.88,
                "under_3.75_odd": 1.52,
                "over_3.75_odd": 2.37,
                "first_half_under_1.0_odd": 2.62,
                "first_half_over_1.0_odd": 1.43,
                "first_half_under_1.25_odd": 1.94,
                "first_half_over_1.25_odd": 1.76,
                "over_2.75_odd": 1.53,
                "under_2.75_odd": 2.35,
                "first_half_under_1.75_odd": 1.47,
                "first_half_over_1.75_odd": 2.5,
                "2_odd": 10.0,
                "1_odd": 1.19,
                "draw_odd": 6.0,
                "under_3.5_odd": 1.64,
                "over_3.5_odd": 2.12,
                "both_noscore_odd": 1.71,
                "both_score_odd": 2.01,
                "away_under_0.75_odd": 1.52,
                "away_over_0.75_odd": 2.37,
                "away_under_1.0_odd": 1.23,
                "away_over_1.0_odd": 3.75,
                "away_under_0.5_odd": 1.82,
                "away_over_0.5_odd": 1.88,
                "home_under_3.25_odd": 1.4,
                "home_over_3.25_odd": 2.7,
                "home_under_2.75_odd": 1.69,
                "home_over_2.75_odd": 2.04,
                "home_under_2.25_odd": 2.17,
                "home_over_2.25_odd": 1.61,
                "home_under_1.75_odd": 3.1,
                "home_over_1.75_odd": 1.32,
                "home_under_3.5_odd": 1.33,
                "home_over_3.5_odd": 3.05,
                "home_under_3.0_odd": 1.49,
                "home_over_3.0_odd": 2.44,
                "home_under_2.5_odd": 1.88,
                "home_over_2.5_odd": 1.82,
                "home_under_2.0_odd": 2.7,
                "home_over_2.0_odd": 1.4,
                "home_under_1.5_odd": 3.4,
                "home_over_1.5_odd": 1.27,
                "under_4.25_odd": 1.31,
                "over_4.25_odd": 3.15,
                "home_handicap_-2.75_odd": 2.8,
                "away_handicap_2.75_odd": 1.38,
                "12_odd": 1.11,
                "X2_odd": 4.3,
                "1X_odd": 1.05,
                "away_first_half_over_0.5_odd": 3.57,
                "away_first_half_under_0.5_odd": 1.25,
                "home_first_half_over_1.75_odd": 3.25,
                "home_first_half_under_1.75_odd": 1.29,
                "home_first_half_over_1.25_odd": 2.17,
                "home_first_half_under_1.25_odd": 1.61,
                "home_first_half_over_0.75_odd": 1.5,
                "home_first_half_under_0.75_odd": 2.4,
                "home_first_half_over_1.5_odd": 2.55,
                "home_first_half_under_1.5_odd": 1.45,
                "home_first_half_over_1.0_odd": 1.75,
                "home_first_half_under_1.0_odd": 1.95,
                "home_first_half_over_0.5_odd": 1.37,
                "home_first_half_under_0.5_odd": 2.85,
                "away_handicap_2.0_odd": 1.79,
                "home_handicap_-2.0_odd": 1.91,
                "away_first_half_handicap_1.25_odd": 1.45,
                "home_first_half_handicap_-1.25_odd": 2.55,
                "away_first_half_handicap_1.0_odd": 1.63,
                "home_first_half_handicap_-1.0_odd": 2.13,
                "away_first_half_handicap_0.5_odd": 2.3,
                "home_first_half_handicap_-0.5_odd": 1.55,
                "away_first_half_handicap_0.75_odd": 1.96,
                "home_first_half_handicap_-0.75_odd": 1.74,
                "under_4.0_odd": 1.37,
                "over_4.0_odd": 2.85,
                "away_handicap_2.25_odd": 1.61,
                "home_handicap_-2.25_odd": 2.17,
                "away_handicap_1.25_odd": 2.65,
                "home_handicap_-1.25_odd": 1.42,
                "away_handicap_2.5_odd": 1.51,
                "home_handicap_-2.5_odd": 2.39,
                "away_handicap_1.5_odd": 2.27,
                "home_handicap_-1.5_odd": 1.56,
                "away_handicap_1.0_odd": 3.4,
                "home_handicap_-1.0_odd": 1.27,
                "away_handicap_1.75_odd": 2.02,
                "home_handicap_-1.75_odd": 1.7,
                "away_handicap_3.0_odd": 1.26,
                "home_handicap_-3.0_odd": 3.47,
                "over_4.5_odd": 3.4,
                "under_4.5_odd": 1.27,
                "home_first_half_handicap_-1.5_odd": 3.0,
                "away_first_half_handicap_1.5_odd": 1.34,
                "home_first_half_handicap_-0.25_odd": 1.33,
                "away_first_half_handicap_0.25_odd": 3.05
            },
            {
                "match_id": 27636470,
                "date": "25/07/2025",
                "time": "04:00",
                "home_team": "Club Tijuana (Wom)",
                "away_team": "Deportivo Toluca (Wom)",
                "match_url": "https://www.asbet.org/en/sports/pre-match/event-view/Soccer/Mexico/11251/liga-mx---women/27636470/club-tijuana-wom-deportivo-toluca-wom",
                "under_3.5_odd": 1.4,
                "over_3.5_odd": 2.7,
                "under_3.25_odd": 1.49,
                "over_3.25_odd": 2.44,
                "under_2.75_odd": 1.83,
                "over_2.75_odd": 1.87,
                "first_half_under_0.75_odd": 2.62,
                "first_half_over_0.75_odd": 1.43,
                "first_half_under_1.5_odd": 1.48,
                "first_half_over_1.5_odd": 2.45,
                "under_2.5_odd": 2.04,
                "over_2.5_odd": 1.69,
                "under_2.25_odd": 2.39,
                "over_2.25_odd": 1.51,
                "under_3.0_odd": 1.61,
                "over_3.0_odd": 2.17,
                "over_2.0_odd": 1.32,
                "under_2.0_odd": 3.1,
                "first_half_over_1.0_odd": 1.64,
                "first_half_under_1.0_odd": 2.12,
                "draw_odd": 3.41,
                "2_odd": 2.89,
                "1_odd": 2.16,
                "first_half_under_1.25_odd": 1.68,
                "first_half_over_1.25_odd": 2.05,
                "over_1.75_odd": 1.26,
                "under_1.75_odd": 3.47,
                "away_over_0.5_odd": 1.29,
                "away_under_0.5_odd": 3.25,
                "both_score_odd": 1.58,
                "both_noscore_odd": 2.23,
                "away_over_1.75_odd": 3.0,
                "away_under_1.75_odd": 1.34,
                "away_over_1.25_odd": 2.0,
                "away_under_1.25_odd": 1.72,
                "away_over_0.75_odd": 1.39,
                "away_under_0.75_odd": 2.75,
                "away_over_1.5_odd": 2.39,
                "away_under_1.5_odd": 1.51,
                "away_over_1.0_odd": 1.59,
                "away_under_1.0_odd": 2.21,
                "home_over_1.75_odd": 2.35,
                "home_under_1.75_odd": 1.53,
                "home_over_1.25_odd": 1.67,
                "home_under_1.25_odd": 2.07,
                "home_over_0.75_odd": 1.26,
                "home_under_0.75_odd": 3.47,
                "home_over_2.0_odd": 3.1,
                "home_under_2.0_odd": 1.32,
                "home_over_1.5_odd": 1.96,
                "home_under_1.5_odd": 1.74,
                "home_over_1.0_odd": 1.36,
                "home_under_1.0_odd": 2.87,
                "over_3.75_odd": 3.2,
                "under_3.75_odd": 1.3,
                "home_handicap_-0.75_odd": 2.5,
                "away_handicap_0.75_odd": 1.47,
                "away_first_half_over_0.75_odd": 2.7,
                "away_first_half_under_0.75_odd": 1.4,
                "away_first_half_over_0.5_odd": 2.1,
                "away_first_half_under_0.5_odd": 1.65,
                "home_first_half_over_0.75_odd": 2.27,
                "home_first_half_under_0.75_odd": 1.56,
                "home_first_half_over_0.5_odd": 1.84,
                "home_first_half_under_0.5_odd": 1.86,
                "away_handicap_1.0_odd": 1.3,
                "home_handicap_-1.0_odd": 3.2,
                "away_handicap_0.5_odd": 1.66,
                "home_handicap_-0.5_odd": 2.08,
                "away_first_half_handicap_0.5_odd": 1.43,
                "home_first_half_handicap_-0.5_odd": 2.62,
                "home_under_2.25_odd": 1.25,
                "home_over_2.25_odd": 3.57,
                "away_handicap_-0.25_odd": 2.5,
                "home_handicap_0.25_odd": 1.47,
                "away_first_half_handicap_-0.25_odd": 2.7,
                "home_first_half_handicap_0.25_odd": 1.4,
                "away_handicap_0.0_odd": 2.15,
                "home_handicap_0.0_odd": 1.62,
                "away_first_half_handicap_0.25_odd": 1.63,
                "home_first_half_handicap_-0.25_odd": 2.13,
                "away_first_half_handicap_0.0_odd": 2.1,
                "home_first_half_handicap_0.0_odd": 1.65,
                "away_handicap_0.25_odd": 1.81,
                "home_handicap_-0.25_odd": 1.89,
                "away_handicap_-0.5_odd": 2.8,
                "home_handicap_0.5_odd": 1.38,
                "home_handicap_-1.25_odd": 3.57,
                "away_handicap_1.25_odd": 1.25,
                "home_first_half_over_1.0_odd": 3.47,
                "home_first_half_under_1.0_odd": 1.26,
                "home_over_2.5_odd": 3.9,
                "home_under_2.5_odd": 1.21,
                "home_handicap_0.75_odd": 1.26,
                "away_handicap_-0.75_odd": 3.47,
                "home_over_0.5_odd": 1.2,
                "home_under_0.5_odd": 4.05
            },
            {
                "match_id": 27643202,
                "date": "26/07/2025",
                "time": "02:00",
                "home_team": "CF Monterrey (Wom)",
                "away_team": "Queretaro FC (Wom)",
                "match_url": "https://www.asbet.org/en/sports/pre-match/event-view/Soccer/Mexico/11251/liga-mx---women/27643202/cf-monterrey-wom-queretaro-fc-wom",
                "home_over_1.25_odd": 1.2,
                "home_under_1.25_odd": 4.05,
                "first_half_over_0.75_odd": 1.33,
                "first_half_under_0.75_odd": 3.05,
                "both_noscore_odd": 1.77,
                "both_score_odd": 1.93,
                "away_under_1.25_odd": 1.2,
                "away_over_1.25_odd": 4.05,
                "away_under_0.75_odd": 1.6,
                "away_over_0.75_odd": 2.2,
                "away_under_1.0_odd": 1.28,
                "away_over_1.0_odd": 3.3,
                "away_under_0.5_odd": 1.91,
                "away_over_0.5_odd": 1.79,
                "home_under_3.25_odd": 1.31,
                "home_over_3.25_odd": 3.15,
                "home_under_2.75_odd": 1.55,
                "home_over_2.75_odd": 2.3,
                "home_under_2.25_odd": 1.94,
                "home_over_2.25_odd": 1.76,
                "home_over_1.75_odd": 1.4,
                "home_under_1.75_odd": 2.7,
                "home_over_3.5_odd": 3.47,
                "home_under_3.5_odd": 1.26,
                "home_over_3.0_odd": 2.8,
                "home_under_3.0_odd": 1.38,
                "home_over_2.5_odd": 1.97,
                "home_under_2.5_odd": 1.73,
                "home_over_2.0_odd": 1.52,
                "home_under_2.0_odd": 2.37,
                "home_over_1.5_odd": 1.32,
                "home_under_1.5_odd": 3.1,
                "over_4.25_odd": 3.4,
                "under_4.25_odd": 1.27,
                "over_2.75_odd": 1.6,
                "under_2.75_odd": 2.2,
                "over_2.25_odd": 1.35,
                "under_2.25_odd": 2.95,
                "home_handicap_-2.75_odd": 3.25,
                "away_handicap_2.75_odd": 1.29,
                "home_handicap_-2.25_odd": 2.45,
                "away_handicap_2.25_odd": 1.48,
                "home_handicap_-1.25_odd": 1.53,
                "away_handicap_1.25_odd": 2.35,
                "home_handicap_-0.75_odd": 1.29,
                "away_handicap_0.75_odd": 3.25,
                "home_handicap_-2.5_odd": 2.7,
                "away_handicap_2.5_odd": 1.4,
                "home_handicap_-1.5_odd": 1.71,
                "away_handicap_1.5_odd": 2.01,
                "home_handicap_-1.0_odd": 1.36,
                "away_handicap_1.0_odd": 2.87,
                "12_odd": 1.13,
                "X2_odd": 3.69,
                "1X_odd": 1.06,
                "under_3.75_odd": 1.45,
                "over_3.75_odd": 2.55,
                "under_3.25_odd": 1.72,
                "over_3.25_odd": 2.0,
                "under_4.0_odd": 1.31,
                "over_4.0_odd": 3.15,
                "under_3.0_odd": 1.93,
                "over_3.0_odd": 1.77,
                "under_2.5_odd": 2.44,
                "over_2.5_odd": 1.49,
                "away_handicap_2.0_odd": 1.6,
                "home_handicap_-2.0_odd": 2.2,
                "2_odd": 9.0,
                "1_odd": 1.24,
                "draw_odd": 5.5,
                "over_3.5_odd": 2.23,
                "under_3.5_odd": 1.58,
                "home_handicap_-1.75_odd": 1.9,
                "away_handicap_1.75_odd": 1.8,
                "away_first_half_over_0.5_odd": 3.4,
                "away_first_half_under_0.5_odd": 1.27,
                "home_first_half_over_1.75_odd": 3.57,
                "home_first_half_under_1.75_odd": 1.25,
                "home_first_half_over_1.25_odd": 2.35,
                "home_first_half_under_1.25_odd": 1.53,
                "home_first_half_over_0.75_odd": 1.54,
                "home_first_half_under_0.75_odd": 2.33,
                "home_first_half_over_1.5_odd": 2.8,
                "home_first_half_under_1.5_odd": 1.38,
                "home_first_half_over_1.0_odd": 1.86,
                "home_first_half_under_1.0_odd": 1.84,
                "home_first_half_over_0.5_odd": 1.39,
                "home_first_half_under_0.5_odd": 2.75,
                "first_half_over_1.75_odd": 2.65,
                "first_half_under_1.75_odd": 1.42,
                "first_half_over_1.25_odd": 1.84,
                "first_half_under_1.25_odd": 1.86,
                "first_half_over_1.0_odd": 1.48,
                "first_half_under_1.0_odd": 2.45,
                "home_first_half_handicap_-1.25_odd": 2.8,
                "away_first_half_handicap_1.25_odd": 1.38,
                "away_first_half_handicap_1.0_odd": 1.56,
                "home_first_half_handicap_-1.0_odd": 2.27,
                "home_first_half_handicap_-0.5_odd": 1.55,
                "away_first_half_handicap_0.5_odd": 2.3,
                "home_first_half_handicap_-0.75_odd": 1.84,
                "away_first_half_handicap_0.75_odd": 1.86,
                "first_half_over_1.5_odd": 2.2,
                "first_half_under_1.5_odd": 1.6,
                "away_handicap_0.5_odd": 3.57,
                "home_handicap_-0.5_odd": 1.25
            },
            {
                "match_id": 27654093,
                "date": "27/07/2025",
                "time": "19:00",
                "home_team": "Pumas UNAM (Wom)",
                "away_team": "Club Necaxa (Wom)",
                "match_url": "https://www.asbet.org/en/sports/pre-match/event-view/Soccer/Mexico/11251/liga-mx---women/27654093/pumas-unam-wom-club-necaxa-wom",
                "home_first_half_over_2.25_odd": 3.75,
                "home_first_half_under_2.25_odd": 1.23,
                "home_first_half_over_1.75_odd": 2.4,
                "home_first_half_under_1.75_odd": 1.5,
                "home_first_half_over_1.25_odd": 1.73,
                "home_first_half_under_1.25_odd": 1.97,
                "home_first_half_over_0.75_odd": 1.3,
                "home_first_half_under_0.75_odd": 3.2,
                "home_first_half_over_2.0_odd": 3.25,
                "home_first_half_under_2.0_odd": 1.29,
                "home_first_half_over_1.5_odd": 2.02,
                "home_first_half_under_1.5_odd": 1.7,
                "home_first_half_over_1.0_odd": 1.42,
                "home_first_half_under_1.0_odd": 2.65,
                "home_first_half_over_0.5_odd": 1.23,
                "home_first_half_under_0.5_odd": 3.75,
                "both_score_odd": 2.39,
                "both_noscore_odd": 1.51,
                "away_over_0.75_odd": 3.05,
                "away_under_0.75_odd": 1.33,
                "away_over_0.5_odd": 2.27,
                "away_under_0.5_odd": 1.56,
                "home_over_3.75_odd": 2.65,
                "home_under_3.75_odd": 1.42,
                "home_over_3.25_odd": 2.02,
                "home_under_3.25_odd": 1.7,
                "home_over_2.75_odd": 1.6,
                "home_under_2.75_odd": 2.2,
                "home_over_2.25_odd": 1.34,
                "home_under_2.25_odd": 3.0,
                "home_over_4.5_odd": 4.05,
                "home_under_4.5_odd": 1.2,
                "home_over_4.0_odd": 3.3,
                "home_under_4.0_odd": 1.28,
                "home_over_3.5_odd": 2.27,
                "home_under_3.5_odd": 1.56,
                "home_over_3.0_odd": 1.78,
                "home_under_3.0_odd": 1.92,
                "home_over_2.5_odd": 1.49,
                "home_under_2.5_odd": 2.44,
                "1X_odd": 1.012,
                "12_odd": 1.03,
                "X2_odd": 8.0,
                "first_half_over_1.75_odd": 2.07,
                "first_half_under_1.75_odd": 1.67,
                "first_half_over_1.25_odd": 1.54,
                "first_half_under_1.25_odd": 2.33,
                "first_half_over_2.0_odd": 2.62,
                "first_half_under_2.0_odd": 1.43,
                "home_first_half_handicap_-1.75_odd": 2.7,
                "away_first_half_handicap_1.75_odd": 1.4,
                "home_first_half_handicap_-1.5_odd": 2.25,
                "away_first_half_handicap_1.5_odd": 1.57,
                "first_half_over_1.5_odd": 1.8,
                "first_half_under_1.5_odd": 1.9,
                "home_first_half_handicap_-0.75_odd": 1.44,
                "away_first_half_handicap_0.75_odd": 2.59,
                "over_2.75_odd": 1.36,
                "under_2.75_odd": 2.87,
                "home_handicap_-2.75_odd": 2.01,
                "away_handicap_2.75_odd": 1.71,
                "home_handicap_-2.25_odd": 1.62,
                "away_handicap_2.25_odd": 2.15,
                "over_3.75_odd": 1.97,
                "under_3.75_odd": 1.73,
                "over_4.0_odd": 2.35,
                "under_4.0_odd": 1.53,
                "over_3.0_odd": 1.44,
                "under_3.0_odd": 2.59,
                "over_4.25_odd": 2.62,
                "under_4.25_odd": 1.43,
                "over_2.5_odd": 1.31,
                "under_2.5_odd": 3.15,
                "home_handicap_-3.75_odd": 3.3,
                "away_handicap_3.75_odd": 1.28,
                "home_handicap_-1.75_odd": 1.33,
                "away_handicap_1.75_odd": 3.05,
                "over_3.5_odd": 1.78,
                "under_3.5_odd": 1.92,
                "home_handicap_-2.5_odd": 1.82,
                "away_handicap_2.5_odd": 1.88,
                "home_first_half_handicap_-1.25_odd": 1.95,
                "away_first_half_handicap_1.25_odd": 1.75,
                "1_odd": 1.06,
                "draw_odd": 9.6,
                "2_odd": 14.0,
                "over_4.75_odd": 3.4,
                "under_4.75_odd": 1.27,
                "over_3.25_odd": 1.61,
                "under_3.25_odd": 2.17,
                "over_4.5_odd": 2.87,
                "under_4.5_odd": 1.36,
                "home_handicap_-3.25_odd": 2.55,
                "away_handicap_3.25_odd": 1.45,
                "home_handicap_-3.5_odd": 2.8,
                "away_handicap_3.5_odd": 1.38,
                "home_handicap_-3.0_odd": 2.33,
                "away_handicap_3.0_odd": 1.54,
                "home_handicap_-2.0_odd": 1.42,
                "away_handicap_2.0_odd": 2.65,
                "home_handicap_-1.5_odd": 1.28,
                "away_handicap_1.5_odd": 3.3,
                "first_half_over_2.25_odd": 3.05,
                "first_half_under_2.25_odd": 1.33,
                "home_first_half_handicap_-1.0_odd": 1.61,
                "away_first_half_handicap_1.0_odd": 2.17,
                "home_first_half_handicap_-0.5_odd": 1.34,
                "away_first_half_handicap_0.5_odd": 3.0
            }
        ]
    },
    {
        "tournament_name": "Liga MX",
        "tournament_id": 1951,
        "matches": [
            {
                "match_id": 27619272,
                "date": "26/07/2025",
                "time": "02:00",
                "home_team": "Puebla FC",
                "away_team": "Santos Laguna",
                "match_url": "https://www.asbet.org/en/sports/pre-match/event-view/Soccer/Mexico/1951/liga-mx/27619272/puebla-fc-santos-laguna",
                "corners_over_10.0_odd": 1.81,
                "corners_under_10.0_odd": 1.89,
                "corners_under_9.5_odd": 2.13,
                "corners_over_9.5_odd": 1.63,
                "home_handicap_0.0_odd": 1.51,
                "away_handicap_0.0_odd": 2.39,
                "both_noscore_odd": 2.07,
                "both_score_odd": 1.66,
                "away_over_1.75_odd": 3.4,
                "away_under_1.75_odd": 1.27,
                "away_over_1.25_odd": 2.23,
                "away_under_1.25_odd": 1.58,
                "away_over_0.75_odd": 1.49,
                "away_under_0.75_odd": 2.44,
                "away_over_2.0_odd": 5.1,
                "away_under_2.0_odd": 1.13,
                "away_over_1.5_odd": 2.65,
                "away_under_1.5_odd": 1.42,
                "away_under_1.0_odd": 1.93,
                "away_over_1.0_odd": 1.77,
                "away_under_0.5_odd": 2.87,
                "away_over_0.5_odd": 1.36,
                "home_under_2.75_odd": 1.14,
                "home_over_2.75_odd": 4.9,
                "home_under_2.25_odd": 1.26,
                "home_over_2.25_odd": 3.47,
                "home_under_1.75_odd": 1.55,
                "home_over_1.75_odd": 2.3,
                "home_under_1.25_odd": 2.1,
                "home_over_1.25_odd": 1.65,
                "home_under_0.75_odd": 3.57,
                "home_over_0.75_odd": 1.25,
                "home_under_2.5_odd": 1.21,
                "home_over_2.5_odd": 3.9,
                "home_under_2.0_odd": 1.33,
                "home_over_2.0_odd": 3.05,
                "home_over_1.5_odd": 1.94,
                "home_under_1.5_odd": 1.76,
                "home_over_1.0_odd": 1.35,
                "home_under_1.0_odd": 2.95,
                "home_over_0.5_odd": 1.2,
                "home_under_0.5_odd": 4.05,
                "12_odd": 1.27,
                "X2_odd": 1.73,
                "1X_odd": 1.31,
                "second_half_over_3.5_odd": 8.2,
                "second_half_under_3.5_odd": 1.045,
                "second_half_over_3.0_odd": 7.5,
                "second_half_under_3.0_odd": 1.055,
                "second_half_under_2.5_odd": 1.2,
                "second_half_over_2.5_odd": 4.05,
                "second_half_under_2.0_odd": 1.3,
                "second_half_over_2.0_odd": 3.2,
                "second_half_under_1.5_odd": 1.71,
                "second_half_over_1.5_odd": 2.01,
                "second_half_under_1.0_odd": 2.75,
                "second_half_over_1.0_odd": 1.39,
                "second_half_under_0.5_odd": 3.9,
                "second_half_over_0.5_odd": 1.21,
                "away_second_half_handicap_1.5_odd": 1.11,
                "home_second_half_handicap_-1.5_odd": 5.55,
                "away_second_half_handicap_1.0_odd": 1.17,
                "home_second_half_handicap_-1.0_odd": 4.42,
                "away_second_half_handicap_0.0_odd": 2.27,
                "home_second_half_handicap_0.0_odd": 1.56,
                "away_first_half_under_0.75_odd": 1.35,
                "away_first_half_over_0.75_odd": 2.95,
                "away_first_half_under_1.0_odd": 1.12,
                "away_first_half_over_1.0_odd": 5.35,
                "away_first_half_under_0.5_odd": 1.58,
                "away_first_half_over_0.5_odd": 2.23,
                "home_first_half_under_1.25_odd": 1.19,
                "home_first_half_over_1.25_odd": 4.15,
                "home_first_half_under_0.75_odd": 1.58,
                "home_first_half_over_0.75_odd": 2.23,
                "home_first_half_under_1.5_odd": 1.14,
                "home_first_half_over_1.5_odd": 4.9,
                "home_first_half_under_1.0_odd": 1.27,
                "home_first_half_over_1.0_odd": 3.4,
                "home_first_half_under_0.5_odd": 1.89,
                "home_first_half_over_0.5_odd": 1.81,
                "home_first_half_handicap_-1.0_odd": 5.35,
                "away_first_half_handicap_1.0_odd": 1.12,
                "home_first_half_handicap_0.25_odd": 1.35,
                "away_first_half_handicap_-0.25_odd": 2.95,
                "first_half_over_1.25_odd": 2.13,
                "first_half_under_1.25_odd": 1.63,
                "first_half_over_0.75_odd": 1.46,
                "first_half_under_0.75_odd": 2.52,
                "first_half_over_1.5_odd": 2.52,
                "first_half_under_1.5_odd": 1.46,
                "first_half_over_0.5_odd": 1.33,
                "first_half_under_0.5_odd": 3.05,
                "away_first_half_handicap_0.75_odd": 1.29,
                "home_first_half_handicap_-0.75_odd": 3.25,
                "away_first_half_handicap_-0.75_odd": 4.9,
                "home_first_half_handicap_0.75_odd": 1.14,
                "home_first_half_handicap_0.0_odd": 1.56,
                "away_first_half_handicap_0.0_odd": 2.27,
                "home_first_half_handicap_-0.25_odd": 2.04,
                "away_first_half_handicap_0.25_odd": 1.69,
                "first_half_over_1.75_odd": 3.2,
                "first_half_under_1.75_odd": 1.3,
                "first_half_over_1.0_odd": 1.7,
                "first_half_under_1.0_odd": 2.02,
                "over_3.25_odd": 2.59,
                "under_3.25_odd": 1.44,
                "over_2.75_odd": 1.95,
                "under_2.75_odd": 1.75,
                "over_2.25_odd": 1.56,
                "under_2.25_odd": 2.27,
                "over_1.75_odd": 1.29,
                "under_1.75_odd": 3.25,
                "over_3.0_odd": 2.33,
                "under_3.0_odd": 1.54,
                "over_2.0_odd": 1.37,
                "under_2.0_odd": 2.85,
                "home_handicap_-1.75_odd": 4.42,
                "away_handicap_1.75_odd": 1.17,
                "home_handicap_-1.25_odd": 3.25,
                "away_handicap_1.25_odd": 1.29,
                "home_handicap_-0.75_odd": 2.3,
                "away_handicap_0.75_odd": 1.55,
                "home_handicap_-0.25_odd": 1.75,
                "away_handicap_0.25_odd": 1.95,
                "home_handicap_-1.5_odd": 3.57,
                "away_handicap_1.5_odd": 1.25,
                "home_handicap_-1.0_odd": 2.85,
                "away_handicap_1.0_odd": 1.37,
                "home_handicap_0.75_odd": 1.22,
                "away_handicap_-0.75_odd": 3.83,
                "home_handicap_0.25_odd": 1.39,
                "away_handicap_-0.25_odd": 2.75,
                "home_handicap_1.0_odd": 1.11,
                "away_handicap_-1.0_odd": 5.55,
                "home_first_half_handicap_-0.5_odd": 2.52,
                "away_first_half_handicap_0.5_odd": 1.46,
                "home_first_half_handicap_0.5_odd": 1.25,
                "away_first_half_handicap_-0.5_odd": 3.57,
                "under_3.75_odd": 1.26,
                "over_3.75_odd": 3.47,
                "over_3.5_odd": 2.87,
                "under_3.5_odd": 1.36,
                "under_1.5_odd": 3.65,
                "over_1.5_odd": 1.24,
                "away_handicap_-0.5_odd": 3.1,
                "home_handicap_0.5_odd": 1.32,
                "under_2.5_odd": 1.94,
                "over_2.5_odd": 1.76,
                "2_odd": 3.2,
                "1_odd": 1.99,
                "draw_odd": 3.51,
                "home_handicap_-0.5_odd": 1.96,
                "away_handicap_0.5_odd": 1.74,
                "corners_under_10.5_odd": 1.69,
                "corners_over_10.5_odd": 2.04
            },
            {
                "match_id": 27619273,
                "date": "26/07/2025",
                "time": "02:00",
                "home_team": "Queretaro FC",
                "away_team": "Pumas UNAM",
                "match_url": "https://www.asbet.org/en/sports/pre-match/event-view/Soccer/Mexico/1951/liga-mx/27619273/queretaro-fc-pumas-unam",
                "corners_over_9.5_odd": 1.88,
                "corners_under_9.5_odd": 1.82,
                "corners_under_9.0_odd": 2.08,
                "corners_over_9.0_odd": 1.66,
                "both_score_odd": 1.89,
                "both_noscore_odd": 1.81,
                "away_over_2.25_odd": 4.57,
                "away_under_2.25_odd": 1.16,
                "away_over_1.75_odd": 2.85,
                "away_under_1.75_odd": 1.37,
                "away_over_1.25_odd": 1.94,
                "away_under_1.25_odd": 1.76,
                "away_over_0.75_odd": 1.37,
                "away_under_0.75_odd": 2.85,
                "away_over_2.5_odd": 5.1,
                "away_under_2.5_odd": 1.13,
                "away_over_2.0_odd": 4.15,
                "away_under_2.0_odd": 1.19,
                "away_over_1.5_odd": 2.35,
                "away_under_1.5_odd": 1.53,
                "away_over_1.0_odd": 1.55,
                "away_under_1.0_odd": 2.3,
                "away_over_0.5_odd": 1.28,
                "away_under_0.5_odd": 3.3,
                "home_over_1.75_odd": 4.05,
                "home_under_1.75_odd": 1.2,
                "home_over_1.25_odd": 2.55,
                "home_under_1.25_odd": 1.45,
                "home_over_0.75_odd": 1.62,
                "home_under_0.75_odd": 2.15,
                "home_over_1.5_odd": 3.1,
                "home_under_1.5_odd": 1.32,
                "home_over_1.0_odd": 2.04,
                "home_under_1.0_odd": 1.69,
                "home_over_0.5_odd": 1.44,
                "home_under_0.5_odd": 2.59,
                "12_odd": 1.32,
                "X2_odd": 1.32,
                "1X_odd": 1.63,
                "second_half_under_3.5_odd": 1.023,
                "second_half_over_3.5_odd": 9.7,
                "second_half_under_3.0_odd": 1.025,
                "second_half_over_3.0_odd": 9.5,
                "second_half_under_2.5_odd": 1.13,
                "second_half_over_2.5_odd": 5.1,
                "second_half_under_2.0_odd": 1.19,
                "second_half_over_2.0_odd": 4.15,
                "second_half_under_1.5_odd": 1.53,
                "second_half_over_1.5_odd": 2.35,
                "second_half_under_1.0_odd": 2.25,
                "second_half_over_1.0_odd": 1.57,
                "second_half_under_0.5_odd": 3.25,
                "second_half_over_0.5_odd": 1.29,
                "away_second_half_handicap_-1.0_odd": 5.35,
                "home_second_half_handicap_1.0_odd": 1.12,
                "away_second_half_handicap_0.0_odd": 1.6,
                "home_second_half_handicap_0.0_odd": 2.2,
                "away_first_half_over_1.25_odd": 5.35,
                "away_first_half_under_1.25_odd": 1.12,
                "away_first_half_over_0.75_odd": 2.59,
                "away_first_half_under_0.75_odd": 1.44,
                "away_first_half_over_1.0_odd": 4.42,
                "away_first_half_under_1.0_odd": 1.17,
                "away_first_half_over_0.5_odd": 2.02,
                "away_first_half_under_0.5_odd": 1.7,
                "home_first_half_over_0.75_odd": 3.2,
                "home_first_half_under_0.75_odd": 1.3,
                "home_first_half_over_0.5_odd": 2.39,
                "home_first_half_under_0.5_odd": 1.51,
                "away_handicap_-0.75_odd": 2.52,
                "home_handicap_0.75_odd": 1.46,
                "under_1.75_odd": 2.52,
                "over_1.75_odd": 1.46,
                "under_3.5_odd": 1.22,
                "over_3.5_odd": 3.83,
                "under_1.5_odd": 2.85,
                "over_1.5_odd": 1.37,
                "first_half_under_0.5_odd": 2.59,
                "first_half_over_0.5_odd": 1.44,
                "away_first_half_handicap_0.25_odd": 1.35,
                "home_first_half_handicap_-0.25_odd": 2.95,
                "under_3.25_odd": 1.27,
                "over_3.25_odd": 3.4,
                "under_2.75_odd": 1.48,
                "over_2.75_odd": 2.45,
                "away_handicap_-1.5_odd": 4.15,
                "home_handicap_1.5_odd": 1.19,
                "away_first_half_handicap_0.75_odd": 1.13,
                "home_first_half_handicap_-0.75_odd": 5.1,
                "away_first_half_handicap_-0.75_odd": 3.75,
                "home_first_half_handicap_0.75_odd": 1.23,
                "away_first_half_handicap_-0.25_odd": 2.21,
                "home_first_half_handicap_0.25_odd": 1.59,
                "away_handicap_-1.25_odd": 3.75,
                "home_handicap_1.25_odd": 1.23,
                "first_half_under_1.25_odd": 1.46,
                "first_half_over_1.25_odd": 2.52,
                "away_first_half_handicap_0.5_odd": 1.24,
                "home_first_half_handicap_-0.5_odd": 3.65,
                "away_first_half_handicap_-0.5_odd": 2.8,
                "home_first_half_handicap_0.5_odd": 1.39,
                "away_first_half_handicap_0.0_odd": 1.62,
                "home_first_half_handicap_0.0_odd": 2.15,
                "under_1.25_odd": 3.75,
                "over_1.25_odd": 1.23,
                "under_3.0_odd": 1.32,
                "over_3.0_odd": 3.1,
                "under_2.5_odd": 1.64,
                "over_2.5_odd": 2.12,
                "under_2.0_odd": 2.2,
                "over_2.0_odd": 1.6,
                "away_handicap_0.75_odd": 1.22,
                "home_handicap_-0.75_odd": 3.83,
                "away_handicap_0.25_odd": 1.42,
                "home_handicap_-0.25_odd": 2.65,
                "away_handicap_-1.75_odd": 5.35,
                "home_handicap_1.75_odd": 1.12,
                "away_handicap_-1.0_odd": 3.3,
                "home_handicap_1.0_odd": 1.28,
                "away_handicap_0.0_odd": 1.56,
                "home_handicap_0.0_odd": 2.27,
                "away_handicap_-0.25_odd": 1.84,
                "home_handicap_0.25_odd": 1.86,
                "away_handicap_0.5_odd": 1.33,
                "home_handicap_-0.5_odd": 3.05,
                "away_handicap_-0.5_odd": 2.12,
                "home_handicap_0.5_odd": 1.64,
                "first_half_under_1.5_odd": 1.33,
                "first_half_over_1.5_odd": 3.05,
                "first_half_under_1.0_odd": 1.72,
                "first_half_over_1.0_odd": 2.0,
                "2_odd": 2.14,
                "1_odd": 3.14,
                "draw_odd": 3.19,
                "first_half_over_0.75_odd": 1.61,
                "first_half_under_0.75_odd": 2.17,
                "over_2.25_odd": 1.86,
                "under_2.25_odd": 1.83,
                "corners_under_10.0_odd": 1.61,
                "corners_over_10.0_odd": 2.17
            },
            {
                "match_id": 27619433,
                "date": "26/07/2025",
                "time": "04:00",
                "home_team": "Club Tijuana",
                "away_team": "FC Juarez",
                "match_url": "https://www.asbet.org/en/sports/pre-match/event-view/Soccer/Mexico/1951/liga-mx/27619433/club-tijuana-fc-juarez",
                "corners_over_10.0_odd": 2.0,
                "corners_under_10.0_odd": 1.72,
                "corners_under_9.5_odd": 1.94,
                "corners_over_9.5_odd": 1.76,
                "home_handicap_0.0_odd": 1.46,
                "away_handicap_0.0_odd": 2.52,
                "both_noscore_odd": 2.33,
                "both_score_odd": 1.54,
                "away_over_2.25_odd": 5.35,
                "away_under_2.25_odd": 1.12,
                "away_over_1.75_odd": 3.25,
                "away_under_1.75_odd": 1.29,
                "away_over_1.25_odd": 2.13,
                "away_under_1.25_odd": 1.63,
                "away_over_0.75_odd": 1.43,
                "away_under_0.75_odd": 2.62,
                "away_over_2.0_odd": 4.9,
                "away_under_2.0_odd": 1.14,
                "away_over_1.5_odd": 2.55,
                "away_under_1.5_odd": 1.45,
                "away_over_1.0_odd": 1.67,
                "away_under_1.0_odd": 2.07,
                "away_over_0.5_odd": 1.31,
                "away_under_0.5_odd": 3.15,
                "home_over_2.75_odd": 4.75,
                "home_under_2.75_odd": 1.15,
                "home_over_2.25_odd": 3.3,
                "home_under_2.25_odd": 1.28,
                "home_over_1.75_odd": 2.23,
                "home_under_1.75_odd": 1.58,
                "home_over_1.25_odd": 1.59,
                "home_under_1.25_odd": 2.21,
                "home_over_0.75_odd": 1.21,
                "home_under_0.75_odd": 3.9,
                "home_over_2.5_odd": 3.75,
                "home_under_2.5_odd": 1.23,
                "home_over_2.0_odd": 2.87,
                "home_under_2.0_odd": 1.36,
                "home_over_1.5_odd": 1.89,
                "home_under_1.5_odd": 1.81,
                "home_over_1.0_odd": 1.29,
                "home_under_1.0_odd": 3.25,
                "home_over_0.5_odd": 1.16,
                "home_under_0.5_odd": 4.57,
                "12_odd": 1.33,
                "X2_odd": 1.71,
                "1X_odd": 1.26,
                "second_half_over_3.5_odd": 7.85,
                "second_half_under_3.5_odd": 1.05,
                "second_half_over_3.0_odd": 7.1,
                "second_half_under_3.0_odd": 1.065,
                "second_half_over_2.5_odd": 3.83,
                "second_half_under_2.5_odd": 1.22,
                "second_half_over_2.0_odd": 2.95,
                "second_half_under_2.0_odd": 1.35,
                "second_half_over_1.5_odd": 1.91,
                "second_half_under_1.5_odd": 1.79,
                "second_half_over_1.0_odd": 1.34,
                "second_half_under_1.0_odd": 3.0,
                "second_half_over_0.5_odd": 1.19,
                "second_half_under_0.5_odd": 4.15,
                "home_second_half_handicap_-1.5_odd": 5.35,
                "away_second_half_handicap_1.5_odd": 1.12,
                "home_second_half_handicap_-1.0_odd": 4.3,
                "away_second_half_handicap_1.0_odd": 1.18,
                "home_second_half_handicap_0.0_odd": 1.57,
                "away_second_half_handicap_0.0_odd": 2.25,
                "away_first_half_under_0.75_odd": 1.38,
                "away_first_half_over_0.75_odd": 2.8,
                "away_first_half_under_1.0_odd": 1.13,
                "away_first_half_over_1.0_odd": 5.1,
                "away_first_half_under_0.5_odd": 1.62,
                "away_first_half_over_0.5_odd": 2.15,
                "home_first_half_under_1.25_odd": 1.2,
                "home_first_half_over_1.25_odd": 4.05,
                "home_first_half_under_0.75_odd": 1.6,
                "home_first_half_over_0.75_odd": 2.2,
                "home_first_half_under_1.5_odd": 1.15,
                "home_first_half_over_1.5_odd": 4.75,
                "home_first_half_under_1.0_odd": 1.28,
                "home_first_half_over_1.0_odd": 3.3,
                "home_first_half_under_0.5_odd": 1.92,
                "home_first_half_over_0.5_odd": 1.78,
                "over_4.0_odd": 4.05,
                "under_4.0_odd": 1.2,
                "over_2.5_odd": 1.68,
                "under_2.5_odd": 2.05,
                "home_handicap_-1.25_odd": 3.47,
                "away_handicap_1.25_odd": 1.26,
                "home_handicap_-1.0_odd": 3.05,
                "away_handicap_1.0_odd": 1.33,
                "home_first_half_handicap_-1.0_odd": 5.35,
                "away_first_half_handicap_1.0_odd": 1.12,
                "away_first_half_handicap_0.75_odd": 1.29,
                "home_first_half_handicap_-0.75_odd": 3.25,
                "away_first_half_handicap_-0.75_odd": 4.75,
                "home_first_half_handicap_0.75_odd": 1.15,
                "away_first_half_handicap_0.0_odd": 2.25,
                "home_first_half_handicap_0.0_odd": 1.57,
                "away_first_half_handicap_0.25_odd": 1.68,
                "home_first_half_handicap_-0.25_odd": 2.05,
                "under_3.75_odd": 1.3,
                "over_3.75_odd": 3.2,
                "under_3.25_odd": 1.5,
                "over_3.25_odd": 2.4,
                "under_2.25_odd": 2.4,
                "over_2.25_odd": 1.5,
                "under_1.75_odd": 3.47,
                "over_1.75_odd": 1.26,
                "under_3.5_odd": 1.41,
                "over_3.5_odd": 2.68,
                "under_3.0_odd": 1.62,
                "over_3.0_odd": 2.15,
                "under_2.0_odd": 3.1,
                "over_2.0_odd": 1.32,
                "under_1.5_odd": 3.9,
                "over_1.5_odd": 1.21,
                "away_handicap_1.75_odd": 1.15,
                "home_handicap_-1.75_odd": 4.75,
                "away_handicap_0.75_odd": 1.52,
                "home_handicap_-0.75_odd": 2.37,
                "away_handicap_1.5_odd": 1.21,
                "home_handicap_-1.5_odd": 3.9,
                "away_handicap_-0.75_odd": 4.3,
                "home_handicap_0.75_odd": 1.18,
                "under_2.75_odd": 1.85,
                "over_2.75_odd": 1.85,
                "away_handicap_0.5_odd": 1.74,
                "home_handicap_-0.5_odd": 1.96,
                "away_handicap_0.25_odd": 1.96,
                "home_handicap_-0.25_odd": 1.74,
                "away_first_half_handicap_0.5_odd": 1.46,
                "home_first_half_handicap_-0.5_odd": 2.52,
                "away_first_half_handicap_-0.25_odd": 2.87,
                "home_first_half_handicap_0.25_odd": 1.36,
                "away_first_half_handicap_-0.5_odd": 3.47,
                "home_first_half_handicap_0.5_odd": 1.26,
                "first_half_under_1.75_odd": 1.33,
                "first_half_over_1.75_odd": 3.05,
                "first_half_under_0.75_odd": 2.65,
                "first_half_over_0.75_odd": 1.42,
                "first_half_under_1.5_odd": 1.49,
                "first_half_over_1.5_odd": 2.44,
                "first_half_under_1.0_odd": 2.13,
                "first_half_over_1.0_odd": 1.63,
                "first_half_under_0.5_odd": 3.15,
                "first_half_over_0.5_odd": 1.31,
                "first_half_under_1.25_odd": 1.69,
                "first_half_over_1.25_odd": 2.04,
                "away_handicap_-0.25_odd": 2.95,
                "home_handicap_0.25_odd": 1.35,
                "away_handicap_-0.5_odd": 3.4,
                "home_handicap_0.5_odd": 1.27,
                "2_odd": 3.55,
                "1_odd": 2.01,
                "draw_odd": 3.11
            },
            {
                "match_id": 27624676,
                "date": "27/07/2025",
                "time": "00:00",
                "home_team": "CF Pachuca",
                "away_team": "Mazatlan FC",
                "match_url": "https://www.asbet.org/en/sports/pre-match/event-view/Soccer/Mexico/1951/liga-mx/27624676/cf-pachuca-mazatlan-fc",
                "corners_over_10.0_odd": 1.7,
                "corners_under_10.0_odd": 2.02,
                "corners_under_11.0_odd": 1.59,
                "corners_over_11.0_odd": 2.21,
                "corners_over_10.5_odd": 1.91,
                "corners_under_10.5_odd": 1.79,
                "home_handicap_0.0_odd": 1.16,
                "away_handicap_0.0_odd": 4.57,
                "home_first_half_handicap_0.0_odd": 1.24,
                "away_first_half_handicap_0.0_odd": 3.65,
                "first_half_over_1.5_odd": 2.35,
                "first_half_under_1.5_odd": 1.53,
                "first_half_over_1.0_odd": 1.57,
                "first_half_under_1.0_odd": 2.25,
                "away_handicap_2.25_odd": 1.26,
                "home_handicap_-2.25_odd": 3.47,
                "away_handicap_2.75_odd": 1.15,
                "home_handicap_-2.75_odd": 4.75,
                "away_handicap_2.0_odd": 1.3,
                "home_handicap_-2.0_odd": 3.2,
                "away_handicap_0.75_odd": 2.35,
                "home_handicap_-0.75_odd": 1.53,
                "away_handicap_-0.25_odd": 4.9,
                "home_handicap_0.25_odd": 1.14,
                "away_handicap_1.0_odd": 2.04,
                "home_handicap_-1.0_odd": 1.69,
                "away_handicap_1.25_odd": 1.77,
                "home_handicap_-1.25_odd": 1.93,
                "away_handicap_0.25_odd": 3.25,
                "home_handicap_-0.25_odd": 1.29,
                "away_handicap_1.5_odd": 1.6,
                "home_handicap_-1.5_odd": 2.2,
                "away_handicap_1.75_odd": 1.46,
                "home_handicap_-1.75_odd": 2.52,
                "under_3.75_odd": 1.34,
                "over_3.75_odd": 3.0,
                "home_first_half_handicap_-0.25_odd": 1.57,
                "away_first_half_handicap_0.25_odd": 2.25,
                "home_first_half_handicap_-0.5_odd": 1.89,
                "away_first_half_handicap_0.5_odd": 1.81,
                "home_first_half_handicap_-0.75_odd": 2.3,
                "away_first_half_handicap_0.75_odd": 1.55,
                "home_first_half_handicap_-1.0_odd": 3.2,
                "away_first_half_handicap_1.0_odd": 1.3,
                "first_half_over_0.75_odd": 1.38,
                "first_half_under_0.75_odd": 2.8,
                "first_half_over_1.75_odd": 2.87,
                "first_half_under_1.75_odd": 1.36,
                "home_handicap_-0.5_odd": 1.43,
                "away_handicap_0.5_odd": 2.62,
                "over_2.25_odd": 1.46,
                "under_2.25_odd": 2.52,
                "over_3.5_odd": 2.55,
                "under_3.5_odd": 1.45,
                "over_2.5_odd": 1.62,
                "under_2.5_odd": 2.15,
                "over_3.0_odd": 2.02,
                "under_3.0_odd": 1.7,
                "over_3.25_odd": 2.3,
                "under_3.25_odd": 1.55,
                "over_2.75_odd": 1.78,
                "under_2.75_odd": 1.92,
                "over_4.0_odd": 3.83,
                "under_4.0_odd": 1.22,
                "over_2.0_odd": 1.28,
                "under_2.0_odd": 3.3,
                "over_1.75_odd": 1.23,
                "under_1.75_odd": 3.75,
                "first_half_over_1.25_odd": 1.95,
                "first_half_under_1.25_odd": 1.75,
                "both_score_odd": 1.8,
                "both_noscore_odd": 1.9,
                "away_under_1.75_odd": 1.13,
                "away_over_1.75_odd": 5.1,
                "away_under_1.25_odd": 1.29,
                "away_over_1.25_odd": 3.25,
                "away_under_0.75_odd": 1.81,
                "away_over_0.75_odd": 1.89,
                "away_under_1.5_odd": 1.22,
                "away_over_1.5_odd": 3.83,
                "away_under_1.0_odd": 1.44,
                "away_over_1.0_odd": 2.59,
                "away_under_0.5_odd": 2.2,
                "away_over_0.5_odd": 1.6,
                "home_under_3.25_odd": 1.17,
                "home_over_3.25_odd": 4.42,
                "home_under_2.75_odd": 1.32,
                "home_over_2.75_odd": 3.1,
                "home_under_2.25_odd": 1.58,
                "home_over_2.25_odd": 2.23,
                "home_over_1.75_odd": 1.65,
                "home_under_1.75_odd": 2.1,
                "home_over_1.25_odd": 1.32,
                "home_under_1.25_odd": 3.1,
                "home_over_0.75_odd": 1.11,
                "home_under_0.75_odd": 5.55,
                "home_over_3.5_odd": 4.9,
                "home_under_3.5_odd": 1.14,
                "home_over_3.0_odd": 4.05,
                "home_under_3.0_odd": 1.2,
                "home_over_2.5_odd": 2.52,
                "home_under_2.5_odd": 1.46,
                "home_over_2.0_odd": 1.9,
                "home_under_2.0_odd": 1.8,
                "home_over_1.5_odd": 1.51,
                "home_under_1.5_odd": 2.39,
                "home_over_1.0_odd": 1.14,
                "home_under_1.0_odd": 4.9,
                "12_odd": 1.19,
                "X2_odd": 2.66,
                "1X_odd": 1.11,
                "second_half_under_3.5_odd": 1.055,
                "second_half_over_3.5_odd": 7.5,
                "second_half_over_3.0_odd": 6.9,
                "second_half_under_3.0_odd": 1.07,
                "second_half_over_2.5_odd": 3.75,
                "second_half_under_2.5_odd": 1.23,
                "second_half_over_2.0_odd": 2.85,
                "second_half_under_2.0_odd": 1.37,
                "second_half_over_1.5_odd": 1.88,
                "second_half_under_1.5_odd": 1.82,
                "second_half_over_1.0_odd": 1.32,
                "second_half_under_1.0_odd": 3.1,
                "second_half_over_0.5_odd": 1.18,
                "second_half_under_0.5_odd": 4.3,
                "away_second_half_handicap_1.5_odd": 1.25,
                "home_second_half_handicap_-1.5_odd": 3.57,
                "away_second_half_handicap_1.0_odd": 1.41,
                "home_second_half_handicap_-1.0_odd": 2.68,
                "away_second_half_handicap_0.0_odd": 3.75,
                "home_second_half_handicap_0.0_odd": 1.23,
                "away_first_half_under_0.75_odd": 1.22,
                "away_first_half_over_0.75_odd": 3.83,
                "away_first_half_under_0.5_odd": 1.39,
                "away_first_half_over_0.5_odd": 2.75,
                "home_first_half_under_1.75_odd": 1.16,
                "home_first_half_over_1.75_odd": 4.57,
                "home_first_half_under_1.25_odd": 1.36,
                "home_first_half_over_1.25_odd": 2.87,
                "home_first_half_under_0.75_odd": 1.94,
                "home_first_half_over_0.75_odd": 1.76,
                "home_first_half_under_1.5_odd": 1.27,
                "home_first_half_over_1.5_odd": 3.4,
                "home_first_half_under_1.0_odd": 1.54,
                "home_first_half_over_1.0_odd": 2.33,
                "home_first_half_under_0.5_odd": 2.35,
                "home_first_half_over_0.5_odd": 1.53,
                "over_1.5_odd": 1.2,
                "under_1.5_odd": 4.05,
                "home_handicap_-2.5_odd": 3.83,
                "away_handicap_2.5_odd": 1.22,
                "home_handicap_0.5_odd": 1.12,
                "away_handicap_-0.5_odd": 5.35,
                "first_half_over_0.5_odd": 1.29,
                "first_half_under_0.5_odd": 3.25,
                "home_first_half_handicap_-1.25_odd": 3.75,
                "away_first_half_handicap_1.25_odd": 1.23,
                "home_first_half_handicap_-1.5_odd": 4.3,
                "away_first_half_handicap_1.5_odd": 1.18,
                "away_first_half_handicap_-0.25_odd": 4.42,
                "home_first_half_handicap_0.25_odd": 1.17,
                "away_first_half_handicap_-0.5_odd": 5.1,
                "home_first_half_handicap_0.5_odd": 1.13,
                "2_odd": 5.8,
                "1_odd": 1.41,
                "draw_odd": 4.2
            },
            {
                "match_id": 27624677,
                "date": "27/07/2025",
                "time": "00:05",
                "home_team": "Chivas Guadalajara",
                "away_team": "Atletico San Luis",
                "match_url": "https://www.asbet.org/en/sports/pre-match/event-view/Soccer/Mexico/1951/liga-mx/27624677/chivas-guadalajara-atletico-san-luis",
                "over_3.0_odd": 2.17,
                "under_3.0_odd": 1.61,
                "first_half_over_0.5_odd": 1.31,
                "first_half_under_0.5_odd": 3.15,
                "over_3.5_odd": 2.7,
                "under_3.5_odd": 1.4,
                "home_first_half_handicap_-1.0_odd": 3.75,
                "away_first_half_handicap_1.0_odd": 1.23,
                "over_2.5_odd": 1.69,
                "under_2.5_odd": 2.04,
                "under_2.75_odd": 1.83,
                "over_2.75_odd": 1.87,
                "first_half_under_1.0_odd": 2.12,
                "first_half_over_1.0_odd": 1.64,
                "away_first_half_handicap_1.5_odd": 1.14,
                "home_first_half_handicap_-1.5_odd": 4.9,
                "both_score_odd": 1.75,
                "both_noscore_odd": 1.95,
                "away_under_1.75_odd": 1.14,
                "away_over_1.75_odd": 4.9,
                "away_under_1.25_odd": 1.32,
                "away_over_1.25_odd": 3.1,
                "away_under_0.75_odd": 1.9,
                "away_over_0.75_odd": 1.8,
                "away_under_1.5_odd": 1.24,
                "away_over_1.5_odd": 3.65,
                "away_under_1.0_odd": 1.49,
                "away_over_1.0_odd": 2.44,
                "away_under_0.5_odd": 2.3,
                "away_over_0.5_odd": 1.55,
                "home_under_3.25_odd": 1.13,
                "home_over_3.25_odd": 5.1,
                "home_under_2.75_odd": 1.26,
                "home_over_2.75_odd": 3.47,
                "home_under_2.25_odd": 1.47,
                "home_over_2.25_odd": 2.5,
                "home_under_1.75_odd": 1.9,
                "home_over_1.75_odd": 1.8,
                "home_under_1.25_odd": 2.75,
                "home_over_1.25_odd": 1.39,
                "home_under_0.75_odd": 5.1,
                "home_over_0.75_odd": 1.13,
                "home_under_3.5_odd": 1.11,
                "home_over_3.5_odd": 5.55,
                "home_under_3.0_odd": 1.14,
                "home_over_3.0_odd": 4.9,
                "home_under_2.5_odd": 1.37,
                "home_over_2.5_odd": 2.85,
                "home_under_2.0_odd": 1.62,
                "home_over_2.0_odd": 2.15,
                "home_under_1.5_odd": 2.17,
                "home_over_1.5_odd": 1.61,
                "home_under_1.0_odd": 4.42,
                "home_over_1.0_odd": 1.17,
                "X2_odd": 2.37,
                "1X_odd": 1.12,
                "12_odd": 1.24,
                "second_half_over_3.5_odd": 7.85,
                "second_half_under_3.5_odd": 1.05,
                "second_half_over_3.0_odd": 7.1,
                "second_half_under_3.0_odd": 1.065,
                "second_half_over_2.5_odd": 3.83,
                "second_half_under_2.5_odd": 1.22,
                "second_half_over_2.0_odd": 3.0,
                "second_half_under_2.0_odd": 1.34,
                "second_half_over_1.5_odd": 1.93,
                "second_half_under_1.5_odd": 1.77,
                "second_half_over_1.0_odd": 1.35,
                "second_half_under_1.0_odd": 2.95,
                "second_half_over_0.5_odd": 1.2,
                "second_half_under_0.5_odd": 4.05,
                "away_second_half_handicap_1.5_odd": 1.21,
                "home_second_half_handicap_-1.5_odd": 3.9,
                "away_second_half_handicap_1.0_odd": 1.35,
                "home_second_half_handicap_-1.0_odd": 2.95,
                "away_second_half_handicap_0.0_odd": 3.3,
                "home_second_half_handicap_0.0_odd": 1.28,
                "away_first_half_under_0.75_odd": 1.23,
                "away_first_half_over_0.75_odd": 3.75,
                "away_first_half_under_0.5_odd": 1.41,
                "away_first_half_over_0.5_odd": 2.68,
                "home_first_half_under_1.75_odd": 1.13,
                "home_first_half_over_1.75_odd": 5.1,
                "home_first_half_under_1.25_odd": 1.29,
                "home_first_half_over_1.25_odd": 3.25,
                "home_first_half_under_0.75_odd": 1.82,
                "home_first_half_over_0.75_odd": 1.88,
                "home_first_half_under_1.5_odd": 1.22,
                "home_first_half_over_1.5_odd": 3.83,
                "home_first_half_under_1.0_odd": 1.44,
                "home_first_half_over_1.0_odd": 2.59,
                "home_first_half_under_0.5_odd": 2.2,
                "home_first_half_over_0.5_odd": 1.6,
                "over_1.5_odd": 1.22,
                "under_1.5_odd": 3.83,
                "first_half_over_1.5_odd": 2.44,
                "first_half_under_1.5_odd": 1.49,
                "over_2.25_odd": 1.51,
                "under_2.25_odd": 2.39,
                "over_1.75_odd": 1.26,
                "under_1.75_odd": 3.47,
                "over_2.0_odd": 1.32,
                "under_2.0_odd": 3.1,
                "first_half_over_1.75_odd": 3.05,
                "first_half_under_1.75_odd": 1.33,
                "first_half_over_1.25_odd": 2.05,
                "first_half_under_1.25_odd": 1.68,
                "first_half_over_0.75_odd": 1.42,
                "first_half_under_0.75_odd": 2.65,
                "home_first_half_handicap_-1.25_odd": 4.3,
                "away_first_half_handicap_1.25_odd": 1.18,
                "home_first_half_handicap_-0.75_odd": 2.5,
                "away_first_half_handicap_0.75_odd": 1.47,
                "home_first_half_handicap_-0.25_odd": 1.66,
                "away_first_half_handicap_0.25_odd": 2.08,
                "home_first_half_handicap_-0.5_odd": 2.02,
                "away_first_half_handicap_0.5_odd": 1.7,
                "home_first_half_handicap_0.0_odd": 1.29,
                "away_first_half_handicap_0.0_odd": 3.25,
                "home_first_half_handicap_0.5_odd": 1.14,
                "away_first_half_handicap_-0.5_odd": 4.9,
                "draw_odd": 3.64,
                "2_odd": 5.6,
                "1_odd": 1.5,
                "corners_under_10.5_odd": 1.73,
                "corners_over_10.5_odd": 1.97,
                "corners_under_9.5_odd": 2.21,
                "corners_over_9.5_odd": 1.59,
                "corners_under_10.0_odd": 1.94,
                "corners_over_10.0_odd": 1.76,
                "under_3.25_odd": 1.49,
                "over_3.25_odd": 2.44,
                "under_3.75_odd": 1.3,
                "over_3.75_odd": 3.2,
                "home_handicap_0.0_odd": 1.19,
                "away_handicap_0.0_odd": 4.15,
                "away_handicap_0.75_odd": 2.07,
                "home_handicap_-0.75_odd": 1.67,
                "away_handicap_0.5_odd": 2.37,
                "home_handicap_-0.5_odd": 1.52,
                "away_handicap_1.25_odd": 1.59,
                "home_handicap_-1.25_odd": 2.21,
                "away_handicap_0.25_odd": 2.87,
                "home_handicap_-0.25_odd": 1.36,
                "away_handicap_1.0_odd": 1.84,
                "home_handicap_-1.0_odd": 1.86,
                "away_handicap_1.5_odd": 1.47,
                "home_handicap_-1.5_odd": 2.5,
                "away_handicap_1.75_odd": 1.35,
                "home_handicap_-1.75_odd": 2.95,
                "away_handicap_2.75_odd": 1.11,
                "home_handicap_-2.75_odd": 5.55,
                "away_handicap_2.5_odd": 1.17,
                "home_handicap_-2.5_odd": 4.42,
                "away_handicap_2.25_odd": 1.19,
                "home_handicap_-2.25_odd": 4.15,
                "away_handicap_-0.25_odd": 4.75,
                "home_handicap_0.25_odd": 1.15,
                "away_handicap_2.0_odd": 1.22,
                "home_handicap_-2.0_odd": 3.83,
                "away_handicap_-0.5_odd": 5.1,
                "home_handicap_0.5_odd": 1.13,
                "away_first_half_handicap_-0.25_odd": 4.05,
                "home_first_half_handicap_0.25_odd": 1.2
            },
            {
                "match_id": 27624952,
                "date": "27/07/2025",
                "time": "02:00",
                "home_team": "Cruz Azul AC",
                "away_team": "Club Leon",
                "match_url": "https://www.asbet.org/en/sports/pre-match/event-view/Soccer/Mexico/1951/liga-mx/27624952/cruz-azul-ac-club-leon",
                "home_first_half_handicap_0.5_odd": 1.13,
                "away_first_half_handicap_-0.5_odd": 5.1,
                "home_first_half_handicap_-0.25_odd": 1.63,
                "away_first_half_handicap_0.25_odd": 2.13,
                "home_first_half_handicap_-1.5_odd": 4.75,
                "away_first_half_handicap_1.5_odd": 1.15,
                "home_first_half_handicap_-1.0_odd": 3.65,
                "away_first_half_handicap_1.0_odd": 1.24,
                "away_handicap_1.0_odd": 1.82,
                "home_handicap_-1.0_odd": 1.88,
                "over_3.5_odd": 3.15,
                "under_3.5_odd": 1.31,
                "over_2.0_odd": 1.43,
                "under_2.0_odd": 2.62,
                "over_2.25_odd": 1.66,
                "under_2.25_odd": 2.08,
                "over_3.0_odd": 2.52,
                "under_3.0_odd": 1.46,
                "over_1.5_odd": 1.28,
                "under_1.5_odd": 3.3,
                "over_2.5_odd": 1.87,
                "under_2.5_odd": 1.83,
                "over_1.75_odd": 1.34,
                "under_1.75_odd": 3.0,
                "over_3.25_odd": 2.85,
                "under_3.25_odd": 1.37,
                "over_3.75_odd": 3.83,
                "under_3.75_odd": 1.22,
                "over_2.75_odd": 2.12,
                "under_2.75_odd": 1.64,
                "second_half_under_3.5_odd": 1.04,
                "second_half_over_3.5_odd": 8.5,
                "second_half_under_3.0_odd": 1.05,
                "second_half_over_3.0_odd": 7.85,
                "second_half_under_2.5_odd": 1.19,
                "second_half_over_2.5_odd": 4.15,
                "second_half_under_2.0_odd": 1.29,
                "second_half_over_2.0_odd": 3.25,
                "second_half_under_1.5_odd": 1.69,
                "second_half_over_1.5_odd": 2.04,
                "second_half_under_1.0_odd": 2.7,
                "second_half_over_1.0_odd": 1.4,
                "second_half_under_0.5_odd": 3.83,
                "second_half_over_0.5_odd": 1.22,
                "away_second_half_handicap_1.5_odd": 1.21,
                "home_second_half_handicap_-1.5_odd": 3.9,
                "away_second_half_handicap_1.0_odd": 1.34,
                "home_second_half_handicap_-1.0_odd": 3.0,
                "away_second_half_handicap_0.0_odd": 3.47,
                "home_second_half_handicap_0.0_odd": 1.26,
                "away_first_half_over_0.75_odd": 4.42,
                "away_first_half_under_0.75_odd": 1.17,
                "away_first_half_over_0.5_odd": 3.15,
                "away_first_half_under_0.5_odd": 1.31,
                "home_first_half_over_1.75_odd": 5.55,
                "home_first_half_under_1.75_odd": 1.11,
                "home_first_half_over_1.25_odd": 3.47,
                "home_first_half_under_1.25_odd": 1.26,
                "home_first_half_over_0.75_odd": 2.01,
                "home_first_half_under_0.75_odd": 1.71,
                "home_first_half_over_1.5_odd": 4.05,
                "home_first_half_under_1.5_odd": 1.2,
                "home_first_half_over_1.0_odd": 2.85,
                "home_first_half_under_1.0_odd": 1.37,
                "home_first_half_over_0.5_odd": 1.7,
                "home_first_half_under_0.5_odd": 2.02,
                "both_noscore_odd": 1.75,
                "both_score_odd": 1.95,
                "away_over_1.25_odd": 3.57,
                "away_under_1.25_odd": 1.25,
                "away_over_0.75_odd": 2.01,
                "away_under_0.75_odd": 1.71,
                "away_over_1.5_odd": 4.15,
                "away_under_1.5_odd": 1.19,
                "away_over_1.0_odd": 2.87,
                "away_under_1.0_odd": 1.36,
                "away_over_0.5_odd": 1.68,
                "away_under_0.5_odd": 2.05,
                "home_over_2.75_odd": 3.83,
                "home_under_2.75_odd": 1.22,
                "home_over_2.25_odd": 2.7,
                "home_under_2.25_odd": 1.4,
                "home_over_1.75_odd": 1.91,
                "home_under_1.75_odd": 1.79,
                "home_over_1.25_odd": 1.46,
                "home_under_1.25_odd": 2.52,
                "home_over_0.75_odd": 1.17,
                "home_under_0.75_odd": 4.42,
                "home_over_3.0_odd": 5.35,
                "home_under_3.0_odd": 1.12,
                "home_over_2.5_odd": 3.1,
                "home_under_2.5_odd": 1.32,
                "home_over_2.0_odd": 2.35,
                "home_under_2.0_odd": 1.53,
                "home_over_1.5_odd": 1.69,
                "home_under_1.5_odd": 2.04,
                "home_over_1.0_odd": 1.22,
                "home_under_1.0_odd": 3.83,
                "home_over_0.5_odd": 1.14,
                "home_under_0.5_odd": 4.9,
                "12_odd": 1.23,
                "X2_odd": 2.4,
                "1X_odd": 1.12,
                "away_handicap_0.5_odd": 2.39,
                "home_handicap_-0.5_odd": 1.51,
                "first_half_under_0.5_odd": 2.75,
                "first_half_over_0.5_odd": 1.39,
                "first_half_under_1.25_odd": 1.53,
                "first_half_over_1.25_odd": 2.35,
                "first_half_under_0.75_odd": 2.33,
                "first_half_over_0.75_odd": 1.54,
                "first_half_under_1.0_odd": 1.83,
                "first_half_over_1.0_odd": 1.87,
                "away_first_half_handicap_1.25_odd": 1.18,
                "home_first_half_handicap_-1.25_odd": 4.3,
                "away_first_half_handicap_0.75_odd": 1.47,
                "home_first_half_handicap_-0.75_odd": 2.5,
                "away_first_half_handicap_0.5_odd": 1.7,
                "home_first_half_handicap_-0.5_odd": 2.02,
                "away_first_half_handicap_0.0_odd": 3.47,
                "home_first_half_handicap_0.0_odd": 1.26,
                "away_first_half_handicap_-0.25_odd": 4.42,
                "home_first_half_handicap_0.25_odd": 1.17,
                "first_half_under_1.5_odd": 1.38,
                "first_half_over_1.5_odd": 2.8,
                "away_handicap_2.25_odd": 1.18,
                "home_handicap_-2.25_odd": 4.3,
                "home_handicap_-1.75_odd": 2.95,
                "away_handicap_1.75_odd": 1.35,
                "home_handicap_-1.25_odd": 2.17,
                "away_handicap_1.25_odd": 1.61,
                "home_handicap_-0.75_odd": 1.65,
                "away_handicap_0.75_odd": 2.1,
                "home_handicap_-0.25_odd": 1.35,
                "away_handicap_0.25_odd": 2.95,
                "home_handicap_-2.5_odd": 4.57,
                "away_handicap_2.5_odd": 1.16,
                "home_handicap_-2.0_odd": 3.83,
                "away_handicap_2.0_odd": 1.22,
                "home_handicap_-1.5_odd": 2.45,
                "away_handicap_1.5_odd": 1.48,
                "home_handicap_0.25_odd": 1.16,
                "away_handicap_-0.25_odd": 4.57,
                "home_handicap_0.5_odd": 1.13,
                "away_handicap_-0.5_odd": 5.1,
                "draw_odd": 3.79,
                "2_odd": 5.4,
                "1_odd": 1.49,
                "corners_under_10.5_odd": 1.6,
                "corners_over_10.5_odd": 2.2,
                "corners_under_9.5_odd": 2.0,
                "corners_over_9.5_odd": 1.72,
                "corners_under_10.0_odd": 1.77,
                "corners_over_10.0_odd": 1.93,
                "away_handicap_0.0_odd": 4.15,
                "home_handicap_0.0_odd": 1.19
            },
            {
                "match_id": 27624953,
                "date": "27/07/2025",
                "time": "02:00",
                "home_team": "Deportivo Toluca",
                "away_team": "Tigres UANL",
                "match_url": "https://www.asbet.org/en/sports/pre-match/event-view/Soccer/Mexico/1951/liga-mx/27624953/deportivo-toluca-tigres-uanl",
                "under_2.25_odd": 2.33,
                "over_2.25_odd": 1.54,
                "under_3.5_odd": 1.38,
                "over_3.5_odd": 2.8,
                "under_3.0_odd": 1.57,
                "over_3.0_odd": 2.25,
                "under_2.75_odd": 1.78,
                "over_2.75_odd": 1.92,
                "under_3.25_odd": 1.46,
                "over_3.25_odd": 2.52,
                "under_1.5_odd": 3.75,
                "over_1.5_odd": 1.23,
                "under_2.0_odd": 2.95,
                "over_2.0_odd": 1.35,
                "under_2.5_odd": 1.97,
                "over_2.5_odd": 1.73,
                "under_1.75_odd": 3.3,
                "over_1.75_odd": 1.28,
                "under_3.75_odd": 1.28,
                "over_3.75_odd": 3.3,
                "first_half_over_0.5_odd": 1.32,
                "first_half_under_0.5_odd": 3.1,
                "first_half_over_1.5_odd": 2.5,
                "first_half_under_1.5_odd": 1.47,
                "home_handicap_-0.5_odd": 1.85,
                "away_handicap_0.5_odd": 1.85,
                "both_score_odd": 1.62,
                "both_noscore_odd": 2.15,
                "away_under_1.75_odd": 1.24,
                "away_over_1.75_odd": 3.65,
                "away_under_1.25_odd": 1.52,
                "away_over_1.25_odd": 2.37,
                "away_under_0.75_odd": 2.37,
                "away_over_0.75_odd": 1.52,
                "away_under_1.5_odd": 1.37,
                "away_over_1.5_odd": 2.85,
                "away_under_1.0_odd": 1.84,
                "away_over_1.0_odd": 1.86,
                "away_under_0.5_odd": 2.85,
                "away_over_0.5_odd": 1.37,
                "home_under_2.75_odd": 1.16,
                "home_over_2.75_odd": 4.57,
                "home_under_2.25_odd": 1.3,
                "home_over_2.25_odd": 3.2,
                "home_under_1.75_odd": 1.62,
                "home_over_1.75_odd": 2.15,
                "home_under_1.25_odd": 2.25,
                "home_over_1.25_odd": 1.57,
                "home_under_0.75_odd": 4.05,
                "home_over_0.75_odd": 1.2,
                "home_under_2.5_odd": 1.24,
                "home_over_2.5_odd": 3.65,
                "home_under_2.0_odd": 1.39,
                "home_over_2.0_odd": 2.75,
                "home_under_1.5_odd": 1.84,
                "home_over_1.5_odd": 1.86,
                "home_under_1.0_odd": 3.3,
                "home_over_1.0_odd": 1.28,
                "home_under_0.5_odd": 4.75,
                "home_over_0.5_odd": 1.15,
                "X2_odd": 1.83,
                "1X_odd": 1.23,
                "12_odd": 1.31,
                "second_half_over_3.5_odd": 8.2,
                "second_half_under_3.5_odd": 1.045,
                "second_half_over_3.0_odd": 7.3,
                "second_half_under_3.0_odd": 1.06,
                "second_half_over_2.5_odd": 3.9,
                "second_half_under_2.5_odd": 1.21,
                "second_half_over_2.0_odd": 3.1,
                "second_half_under_2.0_odd": 1.32,
                "second_half_over_1.5_odd": 1.96,
                "second_half_under_1.5_odd": 1.74,
                "second_half_over_1.0_odd": 1.37,
                "second_half_under_1.0_odd": 2.85,
                "second_half_over_0.5_odd": 1.2,
                "second_half_under_0.5_odd": 4.05,
                "home_second_half_handicap_-1.5_odd": 5.1,
                "away_second_half_handicap_1.5_odd": 1.13,
                "home_second_half_handicap_-1.0_odd": 4.05,
                "away_second_half_handicap_1.0_odd": 1.2,
                "away_second_half_handicap_0.0_odd": 2.44,
                "home_second_half_handicap_0.0_odd": 1.49,
                "away_first_half_under_0.75_odd": 1.32,
                "away_first_half_over_0.75_odd": 3.1,
                "away_first_half_under_0.5_odd": 1.53,
                "away_first_half_over_0.5_odd": 2.35,
                "home_first_half_under_1.25_odd": 1.22,
                "home_first_half_over_1.25_odd": 3.83,
                "home_first_half_under_0.75_odd": 1.64,
                "home_first_half_over_0.75_odd": 2.12,
                "home_first_half_under_1.5_odd": 1.16,
                "home_first_half_over_1.5_odd": 4.57,
                "home_first_half_under_1.0_odd": 1.31,
                "home_first_half_over_1.0_odd": 3.15,
                "home_first_half_under_0.5_odd": 1.96,
                "home_first_half_over_0.5_odd": 1.74,
                "away_handicap_0.75_odd": 1.62,
                "home_handicap_-0.75_odd": 2.15,
                "away_handicap_1.5_odd": 1.26,
                "home_handicap_-1.5_odd": 3.47,
                "away_handicap_1.0_odd": 1.4,
                "home_handicap_-1.0_odd": 2.7,
                "away_handicap_-0.5_odd": 3.75,
                "home_handicap_0.5_odd": 1.23,
                "first_half_under_1.75_odd": 1.31,
                "first_half_over_1.75_odd": 3.15,
                "first_half_under_1.25_odd": 1.65,
                "first_half_over_1.25_odd": 2.1,
                "first_half_under_0.75_odd": 2.55,
                "first_half_over_0.75_odd": 1.45,
                "first_half_under_1.0_odd": 2.05,
                "first_half_over_1.0_odd": 1.68,
                "away_first_half_handicap_1.25_odd": 1.12,
                "home_first_half_handicap_-1.25_odd": 5.35,
                "away_first_half_handicap_1.0_odd": 1.15,
                "home_first_half_handicap_-1.0_odd": 4.75,
                "home_first_half_handicap_-0.75_odd": 3.0,
                "away_first_half_handicap_0.75_odd": 1.34,
                "home_first_half_handicap_-0.5_odd": 2.35,
                "away_first_half_handicap_0.5_odd": 1.53,
                "home_first_half_handicap_0.0_odd": 1.47,
                "away_first_half_handicap_0.0_odd": 2.5,
                "home_first_half_handicap_0.75_odd": 1.12,
                "away_first_half_handicap_-0.75_odd": 5.35,
                "away_first_half_handicap_-0.25_odd": 3.25,
                "home_first_half_handicap_0.25_odd": 1.29,
                "away_first_half_handicap_-0.5_odd": 3.9,
                "home_first_half_handicap_0.5_odd": 1.21,
                "2_odd": 3.84,
                "1_odd": 1.84,
                "draw_odd": 3.17,
                "away_first_half_over_1.0_odd": 5.85,
                "away_first_half_under_1.0_odd": 1.1,
                "corners_under_10.0_odd": 1.62,
                "corners_over_10.0_odd": 2.15,
                "corners_under_9.0_odd": 2.12,
                "corners_over_9.0_odd": 1.64,
                "corners_under_9.5_odd": 1.83,
                "corners_over_9.5_odd": 1.87,
                "away_first_half_handicap_0.25_odd": 1.78,
                "home_first_half_handicap_-0.25_odd": 1.92,
                "away_handicap_-0.75_odd": 4.57,
                "home_handicap_0.75_odd": 1.16,
                "away_handicap_1.75_odd": 1.18,
                "home_handicap_-1.75_odd": 4.3,
                "away_handicap_0.25_odd": 2.15,
                "home_handicap_-0.25_odd": 1.62,
                "away_handicap_-0.25_odd": 3.25,
                "home_handicap_0.25_odd": 1.29,
                "away_handicap_0.0_odd": 2.8,
                "home_handicap_0.0_odd": 1.38,
                "away_handicap_1.25_odd": 1.32,
                "home_handicap_-1.25_odd": 3.1
            },
            {
                "match_id": 27625111,
                "date": "27/07/2025",
                "time": "04:05",
                "home_team": "Club Necaxa",
                "away_team": "Club America",
                "match_url": "https://www.asbet.org/en/sports/pre-match/event-view/Soccer/Mexico/1951/liga-mx/27625111/club-necaxa-club-america",
                "corners_over_9.0_odd": 1.6,
                "corners_under_9.0_odd": 2.2,
                "over_1.5_odd": 1.21,
                "under_1.5_odd": 3.9,
                "over_2.0_odd": 1.31,
                "under_2.0_odd": 3.15,
                "over_4.0_odd": 4.05,
                "under_4.0_odd": 1.2,
                "under_2.75_odd": 1.85,
                "over_2.75_odd": 1.85,
                "under_3.5_odd": 1.42,
                "over_3.5_odd": 2.65,
                "both_noscore_odd": 2.21,
                "both_score_odd": 1.59,
                "away_over_2.75_odd": 4.57,
                "away_under_2.75_odd": 1.16,
                "away_over_2.25_odd": 3.2,
                "away_under_2.25_odd": 1.3,
                "away_over_1.75_odd": 2.15,
                "away_under_1.75_odd": 1.62,
                "away_over_1.25_odd": 1.58,
                "away_under_1.25_odd": 2.23,
                "away_over_0.75_odd": 1.21,
                "away_under_0.75_odd": 3.9,
                "away_over_2.5_odd": 3.65,
                "away_under_2.5_odd": 1.24,
                "away_over_2.0_odd": 2.75,
                "away_under_2.0_odd": 1.39,
                "away_over_1.5_odd": 1.86,
                "away_under_1.5_odd": 1.84,
                "away_over_1.0_odd": 1.29,
                "away_under_1.0_odd": 3.25,
                "away_over_0.5_odd": 1.17,
                "away_under_0.5_odd": 4.42,
                "home_over_2.25_odd": 5.35,
                "home_under_2.25_odd": 1.12,
                "home_over_1.75_odd": 3.25,
                "home_under_1.75_odd": 1.29,
                "home_over_1.25_odd": 2.15,
                "home_under_1.25_odd": 1.62,
                "home_over_0.75_odd": 1.45,
                "home_under_0.75_odd": 2.55,
                "home_over_2.0_odd": 4.9,
                "home_under_2.0_odd": 1.14,
                "home_over_1.5_odd": 2.55,
                "home_under_1.5_odd": 1.45,
                "home_over_1.0_odd": 1.7,
                "home_under_1.0_odd": 2.02,
                "home_over_0.5_odd": 1.33,
                "home_under_0.5_odd": 3.05,
                "X2_odd": 1.29,
                "12_odd": 1.28,
                "1X_odd": 1.75,
                "second_half_over_3.5_odd": 7.5,
                "second_half_under_3.5_odd": 1.055,
                "second_half_over_3.0_odd": 6.9,
                "second_half_under_3.0_odd": 1.07,
                "second_half_over_2.5_odd": 3.75,
                "second_half_under_2.5_odd": 1.23,
                "second_half_over_2.0_odd": 2.87,
                "second_half_under_2.0_odd": 1.36,
                "second_half_over_1.5_odd": 1.89,
                "second_half_under_1.5_odd": 1.81,
                "second_half_over_1.0_odd": 1.33,
                "second_half_under_1.0_odd": 3.05,
                "second_half_over_0.5_odd": 1.19,
                "second_half_under_0.5_odd": 4.15,
                "home_second_half_handicap_1.5_odd": 1.13,
                "away_second_half_handicap_-1.5_odd": 5.1,
                "home_second_half_handicap_1.0_odd": 1.19,
                "away_second_half_handicap_-1.0_odd": 4.15,
                "home_second_half_handicap_0.0_odd": 2.33,
                "away_second_half_handicap_0.0_odd": 1.54,
                "away_first_half_under_1.25_odd": 1.21,
                "away_first_half_over_1.25_odd": 3.9,
                "away_first_half_under_0.75_odd": 1.62,
                "away_first_half_over_0.75_odd": 2.15,
                "away_first_half_under_1.5_odd": 1.16,
                "away_first_half_over_1.5_odd": 4.57,
                "away_first_half_under_1.0_odd": 1.3,
                "away_first_half_over_1.0_odd": 3.2,
                "away_first_half_under_0.5_odd": 1.94,
                "away_first_half_over_0.5_odd": 1.76,
                "home_first_half_under_0.75_odd": 1.36,
                "home_first_half_over_0.75_odd": 2.87,
                "home_first_half_under_1.0_odd": 1.13,
                "home_first_half_over_1.0_odd": 5.1,
                "home_first_half_under_0.5_odd": 1.6,
                "home_first_half_over_0.5_odd": 2.2,
                "home_first_half_handicap_0.0_odd": 2.33,
                "away_first_half_handicap_0.0_odd": 1.54,
                "first_half_over_1.5_odd": 2.44,
                "first_half_under_1.5_odd": 1.49,
                "over_3.75_odd": 3.15,
                "under_3.75_odd": 1.31,
                "over_3.25_odd": 2.39,
                "under_3.25_odd": 1.51,
                "over_2.25_odd": 1.49,
                "under_2.25_odd": 2.44,
                "home_handicap_1.25_odd": 1.3,
                "away_handicap_-1.25_odd": 3.2,
                "home_handicap_1.5_odd": 1.25,
                "away_handicap_-1.5_odd": 3.57,
                "first_half_over_0.75_odd": 1.42,
                "first_half_under_0.75_odd": 2.65,
                "first_half_over_1.0_odd": 1.63,
                "first_half_under_1.0_odd": 2.13,
                "first_half_over_0.5_odd": 1.31,
                "first_half_under_0.5_odd": 3.15,
                "home_first_half_handicap_-0.75_odd": 4.9,
                "away_first_half_handicap_0.75_odd": 1.14,
                "home_first_half_handicap_-0.25_odd": 3.0,
                "away_first_half_handicap_0.25_odd": 1.34,
                "home_first_half_handicap_-0.5_odd": 3.65,
                "away_first_half_handicap_0.5_odd": 1.24,
                "home_first_half_handicap_1.0_odd": 1.13,
                "away_first_half_handicap_-1.0_odd": 5.1,
                "home_first_half_handicap_0.75_odd": 1.31,
                "away_first_half_handicap_-0.75_odd": 3.15,
                "home_first_half_handicap_0.5_odd": 1.48,
                "away_first_half_handicap_-0.5_odd": 2.45,
                "under_1.75_odd": 3.57,
                "over_1.75_odd": 1.25,
                "under_3.0_odd": 1.63,
                "over_3.0_odd": 2.13,
                "under_2.5_odd": 2.07,
                "over_2.5_odd": 1.67,
                "away_handicap_0.75_odd": 1.2,
                "home_handicap_-0.75_odd": 4.05,
                "away_handicap_0.25_odd": 1.37,
                "home_handicap_-0.25_odd": 2.85,
                "away_handicap_0.0_odd": 1.48,
                "home_handicap_0.0_odd": 2.45,
                "home_handicap_1.75_odd": 1.17,
                "away_handicap_-1.75_odd": 4.42,
                "away_handicap_-0.75_odd": 2.25,
                "home_handicap_0.75_odd": 1.57,
                "away_handicap_-0.25_odd": 1.72,
                "home_handicap_0.25_odd": 2.0,
                "away_handicap_-1.0_odd": 2.8,
                "home_handicap_1.0_odd": 1.38,
                "first_half_under_1.75_odd": 1.33,
                "first_half_over_1.75_odd": 3.05,
                "first_half_under_1.25_odd": 1.69,
                "first_half_over_1.25_odd": 2.04,
                "home_handicap_-0.5_odd": 3.2,
                "away_handicap_0.5_odd": 1.3,
                "draw_odd": 3.39,
                "2_odd": 1.93,
                "1_odd": 3.26,
                "corners_under_10.0_odd": 1.66,
                "corners_over_10.0_odd": 2.08,
                "corners_under_9.5_odd": 1.88,
                "corners_over_9.5_odd": 1.82,
                "away_first_half_handicap_-0.25_odd": 2.0,
                "home_first_half_handicap_0.25_odd": 1.72,
                "away_handicap_-0.5_odd": 1.93,
                "home_handicap_0.5_odd": 1.77
            },
            {
                "match_id": 27626369,
                "date": "27/07/2025",
                "time": "02:00",
                "home_team": "CF Monterrey",
                "away_team": "Club Atlas De Guadalajara",
                "match_url": "https://www.asbet.org/en/sports/pre-match/event-view/Soccer/Mexico/1951/liga-mx/27626369/cf-monterrey-club-atlas-de-guadalajara",
                "away_handicap_0.5_odd": 2.4,
                "home_handicap_-0.5_odd": 1.5,
                "away_handicap_2.25_odd": 1.21,
                "home_handicap_-2.25_odd": 3.9,
                "away_handicap_1.5_odd": 1.51,
                "home_handicap_-1.5_odd": 2.39,
                "away_handicap_2.0_odd": 1.24,
                "home_handicap_-2.0_odd": 3.65,
                "away_handicap_1.25_odd": 1.64,
                "home_handicap_-1.25_odd": 2.12,
                "home_handicap_-0.25_odd": 1.35,
                "away_handicap_0.25_odd": 2.95,
                "home_handicap_-1.75_odd": 2.8,
                "away_handicap_1.75_odd": 1.38,
                "away_handicap_1.0_odd": 1.86,
                "home_handicap_-1.0_odd": 1.84,
                "away_handicap_0.75_odd": 2.13,
                "home_handicap_-0.75_odd": 1.63,
                "away_handicap_2.5_odd": 1.18,
                "home_handicap_-2.5_odd": 4.3,
                "away_handicap_-0.25_odd": 4.42,
                "home_handicap_0.25_odd": 1.17,
                "away_handicap_2.75_odd": 1.12,
                "home_handicap_-2.75_odd": 5.35,
                "away_handicap_-0.5_odd": 4.9,
                "home_handicap_0.5_odd": 1.14,
                "second_half_over_3.5_odd": 7.5,
                "second_half_under_3.5_odd": 1.055,
                "second_half_over_3.0_odd": 6.9,
                "second_half_under_3.0_odd": 1.07,
                "second_half_over_2.5_odd": 3.75,
                "second_half_under_2.5_odd": 1.23,
                "second_half_over_2.0_odd": 2.87,
                "second_half_under_2.0_odd": 1.36,
                "second_half_over_1.5_odd": 1.89,
                "second_half_under_1.5_odd": 1.81,
                "second_half_over_1.0_odd": 1.32,
                "second_half_under_1.0_odd": 3.1,
                "second_half_over_0.5_odd": 1.19,
                "second_half_under_0.5_odd": 4.15,
                "home_second_half_handicap_-1.5_odd": 3.83,
                "away_second_half_handicap_1.5_odd": 1.22,
                "home_second_half_handicap_-1.0_odd": 2.85,
                "away_second_half_handicap_1.0_odd": 1.37,
                "home_second_half_handicap_0.0_odd": 1.27,
                "away_second_half_handicap_0.0_odd": 3.4,
                "away_first_half_over_0.75_odd": 3.75,
                "away_first_half_under_0.75_odd": 1.23,
                "away_first_half_over_0.5_odd": 2.68,
                "away_first_half_under_0.5_odd": 1.41,
                "home_first_half_over_1.75_odd": 4.9,
                "home_first_half_under_1.75_odd": 1.14,
                "home_first_half_over_1.25_odd": 3.15,
                "home_first_half_under_1.25_odd": 1.31,
                "home_first_half_over_0.75_odd": 1.85,
                "home_first_half_under_0.75_odd": 1.85,
                "home_first_half_over_1.5_odd": 3.75,
                "home_first_half_under_1.5_odd": 1.23,
                "home_first_half_over_1.0_odd": 2.52,
                "home_first_half_under_1.0_odd": 1.46,
                "home_first_half_over_0.5_odd": 1.58,
                "home_first_half_under_0.5_odd": 2.23,
                "both_noscore_odd": 1.91,
                "both_score_odd": 1.79,
                "away_under_1.75_odd": 1.14,
                "away_over_1.75_odd": 4.9,
                "away_under_1.25_odd": 1.32,
                "away_over_1.25_odd": 3.1,
                "away_under_0.75_odd": 1.88,
                "away_over_0.75_odd": 1.82,
                "away_under_1.5_odd": 1.24,
                "away_over_1.5_odd": 3.65,
                "away_under_1.0_odd": 1.48,
                "away_over_1.0_odd": 2.45,
                "away_under_0.5_odd": 2.27,
                "away_over_0.5_odd": 1.56,
                "home_under_3.25_odd": 1.13,
                "home_over_3.25_odd": 5.1,
                "home_under_2.75_odd": 1.27,
                "home_over_2.75_odd": 3.4,
                "home_under_2.25_odd": 1.49,
                "home_over_2.25_odd": 2.44,
                "home_under_1.75_odd": 1.94,
                "home_over_1.75_odd": 1.76,
                "home_under_1.25_odd": 2.8,
                "home_over_1.25_odd": 1.38,
                "home_under_0.75_odd": 4.9,
                "home_over_0.75_odd": 1.14,
                "home_under_3.5_odd": 1.12,
                "home_over_3.5_odd": 5.35,
                "home_under_3.0_odd": 1.16,
                "home_over_3.0_odd": 4.57,
                "home_under_2.5_odd": 1.39,
                "home_over_2.5_odd": 2.75,
                "home_under_2.0_odd": 1.66,
                "home_over_2.0_odd": 2.08,
                "home_under_1.5_odd": 2.23,
                "home_over_1.5_odd": 1.58,
                "home_under_1.0_odd": 4.42,
                "home_over_1.0_odd": 1.17,
                "home_under_0.5_odd": 5.55,
                "home_over_0.5_odd": 1.11,
                "X2_odd": 2.42,
                "1X_odd": 1.13,
                "12_odd": 1.21,
                "away_first_half_handicap_0.25_odd": 2.15,
                "home_first_half_handicap_-0.25_odd": 1.62,
                "first_half_over_1.75_odd": 3.05,
                "first_half_under_1.75_odd": 1.33,
                "first_half_over_0.75_odd": 1.42,
                "first_half_under_0.75_odd": 2.65,
                "first_half_over_1.5_odd": 2.4,
                "first_half_under_1.5_odd": 1.5,
                "first_half_over_1.0_odd": 1.62,
                "first_half_under_1.0_odd": 2.15,
                "first_half_over_0.5_odd": 1.31,
                "first_half_under_0.5_odd": 3.15,
                "home_first_half_handicap_-1.25_odd": 4.15,
                "away_first_half_handicap_1.25_odd": 1.19,
                "home_first_half_handicap_-1.5_odd": 4.75,
                "away_first_half_handicap_1.5_odd": 1.15,
                "home_first_half_handicap_-1.0_odd": 3.57,
                "away_first_half_handicap_1.0_odd": 1.25,
                "home_first_half_handicap_-0.75_odd": 2.44,
                "away_first_half_handicap_0.75_odd": 1.49,
                "home_first_half_handicap_0.0_odd": 1.28,
                "away_first_half_handicap_0.0_odd": 3.3,
                "home_first_half_handicap_0.25_odd": 1.19,
                "away_first_half_handicap_-0.25_odd": 4.15,
                "home_first_half_handicap_0.5_odd": 1.14,
                "away_first_half_handicap_-0.5_odd": 4.9,
                "home_first_half_handicap_-0.5_odd": 2.0,
                "away_first_half_handicap_0.5_odd": 1.72,
                "first_half_over_1.25_odd": 2.02,
                "first_half_under_1.25_odd": 1.7,
                "under_3.75_odd": 1.3,
                "over_3.75_odd": 3.2,
                "under_3.25_odd": 1.5,
                "over_3.25_odd": 2.4,
                "over_2.25_odd": 1.5,
                "under_2.25_odd": 2.4,
                "over_1.75_odd": 1.26,
                "under_1.75_odd": 3.47,
                "over_4.0_odd": 4.05,
                "under_4.0_odd": 1.2,
                "over_2.5_odd": 1.68,
                "under_2.5_odd": 2.05,
                "over_2.0_odd": 1.31,
                "under_2.0_odd": 3.15,
                "over_1.5_odd": 1.21,
                "under_1.5_odd": 3.9,
                "over_2.75_odd": 1.86,
                "under_2.75_odd": 1.84,
                "draw_odd": 3.96,
                "2_odd": 5.2,
                "1_odd": 1.48,
                "corners_over_10.0_odd": 2.1,
                "corners_under_10.0_odd": 1.65,
                "corners_over_9.0_odd": 1.61,
                "corners_under_9.0_odd": 2.17,
                "corners_over_9.5_odd": 1.83,
                "corners_under_9.5_odd": 1.87,
                "over_3.0_odd": 2.15,
                "under_3.0_odd": 1.62,
                "over_3.5_odd": 2.68,
                "under_3.5_odd": 1.41,
                "away_handicap_0.0_odd": 4.05,
                "home_handicap_0.0_odd": 1.2
            }
        ]
    }
]