[
    {
        "last_updated": "2025-07-24T20:52:17.473249+01:00"
    },
    {
        "tournament_name": "Eliteserie",
        "tournament_id": 562,
        "matches": [
            {
                "match_id": 27575419,
                "date": "26/07/2025",
                "time": "15:00",
                "home_team": "Sandefjord Fotball",
                "away_team": "Sarpsborg 08 FF",
                "match_url": "https://www.asbet.org/en/sports/pre-match/event-view/Soccer/Norway/562/eliteserie/27575419/sandefjord-fotball-sarpsborg-ff",
                "home_over_2.75_odd": 4.05,
                "home_under_2.75_odd": 1.2,
                "away_first_half_over_0.75_odd": 2.52,
                "away_first_half_under_0.75_odd": 1.46,
                "away_first_half_under_0.5_odd": 1.73,
                "away_first_half_over_0.5_odd": 1.97,
                "home_first_half_under_1.25_odd": 1.24,
                "home_first_half_over_1.25_odd": 3.65,
                "home_first_half_under_0.75_odd": 1.7,
                "home_first_half_over_0.75_odd": 2.02,
                "home_first_half_under_1.0_odd": 1.35,
                "home_first_half_over_1.0_odd": 2.95,
                "home_first_half_under_0.5_odd": 2.02,
                "home_first_half_over_0.5_odd": 1.7,
                "both_score_odd": 1.47,
                "both_noscore_odd": 2.5,
                "away_over_1.75_odd": 2.65,
                "away_under_1.75_odd": 1.42,
                "away_over_1.25_odd": 1.83,
                "away_under_1.25_odd": 1.87,
                "away_over_0.75_odd": 1.33,
                "away_under_0.75_odd": 3.05,
                "away_over_2.0_odd": 3.75,
                "away_under_2.0_odd": 1.23,
                "away_over_1.5_odd": 2.17,
                "away_under_1.5_odd": 1.61,
                "away_over_1.0_odd": 1.48,
                "away_under_1.0_odd": 2.45,
                "away_over_0.5_odd": 1.25,
                "away_under_0.5_odd": 3.57,
                "home_over_2.25_odd": 2.85,
                "home_under_2.25_odd": 1.37,
                "home_under_1.75_odd": 1.73,
                "home_over_1.75_odd": 1.97,
                "home_over_1.25_odd": 1.5,
                "home_under_1.25_odd": 2.4,
                "home_over_2.5_odd": 3.25,
                "home_under_2.5_odd": 1.29,
                "home_under_2.0_odd": 1.48,
                "home_over_2.0_odd": 2.45,
                "home_under_1.5_odd": 1.96,
                "home_over_1.5_odd": 1.74,
                "home_over_1.0_odd": 1.24,
                "home_under_1.0_odd": 3.65,
                "12_odd": 1.25,
                "X2_odd": 1.71,
                "1X_odd": 1.35,
                "home_first_half_handicap_0.25_odd": 1.39,
                "away_first_half_handicap_-0.25_odd": 2.75,
                "home_first_half_handicap_-0.25_odd": 2.02,
                "away_first_half_handicap_0.25_odd": 1.7,
                "away_first_half_handicap_0.5_odd": 1.48,
                "home_first_half_handicap_-0.5_odd": 2.45,
                "away_first_half_handicap_0.0_odd": 2.2,
                "home_first_half_handicap_0.0_odd": 1.6,
                "first_half_over_1.75_odd": 2.65,
                "first_half_under_1.75_odd": 1.42,
                "first_half_under_0.75_odd": 3.0,
                "first_half_over_0.75_odd": 1.34,
                "first_half_over_1.5_odd": 2.2,
                "first_half_under_1.5_odd": 1.6,
                "first_half_under_1.0_odd": 2.44,
                "first_half_over_1.0_odd": 1.49,
                "first_half_under_1.25_odd": 1.85,
                "first_half_over_1.25_odd": 1.85,
                "away_handicap_0.75_odd": 1.55,
                "home_handicap_-0.75_odd": 2.3,
                "home_handicap_-0.25_odd": 1.78,
                "away_handicap_0.25_odd": 1.92,
                "home_handicap_0.75_odd": 1.25,
                "away_handicap_-0.75_odd": 3.57,
                "home_handicap_0.25_odd": 1.44,
                "away_handicap_-0.25_odd": 2.59,
                "away_handicap_-0.5_odd": 2.87,
                "home_handicap_0.5_odd": 1.36,
                "home_handicap_-1.25_odd": 3.15,
                "away_handicap_1.25_odd": 1.31,
                "away_handicap_1.0_odd": 1.37,
                "home_handicap_-1.0_odd": 2.85,
                "home_handicap_-0.5_odd": 2.0,
                "away_handicap_0.5_odd": 1.72,
                "away_handicap_0.0_odd": 2.27,
                "home_handicap_0.0_odd": 1.56,
                "over_4.25_odd": 3.47,
                "under_4.25_odd": 1.26,
                "over_3.75_odd": 2.59,
                "under_3.75_odd": 1.44,
                "under_3.25_odd": 1.7,
                "over_3.25_odd": 2.02,
                "under_2.75_odd": 2.17,
                "over_2.75_odd": 1.61,
                "over_2.25_odd": 1.36,
                "under_2.25_odd": 2.87,
                "over_4.0_odd": 3.2,
                "under_4.0_odd": 1.3,
                "over_3.5_odd": 2.25,
                "under_3.5_odd": 1.57,
                "under_2.5_odd": 2.39,
                "over_2.5_odd": 1.51,
                "over_3.0_odd": 1.79,
                "under_3.0_odd": 1.91,
                "2_odd": 2.91,
                "1_odd": 1.98,
                "draw_odd": 3.67,
                "away_handicap_1.5_odd": 1.26,
                "home_handicap_-1.5_odd": 3.47
            },
            {
                "match_id": 27575420,
                "date": "26/07/2025",
                "time": "15:00",
                "home_team": "Kristiansund BK",
                "away_team": "KFUM Oslo",
                "match_url": "https://www.asbet.org/en/sports/pre-match/event-view/Soccer/Norway/562/eliteserie/27575420/kristiansund-bk-kfum-oslo",
                "away_first_half_over_1.0_odd": 4.05,
                "away_first_half_under_1.0_odd": 1.2,
                "away_first_half_under_0.75_odd": 1.47,
                "away_first_half_over_0.75_odd": 2.5,
                "away_first_half_under_0.5_odd": 1.74,
                "away_first_half_over_0.5_odd": 1.96,
                "home_first_half_under_0.75_odd": 1.33,
                "home_first_half_over_0.75_odd": 3.05,
                "home_first_half_under_0.5_odd": 1.55,
                "home_first_half_over_0.5_odd": 2.3,
                "both_noscore_odd": 1.96,
                "both_score_odd": 1.74,
                "away_over_1.75_odd": 2.65,
                "away_under_1.75_odd": 1.42,
                "away_over_1.25_odd": 1.83,
                "away_under_1.25_odd": 1.87,
                "away_over_0.75_odd": 1.32,
                "away_under_0.75_odd": 3.1,
                "away_over_2.0_odd": 3.65,
                "away_under_2.0_odd": 1.24,
                "away_over_1.5_odd": 2.17,
                "away_under_1.5_odd": 1.61,
                "away_over_1.0_odd": 1.47,
                "away_under_1.0_odd": 2.5,
                "away_over_0.5_odd": 1.24,
                "away_under_0.5_odd": 3.65,
                "home_over_1.75_odd": 3.47,
                "home_under_1.75_odd": 1.26,
                "home_over_1.25_odd": 2.3,
                "home_under_1.25_odd": 1.55,
                "home_over_0.75_odd": 1.51,
                "home_under_0.75_odd": 2.39,
                "home_over_1.5_odd": 2.75,
                "home_under_1.5_odd": 1.39,
                "home_over_1.0_odd": 1.82,
                "home_under_1.0_odd": 1.88,
                "home_over_0.5_odd": 1.37,
                "home_under_0.5_odd": 2.85,
                "12_odd": 1.31,
                "X2_odd": 1.34,
                "1X_odd": 1.62,
                "away_first_half_handicap_0.25_odd": 1.37,
                "home_first_half_handicap_-0.25_odd": 2.85,
                "home_first_half_handicap_0.25_odd": 1.6,
                "away_first_half_handicap_-0.25_odd": 2.2,
                "away_first_half_handicap_0.0_odd": 1.61,
                "home_first_half_handicap_0.0_odd": 2.17,
                "home_first_half_handicap_0.5_odd": 1.4,
                "away_first_half_handicap_-0.5_odd": 2.7,
                "first_half_over_1.25_odd": 2.37,
                "first_half_under_1.25_odd": 1.52,
                "first_half_under_0.75_odd": 2.3,
                "first_half_over_0.75_odd": 1.55,
                "first_half_under_1.5_odd": 1.38,
                "first_half_over_1.5_odd": 2.8,
                "first_half_under_0.5_odd": 2.75,
                "first_half_over_0.5_odd": 1.39,
                "first_half_under_1.0_odd": 1.83,
                "first_half_over_1.0_odd": 1.87,
                "home_handicap_0.0_odd": 2.23,
                "away_handicap_0.0_odd": 1.58,
                "home_handicap_1.0_odd": 1.28,
                "away_handicap_-1.0_odd": 3.3,
                "away_handicap_0.25_odd": 1.44,
                "home_handicap_-0.25_odd": 2.59,
                "away_handicap_0.5_odd": 1.34,
                "home_handicap_-0.5_odd": 3.0,
                "away_handicap_-0.75_odd": 2.52,
                "home_handicap_0.75_odd": 1.46,
                "away_handicap_-0.5_odd": 2.13,
                "home_handicap_0.5_odd": 1.63,
                "away_handicap_-0.25_odd": 1.84,
                "home_handicap_0.25_odd": 1.86,
                "over_3.25_odd": 3.0,
                "under_3.25_odd": 1.34,
                "under_2.75_odd": 1.61,
                "over_2.75_odd": 2.17,
                "over_2.25_odd": 1.69,
                "under_2.25_odd": 2.04,
                "over_1.75_odd": 1.36,
                "under_1.75_odd": 2.87,
                "over_3.5_odd": 3.25,
                "under_3.5_odd": 1.29,
                "over_3.0_odd": 2.65,
                "under_3.0_odd": 1.42,
                "under_2.0_odd": 2.5,
                "over_2.0_odd": 1.47,
                "over_1.5_odd": 1.3,
                "under_1.5_odd": 3.2,
                "over_2.5_odd": 1.91,
                "under_2.5_odd": 1.79,
                "2_odd": 2.15,
                "1_odd": 3.05,
                "draw_odd": 3.26,
                "away_over_2.25_odd": 4.15,
                "away_under_2.25_odd": 1.19
            },
            {
                "match_id": 27575421,
                "date": "26/07/2025",
                "time": "15:00",
                "home_team": "FK Haugesund",
                "away_team": "HamKam",
                "match_url": "https://www.asbet.org/en/sports/pre-match/event-view/Soccer/Norway/562/eliteserie/27575421/fk-haugesund-hamkam",
                "away_first_half_under_0.75_odd": 1.52,
                "away_first_half_over_0.75_odd": 2.37,
                "away_first_half_under_1.0_odd": 1.22,
                "away_first_half_over_1.0_odd": 3.83,
                "away_first_half_under_0.5_odd": 1.82,
                "away_first_half_over_0.5_odd": 1.88,
                "home_first_half_under_0.75_odd": 1.39,
                "home_first_half_over_0.75_odd": 2.75,
                "home_first_half_under_0.5_odd": 1.64,
                "home_first_half_over_0.5_odd": 2.12,
                "both_score_odd": 1.62,
                "both_noscore_odd": 2.15,
                "away_over_2.25_odd": 3.83,
                "away_under_2.25_odd": 1.22,
                "away_over_1.75_odd": 2.5,
                "away_under_1.75_odd": 1.47,
                "away_over_1.25_odd": 1.74,
                "away_under_1.25_odd": 1.96,
                "away_over_0.75_odd": 1.28,
                "away_under_0.75_odd": 3.3,
                "away_over_2.0_odd": 3.4,
                "away_under_2.0_odd": 1.27,
                "away_over_1.5_odd": 2.07,
                "away_under_1.5_odd": 1.67,
                "away_over_1.0_odd": 1.4,
                "away_under_1.0_odd": 2.7,
                "away_over_0.5_odd": 1.21,
                "away_under_0.5_odd": 3.9,
                "home_over_1.75_odd": 3.1,
                "home_under_1.75_odd": 1.32,
                "home_over_1.25_odd": 2.07,
                "home_under_1.25_odd": 1.67,
                "home_over_0.75_odd": 1.41,
                "home_under_0.75_odd": 2.68,
                "home_over_1.5_odd": 2.45,
                "home_under_1.5_odd": 1.48,
                "home_over_1.0_odd": 1.63,
                "home_under_1.0_odd": 2.13,
                "home_over_0.5_odd": 1.31,
                "home_under_0.5_odd": 3.15,
                "12_odd": 1.31,
                "X2_odd": 1.36,
                "1X_odd": 1.6,
                "away_first_half_handicap_-0.25_odd": 2.21,
                "home_first_half_handicap_0.25_odd": 1.59,
                "away_first_half_handicap_0.25_odd": 1.4,
                "home_first_half_handicap_-0.25_odd": 2.7,
                "away_first_half_handicap_-0.5_odd": 2.7,
                "home_first_half_handicap_0.5_odd": 1.4,
                "away_first_half_handicap_0.0_odd": 1.66,
                "home_first_half_handicap_0.0_odd": 2.08,
                "first_half_under_1.25_odd": 1.62,
                "first_half_over_1.25_odd": 2.15,
                "first_half_under_0.75_odd": 2.52,
                "first_half_over_0.75_odd": 1.46,
                "first_half_under_1.5_odd": 1.45,
                "first_half_over_1.5_odd": 2.55,
                "first_half_under_0.5_odd": 3.0,
                "first_half_over_0.5_odd": 1.34,
                "first_half_under_1.0_odd": 2.01,
                "first_half_over_1.0_odd": 1.71,
                "home_handicap_-0.75_odd": 3.57,
                "away_handicap_0.75_odd": 1.25,
                "home_handicap_-0.25_odd": 2.52,
                "away_handicap_0.25_odd": 1.46,
                "home_handicap_0.75_odd": 1.45,
                "away_handicap_-0.75_odd": 2.55,
                "home_handicap_1.0_odd": 1.27,
                "away_handicap_-1.0_odd": 3.4,
                "home_handicap_0.0_odd": 2.17,
                "away_handicap_0.0_odd": 1.61,
                "home_handicap_0.25_odd": 1.8,
                "away_handicap_-0.25_odd": 1.9,
                "home_handicap_-0.5_odd": 2.85,
                "away_handicap_0.5_odd": 1.37,
                "home_handicap_0.5_odd": 1.61,
                "away_handicap_-0.5_odd": 2.17,
                "over_3.75_odd": 3.47,
                "under_3.75_odd": 1.26,
                "over_3.25_odd": 2.59,
                "under_3.25_odd": 1.44,
                "over_2.25_odd": 1.57,
                "under_2.25_odd": 2.25,
                "over_1.75_odd": 1.29,
                "under_1.75_odd": 3.25,
                "over_3.5_odd": 2.87,
                "under_3.5_odd": 1.36,
                "over_3.0_odd": 2.33,
                "under_3.0_odd": 1.54,
                "over_2.5_odd": 1.76,
                "under_2.5_odd": 1.94,
                "over_2.0_odd": 1.37,
                "under_2.0_odd": 2.85,
                "over_1.5_odd": 1.24,
                "under_1.5_odd": 3.65,
                "over_2.75_odd": 1.95,
                "under_2.75_odd": 1.75,
                "draw_odd": 3.3,
                "2_odd": 2.19,
                "1_odd": 2.94
            },
            {
                "match_id": 27575422,
                "date": "26/07/2025",
                "time": "17:00",
                "home_team": "FK Bodo/Glimt",
                "away_team": "Valerenga",
                "match_url": "https://www.asbet.org/en/sports/pre-match/event-view/Soccer/Norway/562/eliteserie/27575422/fk-bodoglimt-valerenga",
                "away_first_half_under_0.75_odd": 1.23,
                "away_first_half_over_0.75_odd": 3.75,
                "away_first_half_under_0.5_odd": 1.4,
                "away_first_half_over_0.5_odd": 2.7,
                "home_first_half_under_1.75_odd": 1.39,
                "home_first_half_over_1.75_odd": 2.75,
                "home_first_half_under_1.25_odd": 1.8,
                "home_first_half_over_1.25_odd": 1.9,
                "home_first_half_under_0.75_odd": 2.85,
                "home_first_half_over_0.75_odd": 1.37,
                "home_first_half_under_1.5_odd": 1.57,
                "home_first_half_over_1.5_odd": 2.25,
                "home_first_half_under_1.0_odd": 2.35,
                "home_first_half_over_1.0_odd": 1.53,
                "home_first_half_under_0.5_odd": 3.3,
                "home_first_half_over_0.5_odd": 1.28,
                "first_half_under_1.75_odd": 1.72,
                "first_half_over_1.75_odd": 2.0,
                "first_half_under_1.25_odd": 2.39,
                "first_half_over_1.25_odd": 1.51,
                "away_first_half_handicap_1.25_odd": 1.5,
                "home_first_half_handicap_-1.25_odd": 2.4,
                "away_first_half_handicap_1.5_odd": 1.39,
                "home_first_half_handicap_-1.5_odd": 2.75,
                "away_first_half_handicap_0.75_odd": 2.04,
                "home_first_half_handicap_-0.75_odd": 1.69,
                "away_first_half_handicap_0.5_odd": 2.37,
                "home_first_half_handicap_-0.5_odd": 1.52,
                "both_score_odd": 1.62,
                "both_noscore_odd": 2.15,
                "away_over_1.25_odd": 3.05,
                "away_under_1.25_odd": 1.33,
                "away_over_0.75_odd": 1.82,
                "away_under_0.75_odd": 1.88,
                "away_over_1.5_odd": 3.65,
                "away_under_1.5_odd": 1.24,
                "away_over_1.0_odd": 2.44,
                "away_under_1.0_odd": 1.49,
                "away_under_0.5_odd": 2.27,
                "away_over_0.5_odd": 1.56,
                "home_under_3.75_odd": 1.38,
                "home_over_3.75_odd": 2.8,
                "home_under_3.25_odd": 1.62,
                "home_over_3.25_odd": 2.15,
                "home_under_2.75_odd": 2.04,
                "home_over_2.75_odd": 1.69,
                "home_under_2.25_odd": 2.7,
                "home_over_2.25_odd": 1.4,
                "home_under_1.75_odd": 4.05,
                "home_over_1.75_odd": 1.2,
                "home_under_3.5_odd": 1.51,
                "home_over_3.5_odd": 2.39,
                "home_under_3.0_odd": 1.8,
                "home_over_3.0_odd": 1.9,
                "home_under_2.5_odd": 2.3,
                "home_over_2.5_odd": 1.55,
                "home_over_2.0_odd": 1.24,
                "home_under_2.0_odd": 3.65,
                "over_4.75_odd": 2.75,
                "under_4.75_odd": 1.39,
                "over_4.25_odd": 2.17,
                "under_4.25_odd": 1.61,
                "over_3.75_odd": 1.76,
                "under_3.75_odd": 1.94,
                "over_3.25_odd": 1.48,
                "under_3.25_odd": 2.45,
                "over_2.75_odd": 1.28,
                "under_2.75_odd": 3.3,
                "home_handicap_-2.75_odd": 2.5,
                "away_handicap_2.75_odd": 1.47,
                "home_handicap_-2.25_odd": 1.96,
                "away_handicap_2.25_odd": 1.74,
                "home_handicap_-1.75_odd": 1.61,
                "away_handicap_1.75_odd": 2.17,
                "home_handicap_-1.25_odd": 1.38,
                "away_handicap_1.25_odd": 2.8,
                "12_odd": 1.09,
                "X2_odd": 4.4,
                "1X_odd": 1.05,
                "first_half_under_2.0_odd": 1.47,
                "first_half_over_2.0_odd": 2.5,
                "away_first_half_handicap_1.0_odd": 1.7,
                "home_first_half_handicap_-1.0_odd": 2.02,
                "first_half_under_1.5_odd": 1.95,
                "first_half_over_1.5_odd": 1.75,
                "under_3.0_odd": 3.05,
                "over_3.0_odd": 1.33,
                "away_handicap_2.5_odd": 1.61,
                "home_handicap_-2.5_odd": 2.17,
                "home_handicap_-2.0_odd": 1.77,
                "away_handicap_2.0_odd": 1.93,
                "over_4.5_odd": 2.39,
                "under_4.5_odd": 1.51,
                "under_4.0_odd": 1.76,
                "over_4.0_odd": 1.94,
                "over_2.5_odd": 1.24,
                "under_2.5_odd": 3.65,
                "away_handicap_1.0_odd": 3.57,
                "home_handicap_-1.0_odd": 1.25,
                "under_3.5_odd": 2.15,
                "over_3.5_odd": 1.62,
                "under_5.0_odd": 1.27,
                "over_5.0_odd": 3.4,
                "away_handicap_3.0_odd": 1.34,
                "home_handicap_-3.0_odd": 3.0,
                "away_handicap_3.5_odd": 1.25,
                "home_handicap_-3.5_odd": 3.57,
                "away_handicap_1.5_odd": 2.39,
                "home_handicap_-1.5_odd": 1.51,
                "2_odd": 9.5,
                "1_odd": 1.17,
                "draw_odd": 6.4,
                "away_handicap_3.25_odd": 1.29,
                "home_handicap_-3.25_odd": 3.25,
                "home_first_half_over_2.0_odd": 3.9,
                "home_first_half_under_2.0_odd": 1.21,
                "home_over_4.0_odd": 3.57,
                "home_under_4.0_odd": 1.25,
                "first_half_over_2.25_odd": 2.87,
                "first_half_under_2.25_odd": 1.36
            },
            {
                "match_id": 27581607,
                "date": "27/07/2025",
                "time": "13:30",
                "home_team": "Rosenborg",
                "away_team": "Tromso IL",
                "match_url": "https://www.asbet.org/en/sports/pre-match/event-view/Soccer/Norway/562/eliteserie/27581607/rosenborg-tromso-il",
                "away_first_half_handicap_-0.25_odd": 2.87,
                "home_first_half_handicap_0.25_odd": 1.36,
                "both_score_odd": 1.71,
                "both_noscore_odd": 2.01,
                "away_over_1.75_odd": 3.47,
                "away_under_1.75_odd": 1.26,
                "away_over_1.25_odd": 2.3,
                "away_under_1.25_odd": 1.55,
                "away_over_0.75_odd": 1.51,
                "away_under_0.75_odd": 2.39,
                "away_over_1.5_odd": 2.7,
                "away_under_1.5_odd": 1.4,
                "away_over_1.0_odd": 1.8,
                "away_under_1.0_odd": 1.9,
                "away_over_0.5_odd": 1.37,
                "away_under_0.5_odd": 2.85,
                "home_over_2.25_odd": 3.83,
                "home_under_2.25_odd": 1.22,
                "home_over_1.75_odd": 2.5,
                "home_under_1.75_odd": 1.47,
                "home_over_1.25_odd": 1.75,
                "home_under_1.25_odd": 1.95,
                "home_over_2.0_odd": 3.4,
                "home_under_2.0_odd": 1.27,
                "home_over_1.5_odd": 2.08,
                "home_under_1.5_odd": 1.66,
                "home_over_1.0_odd": 1.41,
                "home_under_1.0_odd": 2.68,
                "under_1.75_odd": 3.05,
                "over_1.75_odd": 1.33,
                "12_odd": 1.3,
                "X2_odd": 1.67,
                "1X_odd": 1.33,
                "away_first_half_under_0.75_odd": 1.34,
                "away_first_half_over_0.75_odd": 3.0,
                "away_first_half_over_0.5_odd": 2.27,
                "away_first_half_under_0.5_odd": 1.56,
                "home_first_half_under_0.75_odd": 1.52,
                "home_first_half_over_0.75_odd": 2.37,
                "home_first_half_over_1.0_odd": 3.83,
                "home_first_half_under_1.0_odd": 1.22,
                "home_first_half_over_0.5_odd": 1.89,
                "home_first_half_under_0.5_odd": 1.81,
                "away_first_half_handicap_0.0_odd": 2.21,
                "home_first_half_handicap_0.0_odd": 1.59,
                "first_half_under_0.5_odd": 2.85,
                "first_half_over_0.5_odd": 1.37,
                "first_half_under_1.25_odd": 1.57,
                "first_half_over_1.25_odd": 2.25,
                "first_half_under_0.75_odd": 2.39,
                "first_half_over_0.75_odd": 1.51,
                "first_half_under_1.5_odd": 1.41,
                "first_half_over_1.5_odd": 2.68,
                "first_half_under_1.0_odd": 1.91,
                "first_half_over_1.0_odd": 1.79,
                "under_3.5_odd": 1.32,
                "over_3.5_odd": 3.1,
                "under_3.0_odd": 1.47,
                "over_3.0_odd": 2.5,
                "under_2.5_odd": 1.85,
                "over_2.5_odd": 1.85,
                "home_handicap_-1.0_odd": 3.15,
                "away_handicap_1.0_odd": 1.31,
                "home_handicap_0.0_odd": 1.54,
                "away_handicap_0.0_odd": 2.33,
                "home_first_half_handicap_-0.5_odd": 2.62,
                "away_first_half_handicap_0.5_odd": 1.43,
                "over_1.5_odd": 1.28,
                "under_1.5_odd": 3.3,
                "over_3.25_odd": 2.8,
                "under_3.25_odd": 1.38,
                "over_2.25_odd": 1.64,
                "under_2.25_odd": 2.12,
                "over_2.0_odd": 1.42,
                "under_2.0_odd": 2.65,
                "home_handicap_-1.25_odd": 3.47,
                "away_handicap_1.25_odd": 1.26,
                "home_handicap_-0.75_odd": 2.4,
                "away_handicap_0.75_odd": 1.5,
                "home_handicap_-0.25_odd": 1.8,
                "away_handicap_0.25_odd": 1.9,
                "home_handicap_0.25_odd": 1.41,
                "away_handicap_-0.25_odd": 2.68,
                "draw_odd": 3.27,
                "2_odd": 3.08,
                "1_odd": 2.04,
                "away_first_half_handicap_0.25_odd": 1.62,
                "home_first_half_handicap_-0.25_odd": 2.15,
                "away_handicap_0.5_odd": 1.68,
                "home_handicap_-0.5_odd": 2.05,
                "under_2.75_odd": 1.66,
                "over_2.75_odd": 2.08,
                "home_under_0.75_odd": 3.25,
                "home_over_0.75_odd": 1.29,
                "away_handicap_-0.5_odd": 3.05,
                "home_handicap_0.5_odd": 1.33,
                "home_over_0.5_odd": 1.22,
                "home_under_0.5_odd": 3.83
            },
            {
                "match_id": 27581608,
                "date": "27/07/2025",
                "time": "13:30",
                "home_team": "Bryne FK",
                "away_team": "Viking FK",
                "match_url": "https://www.asbet.org/en/sports/pre-match/event-view/Soccer/Norway/562/eliteserie/27581608/bryne-fk-viking-fk",
                "both_score_odd": 1.53,
                "both_noscore_odd": 2.35,
                "away_over_2.75_odd": 3.57,
                "away_under_2.75_odd": 1.25,
                "away_over_2.25_odd": 2.55,
                "away_under_2.25_odd": 1.45,
                "away_under_1.75_odd": 1.88,
                "away_over_1.75_odd": 1.82,
                "away_over_1.25_odd": 1.41,
                "away_under_1.25_odd": 2.68,
                "away_under_2.5_odd": 1.36,
                "away_over_2.5_odd": 2.87,
                "away_over_2.0_odd": 2.2,
                "away_under_2.0_odd": 1.6,
                "away_over_1.5_odd": 1.62,
                "away_under_1.5_odd": 2.15,
                "home_over_1.75_odd": 3.25,
                "home_under_1.75_odd": 1.29,
                "home_over_1.25_odd": 2.15,
                "home_under_1.25_odd": 1.62,
                "home_under_0.75_odd": 2.52,
                "home_over_0.75_odd": 1.46,
                "home_under_1.5_odd": 1.44,
                "home_over_1.5_odd": 2.59,
                "home_under_1.0_odd": 2.0,
                "home_over_1.0_odd": 1.72,
                "home_over_0.5_odd": 1.34,
                "home_under_0.5_odd": 3.0,
                "over_3.75_odd": 2.7,
                "under_3.75_odd": 1.4,
                "over_2.25_odd": 1.38,
                "under_2.25_odd": 2.8,
                "home_handicap_1.75_odd": 1.26,
                "away_handicap_-1.75_odd": 3.47,
                "X2_odd": 1.23,
                "1X_odd": 1.99,
                "12_odd": 1.24,
                "away_first_half_over_1.25_odd": 3.4,
                "away_first_half_under_1.25_odd": 1.27,
                "away_first_half_under_0.75_odd": 1.76,
                "away_first_half_over_0.75_odd": 1.94,
                "away_first_half_under_1.5_odd": 1.2,
                "away_first_half_over_1.5_odd": 4.05,
                "away_first_half_under_1.0_odd": 1.39,
                "away_first_half_over_1.0_odd": 2.75,
                "away_first_half_under_0.5_odd": 2.12,
                "away_first_half_over_0.5_odd": 1.64,
                "home_first_half_under_0.75_odd": 1.34,
                "home_first_half_over_0.75_odd": 3.0,
                "home_first_half_over_0.5_odd": 2.27,
                "home_first_half_under_0.5_odd": 1.56,
                "away_first_half_handicap_0.0_odd": 1.43,
                "home_first_half_handicap_0.0_odd": 2.62,
                "first_half_under_1.0_odd": 2.27,
                "first_half_over_1.0_odd": 1.56,
                "first_half_under_1.5_odd": 1.54,
                "first_half_over_1.5_odd": 2.33,
                "under_3.5_odd": 1.53,
                "over_3.5_odd": 2.35,
                "under_2.5_odd": 2.33,
                "over_2.5_odd": 1.54,
                "home_handicap_0.0_odd": 3.0,
                "away_handicap_0.0_odd": 1.34,
                "home_handicap_1.5_odd": 1.36,
                "away_handicap_-1.5_odd": 2.87,
                "home_handicap_1.0_odd": 1.56,
                "away_handicap_-1.0_odd": 2.27,
                "home_first_half_handicap_0.75_odd": 1.38,
                "away_first_half_handicap_-0.75_odd": 2.8,
                "home_first_half_handicap_0.5_odd": 1.58,
                "away_first_half_handicap_-0.5_odd": 2.23,
                "over_3.25_odd": 2.1,
                "under_3.25_odd": 1.65,
                "over_2.75_odd": 1.66,
                "under_2.75_odd": 2.08,
                "over_4.0_odd": 3.3,
                "under_4.0_odd": 1.28,
                "over_3.0_odd": 1.85,
                "under_3.0_odd": 1.85,
                "home_handicap_-0.25_odd": 3.3,
                "away_handicap_0.25_odd": 1.28,
                "home_handicap_1.25_odd": 1.44,
                "away_handicap_-1.25_odd": 2.59,
                "away_handicap_-0.75_odd": 1.92,
                "home_handicap_0.75_odd": 1.78,
                "away_handicap_-0.25_odd": 1.54,
                "home_handicap_0.25_odd": 2.33,
                "first_half_under_1.75_odd": 1.37,
                "first_half_over_1.75_odd": 2.85,
                "first_half_under_0.75_odd": 2.8,
                "first_half_over_0.75_odd": 1.38,
                "draw_odd": 3.72,
                "2_odd": 1.71,
                "1_odd": 3.77,
                "away_first_half_handicap_-0.25_odd": 1.86,
                "home_first_half_handicap_0.25_odd": 1.84,
                "first_half_under_1.25_odd": 1.76,
                "first_half_over_1.25_odd": 1.94,
                "away_handicap_-0.5_odd": 1.71,
                "home_handicap_0.5_odd": 2.01,
                "over_4.25_odd": 3.65,
                "under_4.25_odd": 1.24
            },
            {
                "match_id": 27568553,
                "date": "25/07/2025",
                "time": "18:00",
                "home_team": "Fredrikstad FK",
                "away_team": "Stromsgodset IF",
                "match_url": "https://www.asbet.org/en/sports/pre-match/event-view/Soccer/Norway/562/eliteserie/27568553/fredrikstad-fk-stromsgodset-if",
                "away_first_half_over_0.75_odd": 3.3,
                "away_first_half_under_0.75_odd": 1.28,
                "away_first_half_over_0.5_odd": 2.44,
                "away_first_half_under_0.5_odd": 1.49,
                "home_first_half_over_1.25_odd": 3.25,
                "home_first_half_under_1.25_odd": 1.29,
                "home_first_half_over_0.75_odd": 1.9,
                "home_first_half_under_0.75_odd": 1.8,
                "home_first_half_over_1.5_odd": 3.83,
                "home_first_half_under_1.5_odd": 1.22,
                "home_first_half_over_1.0_odd": 2.62,
                "home_first_half_under_1.0_odd": 1.43,
                "home_first_half_over_0.5_odd": 1.61,
                "home_first_half_under_0.5_odd": 2.17,
                "both_noscore_odd": 2.12,
                "both_score_odd": 1.64,
                "away_under_1.75_odd": 1.21,
                "away_over_1.75_odd": 3.9,
                "away_under_1.25_odd": 1.45,
                "away_over_1.25_odd": 2.55,
                "away_under_0.75_odd": 2.17,
                "away_over_0.75_odd": 1.61,
                "away_under_1.5_odd": 1.33,
                "away_over_1.5_odd": 3.05,
                "away_under_1.0_odd": 1.7,
                "away_over_1.0_odd": 2.02,
                "away_under_0.5_odd": 2.59,
                "away_over_0.5_odd": 1.44,
                "home_under_2.75_odd": 1.26,
                "home_over_2.75_odd": 3.47,
                "home_under_2.25_odd": 1.47,
                "home_over_2.25_odd": 2.5,
                "home_under_1.75_odd": 1.9,
                "home_over_1.75_odd": 1.8,
                "home_under_1.25_odd": 2.7,
                "home_over_1.25_odd": 1.4,
                "home_under_2.5_odd": 1.37,
                "home_over_2.5_odd": 2.85,
                "home_under_2.0_odd": 1.63,
                "home_over_2.0_odd": 2.13,
                "home_under_1.5_odd": 2.17,
                "home_over_1.5_odd": 1.61,
                "12_odd": 1.23,
                "X2_odd": 2.14,
                "1X_odd": 1.19,
                "home_first_half_handicap_0.0_odd": 1.35,
                "away_first_half_handicap_0.0_odd": 2.95,
                "home_first_half_handicap_-0.75_odd": 2.62,
                "away_first_half_handicap_0.75_odd": 1.43,
                "home_first_half_handicap_-0.5_odd": 2.1,
                "away_first_half_handicap_0.5_odd": 1.65,
                "home_first_half_handicap_-0.25_odd": 1.74,
                "away_first_half_handicap_0.25_odd": 1.96,
                "first_half_over_1.75_odd": 2.95,
                "first_half_under_1.75_odd": 1.35,
                "first_half_over_0.75_odd": 1.4,
                "first_half_under_0.75_odd": 2.7,
                "first_half_over_1.5_odd": 2.39,
                "first_half_under_1.5_odd": 1.51,
                "first_half_over_1.0_odd": 1.59,
                "first_half_under_1.0_odd": 2.21,
                "first_half_over_1.25_odd": 1.97,
                "first_half_under_1.25_odd": 1.73,
                "home_handicap_-1.75_odd": 3.15,
                "away_handicap_1.75_odd": 1.31,
                "home_handicap_-0.25_odd": 1.45,
                "away_handicap_0.25_odd": 2.55,
                "home_handicap_0.0_odd": 1.27,
                "away_handicap_0.0_odd": 3.4,
                "away_handicap_1.25_odd": 1.53,
                "home_handicap_-1.25_odd": 2.35,
                "away_handicap_1.5_odd": 1.43,
                "home_handicap_-1.5_odd": 2.62,
                "away_handicap_1.0_odd": 1.69,
                "home_handicap_-1.0_odd": 2.04,
                "away_handicap_0.5_odd": 2.17,
                "home_handicap_-0.5_odd": 1.61,
                "away_handicap_0.75_odd": 1.94,
                "home_handicap_-0.75_odd": 1.76,
                "under_3.75_odd": 1.35,
                "over_3.75_odd": 2.95,
                "under_3.25_odd": 1.57,
                "over_3.25_odd": 2.25,
                "under_2.25_odd": 2.59,
                "over_2.25_odd": 1.44,
                "under_3.5_odd": 1.47,
                "over_3.5_odd": 2.5,
                "under_3.0_odd": 1.72,
                "over_3.0_odd": 2.0,
                "under_2.5_odd": 2.17,
                "over_2.5_odd": 1.61,
                "under_2.0_odd": 3.4,
                "over_2.0_odd": 1.27,
                "under_2.75_odd": 1.93,
                "over_2.75_odd": 1.77,
                "2_odd": 4.5,
                "1_odd": 1.61,
                "draw_odd": 3.91,
                "home_over_3.25_odd": 5.1,
                "home_under_3.25_odd": 1.13,
                "home_over_0.75_odd": 1.14,
                "home_under_0.75_odd": 4.9,
                "home_over_3.5_odd": 5.55,
                "home_under_3.5_odd": 1.11,
                "home_over_3.0_odd": 4.75,
                "home_under_3.0_odd": 1.15,
                "home_over_0.5_odd": 1.11,
                "home_under_0.5_odd": 5.55,
                "second_half_over_3.5_odd": 7.1,
                "second_half_under_3.5_odd": 1.065,
                "second_half_over_3.0_odd": 6.5,
                "second_half_under_3.0_odd": 1.08,
                "second_half_over_2.5_odd": 3.57,
                "second_half_under_2.5_odd": 1.25,
                "second_half_over_2.0_odd": 2.7,
                "second_half_under_2.0_odd": 1.4,
                "second_half_over_1.5_odd": 1.84,
                "second_half_under_1.5_odd": 1.86,
                "second_half_over_1.0_odd": 1.3,
                "second_half_under_1.0_odd": 3.2,
                "second_half_over_0.5_odd": 1.17,
                "second_half_under_0.5_odd": 4.42,
                "home_second_half_handicap_-1.5_odd": 4.05,
                "away_second_half_handicap_1.5_odd": 1.2,
                "home_second_half_handicap_-1.0_odd": 3.15,
                "away_second_half_handicap_1.0_odd": 1.31,
                "home_second_half_handicap_0.0_odd": 1.34,
                "away_second_half_handicap_0.0_odd": 3.0,
                "home_first_half_over_1.75_odd": 5.1,
                "home_first_half_under_1.75_odd": 1.13,
                "home_over_1.0_odd": 1.18,
                "home_under_1.0_odd": 4.3,
                "over_4.25_odd": 4.05,
                "under_4.25_odd": 1.2,
                "over_1.75_odd": 1.22,
                "under_1.75_odd": 3.83,
                "over_4.0_odd": 3.75,
                "under_4.0_odd": 1.23,
                "home_handicap_-2.25_odd": 4.42,
                "away_handicap_2.25_odd": 1.17,
                "home_handicap_-2.5_odd": 4.75,
                "away_handicap_2.5_odd": 1.15,
                "home_handicap_-2.0_odd": 4.05,
                "away_handicap_2.0_odd": 1.2,
                "home_handicap_0.75_odd": 1.12,
                "away_handicap_-0.75_odd": 5.35,
                "home_handicap_0.25_odd": 1.22,
                "away_handicap_-0.25_odd": 3.83,
                "home_handicap_0.5_odd": 1.19,
                "away_handicap_-0.5_odd": 4.15,
                "first_half_over_0.5_odd": 1.29,
                "first_half_under_0.5_odd": 3.25,
                "home_first_half_handicap_-1.25_odd": 4.42,
                "away_first_half_handicap_1.25_odd": 1.17,
                "home_first_half_handicap_-1.5_odd": 4.9,
                "away_first_half_handicap_1.5_odd": 1.14,
                "home_first_half_handicap_-1.0_odd": 3.9,
                "away_first_half_handicap_1.0_odd": 1.21,
                "home_first_half_handicap_0.25_odd": 1.24,
                "away_first_half_handicap_-0.25_odd": 3.65,
                "home_first_half_handicap_0.5_odd": 1.18,
                "away_first_half_handicap_-0.5_odd": 4.3
            }
        ]
    },
    {
        "tournament_name": "1st Division. Outright",
        "tournament_id": 28700,
        "matches": []
    },
    {
        "tournament_name": "1st Division",
        "tournament_id": 1967,
        "matches": [
            {
                "match_id": 27575411,
                "date": "26/07/2025",
                "time": "13:00",
                "home_team": "Asane Fotball",
                "away_team": "IL Hodd",
                "match_url": "https://www.asbet.org/en/sports/pre-match/event-view/Soccer/Norway/1967/st-division/27575411/asane-fotball-il-hodd",
                "first_half_over_1.5_odd": 2.4,
                "first_half_under_1.5_odd": 1.5,
                "over_2.75_odd": 1.83,
                "under_2.75_odd": 1.87,
                "over_2.25_odd": 1.48,
                "under_2.25_odd": 2.45,
                "home_handicap_-0.25_odd": 1.7,
                "away_handicap_0.25_odd": 2.02,
                "home_handicap_-0.75_odd": 2.21,
                "away_handicap_0.75_odd": 1.59,
                "over_3.25_odd": 2.37,
                "under_3.25_odd": 1.52,
                "home_handicap_-1.0_odd": 2.75,
                "away_handicap_1.0_odd": 1.39,
                "over_2.5_odd": 1.66,
                "under_2.5_odd": 2.08,
                "over_3.5_odd": 2.62,
                "under_3.5_odd": 1.43,
                "over_3.75_odd": 3.1,
                "under_3.75_odd": 1.32,
                "home_handicap_0.25_odd": 1.36,
                "away_handicap_-0.25_odd": 2.87,
                "home_handicap_-1.25_odd": 3.1,
                "away_handicap_1.25_odd": 1.32,
                "over_2.0_odd": 1.3,
                "under_2.0_odd": 3.2,
                "over_3.0_odd": 2.1,
                "under_3.0_odd": 1.65,
                "home_handicap_-1.5_odd": 3.4,
                "away_handicap_1.5_odd": 1.27,
                "home_handicap_-0.5_odd": 1.9,
                "away_handicap_0.5_odd": 1.8,
                "home_handicap_0.5_odd": 1.29,
                "away_handicap_-0.5_odd": 3.25,
                "away_first_half_over_0.75_odd": 2.87,
                "away_first_half_under_0.75_odd": 1.36,
                "away_first_half_over_0.5_odd": 2.2,
                "away_first_half_under_0.5_odd": 1.6,
                "home_first_half_over_1.25_odd": 3.83,
                "home_first_half_under_1.25_odd": 1.22,
                "home_first_half_over_0.75_odd": 2.1,
                "home_first_half_under_0.75_odd": 1.65,
                "home_first_half_over_1.0_odd": 3.15,
                "home_first_half_under_1.0_odd": 1.31,
                "home_first_half_over_0.5_odd": 1.74,
                "home_first_half_under_0.5_odd": 1.96,
                "both_noscore_odd": 2.23,
                "both_score_odd": 1.58,
                "away_under_1.75_odd": 1.29,
                "away_over_1.75_odd": 3.25,
                "away_under_1.25_odd": 1.62,
                "away_over_1.25_odd": 2.15,
                "away_under_0.75_odd": 2.55,
                "away_over_0.75_odd": 1.45,
                "away_under_1.5_odd": 1.45,
                "away_over_1.5_odd": 2.55,
                "away_under_1.0_odd": 2.02,
                "away_over_1.0_odd": 1.7,
                "away_under_0.5_odd": 3.1,
                "away_over_0.5_odd": 1.32,
                "home_under_2.25_odd": 1.31,
                "home_over_2.25_odd": 3.15,
                "home_under_1.75_odd": 1.63,
                "home_over_1.75_odd": 2.13,
                "home_under_1.25_odd": 2.27,
                "home_over_1.25_odd": 1.56,
                "home_under_0.75_odd": 3.9,
                "home_over_0.75_odd": 1.21,
                "home_under_2.5_odd": 1.25,
                "home_over_2.5_odd": 3.57,
                "home_under_2.0_odd": 1.4,
                "home_over_2.0_odd": 2.7,
                "home_under_1.5_odd": 1.87,
                "home_over_1.5_odd": 1.83,
                "home_under_1.0_odd": 3.3,
                "home_over_1.0_odd": 1.28,
                "X2_odd": 1.76,
                "1X_odd": 1.29,
                "12_odd": 1.28,
                "first_half_under_1.75_odd": 1.34,
                "first_half_over_1.75_odd": 3.0,
                "first_half_under_0.75_odd": 2.68,
                "first_half_over_0.75_odd": 1.41,
                "first_half_under_1.0_odd": 2.17,
                "first_half_over_1.0_odd": 1.61,
                "away_first_half_handicap_0.5_odd": 1.5,
                "home_first_half_handicap_-0.5_odd": 2.4,
                "away_first_half_handicap_0.0_odd": 2.37,
                "home_first_half_handicap_0.0_odd": 1.52,
                "away_first_half_handicap_-0.25_odd": 3.05,
                "home_first_half_handicap_0.25_odd": 1.33,
                "away_first_half_handicap_0.25_odd": 1.74,
                "home_first_half_handicap_-0.25_odd": 1.96,
                "first_half_over_1.25_odd": 2.02,
                "first_half_under_1.25_odd": 1.7,
                "over_1.75_odd": 1.25,
                "under_1.75_odd": 3.57,
                "draw_odd": 3.5,
                "2_odd": 3.38,
                "1_odd": 1.93,
                "away_handicap_0.0_odd": 2.52,
                "home_handicap_0.0_odd": 1.46
            },
            {
                "match_id": 27575412,
                "date": "26/07/2025",
                "time": "13:00",
                "home_team": "IK Start",
                "away_team": "Lillestrom SK",
                "match_url": "https://www.asbet.org/en/sports/pre-match/event-view/Soccer/Norway/1967/st-division/27575412/ik-start-lillestrom-sk",
                "both_score_odd": 1.55,
                "both_noscore_odd": 2.3,
                "away_over_2.75_odd": 3.9,
                "away_under_2.75_odd": 1.21,
                "away_over_2.25_odd": 2.8,
                "away_under_2.25_odd": 1.38,
                "away_over_1.75_odd": 1.96,
                "away_under_1.75_odd": 1.74,
                "away_over_1.25_odd": 1.49,
                "away_under_1.25_odd": 2.44,
                "away_over_2.5_odd": 3.2,
                "away_under_2.5_odd": 1.3,
                "away_over_2.0_odd": 2.44,
                "away_under_2.0_odd": 1.49,
                "away_over_1.5_odd": 1.73,
                "away_under_1.5_odd": 1.97,
                "away_over_1.0_odd": 1.24,
                "away_under_1.0_odd": 3.65,
                "home_over_1.75_odd": 3.1,
                "home_under_1.75_odd": 1.32,
                "home_over_1.25_odd": 2.07,
                "home_under_1.25_odd": 1.67,
                "home_over_0.75_odd": 1.43,
                "home_under_0.75_odd": 2.62,
                "home_over_1.5_odd": 2.5,
                "home_under_1.5_odd": 1.47,
                "home_over_1.0_odd": 1.65,
                "home_under_1.0_odd": 2.1,
                "home_over_0.5_odd": 1.31,
                "home_under_0.5_odd": 3.15,
                "12_odd": 1.24,
                "X2_odd": 1.31,
                "1X_odd": 1.81,
                "first_half_over_1.5_odd": 2.33,
                "first_half_under_1.5_odd": 1.54,
                "over_3.75_odd": 2.8,
                "under_3.75_odd": 1.38,
                "over_3.25_odd": 2.17,
                "under_3.25_odd": 1.61,
                "over_2.25_odd": 1.41,
                "under_2.25_odd": 2.68,
                "over_4.0_odd": 3.47,
                "under_4.0_odd": 1.26,
                "over_3.5_odd": 2.4,
                "under_3.5_odd": 1.5,
                "over_3.0_odd": 1.92,
                "under_3.0_odd": 1.78,
                "over_2.5_odd": 1.57,
                "under_2.5_odd": 2.25,
                "over_2.0_odd": 1.25,
                "under_2.0_odd": 3.57,
                "home_handicap_-0.25_odd": 2.8,
                "away_handicap_0.25_odd": 1.38,
                "home_handicap_1.25_odd": 1.38,
                "away_handicap_-1.25_odd": 2.8,
                "home_handicap_0.75_odd": 1.63,
                "away_handicap_-0.75_odd": 2.13,
                "home_handicap_0.25_odd": 2.05,
                "away_handicap_-0.25_odd": 1.68,
                "home_handicap_1.5_odd": 1.32,
                "away_handicap_-1.5_odd": 3.1,
                "home_handicap_1.0_odd": 1.47,
                "away_handicap_-1.0_odd": 2.5,
                "home_handicap_0.5_odd": 1.88,
                "away_handicap_-0.5_odd": 1.82,
                "over_2.75_odd": 1.71,
                "under_2.75_odd": 2.01,
                "away_first_half_over_1.25_odd": 3.65,
                "away_first_half_under_1.25_odd": 1.24,
                "away_first_half_over_0.75_odd": 2.05,
                "away_first_half_under_0.75_odd": 1.68,
                "away_first_half_over_1.0_odd": 3.0,
                "away_first_half_under_1.0_odd": 1.34,
                "away_first_half_over_0.5_odd": 1.72,
                "away_first_half_under_0.5_odd": 2.0,
                "home_first_half_over_0.75_odd": 2.75,
                "home_first_half_under_0.75_odd": 1.39,
                "home_first_half_over_0.5_odd": 2.13,
                "home_first_half_under_0.5_odd": 1.63,
                "first_half_under_1.75_odd": 1.37,
                "first_half_over_1.75_odd": 2.85,
                "first_half_under_1.25_odd": 1.76,
                "first_half_over_1.25_odd": 1.94,
                "first_half_under_0.75_odd": 2.8,
                "first_half_over_0.75_odd": 1.38,
                "first_half_under_1.0_odd": 2.27,
                "first_half_over_1.0_odd": 1.56,
                "away_first_half_handicap_0.25_odd": 1.35,
                "home_first_half_handicap_-0.25_odd": 2.95,
                "away_first_half_handicap_-0.75_odd": 3.05,
                "home_first_half_handicap_0.75_odd": 1.33,
                "away_first_half_handicap_-0.25_odd": 1.96,
                "home_first_half_handicap_0.25_odd": 1.74,
                "home_first_half_handicap_0.5_odd": 1.51,
                "away_first_half_handicap_-0.5_odd": 2.39,
                "home_first_half_handicap_0.0_odd": 2.37,
                "away_first_half_handicap_0.0_odd": 1.52,
                "home_handicap_0.0_odd": 2.5,
                "away_handicap_0.0_odd": 1.47,
                "home_handicap_-0.5_odd": 3.15,
                "away_handicap_0.5_odd": 1.31,
                "draw_odd": 3.81,
                "2_odd": 1.89,
                "1_odd": 3.25
            },
            {
                "match_id": 27575413,
                "date": "26/07/2025",
                "time": "13:00",
                "home_team": "Sogndal IL",
                "away_team": "Stabaek Fotball",
                "match_url": "https://www.asbet.org/en/sports/pre-match/event-view/Soccer/Norway/1967/st-division/27575413/sogndal-il-stabaek-fotball",
                "both_noscore_odd": 2.68,
                "both_score_odd": 1.41,
                "away_under_2.25_odd": 1.23,
                "away_over_2.25_odd": 3.75,
                "away_under_1.75_odd": 1.5,
                "away_over_1.75_odd": 2.4,
                "away_under_1.25_odd": 2.01,
                "away_over_1.25_odd": 1.71,
                "away_under_0.75_odd": 3.4,
                "away_over_0.75_odd": 1.27,
                "away_under_2.5_odd": 1.19,
                "away_over_2.5_odd": 4.15,
                "away_under_2.0_odd": 1.3,
                "away_over_2.0_odd": 3.2,
                "away_under_1.5_odd": 1.71,
                "away_over_1.5_odd": 2.01,
                "away_under_1.0_odd": 2.8,
                "away_over_1.0_odd": 1.38,
                "away_under_0.5_odd": 3.9,
                "away_over_0.5_odd": 1.21,
                "home_under_2.75_odd": 1.21,
                "home_over_2.75_odd": 3.9,
                "home_under_2.25_odd": 1.39,
                "home_over_2.25_odd": 2.75,
                "home_under_1.75_odd": 1.77,
                "home_over_1.75_odd": 1.93,
                "home_under_1.25_odd": 2.5,
                "home_over_1.25_odd": 1.47,
                "home_under_2.5_odd": 1.31,
                "home_over_2.5_odd": 3.15,
                "home_under_2.0_odd": 1.51,
                "home_over_2.0_odd": 2.39,
                "home_under_1.5_odd": 2.02,
                "home_over_1.5_odd": 1.7,
                "home_under_1.0_odd": 3.83,
                "home_over_1.0_odd": 1.22,
                "X2_odd": 1.67,
                "1X_odd": 1.37,
                "12_odd": 1.25,
                "away_first_half_over_0.75_odd": 2.35,
                "away_first_half_under_0.75_odd": 1.53,
                "away_first_half_under_1.0_odd": 1.23,
                "away_first_half_over_1.0_odd": 3.75,
                "away_first_half_under_0.5_odd": 1.82,
                "away_first_half_over_0.5_odd": 1.88,
                "home_first_half_under_1.25_odd": 1.26,
                "home_first_half_over_1.25_odd": 3.47,
                "home_first_half_over_0.75_odd": 1.97,
                "home_first_half_under_0.75_odd": 1.73,
                "home_first_half_under_1.0_odd": 1.37,
                "home_first_half_over_1.0_odd": 2.85,
                "home_first_half_under_0.5_odd": 2.08,
                "home_first_half_over_0.5_odd": 1.66,
                "home_handicap_0.75_odd": 1.27,
                "away_handicap_-0.75_odd": 3.4,
                "home_handicap_-0.75_odd": 2.39,
                "away_handicap_0.75_odd": 1.51,
                "home_handicap_0.5_odd": 1.38,
                "away_handicap_-0.5_odd": 2.8,
                "over_2.75_odd": 1.53,
                "under_2.75_odd": 2.35,
                "home_first_half_handicap_-0.25_odd": 2.07,
                "away_first_half_handicap_0.25_odd": 1.67,
                "first_half_over_1.0_odd": 1.42,
                "first_half_under_1.0_odd": 2.65,
                "home_handicap_0.25_odd": 1.47,
                "away_handicap_-0.25_odd": 2.5,
                "over_4.5_odd": 3.4,
                "under_4.5_odd": 1.27,
                "home_handicap_-1.0_odd": 2.95,
                "away_handicap_1.0_odd": 1.35,
                "over_3.5_odd": 2.1,
                "under_3.5_odd": 1.65,
                "over_4.25_odd": 3.15,
                "under_4.25_odd": 1.31,
                "over_3.75_odd": 2.39,
                "under_3.75_odd": 1.51,
                "over_2.25_odd": 1.31,
                "under_2.25_odd": 3.15,
                "over_4.0_odd": 2.85,
                "under_4.0_odd": 1.37,
                "over_3.0_odd": 1.67,
                "under_3.0_odd": 2.07,
                "over_2.5_odd": 1.44,
                "under_2.5_odd": 2.59,
                "home_handicap_-1.25_odd": 3.25,
                "away_handicap_1.25_odd": 1.29,
                "home_handicap_-1.5_odd": 3.65,
                "away_handicap_1.5_odd": 1.24,
                "home_first_half_handicap_0.25_odd": 1.42,
                "away_first_half_handicap_-0.25_odd": 2.65,
                "over_3.25_odd": 1.88,
                "under_3.25_odd": 1.82,
                "home_handicap_-0.5_odd": 2.05,
                "away_handicap_0.5_odd": 1.68,
                "home_handicap_0.0_odd": 1.6,
                "away_handicap_0.0_odd": 2.2,
                "first_half_over_1.75_odd": 2.5,
                "first_half_under_1.75_odd": 1.47,
                "first_half_over_1.5_odd": 2.07,
                "first_half_under_1.5_odd": 1.67,
                "home_first_half_handicap_-0.5_odd": 2.5,
                "away_first_half_handicap_0.5_odd": 1.47,
                "first_half_under_1.25_odd": 1.94,
                "first_half_over_1.25_odd": 1.76,
                "2_odd": 2.87,
                "1_odd": 2.07,
                "draw_odd": 3.71,
                "home_first_half_handicap_0.0_odd": 1.64,
                "away_first_half_handicap_0.0_odd": 2.12,
                "home_handicap_-0.25_odd": 1.83,
                "away_handicap_0.25_odd": 1.87
            },
            {
                "match_id": 27575414,
                "date": "26/07/2025",
                "time": "13:00",
                "home_team": "Raufoss Fotball IL",
                "away_team": "Skeid",
                "match_url": "https://www.asbet.org/en/sports/pre-match/event-view/Soccer/Norway/1967/st-division/27575414/raufoss-fotball-il-skeid",
                "away_first_half_under_0.75_odd": 1.35,
                "away_first_half_over_0.75_odd": 2.95,
                "away_first_half_under_0.5_odd": 1.58,
                "away_first_half_over_0.5_odd": 2.23,
                "home_first_half_under_1.25_odd": 1.2,
                "home_first_half_over_1.25_odd": 4.05,
                "home_first_half_under_0.75_odd": 1.6,
                "home_first_half_over_0.75_odd": 2.2,
                "home_first_half_under_1.0_odd": 1.28,
                "home_first_half_over_1.0_odd": 3.3,
                "home_first_half_under_0.5_odd": 1.91,
                "home_first_half_over_0.5_odd": 1.79,
                "both_score_odd": 1.65,
                "both_noscore_odd": 2.1,
                "away_over_1.75_odd": 3.3,
                "away_under_1.75_odd": 1.28,
                "away_over_1.25_odd": 2.21,
                "away_under_1.25_odd": 1.59,
                "away_over_0.75_odd": 1.48,
                "away_under_0.75_odd": 2.45,
                "away_over_1.5_odd": 2.65,
                "away_under_1.5_odd": 1.42,
                "away_over_1.0_odd": 1.76,
                "away_under_1.0_odd": 1.94,
                "away_over_0.5_odd": 1.35,
                "away_under_0.5_odd": 2.95,
                "home_over_2.25_odd": 3.3,
                "home_under_2.25_odd": 1.28,
                "home_over_1.75_odd": 2.25,
                "home_under_1.75_odd": 1.57,
                "home_under_1.25_odd": 2.15,
                "home_over_1.25_odd": 1.62,
                "home_over_0.75_odd": 1.24,
                "home_under_0.75_odd": 3.65,
                "home_over_2.5_odd": 3.75,
                "home_under_2.5_odd": 1.23,
                "home_over_2.0_odd": 2.87,
                "home_under_2.0_odd": 1.36,
                "home_over_1.5_odd": 1.91,
                "home_under_1.5_odd": 1.79,
                "home_over_1.0_odd": 1.33,
                "home_under_1.0_odd": 3.05,
                "12_odd": 1.27,
                "X2_odd": 1.74,
                "1X_odd": 1.31,
                "first_half_over_1.25_odd": 2.1,
                "first_half_under_1.25_odd": 1.65,
                "first_half_over_0.75_odd": 1.45,
                "first_half_under_0.75_odd": 2.55,
                "first_half_over_1.5_odd": 2.5,
                "first_half_under_1.5_odd": 1.47,
                "home_first_half_handicap_-0.5_odd": 2.5,
                "away_first_half_handicap_0.5_odd": 1.47,
                "home_first_half_handicap_0.0_odd": 1.55,
                "away_first_half_handicap_0.0_odd": 2.3,
                "home_first_half_handicap_0.25_odd": 1.34,
                "away_first_half_handicap_-0.25_odd": 3.0,
                "home_first_half_handicap_-0.25_odd": 2.02,
                "away_first_half_handicap_0.25_odd": 1.7,
                "first_half_over_1.0_odd": 1.68,
                "first_half_under_1.0_odd": 2.05,
                "under_3.75_odd": 1.28,
                "over_3.75_odd": 3.3,
                "under_3.25_odd": 1.46,
                "over_3.25_odd": 2.52,
                "under_2.25_odd": 2.33,
                "over_2.25_odd": 1.54,
                "under_1.75_odd": 3.3,
                "over_1.75_odd": 1.28,
                "under_3.5_odd": 1.38,
                "over_3.5_odd": 2.8,
                "under_3.0_odd": 1.57,
                "over_3.0_odd": 2.25,
                "under_2.5_odd": 1.97,
                "over_2.5_odd": 1.73,
                "under_2.0_odd": 2.95,
                "over_2.0_odd": 1.35,
                "away_handicap_1.25_odd": 1.31,
                "home_handicap_-1.25_odd": 3.15,
                "away_handicap_0.75_odd": 1.57,
                "home_handicap_-0.75_odd": 2.25,
                "away_handicap_0.25_odd": 1.97,
                "home_handicap_-0.25_odd": 1.73,
                "away_handicap_1.5_odd": 1.26,
                "home_handicap_-1.5_odd": 3.47,
                "away_handicap_1.0_odd": 1.38,
                "home_handicap_-1.0_odd": 2.8,
                "away_handicap_0.0_odd": 2.4,
                "home_handicap_0.0_odd": 1.5,
                "away_handicap_-0.25_odd": 2.75,
                "home_handicap_0.25_odd": 1.39,
                "away_handicap_-0.5_odd": 3.1,
                "home_handicap_0.5_odd": 1.32,
                "away_handicap_0.5_odd": 1.77,
                "home_handicap_-0.5_odd": 1.93,
                "under_2.75_odd": 1.78,
                "over_2.75_odd": 1.92,
                "2_odd": 3.21,
                "1_odd": 1.97,
                "draw_odd": 3.58
            },
            {
                "match_id": 27575415,
                "date": "26/07/2025",
                "time": "13:00",
                "home_team": "Ranheim IL",
                "away_team": "Odds BK",
                "match_url": "https://www.asbet.org/en/sports/pre-match/event-view/Soccer/Norway/1967/st-division/27575415/ranheim-il-odds-bk",
                "first_half_under_1.0_odd": 2.45,
                "first_half_over_1.0_odd": 1.48,
                "under_4.0_odd": 1.31,
                "over_4.0_odd": 3.15,
                "first_half_under_1.5_odd": 1.61,
                "first_half_over_1.5_odd": 2.17,
                "under_3.25_odd": 1.71,
                "over_3.25_odd": 2.01,
                "over_2.5_odd": 1.5,
                "under_2.5_odd": 2.4,
                "over_2.75_odd": 1.61,
                "under_2.75_odd": 2.17,
                "first_half_over_1.25_odd": 1.84,
                "first_half_under_1.25_odd": 1.86,
                "under_4.25_odd": 1.27,
                "over_4.25_odd": 3.4,
                "first_half_under_1.75_odd": 1.42,
                "first_half_over_1.75_odd": 2.65,
                "away_first_half_under_0.75_odd": 1.54,
                "away_first_half_over_0.75_odd": 2.33,
                "away_first_half_under_1.0_odd": 1.23,
                "away_first_half_over_1.0_odd": 3.75,
                "away_first_half_under_0.5_odd": 1.83,
                "away_first_half_over_0.5_odd": 1.87,
                "home_first_half_under_1.25_odd": 1.2,
                "home_first_half_over_1.25_odd": 4.05,
                "home_first_half_under_0.75_odd": 1.61,
                "home_first_half_over_0.75_odd": 2.17,
                "home_first_half_under_1.0_odd": 1.29,
                "home_first_half_over_1.0_odd": 3.25,
                "home_first_half_under_0.5_odd": 1.93,
                "home_first_half_over_0.5_odd": 1.77,
                "both_score_odd": 1.46,
                "both_noscore_odd": 2.52,
                "away_over_2.25_odd": 3.65,
                "away_under_2.25_odd": 1.24,
                "away_over_1.75_odd": 2.39,
                "away_under_1.75_odd": 1.51,
                "away_over_1.25_odd": 1.69,
                "away_under_1.25_odd": 2.04,
                "away_over_0.75_odd": 1.27,
                "away_under_0.75_odd": 3.4,
                "away_over_2.5_odd": 4.05,
                "away_under_2.5_odd": 1.2,
                "away_over_2.0_odd": 3.15,
                "away_under_2.0_odd": 1.31,
                "away_over_1.5_odd": 2.0,
                "away_under_1.5_odd": 1.72,
                "away_over_1.0_odd": 1.38,
                "away_under_1.0_odd": 2.8,
                "away_over_0.5_odd": 1.21,
                "away_under_0.5_odd": 3.9,
                "home_over_2.25_odd": 3.15,
                "home_under_2.25_odd": 1.31,
                "home_under_1.75_odd": 1.63,
                "home_over_1.75_odd": 2.13,
                "home_under_1.25_odd": 2.25,
                "home_over_1.25_odd": 1.57,
                "home_under_0.75_odd": 3.83,
                "home_over_0.75_odd": 1.22,
                "home_under_2.5_odd": 1.25,
                "home_over_2.5_odd": 3.57,
                "home_under_2.0_odd": 1.4,
                "home_over_2.0_odd": 2.7,
                "home_under_1.5_odd": 1.86,
                "home_over_1.5_odd": 1.84,
                "home_under_1.0_odd": 3.2,
                "home_over_1.0_odd": 1.3,
                "X2_odd": 1.57,
                "1X_odd": 1.45,
                "12_odd": 1.24,
                "first_half_under_0.75_odd": 3.05,
                "first_half_over_0.75_odd": 1.33,
                "under_3.75_odd": 1.45,
                "over_3.75_odd": 2.55,
                "under_2.25_odd": 2.95,
                "over_2.25_odd": 1.35,
                "away_first_half_handicap_-0.5_odd": 3.0,
                "home_first_half_handicap_0.5_odd": 1.34,
                "away_first_half_handicap_0.25_odd": 1.57,
                "home_first_half_handicap_-0.25_odd": 2.25,
                "away_first_half_handicap_0.5_odd": 1.4,
                "home_first_half_handicap_-0.5_odd": 2.7,
                "away_first_half_handicap_0.0_odd": 1.94,
                "home_first_half_handicap_0.0_odd": 1.76,
                "away_first_half_handicap_-0.25_odd": 2.5,
                "home_first_half_handicap_0.25_odd": 1.47,
                "2_odd": 2.56,
                "1_odd": 2.25,
                "draw_odd": 3.8,
                "home_handicap_-0.25_odd": 1.97,
                "away_handicap_0.25_odd": 1.73,
                "over_3.5_odd": 2.25,
                "under_3.5_odd": 1.57,
                "over_3.0_odd": 1.78,
                "under_3.0_odd": 1.92,
                "away_handicap_-0.75_odd": 3.05,
                "home_handicap_0.75_odd": 1.33,
                "away_handicap_0.0_odd": 1.97,
                "home_handicap_0.0_odd": 1.73,
                "away_handicap_-0.25_odd": 2.25,
                "home_handicap_0.25_odd": 1.57,
                "away_handicap_-0.5_odd": 2.5,
                "home_handicap_0.5_odd": 1.47,
                "away_handicap_0.75_odd": 1.44,
                "home_handicap_-0.75_odd": 2.59,
                "away_handicap_0.5_odd": 1.58,
                "home_handicap_-0.5_odd": 2.23,
                "home_handicap_-1.0_odd": 3.25,
                "away_handicap_1.0_odd": 1.29,
                "home_handicap_-1.25_odd": 3.57,
                "away_handicap_1.25_odd": 1.25
            },
            {
                "match_id": 27575416,
                "date": "26/07/2025",
                "time": "13:00",
                "home_team": "Mjondalen IF",
                "away_team": "Kongsvinger IL",
                "match_url": "https://www.asbet.org/en/sports/pre-match/event-view/Soccer/Norway/1967/st-division/27575416/mjondalen-if-kongsvinger-il",
                "away_first_half_under_1.25_odd": 1.43,
                "away_first_half_over_1.25_odd": 2.62,
                "away_first_half_under_0.75_odd": 2.08,
                "away_first_half_over_0.75_odd": 1.66,
                "away_first_half_under_1.5_odd": 1.31,
                "away_first_half_over_1.5_odd": 3.15,
                "away_first_half_under_1.0_odd": 1.65,
                "away_first_half_over_1.0_odd": 2.1,
                "away_first_half_under_0.5_odd": 2.5,
                "away_first_half_over_0.5_odd": 1.47,
                "home_first_half_under_0.75_odd": 1.29,
                "home_first_half_over_0.75_odd": 3.25,
                "home_first_half_under_0.5_odd": 1.5,
                "home_first_half_over_0.5_odd": 2.4,
                "first_half_over_1.75_odd": 2.5,
                "first_half_under_1.75_odd": 1.47,
                "first_half_over_1.5_odd": 2.07,
                "first_half_under_1.5_odd": 1.67,
                "first_half_over_1.0_odd": 1.42,
                "first_half_under_1.0_odd": 2.65,
                "home_first_half_handicap_0.75_odd": 1.57,
                "away_first_half_handicap_-0.75_odd": 2.25,
                "home_first_half_handicap_0.25_odd": 2.25,
                "away_first_half_handicap_-0.25_odd": 1.57,
                "home_first_half_handicap_0.5_odd": 1.8,
                "away_first_half_handicap_-0.5_odd": 1.9,
                "home_handicap_1.5_odd": 1.61,
                "away_handicap_-1.5_odd": 2.17,
                "home_handicap_2.0_odd": 1.32,
                "away_handicap_-2.0_odd": 3.1,
                "away_handicap_-1.0_odd": 1.73,
                "home_handicap_1.0_odd": 1.97,
                "over_3.25_odd": 1.86,
                "under_3.25_odd": 1.84,
                "over_3.5_odd": 2.05,
                "under_3.5_odd": 1.68,
                "both_noscore_odd": 2.27,
                "both_score_odd": 1.56,
                "away_under_3.25_odd": 1.23,
                "away_over_3.25_odd": 3.75,
                "away_under_2.75_odd": 1.43,
                "away_over_2.75_odd": 2.62,
                "away_under_2.25_odd": 1.75,
                "away_over_2.25_odd": 1.95,
                "away_under_1.75_odd": 2.39,
                "away_over_1.75_odd": 1.51,
                "away_under_1.25_odd": 3.57,
                "away_over_1.25_odd": 1.25,
                "away_under_3.5_odd": 1.2,
                "away_over_3.5_odd": 4.05,
                "away_under_3.0_odd": 1.28,
                "away_over_3.0_odd": 3.3,
                "away_under_2.5_odd": 1.58,
                "away_over_2.5_odd": 2.23,
                "away_under_2.0_odd": 2.05,
                "away_over_2.0_odd": 1.68,
                "away_under_1.5_odd": 2.7,
                "away_over_1.5_odd": 1.4,
                "home_under_1.75_odd": 1.22,
                "home_over_1.75_odd": 3.83,
                "home_under_1.25_odd": 1.48,
                "home_over_1.25_odd": 2.45,
                "home_under_0.75_odd": 2.21,
                "home_over_0.75_odd": 1.59,
                "home_under_1.5_odd": 1.35,
                "home_over_1.5_odd": 2.95,
                "home_under_1.0_odd": 1.76,
                "home_over_1.0_odd": 1.94,
                "home_under_0.5_odd": 2.65,
                "home_over_0.5_odd": 1.42,
                "X2_odd": 1.14,
                "1X_odd": 2.53,
                "12_odd": 1.18,
                "over_4.25_odd": 3.1,
                "under_4.25_odd": 1.32,
                "over_3.75_odd": 2.35,
                "under_3.75_odd": 1.53,
                "over_2.75_odd": 1.51,
                "under_2.75_odd": 2.39,
                "over_2.25_odd": 1.29,
                "under_2.25_odd": 3.25,
                "over_4.5_odd": 3.3,
                "under_4.5_odd": 1.28,
                "over_4.0_odd": 2.8,
                "under_4.0_odd": 1.38,
                "over_3.0_odd": 1.64,
                "under_3.0_odd": 2.12,
                "over_2.5_odd": 1.43,
                "under_2.5_odd": 2.62,
                "home_handicap_2.25_odd": 1.27,
                "away_handicap_-2.25_odd": 3.4,
                "home_handicap_1.75_odd": 1.47,
                "away_handicap_-1.75_odd": 2.5,
                "home_handicap_1.25_odd": 1.77,
                "away_handicap_-1.25_odd": 1.93,
                "home_handicap_0.75_odd": 2.3,
                "away_handicap_-0.75_odd": 1.55,
                "home_handicap_0.25_odd": 3.1,
                "away_handicap_-0.25_odd": 1.32,
                "away_handicap_-0.5_odd": 1.45,
                "home_handicap_0.5_odd": 2.55,
                "2_odd": 1.44,
                "1_odd": 5.3,
                "draw_odd": 4.6,
                "first_half_over_1.25_odd": 1.75,
                "first_half_under_1.25_odd": 1.95,
                "away_first_half_over_1.75_odd": 4.15,
                "away_first_half_under_1.75_odd": 1.19
            },
            {
                "match_id": 27575417,
                "date": "26/07/2025",
                "time": "13:00",
                "home_team": "Egersund IK",
                "away_team": "Lyn 1896 FK",
                "match_url": "https://www.asbet.org/en/sports/pre-match/event-view/Soccer/Norway/1967/st-division/27575417/egersund-ik-lyn-fk",
                "away_first_half_over_0.75_odd": 2.52,
                "away_first_half_under_0.75_odd": 1.46,
                "away_first_half_over_0.5_odd": 2.0,
                "away_first_half_under_0.5_odd": 1.72,
                "home_first_half_over_1.25_odd": 3.65,
                "home_first_half_under_1.25_odd": 1.24,
                "home_first_half_over_0.75_odd": 2.02,
                "home_first_half_under_0.75_odd": 1.7,
                "home_first_half_over_1.0_odd": 2.95,
                "home_first_half_under_1.0_odd": 1.35,
                "home_first_half_over_0.5_odd": 1.69,
                "home_first_half_under_0.5_odd": 2.04,
                "both_noscore_odd": 2.5,
                "both_score_odd": 1.47,
                "away_under_1.75_odd": 1.41,
                "away_over_1.75_odd": 2.68,
                "away_over_1.25_odd": 1.86,
                "away_under_1.25_odd": 1.84,
                "away_over_0.75_odd": 1.33,
                "away_under_0.75_odd": 3.05,
                "away_over_2.0_odd": 3.83,
                "away_under_2.0_odd": 1.22,
                "away_over_1.5_odd": 2.21,
                "away_under_1.5_odd": 1.59,
                "away_over_1.0_odd": 1.49,
                "away_under_1.0_odd": 2.44,
                "away_over_0.5_odd": 1.25,
                "away_under_0.5_odd": 3.57,
                "home_over_2.75_odd": 4.05,
                "home_under_2.75_odd": 1.2,
                "home_over_2.25_odd": 2.87,
                "home_under_2.25_odd": 1.36,
                "home_under_1.75_odd": 1.73,
                "home_over_1.75_odd": 1.97,
                "home_under_1.25_odd": 2.44,
                "home_over_1.25_odd": 1.49,
                "home_under_2.5_odd": 1.29,
                "home_over_2.5_odd": 3.25,
                "home_under_2.0_odd": 1.48,
                "home_over_2.0_odd": 2.45,
                "home_over_1.5_odd": 1.74,
                "home_under_1.5_odd": 1.96,
                "home_under_1.0_odd": 3.65,
                "home_over_1.0_odd": 1.24,
                "12_odd": 1.26,
                "X2_odd": 1.71,
                "1X_odd": 1.34,
                "home_handicap_-1.25_odd": 3.15,
                "away_handicap_1.25_odd": 1.31,
                "home_handicap_-0.75_odd": 2.3,
                "away_handicap_0.75_odd": 1.55,
                "home_handicap_-1.5_odd": 3.47,
                "away_handicap_1.5_odd": 1.26,
                "home_handicap_-1.0_odd": 2.85,
                "away_handicap_1.0_odd": 1.37,
                "home_handicap_0.75_odd": 1.24,
                "away_handicap_-0.75_odd": 3.65,
                "first_half_over_1.75_odd": 2.68,
                "first_half_under_1.75_odd": 1.41,
                "first_half_over_0.75_odd": 1.34,
                "first_half_under_0.75_odd": 3.0,
                "first_half_over_1.5_odd": 2.21,
                "first_half_under_1.5_odd": 1.59,
                "first_half_over_1.0_odd": 1.49,
                "first_half_under_1.0_odd": 2.44,
                "home_first_half_handicap_-0.5_odd": 2.44,
                "away_first_half_handicap_0.5_odd": 1.49,
                "home_first_half_handicap_0.0_odd": 1.59,
                "away_first_half_handicap_0.0_odd": 2.21,
                "home_first_half_handicap_0.25_odd": 1.38,
                "away_first_half_handicap_-0.25_odd": 2.8,
                "home_first_half_handicap_-0.25_odd": 2.02,
                "away_first_half_handicap_0.25_odd": 1.7,
                "first_half_under_1.25_odd": 1.85,
                "first_half_over_1.25_odd": 1.85,
                "away_handicap_0.5_odd": 1.72,
                "home_handicap_-0.5_odd": 2.0,
                "away_handicap_-0.25_odd": 2.65,
                "home_handicap_0.25_odd": 1.42,
                "away_handicap_-0.5_odd": 2.95,
                "home_handicap_0.5_odd": 1.35,
                "draw_odd": 3.63,
                "2_odd": 3.07,
                "1_odd": 2.01,
                "away_handicap_0.0_odd": 2.33,
                "home_handicap_0.0_odd": 1.54,
                "home_handicap_-0.25_odd": 1.76,
                "away_handicap_0.25_odd": 1.94,
                "over_3.0_odd": 1.81,
                "under_3.0_odd": 1.89,
                "under_3.75_odd": 1.43,
                "over_3.75_odd": 2.62,
                "under_3.5_odd": 1.56,
                "over_3.5_odd": 2.27,
                "under_2.5_odd": 2.39,
                "over_2.5_odd": 1.51,
                "under_4.25_odd": 1.25,
                "over_4.25_odd": 3.57,
                "under_3.25_odd": 1.69,
                "over_3.25_odd": 2.04,
                "under_2.75_odd": 2.13,
                "over_2.75_odd": 1.63,
                "under_4.0_odd": 1.29,
                "over_4.0_odd": 3.25,
                "under_2.25_odd": 2.85,
                "over_2.25_odd": 1.37
            },
            {
                "match_id": 27575418,
                "date": "26/07/2025",
                "time": "13:00",
                "home_team": "Aalesunds FK",
                "away_team": "Moss FK",
                "match_url": "https://www.asbet.org/en/sports/pre-match/event-view/Soccer/Norway/1967/st-division/27575418/aalesunds-fk-moss-fk",
                "over_3.0_odd": 2.12,
                "under_3.0_odd": 1.64,
                "both_noscore_odd": 1.97,
                "both_score_odd": 1.73,
                "away_under_1.25_odd": 1.37,
                "away_over_1.25_odd": 2.85,
                "away_under_0.75_odd": 1.97,
                "away_over_0.75_odd": 1.73,
                "away_under_1.5_odd": 1.27,
                "away_over_1.5_odd": 3.4,
                "away_under_1.0_odd": 1.57,
                "away_over_1.0_odd": 2.25,
                "away_under_0.5_odd": 2.39,
                "away_over_0.5_odd": 1.51,
                "home_under_2.75_odd": 1.26,
                "home_over_2.75_odd": 3.47,
                "home_under_2.25_odd": 1.46,
                "home_over_2.25_odd": 2.52,
                "home_under_1.75_odd": 1.89,
                "home_over_1.75_odd": 1.81,
                "home_under_1.25_odd": 2.7,
                "home_over_1.25_odd": 1.4,
                "home_under_2.5_odd": 1.37,
                "home_over_2.5_odd": 2.85,
                "home_under_2.0_odd": 1.61,
                "home_over_2.0_odd": 2.17,
                "home_under_1.5_odd": 2.17,
                "home_over_1.5_odd": 1.61,
                "X2_odd": 2.26,
                "1X_odd": 1.17,
                "12_odd": 1.22,
                "away_handicap_0.75_odd": 2.0,
                "home_handicap_-0.75_odd": 1.72,
                "away_handicap_0.0_odd": 3.65,
                "home_handicap_0.0_odd": 1.24,
                "away_handicap_1.75_odd": 1.34,
                "home_handicap_-1.75_odd": 3.0,
                "away_handicap_1.25_odd": 1.57,
                "home_handicap_-1.25_odd": 2.25,
                "away_handicap_1.5_odd": 1.46,
                "home_handicap_-1.5_odd": 2.52,
                "away_handicap_1.0_odd": 1.77,
                "home_handicap_-1.0_odd": 1.93,
                "under_3.75_odd": 1.31,
                "over_3.75_odd": 3.15,
                "under_3.25_odd": 1.51,
                "over_3.25_odd": 2.39,
                "under_2.25_odd": 2.44,
                "over_2.25_odd": 1.49,
                "under_1.75_odd": 3.57,
                "over_1.75_odd": 1.25,
                "under_3.5_odd": 1.42,
                "over_3.5_odd": 2.65,
                "under_2.5_odd": 2.08,
                "over_2.5_odd": 1.66,
                "under_2.0_odd": 3.15,
                "over_2.0_odd": 1.31,
                "away_handicap_0.25_odd": 2.7,
                "home_handicap_-0.25_odd": 1.4,
                "away_handicap_0.5_odd": 2.25,
                "home_handicap_-0.5_odd": 1.57,
                "under_2.75_odd": 1.86,
                "over_2.75_odd": 1.84,
                "2_odd": 4.8,
                "1_odd": 1.57,
                "draw_odd": 3.93,
                "away_first_half_under_0.75_odd": 1.24,
                "away_first_half_over_0.75_odd": 3.65,
                "away_first_half_under_0.5_odd": 1.42,
                "away_first_half_over_0.5_odd": 2.65,
                "home_first_half_under_1.25_odd": 1.3,
                "home_first_half_over_1.25_odd": 3.2,
                "home_first_half_under_0.75_odd": 1.82,
                "home_first_half_over_0.75_odd": 1.88,
                "home_first_half_under_1.5_odd": 1.22,
                "home_first_half_over_1.5_odd": 3.83,
                "home_first_half_under_1.0_odd": 1.45,
                "home_first_half_over_1.0_odd": 2.55,
                "home_first_half_under_0.5_odd": 2.17,
                "home_first_half_over_0.5_odd": 1.61,
                "home_first_half_handicap_-0.75_odd": 2.5,
                "away_first_half_handicap_0.75_odd": 1.47,
                "home_first_half_handicap_-0.5_odd": 2.02,
                "away_first_half_handicap_0.5_odd": 1.7,
                "home_first_half_handicap_-0.25_odd": 1.68,
                "away_first_half_handicap_0.25_odd": 2.05,
                "first_half_over_1.75_odd": 3.05,
                "first_half_under_1.75_odd": 1.33,
                "first_half_over_0.75_odd": 1.42,
                "first_half_under_0.75_odd": 2.65,
                "first_half_over_1.5_odd": 2.44,
                "first_half_under_1.5_odd": 1.49,
                "first_half_over_1.0_odd": 1.63,
                "first_half_under_1.0_odd": 2.13,
                "first_half_over_1.25_odd": 2.04,
                "first_half_under_1.25_odd": 1.69
            }
        ]
    },
    {
        "tournament_name": "Eliteserien. Outright",
        "tournament_id": 21797,
        "matches": []
    },
    {
        "tournament_name": "3rd Division",
        "tournament_id": 10926,
        "matches": [
            {
                "match_id": 27633777,
                "date": "25/07/2025",
                "time": "18:00",
                "home_team": "Sola FK",
                "away_team": "Torvastad IL",
                "match_url": "https://www.asbet.org/en/sports/pre-match/event-view/Soccer/Norway/10926/rd-division/27633777/sola-fk-torvastad-il",
                "1X_odd": 1.86,
                "12_odd": 1.22,
                "X2_odd": 1.3,
                "over_3.25_odd": 1.61,
                "under_3.25_odd": 2.17,
                "over_4.0_odd": 2.35,
                "under_4.0_odd": 1.53,
                "home_handicap_0.75_odd": 1.72,
                "away_handicap_-0.75_odd": 2.0,
                "home_handicap_1.0_odd": 1.53,
                "away_handicap_-1.0_odd": 2.35,
                "home_handicap_0.5_odd": 1.92,
                "away_handicap_-0.5_odd": 1.78,
                "home_handicap_0.0_odd": 2.59,
                "away_handicap_0.0_odd": 1.44,
                "over_3.5_odd": 1.78,
                "under_3.5_odd": 1.92,
                "1_odd": 3.3,
                "draw_odd": 4.1,
                "2_odd": 1.82,
                "over_4.25_odd": 2.62,
                "under_4.25_odd": 1.43,
                "over_3.75_odd": 1.97,
                "under_3.75_odd": 1.73,
                "over_3.0_odd": 1.44,
                "under_3.0_odd": 2.59,
                "home_handicap_1.25_odd": 1.44,
                "away_handicap_-1.25_odd": 2.59,
                "home_handicap_0.25_odd": 2.15,
                "away_handicap_-0.25_odd": 1.62
            }
        ]
    },
    {
        "tournament_name": "2nd Division",
        "tournament_id": 1968,
        "matches": [
            {
                "match_id": 27632824,
                "date": "26/07/2025",
                "time": "13:00",
                "home_team": "Honefoss BK",
                "away_team": "Strommen IF",
                "match_url": "https://www.asbet.org/en/sports/pre-match/event-view/Soccer/Norway/1968/nd-division/27632824/honefoss-bk-strommen-if",
                "away_handicap_0.25_odd": 1.62,
                "home_handicap_-0.25_odd": 2.15,
                "under_3.75_odd": 1.5,
                "over_3.75_odd": 2.4,
                "away_handicap_-0.25_odd": 2.1,
                "home_handicap_0.25_odd": 1.65,
                "2_odd": 2.41,
                "1_odd": 2.47,
                "draw_odd": 3.58,
                "12_odd": 1.27,
                "X2_odd": 1.48,
                "1X_odd": 1.5,
                "away_handicap_0.5_odd": 1.49,
                "home_handicap_-0.5_odd": 2.44,
                "under_3.25_odd": 1.8,
                "over_3.25_odd": 1.9,
                "under_2.75_odd": 2.33,
                "over_2.75_odd": 1.54,
                "under_3.5_odd": 1.64,
                "over_3.5_odd": 2.12,
                "under_3.0_odd": 2.04,
                "over_3.0_odd": 1.69,
                "away_handicap_0.0_odd": 1.83,
                "home_handicap_0.0_odd": 1.87,
                "away_handicap_-0.5_odd": 2.39,
                "home_handicap_0.5_odd": 1.51,
                "under_2.5_odd": 2.55,
                "over_2.5_odd": 1.45
            },
            {
                "match_id": 27632825,
                "date": "26/07/2025",
                "time": "13:00",
                "home_team": "Grorud IL",
                "away_team": "Asker SK",
                "match_url": "https://www.asbet.org/en/sports/pre-match/event-view/Soccer/Norway/1968/nd-division/27632825/grorud-il-asker-sk",
                "away_handicap_2.0_odd": 1.45,
                "home_handicap_-2.0_odd": 2.55,
                "2_odd": 6.9,
                "1_odd": 1.33,
                "draw_odd": 5.0,
                "12_odd": 1.15,
                "X2_odd": 3.0,
                "1X_odd": 1.1,
                "away_handicap_1.75_odd": 1.62,
                "home_handicap_-1.75_odd": 2.15,
                "away_handicap_1.25_odd": 2.02,
                "home_handicap_-1.25_odd": 1.7,
                "under_3.25_odd": 2.07,
                "over_3.25_odd": 1.67,
                "under_4.0_odd": 1.48,
                "over_4.0_odd": 2.45,
                "under_3.5_odd": 1.85,
                "over_3.5_odd": 1.85,
                "under_3.0_odd": 2.44,
                "over_3.0_odd": 1.49,
                "away_handicap_1.0_odd": 2.4,
                "home_handicap_-1.0_odd": 1.5,
                "under_3.75_odd": 1.66,
                "over_3.75_odd": 2.08,
                "away_handicap_1.5_odd": 1.79,
                "home_handicap_-1.5_odd": 1.91
            },
            {
                "match_id": 27632826,
                "date": "26/07/2025",
                "time": "13:00",
                "home_team": "Follo FK",
                "away_team": "Kjelsas IL",
                "match_url": "https://www.asbet.org/en/sports/pre-match/event-view/Soccer/Norway/1968/nd-division/27632826/follo-fk-kjelsas-il",
                "over_3.0_odd": 1.95,
                "under_3.0_odd": 1.75,
                "over_2.5_odd": 1.59,
                "under_2.5_odd": 2.21,
                "over_3.5_odd": 2.45,
                "under_3.5_odd": 1.48,
                "12_odd": 1.28,
                "X2_odd": 1.29,
                "1X_odd": 1.76,
                "away_handicap_0.0_odd": 1.47,
                "home_handicap_0.0_odd": 2.5,
                "away_handicap_-0.25_odd": 1.7,
                "home_handicap_0.25_odd": 2.02,
                "away_handicap_-0.75_odd": 2.21,
                "home_handicap_0.75_odd": 1.59,
                "under_3.25_odd": 1.59,
                "over_3.25_odd": 2.21,
                "under_2.75_odd": 1.96,
                "over_2.75_odd": 1.74,
                "away_handicap_-0.5_odd": 1.9,
                "home_handicap_0.5_odd": 1.8,
                "2_odd": 1.93,
                "1_odd": 3.37,
                "draw_odd": 3.5,
                "over_2.25_odd": 1.43,
                "under_2.25_odd": 2.62
            }
        ]
    }
]