[
    {
        "last_updated": "2025-07-24T20:52:08.050644+01:00"
    },
    {
        "tournament_name": "Super Liga. Outright",
        "tournament_id": 18293466,
        "matches": []
    },
    {
        "tournament_name": "Super Liga",
        "tournament_id": 2963,
        "matches": [
            {
                "match_id": 27630326,
                "date": "27/07/2025",
                "time": "18:00",
                "home_team": "Napredak Krusevac",
                "away_team": "FK Novi Pazar",
                "match_url": "https://www.asbet.org/en/sports/pre-match/event-view/Soccer/Serbia/2963/super-liga/27630326/napredak-krusevac-fk-novi-pazar",
                "home_over_2.5_odd": 5.35,
                "home_under_2.5_odd": 1.12,
                "home_first_half_under_1.25_odd": 1.12,
                "home_first_half_over_1.25_odd": 5.35,
                "corners_over_9.5_odd": 2.05,
                "corners_under_9.5_odd": 1.68,
                "corners_over_8.5_odd": 1.61,
                "corners_under_8.5_odd": 2.17,
                "corners_over_9.0_odd": 1.8,
                "corners_under_9.0_odd": 1.9,
                "second_half_under_3.5_odd": 1.03,
                "second_half_over_3.5_odd": 9.0,
                "second_half_under_3.0_odd": 1.04,
                "second_half_over_3.0_odd": 8.5,
                "second_half_under_2.5_odd": 1.16,
                "second_half_over_2.5_odd": 4.57,
                "second_half_under_2.0_odd": 1.25,
                "second_half_over_2.0_odd": 3.57,
                "second_half_under_1.5_odd": 1.62,
                "second_half_over_1.5_odd": 2.15,
                "second_half_under_1.0_odd": 2.52,
                "second_half_over_1.0_odd": 1.46,
                "second_half_under_0.5_odd": 3.65,
                "second_half_over_0.5_odd": 1.24,
                "home_second_half_handicap_0.0_odd": 1.83,
                "away_second_half_handicap_0.0_odd": 1.87,
                "away_first_half_under_1.25_odd": 1.11,
                "away_first_half_over_1.25_odd": 5.55,
                "away_first_half_under_0.75_odd": 1.4,
                "away_first_half_over_0.75_odd": 2.7,
                "away_first_half_over_1.0_odd": 4.75,
                "away_first_half_under_1.0_odd": 1.15,
                "away_first_half_over_0.5_odd": 2.08,
                "away_first_half_under_0.5_odd": 1.66,
                "home_first_half_over_0.75_odd": 2.65,
                "home_first_half_under_0.75_odd": 1.42,
                "home_first_half_over_1.0_odd": 4.57,
                "home_first_half_under_1.0_odd": 1.16,
                "home_first_half_over_0.5_odd": 2.07,
                "home_first_half_under_0.5_odd": 1.67,
                "first_half_over_1.25_odd": 2.3,
                "first_half_under_1.25_odd": 1.55,
                "first_half_over_0.75_odd": 1.52,
                "first_half_under_0.75_odd": 2.37,
                "first_half_over_1.5_odd": 2.7,
                "first_half_under_1.5_odd": 1.4,
                "first_half_over_0.5_odd": 1.38,
                "first_half_under_0.5_odd": 2.8,
                "home_first_half_handicap_-0.75_odd": 4.05,
                "away_first_half_handicap_0.75_odd": 1.2,
                "home_first_half_handicap_-0.25_odd": 2.44,
                "away_first_half_handicap_0.25_odd": 1.49,
                "home_first_half_handicap_-0.5_odd": 3.05,
                "away_first_half_handicap_0.5_odd": 1.33,
                "away_first_half_handicap_-0.75_odd": 4.15,
                "home_first_half_handicap_0.75_odd": 1.19,
                "home_first_half_handicap_0.25_odd": 1.47,
                "away_first_half_handicap_-0.25_odd": 2.5,
                "home_first_half_handicap_0.5_odd": 1.32,
                "away_first_half_handicap_-0.5_odd": 3.1,
                "both_score_odd": 1.7,
                "both_noscore_odd": 2.02,
                "away_under_2.25_odd": 1.14,
                "away_over_2.25_odd": 4.9,
                "away_under_1.75_odd": 1.32,
                "away_over_1.75_odd": 3.1,
                "away_over_1.25_odd": 2.04,
                "away_under_1.25_odd": 1.69,
                "away_under_0.75_odd": 2.7,
                "away_over_0.75_odd": 1.4,
                "away_under_2.5_odd": 1.11,
                "away_over_2.5_odd": 5.55,
                "away_under_2.0_odd": 1.16,
                "away_over_2.0_odd": 4.57,
                "away_under_1.5_odd": 1.48,
                "away_over_1.5_odd": 2.45,
                "away_under_1.0_odd": 2.17,
                "away_over_1.0_odd": 1.61,
                "away_under_0.5_odd": 3.2,
                "away_over_0.5_odd": 1.3,
                "home_under_2.25_odd": 1.15,
                "home_over_2.25_odd": 4.75,
                "home_under_1.75_odd": 1.35,
                "home_over_1.75_odd": 2.95,
                "home_under_1.25_odd": 1.73,
                "home_over_1.25_odd": 1.97,
                "home_under_0.75_odd": 2.8,
                "home_over_0.75_odd": 1.38,
                "home_under_2.0_odd": 1.18,
                "home_over_2.0_odd": 4.3,
                "home_under_1.5_odd": 1.51,
                "home_over_1.5_odd": 2.39,
                "home_under_1.0_odd": 2.23,
                "home_over_1.0_odd": 1.58,
                "home_under_0.5_odd": 3.3,
                "home_over_0.5_odd": 1.28,
                "under_3.75_odd": 1.21,
                "over_3.75_odd": 3.9,
                "under_3.25_odd": 1.35,
                "over_3.25_odd": 2.95,
                "under_2.75_odd": 1.62,
                "over_2.75_odd": 2.15,
                "over_2.25_odd": 1.68,
                "under_2.25_odd": 2.05,
                "under_1.75_odd": 2.87,
                "over_1.75_odd": 1.36,
                "over_3.5_odd": 3.25,
                "under_3.5_odd": 1.29,
                "over_3.0_odd": 2.62,
                "under_3.0_odd": 1.43,
                "under_2.0_odd": 2.52,
                "over_2.0_odd": 1.46,
                "over_1.5_odd": 1.29,
                "under_1.5_odd": 3.25,
                "home_handicap_-1.25_odd": 4.57,
                "away_handicap_1.25_odd": 1.16,
                "home_handicap_-0.75_odd": 3.0,
                "away_handicap_0.75_odd": 1.34,
                "away_handicap_0.25_odd": 1.62,
                "home_handicap_-0.25_odd": 2.15,
                "away_handicap_1.5_odd": 1.14,
                "home_handicap_-1.5_odd": 4.9,
                "away_handicap_1.0_odd": 1.19,
                "home_handicap_-1.0_odd": 4.15,
                "away_handicap_0.5_odd": 1.48,
                "home_handicap_-0.5_odd": 2.45,
                "away_handicap_-1.25_odd": 4.75,
                "home_handicap_1.25_odd": 1.15,
                "away_handicap_-0.75_odd": 3.1,
                "home_handicap_0.75_odd": 1.32,
                "away_handicap_-0.25_odd": 2.23,
                "home_handicap_0.25_odd": 1.58,
                "home_handicap_1.5_odd": 1.13,
                "away_handicap_-1.5_odd": 5.1,
                "home_handicap_1.0_odd": 1.18,
                "away_handicap_-1.0_odd": 4.3,
                "away_handicap_-0.5_odd": 2.52,
                "home_handicap_0.5_odd": 1.46,
                "X2_odd": 1.47,
                "12_odd": 1.32,
                "1X_odd": 1.45,
                "home_first_half_handicap_0.0_odd": 1.83,
                "away_first_half_handicap_0.0_odd": 1.87,
                "first_half_over_1.0_odd": 1.83,
                "first_half_under_1.0_odd": 1.87,
                "home_handicap_0.0_odd": 1.83,
                "away_handicap_0.0_odd": 1.87,
                "under_2.5_odd": 1.8,
                "over_2.5_odd": 1.9,
                "2_odd": 2.54,
                "1_odd": 2.45,
                "draw_odd": 3.14
            },
            {
                "match_id": 27630457,
                "date": "27/07/2025",
                "time": "20:00",
                "home_team": "FK Spartak Subotica",
                "away_team": "FK Vojvodina",
                "match_url": "https://www.asbet.org/en/sports/pre-match/event-view/Soccer/Serbia/2963/super-liga/27630457/fk-spartak-subotica-fk-vojvodina",
                "corners_over_8.5_odd": 1.72,
                "corners_under_8.5_odd": 2.0,
                "corners_over_9.0_odd": 1.94,
                "corners_under_9.0_odd": 1.76,
                "both_score_odd": 1.71,
                "both_noscore_odd": 2.01,
                "away_under_2.25_odd": 1.18,
                "away_over_2.25_odd": 4.3,
                "away_over_1.75_odd": 2.7,
                "away_under_1.75_odd": 1.4,
                "away_under_1.25_odd": 1.83,
                "away_over_1.25_odd": 1.87,
                "away_under_0.75_odd": 3.05,
                "away_over_0.75_odd": 1.33,
                "away_under_2.5_odd": 1.15,
                "away_over_2.5_odd": 4.75,
                "away_under_2.0_odd": 1.22,
                "away_over_2.0_odd": 3.83,
                "away_over_1.5_odd": 2.25,
                "away_under_1.5_odd": 1.57,
                "away_over_1.0_odd": 1.49,
                "away_under_1.0_odd": 2.44,
                "away_under_0.5_odd": 3.57,
                "away_over_0.5_odd": 1.25,
                "home_over_2.25_odd": 5.55,
                "home_under_2.25_odd": 1.11,
                "home_under_1.75_odd": 1.29,
                "home_over_1.75_odd": 3.25,
                "home_over_1.25_odd": 2.17,
                "home_under_1.25_odd": 1.61,
                "home_under_0.75_odd": 2.5,
                "home_over_0.75_odd": 1.47,
                "home_over_2.0_odd": 4.9,
                "home_under_2.0_odd": 1.14,
                "home_over_1.5_odd": 2.62,
                "home_under_1.5_odd": 1.43,
                "home_over_1.0_odd": 1.73,
                "home_under_1.0_odd": 1.97,
                "home_over_0.5_odd": 1.34,
                "home_under_0.5_odd": 3.0,
                "over_3.75_odd": 3.9,
                "under_3.75_odd": 1.21,
                "over_3.25_odd": 2.87,
                "under_3.25_odd": 1.36,
                "over_2.25_odd": 1.68,
                "under_2.25_odd": 2.05,
                "over_1.75_odd": 1.36,
                "under_1.75_odd": 2.87,
                "over_3.5_odd": 3.2,
                "under_3.5_odd": 1.3,
                "over_3.0_odd": 2.59,
                "under_3.0_odd": 1.44,
                "over_2.0_odd": 1.46,
                "under_2.0_odd": 2.52,
                "under_1.5_odd": 3.25,
                "over_1.5_odd": 1.29,
                "home_handicap_-0.75_odd": 3.47,
                "away_handicap_0.75_odd": 1.26,
                "home_handicap_-0.25_odd": 2.45,
                "away_handicap_0.25_odd": 1.48,
                "home_handicap_-1.0_odd": 4.9,
                "away_handicap_1.0_odd": 1.14,
                "home_handicap_-0.5_odd": 2.8,
                "away_handicap_0.5_odd": 1.38,
                "away_handicap_-1.25_odd": 4.05,
                "home_handicap_1.25_odd": 1.2,
                "away_handicap_-0.75_odd": 2.65,
                "home_handicap_0.75_odd": 1.42,
                "home_handicap_1.5_odd": 1.17,
                "away_handicap_-1.5_odd": 4.42,
                "away_handicap_-1.0_odd": 3.57,
                "home_handicap_1.0_odd": 1.25,
                "home_handicap_0.5_odd": 1.58,
                "away_handicap_-0.5_odd": 2.23,
                "X2_odd": 1.37,
                "1X_odd": 1.57,
                "12_odd": 1.31,
                "second_half_over_3.5_odd": 8.7,
                "second_half_under_3.5_odd": 1.035,
                "second_half_over_3.0_odd": 8.5,
                "second_half_under_3.0_odd": 1.04,
                "second_half_over_2.5_odd": 4.42,
                "second_half_under_2.5_odd": 1.17,
                "second_half_under_2.0_odd": 1.26,
                "second_half_over_2.0_odd": 3.47,
                "second_half_over_1.5_odd": 2.12,
                "second_half_under_1.5_odd": 1.64,
                "second_half_over_1.0_odd": 1.45,
                "second_half_under_1.0_odd": 2.55,
                "second_half_under_0.5_odd": 3.65,
                "second_half_over_0.5_odd": 1.24,
                "away_second_half_handicap_-1.0_odd": 5.35,
                "home_second_half_handicap_1.0_odd": 1.12,
                "home_second_half_handicap_0.0_odd": 2.01,
                "away_second_half_handicap_0.0_odd": 1.71,
                "away_first_half_under_1.25_odd": 1.14,
                "away_first_half_over_1.25_odd": 4.9,
                "away_first_half_under_0.75_odd": 1.47,
                "away_first_half_over_0.75_odd": 2.5,
                "away_first_half_under_1.5_odd": 1.11,
                "away_first_half_over_1.5_odd": 5.55,
                "away_first_half_under_1.0_odd": 1.19,
                "away_first_half_over_1.0_odd": 4.15,
                "away_first_half_over_0.5_odd": 1.95,
                "away_first_half_under_0.5_odd": 1.75,
                "home_first_half_under_0.75_odd": 1.35,
                "home_first_half_over_0.75_odd": 2.95,
                "home_first_half_under_1.0_odd": 1.12,
                "home_first_half_over_1.0_odd": 5.35,
                "home_first_half_under_0.5_odd": 1.58,
                "home_first_half_over_0.5_odd": 2.23,
                "first_half_under_0.75_odd": 2.35,
                "first_half_over_0.75_odd": 1.53,
                "first_half_under_1.5_odd": 1.39,
                "first_half_over_1.5_odd": 2.75,
                "first_half_under_1.0_odd": 1.86,
                "first_half_over_1.0_odd": 1.84,
                "first_half_under_0.5_odd": 2.8,
                "first_half_over_0.5_odd": 1.38,
                "home_first_half_handicap_-0.75_odd": 4.57,
                "away_first_half_handicap_0.75_odd": 1.16,
                "away_first_half_handicap_0.25_odd": 1.39,
                "home_first_half_handicap_-0.25_odd": 2.75,
                "home_first_half_handicap_-0.5_odd": 3.4,
                "away_first_half_handicap_0.5_odd": 1.27,
                "home_first_half_handicap_0.75_odd": 1.24,
                "away_first_half_handicap_-0.75_odd": 3.65,
                "home_first_half_handicap_0.5_odd": 1.39,
                "away_first_half_handicap_-0.5_odd": 2.75,
                "home_first_half_handicap_0.0_odd": 2.08,
                "away_first_half_handicap_0.0_odd": 1.66,
                "over_2.5_odd": 1.9,
                "under_2.5_odd": 1.8,
                "home_handicap_0.0_odd": 2.12,
                "away_handicap_0.0_odd": 1.64,
                "draw_odd": 3.17,
                "2_odd": 2.22,
                "1_odd": 2.83,
                "away_first_half_handicap_-0.25_odd": 2.23,
                "home_first_half_handicap_0.25_odd": 1.58,
                "home_handicap_0.25_odd": 1.75,
                "away_handicap_-0.25_odd": 1.95,
                "over_2.75_odd": 2.15,
                "under_2.75_odd": 1.62,
                "first_half_under_1.25_odd": 1.54,
                "first_half_over_1.25_odd": 2.33,
                "home_handicap_-1.25_odd": 5.35,
                "away_handicap_1.25_odd": 1.12,
                "home_handicap_1.75_odd": 1.11,
                "away_handicap_-1.75_odd": 5.55
            },
            {
                "match_id": 27631517,
                "date": "27/07/2025",
                "time": "19:00",
                "home_team": "FK IMT Novi Beograd",
                "away_team": "FK Cukaricki",
                "match_url": "https://www.asbet.org/en/sports/pre-match/event-view/Soccer/Serbia/2963/super-liga/27631517/fk-imt-novi-beograd-fk-cukaricki",
                "away_second_half_handicap_-1.0_odd": 5.35,
                "home_second_half_handicap_1.0_odd": 1.12,
                "away_first_half_under_1.5_odd": 1.11,
                "away_first_half_over_1.5_odd": 5.55,
                "corners_over_9.0_odd": 2.07,
                "corners_under_9.0_odd": 1.67,
                "corners_over_8.5_odd": 1.8,
                "corners_under_8.5_odd": 1.9,
                "both_noscore_odd": 2.08,
                "both_score_odd": 1.66,
                "away_over_2.25_odd": 4.3,
                "away_under_2.25_odd": 1.18,
                "away_over_1.75_odd": 2.7,
                "away_under_1.75_odd": 1.4,
                "away_over_1.25_odd": 1.86,
                "away_under_1.25_odd": 1.84,
                "away_over_0.75_odd": 1.33,
                "away_under_0.75_odd": 3.05,
                "away_over_2.5_odd": 4.75,
                "away_under_2.5_odd": 1.15,
                "away_over_2.0_odd": 3.83,
                "away_under_2.0_odd": 1.22,
                "away_over_1.5_odd": 2.23,
                "away_under_1.5_odd": 1.58,
                "away_over_1.0_odd": 1.49,
                "away_under_1.0_odd": 2.44,
                "away_over_0.5_odd": 1.25,
                "away_under_0.5_odd": 3.57,
                "home_over_2.25_odd": 4.9,
                "home_under_2.25_odd": 1.14,
                "home_over_1.75_odd": 3.05,
                "home_under_1.75_odd": 1.33,
                "home_over_1.25_odd": 2.02,
                "home_under_1.25_odd": 1.7,
                "home_over_0.75_odd": 1.4,
                "home_under_0.75_odd": 2.7,
                "home_over_2.5_odd": 5.35,
                "home_under_2.5_odd": 1.12,
                "home_over_2.0_odd": 4.42,
                "home_under_2.0_odd": 1.17,
                "home_over_1.5_odd": 2.4,
                "home_under_1.5_odd": 1.5,
                "home_over_1.0_odd": 1.6,
                "home_under_1.0_odd": 2.2,
                "home_over_0.5_odd": 1.29,
                "home_under_0.5_odd": 3.25,
                "over_3.75_odd": 3.65,
                "under_3.75_odd": 1.24,
                "over_3.25_odd": 2.7,
                "under_3.25_odd": 1.4,
                "over_2.75_odd": 2.04,
                "under_2.75_odd": 1.69,
                "over_2.25_odd": 1.61,
                "under_2.25_odd": 2.17,
                "over_1.75_odd": 1.32,
                "under_1.75_odd": 3.1,
                "under_3.5_odd": 1.33,
                "over_3.5_odd": 3.05,
                "under_3.0_odd": 1.49,
                "over_3.0_odd": 2.44,
                "under_2.0_odd": 2.7,
                "over_2.0_odd": 1.4,
                "under_1.5_odd": 3.47,
                "over_1.5_odd": 1.26,
                "away_handicap_1.25_odd": 1.14,
                "home_handicap_-1.25_odd": 4.9,
                "away_handicap_0.75_odd": 1.29,
                "home_handicap_-0.75_odd": 3.25,
                "away_handicap_0.25_odd": 1.54,
                "home_handicap_-0.25_odd": 2.33,
                "away_handicap_1.5_odd": 1.12,
                "home_handicap_-1.5_odd": 5.35,
                "home_handicap_-1.0_odd": 4.57,
                "away_handicap_1.0_odd": 1.16,
                "home_handicap_-0.5_odd": 2.62,
                "away_handicap_0.5_odd": 1.43,
                "home_handicap_1.25_odd": 1.19,
                "away_handicap_-1.25_odd": 4.15,
                "home_handicap_0.75_odd": 1.38,
                "away_handicap_-0.75_odd": 2.8,
                "home_handicap_0.25_odd": 1.69,
                "away_handicap_-0.25_odd": 2.04,
                "home_handicap_1.5_odd": 1.16,
                "away_handicap_-1.5_odd": 4.57,
                "home_handicap_1.0_odd": 1.23,
                "away_handicap_-1.0_odd": 3.75,
                "home_handicap_0.5_odd": 1.53,
                "away_handicap_-0.5_odd": 2.35,
                "12_odd": 1.3,
                "X2_odd": 1.41,
                "1X_odd": 1.52,
                "under_2.5_odd": 1.88,
                "over_2.5_odd": 1.82,
                "2_odd": 2.32,
                "1_odd": 2.64,
                "draw_odd": 3.23,
                "home_handicap_0.0_odd": 1.96,
                "away_handicap_0.0_odd": 1.74,
                "second_half_over_3.5_odd": 8.5,
                "second_half_under_3.5_odd": 1.04,
                "second_half_over_3.0_odd": 8.2,
                "second_half_under_3.0_odd": 1.045,
                "second_half_over_2.5_odd": 4.15,
                "second_half_under_2.5_odd": 1.19,
                "second_half_over_2.0_odd": 3.3,
                "second_half_under_2.0_odd": 1.28,
                "second_half_over_1.5_odd": 2.05,
                "second_half_under_1.5_odd": 1.68,
                "second_half_over_1.0_odd": 1.42,
                "second_half_under_1.0_odd": 2.65,
                "second_half_over_0.5_odd": 1.22,
                "second_half_under_0.5_odd": 3.83,
                "home_second_half_handicap_0.0_odd": 1.94,
                "away_second_half_handicap_0.0_odd": 1.76,
                "away_first_half_under_1.25_odd": 1.14,
                "away_first_half_over_1.25_odd": 4.9,
                "away_first_half_under_0.75_odd": 1.47,
                "away_first_half_over_0.75_odd": 2.5,
                "away_first_half_under_1.0_odd": 1.19,
                "away_first_half_over_1.0_odd": 4.15,
                "away_first_half_under_0.5_odd": 1.74,
                "away_first_half_over_0.5_odd": 1.96,
                "home_first_half_under_1.25_odd": 1.11,
                "home_first_half_over_1.25_odd": 5.55,
                "home_first_half_under_0.75_odd": 1.41,
                "home_first_half_over_0.75_odd": 2.68,
                "home_first_half_under_1.0_odd": 1.15,
                "home_first_half_over_1.0_odd": 4.75,
                "home_first_half_under_0.5_odd": 1.66,
                "home_first_half_over_0.5_odd": 2.08,
                "first_half_under_1.75_odd": 1.28,
                "first_half_over_1.75_odd": 3.3,
                "first_half_under_1.25_odd": 1.6,
                "first_half_over_1.25_odd": 2.2,
                "first_half_under_0.75_odd": 2.45,
                "first_half_over_0.75_odd": 1.48,
                "first_half_under_1.5_odd": 1.43,
                "first_half_over_1.5_odd": 2.62,
                "first_half_under_0.5_odd": 2.95,
                "first_half_over_0.5_odd": 1.35,
                "away_first_half_handicap_0.75_odd": 1.18,
                "home_first_half_handicap_-0.75_odd": 4.3,
                "away_first_half_handicap_0.25_odd": 1.45,
                "home_first_half_handicap_-0.25_odd": 2.55,
                "away_first_half_handicap_0.5_odd": 1.31,
                "home_first_half_handicap_-0.5_odd": 3.15,
                "away_first_half_handicap_-0.75_odd": 3.83,
                "home_first_half_handicap_0.75_odd": 1.22,
                "away_first_half_handicap_-0.25_odd": 2.35,
                "home_first_half_handicap_0.25_odd": 1.53,
                "away_first_half_handicap_-0.5_odd": 2.85,
                "home_first_half_handicap_0.5_odd": 1.37,
                "first_half_under_1.0_odd": 1.95,
                "first_half_over_1.0_odd": 1.75,
                "away_first_half_handicap_0.0_odd": 1.76,
                "home_first_half_handicap_0.0_odd": 1.94
            },
            {
                "match_id": 27631518,
                "date": "27/07/2025",
                "time": "19:00",
                "home_team": "FK Radnicki 1923",
                "away_team": "FK Zeleznicar Pancevo",
                "match_url": "https://www.asbet.org/en/sports/pre-match/event-view/Soccer/Serbia/2963/super-liga/27631518/fk-radnicki--fk-zeleznicar-pancevo",
                "home_first_half_over_1.75_odd": 5.35,
                "home_first_half_under_1.75_odd": 1.12,
                "home_first_half_handicap_-1.5_odd": 5.1,
                "away_first_half_handicap_1.5_odd": 1.13,
                "away_first_half_handicap_1.25_odd": 1.17,
                "home_first_half_handicap_-1.25_odd": 4.42,
                "home_under_3.25_odd": 1.11,
                "home_over_3.25_odd": 5.55,
                "home_under_3.0_odd": 1.13,
                "home_over_3.0_odd": 5.1,
                "corners_over_9.5_odd": 2.1,
                "corners_under_9.5_odd": 1.65,
                "corners_over_8.5_odd": 1.65,
                "corners_under_8.5_odd": 2.1,
                "corners_over_9.0_odd": 1.85,
                "corners_under_9.0_odd": 1.85,
                "second_half_under_3.5_odd": 1.05,
                "second_half_over_3.5_odd": 7.85,
                "second_half_under_3.0_odd": 1.06,
                "second_half_over_3.0_odd": 7.3,
                "second_half_under_2.5_odd": 1.22,
                "second_half_over_2.5_odd": 3.83,
                "second_half_under_2.0_odd": 1.34,
                "second_half_over_2.0_odd": 3.0,
                "second_half_under_1.5_odd": 1.76,
                "second_half_over_1.5_odd": 1.94,
                "second_half_under_1.0_odd": 2.95,
                "second_half_over_1.0_odd": 1.35,
                "second_half_under_0.5_odd": 4.05,
                "second_half_over_0.5_odd": 1.2,
                "home_second_half_handicap_-1.5_odd": 4.15,
                "away_second_half_handicap_1.5_odd": 1.19,
                "away_second_half_handicap_1.0_odd": 1.31,
                "home_second_half_handicap_-1.0_odd": 3.15,
                "home_second_half_handicap_0.0_odd": 1.31,
                "away_second_half_handicap_0.0_odd": 3.15,
                "away_first_half_under_0.75_odd": 1.24,
                "away_first_half_over_0.75_odd": 3.65,
                "away_first_half_over_0.5_odd": 2.62,
                "away_first_half_under_0.5_odd": 1.43,
                "home_first_half_over_1.25_odd": 3.3,
                "home_first_half_under_1.25_odd": 1.28,
                "home_first_half_over_0.75_odd": 1.92,
                "home_first_half_under_0.75_odd": 1.78,
                "home_first_half_over_1.5_odd": 3.9,
                "home_first_half_under_1.5_odd": 1.21,
                "home_first_half_over_1.0_odd": 2.68,
                "home_first_half_under_1.0_odd": 1.41,
                "home_first_half_over_0.5_odd": 1.63,
                "home_first_half_under_0.5_odd": 2.13,
                "first_half_over_1.75_odd": 3.15,
                "first_half_under_1.75_odd": 1.31,
                "first_half_over_1.25_odd": 2.08,
                "first_half_under_1.25_odd": 1.66,
                "first_half_under_0.75_odd": 2.59,
                "first_half_over_0.75_odd": 1.44,
                "first_half_over_1.5_odd": 2.5,
                "first_half_under_1.5_odd": 1.47,
                "first_half_over_0.5_odd": 1.32,
                "first_half_under_0.5_odd": 3.1,
                "away_first_half_handicap_1.0_odd": 1.22,
                "home_first_half_handicap_-1.0_odd": 3.83,
                "home_first_half_handicap_-0.75_odd": 2.59,
                "away_first_half_handicap_0.75_odd": 1.44,
                "home_first_half_handicap_-0.5_odd": 2.08,
                "away_first_half_handicap_0.5_odd": 1.66,
                "away_first_half_handicap_-0.25_odd": 3.9,
                "home_first_half_handicap_0.25_odd": 1.21,
                "home_first_half_handicap_0.5_odd": 1.15,
                "away_first_half_handicap_-0.5_odd": 4.75,
                "away_first_half_handicap_0.0_odd": 3.15,
                "home_first_half_handicap_0.0_odd": 1.31,
                "both_noscore_odd": 1.94,
                "both_score_odd": 1.76,
                "away_over_1.75_odd": 4.57,
                "away_under_1.75_odd": 1.16,
                "away_over_1.25_odd": 2.87,
                "away_under_1.25_odd": 1.36,
                "away_under_0.75_odd": 1.94,
                "away_over_0.75_odd": 1.76,
                "away_under_1.5_odd": 1.26,
                "away_over_1.5_odd": 3.47,
                "away_under_1.0_odd": 1.54,
                "away_over_1.0_odd": 2.33,
                "away_under_0.5_odd": 2.37,
                "away_over_0.5_odd": 1.52,
                "home_under_2.75_odd": 1.24,
                "home_over_2.75_odd": 3.65,
                "home_under_2.25_odd": 1.44,
                "home_over_2.25_odd": 2.59,
                "home_under_1.75_odd": 1.85,
                "home_over_1.75_odd": 1.85,
                "home_under_1.25_odd": 2.62,
                "home_over_1.25_odd": 1.43,
                "home_under_0.75_odd": 4.75,
                "home_over_0.75_odd": 1.15,
                "home_under_2.5_odd": 1.35,
                "home_over_2.5_odd": 2.95,
                "home_under_2.0_odd": 1.57,
                "home_over_2.0_odd": 2.25,
                "home_under_1.5_odd": 2.1,
                "home_over_1.5_odd": 1.64,
                "home_under_1.0_odd": 4.05,
                "home_over_1.0_odd": 1.2,
                "home_under_0.5_odd": 5.35,
                "home_over_0.5_odd": 1.12,
                "under_3.75_odd": 1.29,
                "over_3.75_odd": 3.25,
                "under_3.25_odd": 1.47,
                "over_3.25_odd": 2.5,
                "over_2.75_odd": 1.89,
                "under_2.75_odd": 1.81,
                "under_2.25_odd": 2.37,
                "over_2.25_odd": 1.52,
                "over_1.75_odd": 1.27,
                "under_1.75_odd": 3.4,
                "over_3.0_odd": 2.21,
                "under_3.0_odd": 1.59,
                "under_2.0_odd": 3.05,
                "over_2.0_odd": 1.33,
                "home_handicap_-1.75_odd": 3.1,
                "away_handicap_1.75_odd": 1.32,
                "home_handicap_-1.25_odd": 2.3,
                "away_handicap_1.25_odd": 1.55,
                "home_handicap_-0.75_odd": 1.72,
                "away_handicap_0.75_odd": 2.0,
                "away_handicap_0.25_odd": 2.7,
                "home_handicap_-0.25_odd": 1.4,
                "away_handicap_1.5_odd": 1.44,
                "home_handicap_-1.5_odd": 2.59,
                "away_handicap_1.0_odd": 1.73,
                "home_handicap_-1.0_odd": 1.97,
                "away_handicap_-0.25_odd": 4.15,
                "home_handicap_0.25_odd": 1.19,
                "away_handicap_-0.5_odd": 4.57,
                "home_handicap_0.5_odd": 1.16,
                "X2_odd": 2.25,
                "1X_odd": 1.15,
                "12_odd": 1.23,
                "home_first_half_handicap_-0.25_odd": 1.7,
                "away_first_half_handicap_0.25_odd": 2.02,
                "first_half_over_1.0_odd": 1.67,
                "first_half_under_1.0_odd": 2.07,
                "home_handicap_0.0_odd": 1.23,
                "away_handicap_0.0_odd": 3.75,
                "home_handicap_-0.5_odd": 1.57,
                "away_handicap_0.5_odd": 2.25,
                "over_3.5_odd": 2.75,
                "under_3.5_odd": 1.39,
                "under_1.5_odd": 3.83,
                "over_1.5_odd": 1.22,
                "under_2.5_odd": 2.01,
                "over_2.5_odd": 1.71,
                "2_odd": 4.8,
                "1_odd": 1.55,
                "draw_odd": 3.76,
                "home_handicap_-2.0_odd": 4.05,
                "away_handicap_2.0_odd": 1.2,
                "home_handicap_-2.25_odd": 4.42,
                "away_handicap_2.25_odd": 1.17,
                "home_handicap_-2.5_odd": 4.75,
                "away_handicap_2.5_odd": 1.15
            },
            {
                "match_id": 27621996,
                "date": "26/07/2025",
                "time": "19:00",
                "home_team": "FK Radnik Surdulica",
                "away_team": "TSC Backa Topola",
                "match_url": "https://www.asbet.org/en/sports/pre-match/event-view/Soccer/Serbia/2963/super-liga/27621996/fk-radnik-surdulica-tsc-backa-topola",
                "home_under_2.25_odd": 1.13,
                "home_over_2.25_odd": 5.1,
                "corners_over_8.5_odd": 1.72,
                "corners_under_8.5_odd": 2.0,
                "corners_over_9.0_odd": 1.94,
                "corners_under_9.0_odd": 1.76,
                "both_noscore_odd": 2.21,
                "both_score_odd": 1.59,
                "away_under_2.75_odd": 1.17,
                "away_over_2.75_odd": 4.42,
                "away_under_2.25_odd": 1.32,
                "away_over_2.25_odd": 3.1,
                "away_under_1.75_odd": 1.64,
                "away_over_1.75_odd": 2.12,
                "away_under_1.25_odd": 2.27,
                "away_over_1.25_odd": 1.56,
                "away_under_0.75_odd": 3.83,
                "away_over_0.75_odd": 1.22,
                "away_under_2.5_odd": 1.26,
                "away_over_2.5_odd": 3.47,
                "away_under_2.0_odd": 1.42,
                "away_over_2.0_odd": 2.65,
                "away_under_1.5_odd": 1.87,
                "away_over_1.5_odd": 1.83,
                "away_over_1.0_odd": 1.29,
                "away_under_1.0_odd": 3.25,
                "away_over_0.5_odd": 1.17,
                "away_under_0.5_odd": 4.42,
                "home_over_1.75_odd": 3.15,
                "home_under_1.75_odd": 1.31,
                "home_over_1.25_odd": 2.08,
                "home_under_1.25_odd": 1.66,
                "home_over_0.75_odd": 1.43,
                "home_under_0.75_odd": 2.62,
                "home_over_2.0_odd": 4.75,
                "home_under_2.0_odd": 1.15,
                "home_over_1.5_odd": 2.5,
                "home_under_1.5_odd": 1.47,
                "home_over_1.0_odd": 1.66,
                "home_under_1.0_odd": 2.08,
                "home_over_0.5_odd": 1.32,
                "home_under_0.5_odd": 3.1,
                "over_3.75_odd": 3.1,
                "under_3.75_odd": 1.32,
                "over_3.25_odd": 2.35,
                "under_3.25_odd": 1.53,
                "over_2.25_odd": 1.47,
                "under_2.25_odd": 2.5,
                "over_1.75_odd": 1.24,
                "under_1.75_odd": 3.65,
                "over_4.0_odd": 3.9,
                "under_4.0_odd": 1.21,
                "over_3.5_odd": 2.59,
                "under_3.5_odd": 1.44,
                "over_3.0_odd": 2.05,
                "under_3.0_odd": 1.68,
                "over_2.0_odd": 1.29,
                "under_2.0_odd": 3.25,
                "over_1.5_odd": 1.2,
                "under_1.5_odd": 4.05,
                "home_handicap_-0.75_odd": 3.83,
                "away_handicap_0.75_odd": 1.22,
                "home_handicap_-0.25_odd": 2.7,
                "away_handicap_0.25_odd": 1.4,
                "home_handicap_-0.5_odd": 3.05,
                "away_handicap_0.5_odd": 1.33,
                "home_handicap_1.75_odd": 1.19,
                "away_handicap_-1.75_odd": 4.15,
                "home_handicap_1.25_odd": 1.33,
                "away_handicap_-1.25_odd": 3.05,
                "home_handicap_0.75_odd": 1.57,
                "away_handicap_-0.75_odd": 2.25,
                "home_handicap_0.25_odd": 1.96,
                "away_handicap_-0.25_odd": 1.74,
                "home_handicap_1.5_odd": 1.28,
                "away_handicap_-1.5_odd": 3.3,
                "home_handicap_1.0_odd": 1.4,
                "away_handicap_-1.0_odd": 2.7,
                "12_odd": 1.26,
                "X2_odd": 1.31,
                "1X_odd": 1.74,
                "away_handicap_0.0_odd": 1.51,
                "home_handicap_0.0_odd": 2.39,
                "under_2.5_odd": 2.12,
                "over_2.5_odd": 1.64,
                "away_handicap_-0.5_odd": 1.9,
                "home_handicap_0.5_odd": 1.8,
                "under_2.75_odd": 1.9,
                "over_2.75_odd": 1.8,
                "draw_odd": 3.56,
                "2_odd": 1.94,
                "1_odd": 3.09,
                "second_half_over_3.5_odd": 7.3,
                "second_half_under_3.5_odd": 1.06,
                "second_half_over_3.0_odd": 6.7,
                "second_half_under_3.0_odd": 1.075,
                "second_half_over_2.5_odd": 3.57,
                "second_half_under_2.5_odd": 1.25,
                "second_half_over_2.0_odd": 2.75,
                "second_half_under_2.0_odd": 1.39,
                "second_half_over_1.5_odd": 1.86,
                "second_half_under_1.5_odd": 1.84,
                "second_half_over_1.0_odd": 1.31,
                "second_half_under_1.0_odd": 3.15,
                "second_half_under_0.5_odd": 4.3,
                "second_half_over_0.5_odd": 1.18,
                "home_second_half_handicap_1.5_odd": 1.13,
                "away_second_half_handicap_-1.5_odd": 5.1,
                "away_second_half_handicap_-1.0_odd": 4.05,
                "home_second_half_handicap_1.0_odd": 1.2,
                "away_second_half_handicap_0.0_odd": 1.53,
                "home_second_half_handicap_0.0_odd": 2.35,
                "away_first_half_over_1.25_odd": 3.9,
                "away_first_half_under_1.25_odd": 1.21,
                "away_first_half_under_0.75_odd": 1.62,
                "away_first_half_over_0.75_odd": 2.15,
                "away_first_half_over_1.5_odd": 4.57,
                "away_first_half_under_1.5_odd": 1.16,
                "away_first_half_under_1.0_odd": 1.3,
                "away_first_half_over_1.0_odd": 3.2,
                "away_first_half_over_0.5_odd": 1.76,
                "away_first_half_under_0.5_odd": 1.94,
                "home_first_half_under_0.75_odd": 1.37,
                "home_first_half_over_0.75_odd": 2.85,
                "home_first_half_under_1.0_odd": 1.13,
                "home_first_half_over_1.0_odd": 5.1,
                "home_first_half_over_0.5_odd": 2.17,
                "home_first_half_under_0.5_odd": 1.61,
                "first_half_over_1.75_odd": 3.05,
                "first_half_under_1.75_odd": 1.33,
                "first_half_over_0.75_odd": 1.42,
                "first_half_under_0.75_odd": 2.65,
                "first_half_over_1.5_odd": 2.44,
                "first_half_under_1.5_odd": 1.49,
                "first_half_over_1.0_odd": 1.62,
                "first_half_under_1.0_odd": 2.15,
                "first_half_over_0.5_odd": 1.31,
                "first_half_under_0.5_odd": 3.15,
                "home_first_half_handicap_-0.75_odd": 4.9,
                "away_first_half_handicap_0.75_odd": 1.14,
                "home_first_half_handicap_-0.25_odd": 3.0,
                "away_first_half_handicap_0.25_odd": 1.34,
                "home_first_half_handicap_-0.5_odd": 3.57,
                "away_first_half_handicap_0.5_odd": 1.25,
                "home_first_half_handicap_1.0_odd": 1.13,
                "away_first_half_handicap_-1.0_odd": 5.1,
                "home_first_half_handicap_0.75_odd": 1.31,
                "away_first_half_handicap_-0.75_odd": 3.15,
                "home_first_half_handicap_0.5_odd": 1.48,
                "away_first_half_handicap_-0.5_odd": 2.45,
                "home_first_half_handicap_0.0_odd": 2.3,
                "away_first_half_handicap_0.0_odd": 1.55,
                "home_first_half_handicap_0.25_odd": 1.71,
                "away_first_half_handicap_-0.25_odd": 2.01,
                "first_half_over_1.25_odd": 2.04,
                "first_half_under_1.25_odd": 1.69,
                "home_handicap_-1.0_odd": 5.55,
                "away_handicap_1.0_odd": 1.11
            },
            {
                "match_id": 27621997,
                "date": "26/07/2025",
                "time": "19:00",
                "home_team": "FK Radnicki Nis",
                "away_team": "FK Mladost Lucani",
                "match_url": "https://www.asbet.org/en/sports/pre-match/event-view/Soccer/Serbia/2963/super-liga/27621997/fk-radnicki-nis-fk-mladost-lucani",
                "home_under_2.75_odd": 1.15,
                "home_over_2.75_odd": 4.75,
                "away_first_half_handicap_1.25_odd": 1.11,
                "home_first_half_handicap_-1.25_odd": 5.55,
                "home_second_half_handicap_-1.5_odd": 5.1,
                "away_second_half_handicap_1.5_odd": 1.13,
                "home_first_half_handicap_-1.0_odd": 4.9,
                "away_first_half_handicap_1.0_odd": 1.14,
                "corners_under_9.5_odd": 1.72,
                "corners_over_9.5_odd": 2.0,
                "corners_under_9.0_odd": 1.94,
                "corners_over_9.0_odd": 1.76,
                "both_score_odd": 1.65,
                "both_noscore_odd": 2.1,
                "away_under_1.75_odd": 1.25,
                "away_over_1.75_odd": 3.57,
                "away_under_1.25_odd": 1.55,
                "away_over_1.25_odd": 2.3,
                "away_under_0.75_odd": 2.39,
                "away_over_0.75_odd": 1.51,
                "away_under_2.0_odd": 1.12,
                "away_over_2.0_odd": 5.35,
                "away_under_1.5_odd": 1.39,
                "away_over_1.5_odd": 2.75,
                "away_under_1.0_odd": 1.88,
                "away_over_1.0_odd": 1.82,
                "away_under_0.5_odd": 2.85,
                "away_over_0.5_odd": 1.37,
                "home_under_2.25_odd": 1.29,
                "home_over_2.25_odd": 3.25,
                "home_under_1.75_odd": 1.59,
                "home_over_1.75_odd": 2.21,
                "home_under_1.25_odd": 2.17,
                "home_over_1.25_odd": 1.61,
                "home_under_0.75_odd": 3.75,
                "home_over_0.75_odd": 1.23,
                "home_under_2.5_odd": 1.23,
                "home_over_2.5_odd": 3.75,
                "home_under_2.0_odd": 1.36,
                "home_over_2.0_odd": 2.87,
                "home_under_1.5_odd": 1.81,
                "home_over_1.5_odd": 1.89,
                "home_under_1.0_odd": 3.15,
                "home_over_1.0_odd": 1.31,
                "home_under_0.5_odd": 4.3,
                "home_over_0.5_odd": 1.18,
                "under_3.75_odd": 1.27,
                "over_3.75_odd": 3.4,
                "under_3.25_odd": 1.45,
                "over_3.25_odd": 2.55,
                "over_2.75_odd": 1.94,
                "under_2.75_odd": 1.76,
                "over_2.25_odd": 1.55,
                "under_2.25_odd": 2.3,
                "over_1.75_odd": 1.29,
                "under_1.75_odd": 3.25,
                "over_3.5_odd": 2.85,
                "under_3.5_odd": 1.37,
                "over_3.0_odd": 2.3,
                "under_3.0_odd": 1.55,
                "over_2.0_odd": 1.36,
                "under_2.0_odd": 2.87,
                "over_1.5_odd": 1.24,
                "under_1.5_odd": 3.65,
                "home_handicap_-1.75_odd": 4.15,
                "away_handicap_1.75_odd": 1.19,
                "home_handicap_-1.25_odd": 3.1,
                "away_handicap_1.25_odd": 1.32,
                "home_handicap_-0.75_odd": 2.21,
                "away_handicap_0.75_odd": 1.59,
                "away_handicap_1.5_odd": 1.26,
                "home_handicap_-1.5_odd": 3.47,
                "away_handicap_1.0_odd": 1.4,
                "home_handicap_-1.0_odd": 2.7,
                "away_handicap_0.5_odd": 1.8,
                "home_handicap_-0.5_odd": 1.9,
                "away_handicap_-0.75_odd": 4.15,
                "home_handicap_0.75_odd": 1.19,
                "away_handicap_-0.25_odd": 2.95,
                "home_handicap_0.25_odd": 1.35,
                "away_handicap_-0.5_odd": 3.3,
                "home_handicap_0.5_odd": 1.28,
                "X2_odd": 1.79,
                "1X_odd": 1.27,
                "12_odd": 1.28,
                "away_handicap_0.0_odd": 2.55,
                "home_handicap_0.0_odd": 1.45,
                "2_odd": 3.4,
                "1_odd": 1.89,
                "draw_odd": 3.38,
                "home_handicap_-0.25_odd": 1.68,
                "away_handicap_0.25_odd": 2.05,
                "over_2.5_odd": 1.75,
                "under_2.5_odd": 1.95,
                "second_half_under_3.5_odd": 1.045,
                "second_half_over_3.5_odd": 8.2,
                "second_half_over_3.0_odd": 7.5,
                "second_half_under_3.0_odd": 1.055,
                "second_half_over_2.5_odd": 4.05,
                "second_half_under_2.5_odd": 1.2,
                "second_half_over_2.0_odd": 3.15,
                "second_half_under_2.0_odd": 1.31,
                "second_half_over_1.5_odd": 1.97,
                "second_half_under_1.5_odd": 1.73,
                "second_half_over_1.0_odd": 1.37,
                "second_half_under_1.0_odd": 2.85,
                "second_half_over_0.5_odd": 1.21,
                "second_half_under_0.5_odd": 3.9,
                "home_second_half_handicap_-1.0_odd": 4.15,
                "away_second_half_handicap_1.0_odd": 1.19,
                "home_second_half_handicap_0.0_odd": 1.52,
                "away_second_half_handicap_0.0_odd": 2.37,
                "away_first_half_over_0.75_odd": 3.1,
                "away_first_half_under_0.75_odd": 1.32,
                "away_first_half_over_1.0_odd": 5.85,
                "away_first_half_under_1.0_odd": 1.1,
                "away_first_half_over_0.5_odd": 2.33,
                "away_first_half_under_0.5_odd": 1.54,
                "home_first_half_over_1.25_odd": 3.9,
                "home_first_half_under_1.25_odd": 1.21,
                "home_first_half_over_0.75_odd": 2.15,
                "home_first_half_under_0.75_odd": 1.62,
                "home_first_half_over_1.5_odd": 4.57,
                "home_first_half_under_1.5_odd": 1.16,
                "home_first_half_over_1.0_odd": 3.2,
                "home_first_half_under_1.0_odd": 1.3,
                "home_first_half_over_0.5_odd": 1.76,
                "home_first_half_under_0.5_odd": 1.94,
                "first_half_over_1.75_odd": 3.15,
                "first_half_under_1.75_odd": 1.31,
                "first_half_over_1.25_odd": 2.12,
                "first_half_under_1.25_odd": 1.64,
                "first_half_over_0.75_odd": 1.45,
                "first_half_under_0.75_odd": 2.55,
                "first_half_over_1.5_odd": 2.52,
                "first_half_under_1.5_odd": 1.46,
                "first_half_over_0.5_odd": 1.33,
                "first_half_under_0.5_odd": 3.05,
                "home_first_half_handicap_-0.75_odd": 3.1,
                "away_first_half_handicap_0.75_odd": 1.32,
                "home_first_half_handicap_-0.25_odd": 1.94,
                "away_first_half_handicap_0.25_odd": 1.76,
                "home_first_half_handicap_-0.5_odd": 2.39,
                "away_first_half_handicap_0.5_odd": 1.51,
                "home_first_half_handicap_0.75_odd": 1.12,
                "away_first_half_handicap_-0.75_odd": 5.35,
                "home_first_half_handicap_0.25_odd": 1.31,
                "away_first_half_handicap_-0.25_odd": 3.15,
                "home_first_half_handicap_0.5_odd": 1.22,
                "away_first_half_handicap_-0.5_odd": 3.83,
                "away_first_half_handicap_0.0_odd": 2.44,
                "home_first_half_handicap_0.0_odd": 1.49,
                "first_half_under_1.0_odd": 2.04,
                "first_half_over_1.0_odd": 1.69
            },
            {
                "match_id": 27622002,
                "date": "26/07/2025",
                "time": "19:00",
                "home_team": "FK Crvena Zvezda",
                "away_team": "OFK Beograd",
                "match_url": "https://www.asbet.org/en/sports/pre-match/event-view/Soccer/Serbia/2963/super-liga/27622002/fk-crvena-zvezda-ofk-beograd",
                "both_noscore_odd": 2.0,
                "both_score_odd": 1.72,
                "away_over_1.25_odd": 3.47,
                "away_under_1.25_odd": 1.26,
                "away_over_0.75_odd": 1.96,
                "away_under_0.75_odd": 1.74,
                "away_over_1.5_odd": 4.05,
                "away_under_1.5_odd": 1.2,
                "away_over_1.0_odd": 2.8,
                "away_under_1.0_odd": 1.38,
                "away_over_0.5_odd": 1.66,
                "away_under_0.5_odd": 2.08,
                "home_over_3.75_odd": 2.35,
                "home_under_3.75_odd": 1.53,
                "home_over_3.25_odd": 1.84,
                "home_under_3.25_odd": 1.86,
                "home_over_2.75_odd": 1.5,
                "home_under_2.75_odd": 2.4,
                "home_over_2.25_odd": 1.29,
                "home_under_2.25_odd": 3.25,
                "home_over_1.75_odd": 1.13,
                "home_under_1.75_odd": 5.1,
                "home_over_4.5_odd": 3.4,
                "home_under_4.5_odd": 1.27,
                "home_over_4.0_odd": 2.8,
                "home_under_4.0_odd": 1.38,
                "home_over_3.5_odd": 2.05,
                "home_under_3.5_odd": 1.68,
                "home_over_3.0_odd": 1.62,
                "home_under_3.0_odd": 2.15,
                "home_over_2.5_odd": 1.41,
                "home_under_2.5_odd": 2.68,
                "home_over_2.0_odd": 1.16,
                "home_under_2.0_odd": 4.57,
                "home_over_1.5_odd": 1.12,
                "home_under_1.5_odd": 5.35,
                "home_handicap_-0.5_odd": 1.12,
                "away_handicap_0.5_odd": 5.35,
                "12_odd": 1.06,
                "X2_odd": 5.7,
                "1X_odd": 1.03,
                "second_half_over_4.5_odd": 7.1,
                "second_half_under_4.5_odd": 1.065,
                "second_half_over_4.0_odd": 6.7,
                "second_half_under_4.0_odd": 1.075,
                "second_half_under_3.5_odd": 1.21,
                "second_half_over_3.5_odd": 3.9,
                "second_half_under_3.0_odd": 1.3,
                "second_half_over_3.0_odd": 3.2,
                "second_half_under_2.5_odd": 1.62,
                "second_half_over_2.5_odd": 2.15,
                "second_half_under_2.0_odd": 2.13,
                "second_half_over_2.0_odd": 1.63,
                "second_half_under_1.5_odd": 2.8,
                "second_half_over_1.5_odd": 1.38,
                "second_half_under_1.0_odd": 6.0,
                "second_half_over_1.0_odd": 1.095,
                "second_half_under_0.5_odd": 7.1,
                "second_half_over_0.5_odd": 1.065,
                "away_second_half_handicap_2.5_odd": 1.23,
                "home_second_half_handicap_-2.5_odd": 3.75,
                "away_second_half_handicap_2.0_odd": 1.34,
                "home_second_half_handicap_-2.0_odd": 3.0,
                "home_second_half_handicap_-1.5_odd": 2.02,
                "away_second_half_handicap_1.5_odd": 1.7,
                "home_second_half_handicap_-1.0_odd": 1.52,
                "away_second_half_handicap_1.0_odd": 2.37,
                "away_first_half_over_0.75_odd": 4.3,
                "away_first_half_under_0.75_odd": 1.18,
                "away_first_half_over_0.5_odd": 3.05,
                "away_first_half_under_0.5_odd": 1.33,
                "home_first_half_over_2.75_odd": 5.1,
                "home_first_half_under_2.75_odd": 1.13,
                "home_first_half_over_2.25_odd": 3.57,
                "home_first_half_under_2.25_odd": 1.25,
                "home_first_half_over_1.75_odd": 2.35,
                "home_first_half_under_1.75_odd": 1.53,
                "home_first_half_over_1.25_odd": 1.68,
                "home_first_half_under_1.25_odd": 2.05,
                "home_first_half_over_0.75_odd": 1.27,
                "home_first_half_under_0.75_odd": 3.4,
                "home_first_half_over_2.5_odd": 3.9,
                "home_first_half_under_2.5_odd": 1.21,
                "home_first_half_over_2.0_odd": 3.1,
                "home_first_half_under_2.0_odd": 1.32,
                "home_first_half_under_1.5_odd": 1.74,
                "home_first_half_over_1.5_odd": 1.96,
                "home_first_half_under_1.0_odd": 2.85,
                "home_first_half_over_1.0_odd": 1.37,
                "home_first_half_under_0.5_odd": 3.9,
                "home_first_half_over_0.5_odd": 1.21,
                "under_3.25_odd": 2.75,
                "over_3.25_odd": 1.39,
                "away_first_half_handicap_1.5_odd": 1.53,
                "home_first_half_handicap_-1.5_odd": 2.35,
                "away_first_half_handicap_2.5_odd": 1.15,
                "home_first_half_handicap_-2.5_odd": 4.75,
                "home_handicap_-3.5_odd": 2.85,
                "away_handicap_3.5_odd": 1.37,
                "over_4.5_odd": 2.15,
                "under_4.5_odd": 1.62,
                "over_2.5_odd": 1.2,
                "under_2.5_odd": 4.05,
                "home_handicap_-2.25_odd": 1.68,
                "away_handicap_2.25_odd": 2.05,
                "over_4.25_odd": 1.95,
                "under_4.25_odd": 1.75,
                "over_5.5_odd": 3.57,
                "under_5.5_odd": 1.25,
                "over_5.25_odd": 3.25,
                "under_5.25_odd": 1.29,
                "over_4.75_odd": 2.45,
                "under_4.75_odd": 1.48,
                "over_3.75_odd": 1.61,
                "under_3.75_odd": 2.17,
                "over_2.75_odd": 1.22,
                "under_2.75_odd": 3.83,
                "over_5.0_odd": 3.0,
                "under_5.0_odd": 1.34,
                "over_3.5_odd": 1.52,
                "under_3.5_odd": 2.37,
                "over_3.0_odd": 1.26,
                "under_3.0_odd": 3.47,
                "home_handicap_-4.25_odd": 4.42,
                "away_handicap_4.25_odd": 1.17,
                "home_handicap_-3.75_odd": 3.3,
                "away_handicap_3.75_odd": 1.28,
                "home_handicap_-3.25_odd": 2.62,
                "away_handicap_3.25_odd": 1.43,
                "home_handicap_-1.75_odd": 1.42,
                "away_handicap_1.75_odd": 2.65,
                "home_handicap_-1.25_odd": 1.25,
                "away_handicap_1.25_odd": 3.57,
                "home_handicap_-0.75_odd": 1.13,
                "away_handicap_0.75_odd": 5.1,
                "home_handicap_-4.5_odd": 4.75,
                "away_handicap_4.5_odd": 1.15,
                "home_handicap_-4.0_odd": 4.15,
                "away_handicap_4.0_odd": 1.19,
                "home_handicap_-3.0_odd": 2.39,
                "away_handicap_3.0_odd": 1.51,
                "home_handicap_-2.5_odd": 1.86,
                "away_handicap_2.5_odd": 1.84,
                "home_handicap_-2.0_odd": 1.51,
                "away_handicap_2.0_odd": 2.39,
                "home_handicap_-1.5_odd": 1.36,
                "away_handicap_1.5_odd": 2.87,
                "home_handicap_-1.0_odd": 1.15,
                "away_handicap_1.0_odd": 4.75,
                "home_first_half_handicap_-0.5_odd": 1.33,
                "away_first_half_handicap_0.5_odd": 3.05,
                "over_4.0_odd": 1.76,
                "under_4.0_odd": 1.94,
                "first_half_over_2.25_odd": 2.59,
                "first_half_under_2.25_odd": 1.44,
                "first_half_over_1.25_odd": 1.43,
                "first_half_under_1.25_odd": 2.62,
                "first_half_under_2.5_odd": 1.35,
                "first_half_over_2.5_odd": 2.95,
                "first_half_under_2.0_odd": 1.58,
                "first_half_over_2.0_odd": 2.23,
                "first_half_under_1.5_odd": 2.12,
                "first_half_over_1.5_odd": 1.64,
                "away_first_half_handicap_2.25_odd": 1.18,
                "home_first_half_handicap_-2.25_odd": 4.3,
                "away_first_half_handicap_2.0_odd": 1.21,
                "home_first_half_handicap_-2.0_odd": 3.9,
                "away_first_half_handicap_1.75_odd": 1.37,
                "home_first_half_handicap_-1.75_odd": 2.85,
                "away_first_half_handicap_1.0_odd": 2.15,
                "home_first_half_handicap_-1.0_odd": 1.62,
                "away_first_half_handicap_0.75_odd": 2.62,
                "home_first_half_handicap_-0.75_odd": 1.43,
                "away_first_half_handicap_0.25_odd": 4.15,
                "home_first_half_handicap_-0.25_odd": 1.19,
                "away_handicap_2.75_odd": 1.68,
                "home_handicap_-2.75_odd": 2.05,
                "first_half_under_1.75_odd": 1.85,
                "first_half_over_1.75_odd": 1.85,
                "away_first_half_handicap_1.25_odd": 1.7,
                "home_first_half_handicap_-1.25_odd": 2.02,
                "away_over_1.75_odd": 5.55,
                "away_under_1.75_odd": 1.11,
                "1_odd": 1.1,
                "draw_odd": 8.0,
                "2_odd": 11.0
            }
        ]
    }
]