{
  "0": {
    "match_info": {
      "home_team": "Chelsea",
      "away_team": "Manchester United",
      "date": "16/05/2025",
      "time": "20:15",
      "sources": [
        "1xbet",
        "Asbet",
        "Tounesbet",
        "1xbet",
        "Asbet",
        "Tounesbet",
        "1xbet",
        "Asbet",
        "1xbet",
        "Tounesbet",
        "1xbet",
        "Asbet"
      ],
      "country": "England",
      "tournament_1xbet": null,
      "tournament_Asbet": null,
      "tournament_Tounesbet": null
    },
    "complementary_set": "three_way",
    "best_odds": {
      "under_2.5_odd": {
        "value": 2.37,
        "source": "1xbet"
      },
      "over_2.5_odd": {
        "value": 2.3,
        "source": "Tounesbet"
      },
      "draw_odd": {
        "value": 5.3,
        "source": "Asbet"
      },
      "12_odd": {
        "value": 1.33,
        "source": "Tounesbet"
      },
      "both_score_odd": {
        "value": 3.25,
        "source": "Tounesbet"
      },
      "both_noscore_odd": {
        "value": 1.448,
        "source": "1xbet"
      },
      "1_odd": {
        "value": 1.498,
        "source": "1xbet"
      },
      "2_odd": {
        "value": 7.4,
        "source": "Asbet"
      }
    },
    "arbitrage_percentage": 0.9914
  },
  "1": {
    "match_info": {
      "home_team": "Chelsea",
      "away_team": "Manchester United",
      "date": "16/05/2025",
      "time": "20:15",
      "sources": [
        "1xbet",
        "Tounesbet",
        "1xbet",
        "Asbet"
      ],
      "country": "England",
      "tournament_1xbet": null,
      "tournament_Tounesbet": null,
      "tournament_Asbet": null
    },
    "complementary_set": "three_way",
    "best_odds": {
      "both_score_odd": {
        "value": 3.25,
        "source": "Tounesbet"
      },
      "both_noscore_odd": {
        "value": 1.448,
        "source": "1xbet"
      },
      "1_odd": {
        "value": 1.498,
        "source": "1xbet"
      },
      "draw_odd": {
        "value": 5.3,
        "source": "Asbet"
      },
      "2_odd": {
        "value": 7.4,
        "source": "Asbet"
      }
    },
    "arbitrage_percentage": 0.9914
  },
  "2": {
    "match_info": {
      "home_team": "HSK Zrinjski",
      "away_team": "FK Radnik Bijeljina",
      "date": "10/05/2025",
      "time": "15:00",
      "sources": [
        "1xbet",
        "Tounesbet"
      ],
      "country": "Bosnia and Herzegovina",
      "tournament_1xbet": null,
      "tournament_Tounesbet": null
    },
    "complementary_set": "pair_4",
    "best_odds": {
      "both_score_odd": {
        "value": 3.25,
        "source": "Tounesbet"
      },
      "both_noscore_odd": {
        "value": 1.448,
        "source": "1xbet"
      }
    },
    "arbitrage_percentage": 0.9983
  }
}