[
    {
        "tournament_name": "Reserve League",
        "tournament_id": "18281810",
        "matches": [
            {
                "match_id": 27578618,
                "date": "15/07/2025",
                "time": "17:00",
                "home_team": "CA Colegiales (Reserves)",
                "away_team": "CA San Telmo (Reserves)",
                "under_2.0_odd": 2.0,
                "over_2.0_odd": 1.62,
                "away_handicap_0.75_odd": 1.4,
                "home_handicap_-0.75_odd": 2.48,
                "away_handicap_0.5_odd": 1.57,
                "home_handicap_-0.5_odd": 2.08,
                "away_handicap_-0.25_odd": 2.42,
                "home_handicap_0.25_odd": 1.42,
                "X2_odd": 1.59,
                "1X_odd": 1.35,
                "12_odd": 1.3,
                "over_2.5_odd": 2.12,
                "under_2.5_odd": 1.55,
                "home_handicap_0.0_odd": 1.57,
                "away_handicap_0.0_odd": 2.08,
                "home_handicap_-0.25_odd": 1.85,
                "away_handicap_0.25_odd": 1.73,
                "draw_odd": 3.14,
                "2_odd": 2.86,
                "1_odd": 2.12
            },
            {
                "match_id": 27587866,
                "date": "15/07/2025",
                "time": "19:00",
                "home_team": "CA Sarmiento Junin (Reserves)",
                "away_team": "CA Independiente (Reserves)",
                "over_2.0_odd": 1.76,
                "under_2.0_odd": 1.82,
                "away_handicap_-0.25_odd": 2.0,
                "home_handicap_0.25_odd": 1.62,
                "away_handicap_0.0_odd": 1.68,
                "home_handicap_0.0_odd": 1.92,
                "12_odd": 1.36,
                "X2_odd": 1.38,
                "1X_odd": 1.47,
                "under_2.5_odd": 1.47,
                "over_2.5_odd": 2.29,
                "away_handicap_0.25_odd": 1.47,
                "home_handicap_-0.25_odd": 2.29,
                "2_odd": 2.4,
                "1_odd": 2.74,
                "draw_odd": 2.8,
                "under_1.5_odd": 2.42,
                "over_1.5_odd": 1.42,
                "away_handicap_-0.5_odd": 2.34,
                "home_handicap_0.5_odd": 1.45
            },
            {
                "match_id": 27587867,
                "date": "15/07/2025",
                "time": "19:00",
                "home_team": "CA Huracan (Reserves)",
                "away_team": "CA Belgrano Cordoba (Reserves)",
                "12_odd": 1.35,
                "X2_odd": 1.5,
                "1X_odd": 1.36,
                "away_handicap_0.0_odd": 1.96,
                "home_handicap_0.0_odd": 1.65,
                "under_1.5_odd": 2.34,
                "over_1.5_odd": 1.45,
                "over_2.5_odd": 2.34,
                "under_2.5_odd": 1.45,
                "home_handicap_-0.5_odd": 2.26,
                "away_handicap_0.5_odd": 1.48,
                "home_handicap_0.25_odd": 1.45,
                "away_handicap_-0.25_odd": 2.34,
                "draw_odd": 2.84,
                "2_odd": 2.8,
                "1_odd": 2.32,
                "over_2.0_odd": 1.81,
                "under_2.0_odd": 1.77,
                "home_handicap_-0.25_odd": 1.96,
                "away_handicap_0.25_odd": 1.65
            },
            {
                "match_id": 27587868,
                "date": "15/07/2025",
                "time": "19:00",
                "home_team": "Deportivo Riestra (Reserves)",
                "away_team": "CA Lanus (Reserves)",
                "X2_odd": 1.37,
                "1X_odd": 1.49,
                "12_odd": 1.36,
                "over_2.5_odd": 2.12,
                "under_2.5_odd": 1.55,
                "home_handicap_0.0_odd": 1.96,
                "away_handicap_0.0_odd": 1.65,
                "over_2.0_odd": 1.62,
                "under_2.0_odd": 2.0,
                "home_handicap_0.5_odd": 1.47,
                "away_handicap_-0.5_odd": 2.29,
                "draw_odd": 2.83,
                "2_odd": 2.36,
                "1_odd": 2.76,
                "away_handicap_-0.25_odd": 2.0,
                "home_handicap_0.25_odd": 1.62,
                "home_handicap_-0.25_odd": 2.29,
                "away_handicap_0.25_odd": 1.47
            },
            {
                "match_id": 27587869,
                "date": "15/07/2025",
                "time": "19:00",
                "home_team": "CA Banfield (Reserves)",
                "away_team": "CSD Defensa y Justicia (Reserves)",
                "X2_odd": 1.59,
                "1X_odd": 1.33,
                "12_odd": 1.32,
                "under_2.5_odd": 1.5,
                "over_2.5_odd": 2.22,
                "over_2.0_odd": 1.7,
                "under_2.0_odd": 1.89,
                "home_handicap_-0.75_odd": 2.48,
                "away_handicap_0.75_odd": 1.4,
                "home_handicap_-0.5_odd": 2.08,
                "away_handicap_0.5_odd": 1.57,
                "home_handicap_0.0_odd": 1.55,
                "away_handicap_0.0_odd": 2.12,
                "2_odd": 2.94,
                "draw_odd": 3.04,
                "1_odd": 2.12,
                "home_handicap_-0.25_odd": 1.81,
                "away_handicap_0.25_odd": 1.77,
                "under_1.5_odd": 2.48,
                "over_1.5_odd": 1.4,
                "away_handicap_-0.25_odd": 2.48,
                "home_handicap_0.25_odd": 1.4
            },
            {
                "match_id": 27588205,
                "date": "15/07/2025",
                "time": "15:00",
                "home_team": "CSD Muniz (Reserves)",
                "away_team": "Centro Espanol (Reserves)",
                "home_handicap_-0.5_odd": 1.7,
                "away_handicap_0.5_odd": 1.89,
                "2_odd": 3.75,
                "1_odd": 1.71,
                "draw_odd": 3.47,
                "home_handicap_-0.25_odd": 1.52,
                "away_handicap_0.25_odd": 2.18,
                "over_3.5_odd": 1.89,
                "under_3.5_odd": 1.7,
                "over_3.0_odd": 1.52,
                "under_3.0_odd": 2.18,
                "home_handicap_-0.75_odd": 1.89,
                "away_handicap_0.75_odd": 1.7,
                "home_handicap_-1.0_odd": 2.26,
                "away_handicap_1.0_odd": 1.48,
                "1X_odd": 1.23,
                "12_odd": 1.26,
                "X2_odd": 1.91
            },
            {
                "match_id": 27588206,
                "date": "15/07/2025",
                "time": "18:00",
                "home_team": "Berazategui (Reserves)",
                "away_team": "Deportivo Espanol (Reserves)",
                "under_2.0_odd": 2.06,
                "over_2.0_odd": 1.58,
                "away_handicap_0.25_odd": 1.58,
                "home_handicap_-0.25_odd": 2.06,
                "away_handicap_0.5_odd": 1.45,
                "home_handicap_-0.5_odd": 2.34,
                "away_handicap_-0.25_odd": 2.08,
                "home_handicap_0.25_odd": 1.57,
                "away_handicap_-0.5_odd": 2.34,
                "home_handicap_0.5_odd": 1.45,
                "12_odd": 1.29,
                "X2_odd": 1.47,
                "1X_odd": 1.47,
                "under_2.5_odd": 1.58,
                "over_2.5_odd": 2.06,
                "home_handicap_0.0_odd": 1.79,
                "away_handicap_0.0_odd": 1.79,
                "draw_odd": 3.25,
                "2_odd": 2.4,
                "1_odd": 2.4
            },
            {
                "match_id": 27588208,
                "date": "15/07/2025",
                "time": "16:00",
                "home_team": "CSyD Central Ballester (Reserves)",
                "away_team": "CA Claypole (Reserves)",
                "under_3.5_odd": 1.62,
                "over_3.5_odd": 2.0,
                "under_3.0_odd": 2.03,
                "over_3.0_odd": 1.6,
                "away_handicap_0.75_odd": 1.68,
                "home_handicap_-0.75_odd": 1.92,
                "away_handicap_0.25_odd": 2.18,
                "home_handicap_-0.25_odd": 1.52,
                "away_handicap_1.0_odd": 1.47,
                "home_handicap_-1.0_odd": 2.29,
                "X2_odd": 1.9,
                "1X_odd": 1.22,
                "12_odd": 1.26,
                "away_handicap_0.5_odd": 1.89,
                "home_handicap_-0.5_odd": 1.7,
                "2_odd": 3.78,
                "1_odd": 1.72,
                "draw_odd": 3.4
            }
        ]
    },
    {
        "tournament_name": "Primera Nacional",
        "tournament_id": "1684",
        "matches": [
            {
                "match_id": 27590288,
                "date": "19/07/2025",
                "time": "18:45",
                "home_team": "CA San Telmo",
                "away_team": "CD Moron",
                "both_score_odd": 2.39,
                "both_noscore_odd": 1.51,
                "X2_odd": 1.51,
                "1X_odd": 1.35,
                "12_odd": 1.37,
                "away_handicap_0.5_odd": 1.52,
                "home_handicap_-0.5_odd": 2.37,
                "away_handicap_1.0_odd": 1.19,
                "home_handicap_-1.0_odd": 4.15,
                "over_2.5_odd": 2.87,
                "under_2.5_odd": 1.36,
                "over_2.0_odd": 2.2,
                "under_2.0_odd": 1.6,
                "over_1.0_odd": 1.2,
                "under_1.0_odd": 4.05,
                "home_handicap_-0.75_odd": 2.87,
                "away_handicap_0.75_odd": 1.36,
                "home_handicap_0.75_odd": 1.23,
                "away_handicap_-0.75_odd": 3.75,
                "away_handicap_-0.25_odd": 2.5,
                "home_handicap_0.25_odd": 1.47,
                "away_handicap_-0.5_odd": 2.87,
                "home_handicap_0.5_odd": 1.36,
                "away_handicap_1.25_odd": 1.15,
                "home_handicap_-1.25_odd": 4.75,
                "away_handicap_1.5_odd": 1.13,
                "home_handicap_-1.5_odd": 5.1,
                "away_handicap_0.0_odd": 2.07,
                "home_handicap_0.0_odd": 1.67,
                "under_1.5_odd": 2.15,
                "over_1.5_odd": 1.62,
                "away_handicap_0.25_odd": 1.7,
                "home_handicap_-0.25_odd": 2.02,
                "2_odd": 2.93,
                "1_odd": 2.35,
                "draw_odd": 2.83
            },
            {
                "match_id": 27590316,
                "date": "19/07/2025",
                "time": "19:00",
                "home_team": "Quilmes AC",
                "away_team": "Arsenal De Sarandi",
                "both_noscore_odd": 1.6,
                "both_score_odd": 2.2,
                "X2_odd": 1.83,
                "12_odd": 1.32,
                "1X_odd": 1.22,
                "away_handicap_1.75_odd": 1.16,
                "home_handicap_-1.75_odd": 4.57,
                "away_handicap_1.5_odd": 1.25,
                "home_handicap_-1.5_odd": 3.57,
                "away_handicap_-0.25_odd": 3.4,
                "home_handicap_0.25_odd": 1.27,
                "away_handicap_-0.5_odd": 3.83,
                "home_handicap_0.5_odd": 1.22,
                "away_handicap_0.0_odd": 2.87,
                "home_handicap_0.0_odd": 1.36,
                "away_handicap_-0.75_odd": 5.1,
                "home_handicap_0.75_odd": 1.13,
                "away_handicap_1.25_odd": 1.31,
                "home_handicap_-1.25_odd": 3.15,
                "away_handicap_0.25_odd": 2.2,
                "home_handicap_-0.25_odd": 1.6,
                "over_3.0_odd": 3.83,
                "under_3.0_odd": 1.22,
                "over_2.5_odd": 2.44,
                "under_2.5_odd": 1.49,
                "over_1.5_odd": 1.47,
                "under_1.5_odd": 2.5,
                "home_handicap_-0.75_odd": 2.13,
                "away_handicap_0.75_odd": 1.63,
                "home_handicap_-1.0_odd": 2.7,
                "away_handicap_1.0_odd": 1.4,
                "draw_odd": 3.12,
                "2_odd": 3.99,
                "1_odd": 1.82,
                "away_handicap_0.5_odd": 1.85,
                "home_handicap_-0.5_odd": 1.85,
                "under_2.0_odd": 1.87,
                "over_2.0_odd": 1.83
            },
            {
                "match_id": 27590436,
                "date": "19/07/2025",
                "time": "19:30",
                "home_team": "CA San Miguel",
                "away_team": "CA All Boys",
                "both_noscore_odd": 1.42,
                "both_score_odd": 2.65,
                "12_odd": 1.24,
                "X2_odd": 2.16,
                "1X_odd": 1.17,
                "away_handicap_0.5_odd": 2.2,
                "home_handicap_-0.5_odd": 1.6,
                "away_handicap_1.75_odd": 1.29,
                "home_handicap_-1.75_odd": 3.25,
                "away_handicap_0.25_odd": 2.62,
                "home_handicap_-0.25_odd": 1.43,
                "home_handicap_-2.25_odd": 5.1,
                "away_handicap_2.25_odd": 1.13,
                "home_handicap_0.5_odd": 1.17,
                "away_handicap_-0.5_odd": 4.42,
                "under_3.0_odd": 1.21,
                "over_3.0_odd": 3.9,
                "under_1.5_odd": 2.44,
                "over_1.5_odd": 1.49,
                "away_handicap_1.5_odd": 1.43,
                "home_handicap_-1.5_odd": 2.62,
                "away_handicap_0.0_odd": 3.57,
                "home_handicap_0.0_odd": 1.25,
                "away_handicap_1.25_odd": 1.53,
                "home_handicap_-1.25_odd": 2.35,
                "away_handicap_2.0_odd": 1.15,
                "home_handicap_-2.0_odd": 4.75,
                "away_handicap_1.0_odd": 1.69,
                "home_handicap_-1.0_odd": 2.04,
                "away_handicap_0.75_odd": 1.94,
                "home_handicap_-0.75_odd": 1.76,
                "under_2.5_odd": 1.47,
                "over_2.5_odd": 2.5,
                "away_handicap_-0.25_odd": 4.05,
                "home_handicap_0.25_odd": 1.2,
                "draw_odd": 3.7,
                "2_odd": 4.6,
                "1_odd": 1.58,
                "over_2.0_odd": 1.87,
                "under_2.0_odd": 1.83
            },
            {
                "match_id": 27590446,
                "date": "19/07/2025",
                "time": "19:30",
                "home_team": "Club Almagro",
                "away_team": "CA Alvarado Mar del Plata",
                "both_score_odd": 2.27,
                "both_noscore_odd": 1.56,
                "X2_odd": 1.86,
                "1X_odd": 1.2,
                "12_odd": 1.33,
                "under_1.5_odd": 2.37,
                "over_1.5_odd": 1.52,
                "away_handicap_-0.5_odd": 4.05,
                "home_handicap_0.5_odd": 1.2,
                "away_handicap_1.25_odd": 1.31,
                "home_handicap_-1.25_odd": 3.15,
                "over_2.5_odd": 2.55,
                "under_2.5_odd": 1.45,
                "home_handicap_-0.75_odd": 2.13,
                "away_handicap_0.75_odd": 1.63,
                "home_handicap_-1.5_odd": 3.57,
                "away_handicap_1.5_odd": 1.25,
                "home_handicap_-1.0_odd": 2.7,
                "away_handicap_1.0_odd": 1.4,
                "home_handicap_0.0_odd": 1.33,
                "away_handicap_0.0_odd": 3.05,
                "home_handicap_0.75_odd": 1.12,
                "away_handicap_-0.75_odd": 5.35,
                "home_handicap_-1.75_odd": 4.57,
                "away_handicap_1.75_odd": 1.16,
                "under_2.0_odd": 1.78,
                "over_2.0_odd": 1.92,
                "away_handicap_0.25_odd": 2.21,
                "home_handicap_-0.25_odd": 1.59,
                "away_handicap_-0.25_odd": 3.57,
                "home_handicap_0.25_odd": 1.25,
                "away_handicap_0.5_odd": 1.87,
                "home_handicap_-0.5_odd": 1.83,
                "2_odd": 4.2,
                "1_odd": 1.82,
                "draw_odd": 3.02
            },
            {
                "match_id": 27590623,
                "date": "19/07/2025",
                "time": "20:40",
                "home_team": "San Martin de Tucuman",
                "away_team": "Tristan Suarez",
                "both_score_odd": 2.39,
                "both_noscore_odd": 1.51,
                "12_odd": 1.29,
                "X2_odd": 1.94,
                "1X_odd": 1.2,
                "away_handicap_1.75_odd": 1.2,
                "home_handicap_-1.75_odd": 4.05,
                "away_handicap_1.25_odd": 1.38,
                "home_handicap_-1.25_odd": 2.8,
                "away_handicap_0.75_odd": 1.74,
                "home_handicap_-0.75_odd": 1.96,
                "away_handicap_1.5_odd": 1.31,
                "home_handicap_-1.5_odd": 3.15,
                "away_handicap_1.0_odd": 1.5,
                "home_handicap_-1.0_odd": 2.4,
                "away_handicap_-0.75_odd": 5.35,
                "home_handicap_0.75_odd": 1.12,
                "away_handicap_-0.5_odd": 4.05,
                "home_handicap_0.5_odd": 1.2,
                "away_handicap_0.5_odd": 1.96,
                "home_handicap_-0.5_odd": 1.74,
                "under_3.0_odd": 1.2,
                "over_3.0_odd": 4.05,
                "under_2.5_odd": 1.46,
                "over_2.5_odd": 2.52,
                "under_1.5_odd": 2.39,
                "over_1.5_odd": 1.51,
                "home_handicap_-0.25_odd": 1.53,
                "away_handicap_0.25_odd": 2.35,
                "home_handicap_0.25_odd": 1.24,
                "away_handicap_-0.25_odd": 3.65,
                "home_handicap_0.0_odd": 1.31,
                "away_handicap_0.0_odd": 3.15,
                "draw_odd": 3.31,
                "2_odd": 4.2,
                "1_odd": 1.72,
                "under_2.0_odd": 1.8,
                "over_2.0_odd": 1.9
            },
            {
                "match_id": 27592522,
                "date": "19/07/2025",
                "time": "22:45",
                "home_team": "CA Los Andes",
                "away_team": "CA Atlanta",
                "both_score_odd": 2.33,
                "both_noscore_odd": 1.54,
                "1X_odd": 1.49,
                "12_odd": 1.35,
                "X2_odd": 1.39,
                "home_handicap_-0.25_odd": 2.37,
                "away_handicap_0.25_odd": 1.52,
                "home_handicap_-0.5_odd": 2.7,
                "away_handicap_0.5_odd": 1.4,
                "home_handicap_0.75_odd": 1.34,
                "away_handicap_-0.75_odd": 3.0,
                "home_handicap_1.5_odd": 1.13,
                "away_handicap_-1.5_odd": 5.1,
                "home_handicap_0.5_odd": 1.5,
                "away_handicap_-0.5_odd": 2.4,
                "home_handicap_-0.75_odd": 3.4,
                "away_handicap_0.75_odd": 1.27,
                "home_handicap_-1.0_odd": 5.1,
                "away_handicap_1.0_odd": 1.13,
                "home_handicap_1.25_odd": 1.15,
                "away_handicap_-1.25_odd": 4.75,
                "home_handicap_0.25_odd": 1.66,
                "away_handicap_-0.25_odd": 2.08,
                "home_handicap_1.0_odd": 1.18,
                "away_handicap_-1.0_odd": 4.3,
                "home_handicap_0.0_odd": 1.96,
                "away_handicap_0.0_odd": 1.74,
                "over_2.5_odd": 2.75,
                "under_2.5_odd": 1.39,
                "over_1.5_odd": 1.58,
                "under_1.5_odd": 2.23,
                "1_odd": 2.75,
                "draw_odd": 2.94,
                "2_odd": 2.41,
                "over_2.0_odd": 2.07,
                "under_2.0_odd": 1.67
            },
            {
                "match_id": 27592557,
                "date": "19/07/2025",
                "time": "23:00",
                "home_team": "Club Ferro Carril Oeste",
                "away_team": "CS Deportivo Madryn",
                "both_score_odd": 2.33,
                "both_noscore_odd": 1.54,
                "1X_odd": 1.35,
                "12_odd": 1.37,
                "X2_odd": 1.52,
                "home_handicap_-1.25_odd": 4.57,
                "away_handicap_1.25_odd": 1.16,
                "home_handicap_-0.75_odd": 2.85,
                "away_handicap_0.75_odd": 1.37,
                "home_handicap_-1.0_odd": 4.05,
                "away_handicap_1.0_odd": 1.2,
                "home_handicap_-0.5_odd": 2.35,
                "away_handicap_0.5_odd": 1.53,
                "home_handicap_0.0_odd": 1.65,
                "away_handicap_0.0_odd": 2.1,
                "home_handicap_0.75_odd": 1.23,
                "away_handicap_-0.75_odd": 3.75,
                "home_handicap_0.25_odd": 1.46,
                "away_handicap_-0.25_odd": 2.52,
                "home_handicap_0.5_odd": 1.35,
                "away_handicap_-0.5_odd": 2.95,
                "home_handicap_-1.5_odd": 5.1,
                "away_handicap_1.5_odd": 1.13,
                "home_handicap_-0.25_odd": 2.0,
                "away_handicap_0.25_odd": 1.72,
                "over_2.5_odd": 2.8,
                "under_2.5_odd": 1.38,
                "over_2.0_odd": 2.12,
                "under_2.0_odd": 1.64,
                "over_1.5_odd": 1.6,
                "under_1.5_odd": 2.2,
                "1_odd": 2.32,
                "draw_odd": 2.86,
                "2_odd": 2.95
            }
        ]
    },
    {
        "tournament_name": "Liga Profesional",
        "tournament_id": "1685",
        "matches": [
            {
                "match_id": 27549968,
                "date": "15/07/2025",
                "time": "01:15",
                "home_team": "Velez Sarsfield",
                "away_team": "CA Tigre BA",
                "home_handicap_-1.0_odd": 1.4,
                "away_handicap_1.0_odd": 2.75,
                "over_3.5_odd": 4.5,
                "under_3.5_odd": 1.18,
                "home_handicap_-1.5_odd": 6.5,
                "away_handicap_1.5_odd": 1.1,
                "home_handicap_-1.25_odd": 4.0,
                "away_handicap_1.25_odd": 1.2,
                "1_odd": 1.03,
                "draw_odd": 10.0,
                "2_odd": 301.0
            },
            {
                "match_id": 27549969,
                "date": "15/07/2025",
                "time": "01:15",
                "home_team": "CA Union de Santa Fe",
                "away_team": "Estudiantes La Plata",
                "home_handicap_-1.0_odd": 1.72,
                "away_handicap_1.0_odd": 2.07,
                "home_handicap_-1.25_odd": 6.0,
                "away_handicap_1.25_odd": 1.1,
                "1_odd": 1.03,
                "draw_odd": 10.0,
                "2_odd": 226.0,
                "over_1.5_odd": 5.8,
                "under_1.5_odd": 1.12
            },
            {
                "match_id": 27575246,
                "date": "18/07/2025",
                "time": "23:30",
                "home_team": "Boca Juniors",
                "away_team": "CA Union de Santa Fe",
                "1_odd": 1.65,
                "draw_odd": 3.36,
                "2_odd": 5.6,
                "home_handicap_-0.5_odd": 1.65,
                "away_handicap_0.5_odd": 2.15,
                "home_handicap_1.0_odd": 1.027,
                "away_handicap_-1.0_odd": 10.4,
                "home_handicap_-1.75_odd": 3.75,
                "away_handicap_1.75_odd": 1.24,
                "home_handicap_-0.75_odd": 1.85,
                "away_handicap_0.75_odd": 1.89,
                "over_1.0_odd": 1.13,
                "under_1.0_odd": 5.3,
                "home_handicap_1.5_odd": 1.022,
                "away_handicap_-1.5_odd": 10.95,
                "home_handicap_-1.0_odd": 2.26,
                "away_handicap_1.0_odd": 1.59,
                "home_handicap_-1.5_odd": 3.0,
                "away_handicap_1.5_odd": 1.35,
                "over_1.5_odd": 1.49,
                "under_1.5_odd": 2.5,
                "home_handicap_-0.25_odd": 1.44,
                "away_handicap_0.25_odd": 2.65,
                "home_handicap_-2.5_odd": 6.2,
                "away_handicap_2.5_odd": 1.1,
                "home_handicap_0.0_odd": 1.23,
                "away_handicap_0.0_odd": 3.85,
                "home_handicap_0.25_odd": 1.18,
                "away_handicap_-0.25_odd": 4.4,
                "home_handicap_0.5_odd": 1.14,
                "away_handicap_-0.5_odd": 5.1,
                "both_score_odd": 2.38,
                "both_noscore_odd": 1.52,
                "over_4.5_odd": 8.8,
                "under_4.5_odd": 1.045,
                "over_4.0_odd": 8.35,
                "under_4.0_odd": 1.052,
                "over_3.5_odd": 4.55,
                "under_3.5_odd": 1.17,
                "over_3.0_odd": 3.85,
                "under_3.0_odd": 1.23,
                "over_2.5_odd": 2.47,
                "under_2.5_odd": 1.5,
                "over_0.5_odd": 1.09,
                "under_0.5_odd": 6.5,
                "home_handicap_-2.75_odd": 8.0,
                "away_handicap_2.75_odd": 1.06,
                "home_handicap_-2.25_odd": 6.0,
                "away_handicap_2.25_odd": 1.11,
                "home_handicap_-2.0_odd": 5.3,
                "away_handicap_2.0_odd": 1.13,
                "home_handicap_1.25_odd": 1.024,
                "away_handicap_-1.25_odd": 10.75,
                "home_handicap_0.75_odd": 1.085,
                "away_handicap_-0.75_odd": 6.7,
                "home_handicap_-1.25_odd": 2.65,
                "away_handicap_1.25_odd": 1.44,
                "1X_odd": 1.14,
                "12_odd": 1.29,
                "X2_odd": 2.15,
                "over_2.0_odd": 1.85,
                "under_2.0_odd": 1.89,
                "home_handicap_-3.25_odd": 11.3,
                "away_handicap_3.25_odd": 1.019,
                "home_handicap_-3.0_odd": 11.2,
                "away_handicap_3.0_odd": 1.02
            },
            {
                "match_id": 27575538,
                "date": "19/07/2025",
                "time": "01:30",
                "home_team": "Atletico Tucuman",
                "away_team": "Central Cordoba SdE",
                "home_handicap_0.0_odd": 1.41,
                "away_handicap_0.0_odd": 2.77,
                "over_3.5_odd": 4.3,
                "under_3.5_odd": 1.19,
                "over_2.5_odd": 2.3,
                "under_2.5_odd": 1.57,
                "over_2.0_odd": 1.73,
                "under_2.0_odd": 2.03,
                "over_1.5_odd": 1.43,
                "under_1.5_odd": 2.7,
                "over_0.5_odd": 1.08,
                "under_0.5_odd": 7.0,
                "home_handicap_-2.5_odd": 8.2,
                "away_handicap_2.5_odd": 1.055,
                "home_handicap_-1.5_odd": 4.25,
                "away_handicap_1.5_odd": 1.2,
                "home_handicap_-0.5_odd": 1.99,
                "away_handicap_0.5_odd": 1.76,
                "home_handicap_0.5_odd": 1.24,
                "away_handicap_-0.5_odd": 3.75,
                "home_handicap_-0.75_odd": 2.4,
                "away_handicap_0.75_odd": 1.53,
                "home_handicap_-0.25_odd": 1.72,
                "away_handicap_0.25_odd": 2.05,
                "both_score_odd": 1.95,
                "both_noscore_odd": 1.79,
                "home_handicap_-2.75_odd": 10.25,
                "away_handicap_2.75_odd": 1.029,
                "home_handicap_1.75_odd": 1.027,
                "away_handicap_-1.75_odd": 10.4,
                "1X_odd": 1.23,
                "12_odd": 1.37,
                "X2_odd": 1.71,
                "home_handicap_-2.25_odd": 8.0,
                "away_handicap_2.25_odd": 1.06,
                "home_handicap_-1.75_odd": 5.3,
                "away_handicap_1.75_odd": 1.13,
                "home_handicap_-1.25_odd": 3.75,
                "away_handicap_1.25_odd": 1.24,
                "home_handicap_-2.0_odd": 7.7,
                "away_handicap_2.0_odd": 1.065,
                "home_handicap_-1.0_odd": 3.2,
                "away_handicap_1.0_odd": 1.31,
                "home_handicap_1.25_odd": 1.06,
                "away_handicap_-1.25_odd": 8.0,
                "home_handicap_0.75_odd": 1.15,
                "away_handicap_-0.75_odd": 4.9,
                "home_handicap_1.5_odd": 1.052,
                "away_handicap_-1.5_odd": 8.35,
                "home_handicap_1.0_odd": 1.065,
                "away_handicap_-1.0_odd": 7.7,
                "over_4.5_odd": 8.2,
                "under_4.5_odd": 1.055,
                "over_4.0_odd": 7.7,
                "under_4.0_odd": 1.065,
                "over_3.0_odd": 3.55,
                "under_3.0_odd": 1.27,
                "over_1.0_odd": 1.11,
                "under_1.0_odd": 6.0,
                "home_handicap_0.25_odd": 1.3,
                "away_handicap_-0.25_odd": 3.3,
                "1_odd": 2.02,
                "draw_odd": 2.93,
                "2_odd": 4.0
            }
        ]
    },
    {
        "tournament_name": "Copa Argentina. Outright",
        "tournament_id": "18282967",
        "matches": []
    }
]