[
    {
        "tournament_name": "U23 AFF Championship",
        "tournament_id": "18281339",
        "matches": [
            {
                "match_id": 27583274,
                "date": "15/07/2025",
                "time": "11:00",
                "home_team": "Malaysia U23",
                "away_team": "Philippines U23",
                "X2_odd": 3.06,
                "1X_odd": 1.09,
                "12_odd": 1.16,
                "over_3.5_odd": 2.55,
                "under_3.5_odd": 1.45,
                "over_3.0_odd": 2.02,
                "under_3.0_odd": 1.7,
                "home_handicap_-1.75_odd": 2.17,
                "away_handicap_1.75_odd": 1.61,
                "home_handicap_-1.25_odd": 1.7,
                "away_handicap_1.25_odd": 2.02,
                "over_2.5_odd": 1.62,
                "under_2.5_odd": 2.15,
                "home_handicap_-1.5_odd": 1.93,
                "away_handicap_1.5_odd": 1.77,
                "draw_odd": 4.9,
                "2_odd": 7.3,
                "1_odd": 1.32,
                "home_handicap_-1.0_odd": 1.49,
                "away_handicap_1.0_odd": 2.44
            },
            {
                "match_id": 27588852,
                "date": "16/07/2025",
                "time": "11:00",
                "home_team": "Cambodia U23",
                "away_team": "Laos U23",
                "over_2.5_odd": 1.73,
                "under_2.5_odd": 1.97,
                "home_handicap_-0.75_odd": 2.1,
                "away_handicap_0.75_odd": 1.65,
                "1X_odd": 1.3,
                "12_odd": 1.24,
                "X2_odd": 1.82,
                "over_3.0_odd": 2.21,
                "under_3.0_odd": 1.59,
                "home_handicap_-0.25_odd": 1.66,
                "away_handicap_0.25_odd": 2.08,
                "home_handicap_-1.0_odd": 2.52,
                "away_handicap_1.0_odd": 1.46,
                "1_odd": 1.87,
                "draw_odd": 3.85,
                "2_odd": 3.29,
                "home_handicap_-0.5_odd": 1.85,
                "away_handicap_0.5_odd": 1.85,
                "home_handicap_0.0_odd": 1.46,
                "away_handicap_0.0_odd": 2.52
            },
            {
                "match_id": 27589609,
                "date": "16/07/2025",
                "time": "14:00",
                "home_team": "Myanmar U23",
                "away_team": "Timor-Leste U23",
                "home_handicap_-1.75_odd": 1.71,
                "away_handicap_1.75_odd": 2.01,
                "1X_odd": 1.06,
                "12_odd": 1.13,
                "X2_odd": 3.73,
                "over_3.5_odd": 1.92,
                "under_3.5_odd": 1.78,
                "over_3.0_odd": 1.54,
                "under_3.0_odd": 2.33,
                "home_handicap_-2.25_odd": 2.12,
                "away_handicap_2.25_odd": 1.64,
                "1_odd": 1.23,
                "draw_odd": 5.6,
                "2_odd": 9.6,
                "home_handicap_-2.0_odd": 1.85,
                "away_handicap_2.0_odd": 1.85,
                "home_handicap_-2.5_odd": 2.37,
                "away_handicap_2.5_odd": 1.52,
                "home_handicap_-1.5_odd": 1.58,
                "away_handicap_1.5_odd": 2.23,
                "home_handicap_-1.25_odd": 1.45,
                "away_handicap_1.25_odd": 2.55
            }
        ]
    },
    {
        "tournament_name": "EAFF East Asian Championship",
        "tournament_id": "1695",
        "matches": [
            {
                "match_id": 27582542,
                "date": "15/07/2025",
                "time": "08:00",
                "home_team": "China",
                "away_team": "Hong Kong",
                "both_score_odd": 2.08,
                "both_noscore_odd": 1.66,
                "home_handicap_-0.5_odd": 1.49,
                "away_handicap_0.5_odd": 2.44,
                "12_odd": 1.22,
                "X2_odd": 2.46,
                "1X_odd": 1.13,
                "over_3.5_odd": 3.3,
                "under_3.5_odd": 1.28,
                "over_3.0_odd": 2.7,
                "under_3.0_odd": 1.4,
                "over_2.0_odd": 1.48,
                "under_2.0_odd": 2.45,
                "over_1.5_odd": 1.31,
                "under_1.5_odd": 3.15,
                "home_handicap_-1.75_odd": 2.87,
                "away_handicap_1.75_odd": 1.36,
                "home_handicap_-0.75_odd": 1.61,
                "away_handicap_0.75_odd": 2.17,
                "home_handicap_-1.5_odd": 2.4,
                "away_handicap_1.5_odd": 1.5,
                "home_handicap_-1.0_odd": 1.87,
                "away_handicap_1.0_odd": 1.83,
                "home_handicap_-1.25_odd": 2.13,
                "away_handicap_1.25_odd": 1.63,
                "over_2.5_odd": 1.94,
                "under_2.5_odd": 1.76,
                "draw_odd": 4.0,
                "2_odd": 5.7,
                "1_odd": 1.48,
                "away_handicap_0.25_odd": 3.0,
                "home_handicap_-0.25_odd": 1.34
            },
            {
                "match_id": 27583343,
                "date": "15/07/2025",
                "time": "11:24",
                "home_team": "South Korea",
                "away_team": "Japan",
                "both_noscore_odd": 1.92,
                "both_score_odd": 1.78,
                "X2_odd": 1.31,
                "1X_odd": 1.71,
                "12_odd": 1.29,
                "home_handicap_-0.25_odd": 2.75,
                "away_handicap_0.25_odd": 1.39,
                "home_handicap_-0.5_odd": 3.15,
                "away_handicap_0.5_odd": 1.31,
                "away_handicap_-0.75_odd": 2.35,
                "home_handicap_0.75_odd": 1.53,
                "away_handicap_0.0_odd": 1.51,
                "home_handicap_0.0_odd": 2.39,
                "away_handicap_-0.25_odd": 1.73,
                "home_handicap_0.25_odd": 1.97,
                "away_handicap_-0.5_odd": 2.0,
                "home_handicap_0.5_odd": 1.72,
                "under_3.0_odd": 1.42,
                "over_3.0_odd": 2.65,
                "under_2.5_odd": 1.78,
                "over_2.5_odd": 1.92,
                "under_2.0_odd": 2.5,
                "over_2.0_odd": 1.47,
                "under_1.5_odd": 3.2,
                "over_1.5_odd": 1.3,
                "2_odd": 2.02,
                "1_odd": 3.25,
                "draw_odd": 3.38,
                "away_handicap_-1.0_odd": 2.95,
                "home_handicap_1.0_odd": 1.35,
                "away_handicap_-1.25_odd": 3.3,
                "home_handicap_1.25_odd": 1.28,
                "under_3.5_odd": 1.29,
                "over_3.5_odd": 3.25
            }
        ]
    }
]