[
    {
        "tournament_name": "Australia Cup. Outright",
        "tournament_id": "23584",
        "matches": []
    },
    {
        "tournament_name": "U23 Queensland Premier League 1",
        "tournament_id": "18277612",
        "matches": [
            {
                "match_id": 27588764,
                "date": "15/07/2025",
                "time": "10:30",
                "home_team": "Broadbeach United U23",
                "away_team": "SWQ Thunder FC U23",
                "over_4.5_odd": 1.96,
                "under_4.5_odd": 1.74,
                "over_3.5_odd": 1.44,
                "under_3.5_odd": 2.59,
                "home_handicap_-3.75_odd": 2.52,
                "away_handicap_3.75_odd": 1.46,
                "home_handicap_-3.25_odd": 2.04,
                "away_handicap_3.25_odd": 1.69,
                "home_handicap_-2.75_odd": 1.67,
                "away_handicap_2.75_odd": 2.07,
                "home_handicap_-3.5_odd": 2.25,
                "away_handicap_3.5_odd": 1.57,
                "home_handicap_-2.5_odd": 1.55,
                "away_handicap_2.5_odd": 2.3,
                "12_odd": 1.05,
                "X2_odd": 6.9,
                "1X_odd": 1.02,
                "away_handicap_3.0_odd": 1.9,
                "home_handicap_-3.0_odd": 1.8,
                "under_4.0_odd": 2.15,
                "over_4.0_odd": 1.62,
                "2_odd": 15.0,
                "1_odd": 1.08,
                "draw_odd": 9.1,
                "home_handicap_-2.25_odd": 1.43,
                "away_handicap_2.25_odd": 2.62
            }
        ]
    },
    {
        "tournament_name": "NPL Queensland - Women",
        "tournament_id": "10721",
        "matches": [
            {
                "match_id": 27582920,
                "date": "15/07/2025",
                "time": "09:30",
                "home_team": "Brisbane City FC (Wom)",
                "away_team": "Gold Coast United (Wom)",
                "away_handicap_1.75_odd": 1.83,
                "home_handicap_-1.75_odd": 1.87,
                "away_handicap_1.5_odd": 1.92,
                "home_handicap_-1.5_odd": 1.78,
                "over_3.5_odd": 1.78,
                "under_3.5_odd": 1.92,
                "home_handicap_-2.0_odd": 2.2,
                "away_handicap_2.0_odd": 1.6,
                "over_4.0_odd": 2.35,
                "under_4.0_odd": 1.53,
                "2_odd": 4.8,
                "1_odd": 1.34,
                "draw_odd": 6.8,
                "home_handicap_-1.25_odd": 1.57,
                "away_handicap_1.25_odd": 2.25,
                "away_handicap_1.0_odd": 2.55,
                "home_handicap_-1.0_odd": 1.45,
                "under_3.0_odd": 2.55,
                "over_3.0_odd": 1.45,
                "home_handicap_-2.25_odd": 2.5,
                "away_handicap_2.25_odd": 1.47
            },
            {
                "match_id": 27583109,
                "date": "15/07/2025",
                "time": "10:30",
                "home_team": "Eastern Suburbs FC NPL (Wom)",
                "away_team": "North Lakes United FC (Wom)",
                "under_5.5_odd": 1.57,
                "over_5.5_odd": 2.25,
                "under_4.5_odd": 2.15,
                "over_4.5_odd": 1.62,
                "home_handicap_-3.75_odd": 2.15,
                "away_handicap_3.75_odd": 1.62,
                "home_handicap_-3.25_odd": 1.79,
                "away_handicap_3.25_odd": 1.91,
                "home_handicap_-2.75_odd": 1.51,
                "away_handicap_2.75_odd": 2.39,
                "home_handicap_-4.0_odd": 2.45,
                "away_handicap_4.0_odd": 1.48,
                "home_handicap_-3.0_odd": 1.61,
                "away_handicap_3.0_odd": 2.17,
                "12_odd": 1.015,
                "X2_odd": 11.0,
                "1X_odd": 1.002,
                "home_handicap_-3.5_odd": 1.93,
                "away_handicap_3.5_odd": 1.77,
                "over_5.0_odd": 1.89,
                "under_5.0_odd": 1.81,
                "draw_odd": 13.0,
                "2_odd": 19.0,
                "1_odd": 1.03,
                "away_handicap_2.5_odd": 2.59,
                "home_handicap_-2.5_odd": 1.44
            }
        ]
    },
    {
        "tournament_name": "Queensland Premier League 2",
        "tournament_id": "18277512",
        "matches": [
            {
                "match_id": 27588681,
                "date": "16/07/2025",
                "time": "10:45",
                "home_team": "Pine Hills",
                "away_team": "Taringa Rovers SFC",
                "over_4.5_odd": 2.25,
                "under_4.5_odd": 1.57,
                "over_3.5_odd": 1.57,
                "under_3.5_odd": 2.25,
                "home_handicap_-0.75_odd": 2.39,
                "away_handicap_0.75_odd": 1.51,
                "home_handicap_-0.25_odd": 1.93,
                "away_handicap_0.25_odd": 1.77,
                "home_handicap_-0.5_odd": 2.12,
                "away_handicap_0.5_odd": 1.64,
                "home_handicap_0.25_odd": 1.64,
                "away_handicap_-0.25_odd": 2.12,
                "home_handicap_0.5_odd": 1.55,
                "away_handicap_-0.5_odd": 2.3,
                "1X_odd": 1.53,
                "12_odd": 1.16,
                "X2_odd": 1.63,
                "1_odd": 2.12,
                "draw_odd": 5.1,
                "2_odd": 2.32,
                "over_4.0_odd": 1.85,
                "under_4.0_odd": 1.85,
                "home_handicap_0.0_odd": 1.76,
                "away_handicap_0.0_odd": 1.94
            },
            {
                "match_id": 27583364,
                "date": "15/07/2025",
                "time": "11:30",
                "home_team": "Souths United FC",
                "away_team": "Robina City",
                "1X_odd": 5.4,
                "12_odd": 1.06,
                "X2_odd": 1.04,
                "home_handicap_2.75_odd": 1.74,
                "away_handicap_-2.75_odd": 1.96,
                "home_handicap_3.0_odd": 1.57,
                "away_handicap_-3.0_odd": 2.25,
                "home_handicap_2.5_odd": 1.9,
                "away_handicap_-2.5_odd": 1.8,
                "home_handicap_2.25_odd": 2.12,
                "away_handicap_-2.25_odd": 1.64,
                "over_5.0_odd": 2.35,
                "under_5.0_odd": 1.53,
                "over_4.0_odd": 1.51,
                "under_4.0_odd": 2.39,
                "over_4.5_odd": 1.83,
                "under_4.5_odd": 1.87,
                "1_odd": 11.0,
                "draw_odd": 8.5,
                "2_odd": 1.12,
                "home_handicap_2.0_odd": 2.44,
                "away_handicap_-2.0_odd": 1.49,
                "home_handicap_3.25_odd": 1.48,
                "away_handicap_-3.25_odd": 2.45
            }
        ]
    },
    {
        "tournament_name": "NPL Capital Territory - Women",
        "tournament_id": "34856",
        "matches": [
            {
                "match_id": 27588457,
                "date": "16/07/2025",
                "time": "10:00",
                "home_team": "Gungahlin United FC (Wom)",
                "away_team": "West Canberra Wanderers FC (Wom)",
                "over_4.5_odd": 2.25,
                "under_4.5_odd": 1.57,
                "over_3.5_odd": 1.57,
                "under_3.5_odd": 2.25,
                "home_handicap_-1.75_odd": 2.39,
                "away_handicap_1.75_odd": 1.51,
                "home_handicap_-0.75_odd": 1.59,
                "away_handicap_0.75_odd": 2.21,
                "home_handicap_-1.5_odd": 2.1,
                "away_handicap_1.5_odd": 1.65,
                "home_handicap_-1.0_odd": 1.72,
                "away_handicap_1.0_odd": 2.0,
                "home_handicap_-0.5_odd": 1.5,
                "away_handicap_0.5_odd": 2.4,
                "1X_odd": 1.21,
                "12_odd": 1.15,
                "X2_odd": 2.39,
                "home_handicap_-1.25_odd": 1.92,
                "away_handicap_1.25_odd": 1.78,
                "over_4.0_odd": 1.85,
                "under_4.0_odd": 1.85,
                "1_odd": 1.49,
                "draw_odd": 5.3,
                "2_odd": 4.2
            }
        ]
    }
]