[
    {
        "tournament_name": "Copa do Nordeste. Outright",
        "tournament_id": "18291952",
        "matches": []
    },
    {
        "tournament_name": "Serie B",
        "tournament_id": "3104",
        "matches": [
            {
                "match_id": 27539885,
                "date": "15/07/2025",
                "time": "23:30",
                "home_team": "Cuiaba EC",
                "away_team": "Amazonas FC",
                "both_noscore_odd": 1.52,
                "both_score_odd": 2.42,
                "X2_odd": 2.17,
                "1X_odd": 1.13,
                "12_odd": 1.28,
                "away_handicap_1.25_odd": 1.49,
                "home_handicap_-1.25_odd": 2.5,
                "away_handicap_0.25_odd": 2.77,
                "home_handicap_-0.25_odd": 1.41,
                "away_handicap_1.75_odd": 1.27,
                "home_handicap_-1.75_odd": 3.55,
                "away_handicap_0.5_odd": 2.23,
                "home_handicap_-0.5_odd": 1.61,
                "under_2.5_odd": 1.51,
                "over_2.5_odd": 2.45,
                "under_2.0_odd": 1.89,
                "over_2.0_odd": 1.85,
                "under_1.5_odd": 2.52,
                "over_1.5_odd": 1.48,
                "away_handicap_1.5_odd": 1.39,
                "home_handicap_-1.5_odd": 2.85,
                "away_handicap_0.75_odd": 1.95,
                "home_handicap_-0.75_odd": 1.79,
                "away_handicap_1.0_odd": 1.65,
                "home_handicap_-1.0_odd": 2.15,
                "draw_odd": 3.5,
                "2_odd": 6.0,
                "1_odd": 1.62,
                "over_3.0_odd": 3.85,
                "under_3.0_odd": 1.23,
                "home_handicap_-2.25_odd": 5.3,
                "away_handicap_2.25_odd": 1.13,
                "home_handicap_-2.5_odd": 6.0,
                "away_handicap_2.5_odd": 1.11,
                "home_handicap_-2.0_odd": 4.9,
                "away_handicap_2.0_odd": 1.15,
                "home_handicap_0.0_odd": 1.21,
                "away_handicap_0.0_odd": 4.1,
                "home_handicap_0.25_odd": 1.16,
                "away_handicap_-0.25_odd": 4.75,
                "home_handicap_0.5_odd": 1.13,
                "away_handicap_-0.5_odd": 5.3
            },
            {
                "match_id": 27578404,
                "date": "18/07/2025",
                "time": "23:00",
                "home_team": "Atletico Goianiense",
                "away_team": "Criciuma EC",
                "both_score_odd": 2.26,
                "both_noscore_odd": 1.59,
                "X2_odd": 1.97,
                "1X_odd": 1.18,
                "12_odd": 1.32,
                "under_2.0_odd": 1.88,
                "over_2.0_odd": 1.86,
                "under_1.5_odd": 2.5,
                "over_1.5_odd": 1.49,
                "away_handicap_1.25_odd": 1.36,
                "home_handicap_-1.25_odd": 2.97,
                "away_handicap_0.75_odd": 1.73,
                "home_handicap_-0.75_odd": 2.03,
                "away_handicap_0.25_odd": 2.38,
                "home_handicap_-0.25_odd": 1.54,
                "away_handicap_1.5_odd": 1.28,
                "home_handicap_-1.5_odd": 3.4,
                "home_handicap_-1.0_odd": 2.57,
                "away_handicap_1.0_odd": 1.47,
                "away_handicap_0.0_odd": 3.35,
                "home_handicap_0.0_odd": 1.29,
                "away_handicap_0.5_odd": 1.97,
                "home_handicap_-0.5_odd": 1.77,
                "over_2.5_odd": 2.47,
                "under_2.5_odd": 1.5,
                "2_odd": 4.75,
                "1_odd": 1.77,
                "draw_odd": 3.21
            },
            {
                "match_id": 27578422,
                "date": "19/07/2025",
                "time": "01:30",
                "home_team": "Associacao Ferroviaria de Esportes",
                "away_team": "Athletic Club MG",
                "both_noscore_odd": 1.63,
                "both_score_odd": 2.18,
                "X2_odd": 1.7,
                "1X_odd": 1.28,
                "12_odd": 1.34,
                "over_2.0_odd": 1.9,
                "under_2.0_odd": 1.84,
                "over_1.5_odd": 1.51,
                "under_1.5_odd": 2.45,
                "home_handicap_-0.75_odd": 2.47,
                "away_handicap_0.75_odd": 1.5,
                "home_handicap_-0.25_odd": 1.79,
                "away_handicap_0.25_odd": 1.95,
                "home_handicap_-1.0_odd": 3.3,
                "away_handicap_1.0_odd": 1.3,
                "home_handicap_0.0_odd": 1.5,
                "away_handicap_0.0_odd": 2.47,
                "home_handicap_0.25_odd": 1.37,
                "away_handicap_-0.25_odd": 2.95,
                "home_handicap_-0.5_odd": 2.07,
                "away_handicap_0.5_odd": 1.7,
                "over_2.5_odd": 2.52,
                "under_2.5_odd": 1.48,
                "draw_odd": 3.12,
                "2_odd": 3.5,
                "1_odd": 2.09,
                "home_handicap_0.5_odd": 1.29,
                "away_handicap_-0.5_odd": 3.35
            },
            {
                "match_id": 27581380,
                "date": "19/07/2025",
                "time": "22:30",
                "home_team": "Coritiba",
                "away_team": "Paysandu PA",
                "both_score_odd": 2.33,
                "both_noscore_odd": 1.56,
                "12_odd": 1.29,
                "X2_odd": 2.15,
                "1X_odd": 1.15,
                "away_handicap_1.25_odd": 1.45,
                "home_handicap_-1.25_odd": 2.62,
                "away_handicap_1.5_odd": 1.35,
                "home_handicap_-1.5_odd": 3.0,
                "away_handicap_1.0_odd": 1.59,
                "home_handicap_-1.0_odd": 2.26,
                "away_handicap_0.5_odd": 2.15,
                "home_handicap_-0.5_odd": 1.65,
                "away_handicap_0.75_odd": 1.89,
                "home_handicap_-0.75_odd": 1.85,
                "under_2.5_odd": 1.53,
                "over_2.5_odd": 2.4,
                "under_1.5_odd": 2.57,
                "over_1.5_odd": 1.47,
                "away_handicap_0.25_odd": 2.65,
                "home_handicap_-0.25_odd": 1.44,
                "under_2.0_odd": 1.93,
                "over_2.0_odd": 1.81,
                "2_odd": 5.4,
                "1_odd": 1.65,
                "draw_odd": 3.4
            },
            {
                "match_id": 27545628,
                "date": "15/07/2025",
                "time": "01:30",
                "home_team": "Botafogo FC SP",
                "away_team": "Volta Redonda FC",
                "1X_odd": 1.13,
                "12_odd": 2.6,
                "X2_odd": 1.17,
                "home_handicap_-0.75_odd": 6.15,
                "away_handicap_0.75_odd": 1.09,
                "home_handicap_0.0_odd": 1.65,
                "away_handicap_0.0_odd": 2.1,
                "home_handicap_-0.25_odd": 3.05,
                "away_handicap_0.25_odd": 1.33,
                "home_handicap_-0.5_odd": 4.3,
                "away_handicap_0.5_odd": 1.18,
                "home_handicap_0.25_odd": 1.22,
                "away_handicap_-0.25_odd": 3.83,
                "home_handicap_0.5_odd": 1.12,
                "away_handicap_-0.5_odd": 5.35,
                "1_odd": 4.5,
                "draw_odd": 1.42,
                "2_odd": 5.8,
                "over_1.0_odd": 6.3,
                "under_1.0_odd": 1.085,
                "over_0.5_odd": 2.44,
                "under_0.5_odd": 1.49
            },
            {
                "match_id": 27584424,
                "date": "19/07/2025",
                "time": "20:00",
                "home_team": "Goias EC",
                "away_team": "Cuiaba EC",
                "both_score_odd": 2.08,
                "both_noscore_odd": 1.69,
                "12_odd": 1.32,
                "X2_odd": 1.93,
                "1X_odd": 1.17,
                "away_handicap_1.5_odd": 1.28,
                "home_handicap_-1.5_odd": 3.4,
                "away_handicap_1.0_odd": 1.46,
                "home_handicap_-1.0_odd": 2.6,
                "under_1.5_odd": 2.7,
                "over_1.5_odd": 1.43,
                "under_2.0_odd": 2.03,
                "over_2.0_odd": 1.73,
                "under_2.5_odd": 1.57,
                "over_2.5_odd": 2.3,
                "under_3.0_odd": 1.26,
                "over_3.0_odd": 3.6,
                "away_handicap_1.25_odd": 1.35,
                "home_handicap_-1.25_odd": 3.0,
                "away_handicap_0.75_odd": 1.72,
                "home_handicap_-0.75_odd": 2.05,
                "away_handicap_0.25_odd": 2.4,
                "home_handicap_-0.25_odd": 1.53,
                "away_handicap_0.0_odd": 3.35,
                "home_handicap_0.0_odd": 1.29,
                "2_odd": 4.9,
                "1_odd": 1.77,
                "draw_odd": 3.17,
                "away_handicap_0.5_odd": 1.96,
                "home_handicap_-0.5_odd": 1.78
            },
            {
                "match_id": 27584468,
                "date": "19/07/2025",
                "time": "22:30",
                "home_team": "Avai FC",
                "away_team": "Vila Nova Goiania",
                "both_score_odd": 2.21,
                "both_noscore_odd": 1.62,
                "12_odd": 1.36,
                "X2_odd": 1.77,
                "1X_odd": 1.21,
                "away_handicap_0.25_odd": 2.17,
                "home_handicap_-0.25_odd": 1.64,
                "under_2.5_odd": 1.47,
                "over_2.5_odd": 2.57,
                "under_1.5_odd": 2.42,
                "over_1.5_odd": 1.52,
                "away_handicap_0.75_odd": 1.58,
                "home_handicap_-0.75_odd": 2.28,
                "away_handicap_1.0_odd": 1.35,
                "home_handicap_-1.0_odd": 3.0,
                "away_handicap_0.0_odd": 2.95,
                "home_handicap_0.0_odd": 1.37,
                "home_handicap_0.25_odd": 1.27,
                "away_handicap_-0.25_odd": 3.55,
                "away_handicap_0.5_odd": 1.81,
                "home_handicap_-0.5_odd": 1.93,
                "under_2.0_odd": 1.81,
                "over_2.0_odd": 1.93,
                "2_odd": 4.3,
                "1_odd": 1.94,
                "draw_odd": 2.98,
                "home_handicap_-1.25_odd": 3.55,
                "away_handicap_1.25_odd": 1.27
            },
            {
                "match_id": 27584524,
                "date": "20/07/2025",
                "time": "00:30",
                "home_team": "Volta Redonda FC",
                "away_team": "CA Paranaense",
                "both_score_odd": 2.06,
                "both_noscore_odd": 1.71,
                "12_odd": 1.41,
                "X2_odd": 1.37,
                "1X_odd": 1.45,
                "over_2.0_odd": 1.95,
                "under_2.0_odd": 1.79,
                "over_1.5_odd": 1.54,
                "under_1.5_odd": 2.38,
                "home_handicap_-0.25_odd": 2.45,
                "away_handicap_0.25_odd": 1.51,
                "home_handicap_-0.5_odd": 2.9,
                "away_handicap_0.5_odd": 1.38,
                "home_handicap_0.0_odd": 1.99,
                "away_handicap_0.0_odd": 1.76,
                "home_handicap_0.75_odd": 1.31,
                "away_handicap_-0.75_odd": 3.2,
                "home_handicap_0.5_odd": 1.47,
                "away_handicap_-0.5_odd": 2.57,
                "home_handicap_0.25_odd": 1.64,
                "away_handicap_-0.25_odd": 2.17,
                "over_2.5_odd": 2.62,
                "under_2.5_odd": 1.45,
                "draw_odd": 2.74,
                "2_odd": 2.62,
                "1_odd": 2.95,
                "home_handicap_-0.75_odd": 3.7,
                "away_handicap_0.75_odd": 1.25
            },
            {
                "match_id": 27584548,
                "date": "20/07/2025",
                "time": "22:30",
                "home_team": "America MG",
                "away_team": "Chapecoense SC",
                "away_handicap_0.5_odd": 2.02,
                "home_handicap_-0.5_odd": 1.74,
                "2_odd": 4.8,
                "1_odd": 1.74,
                "draw_odd": 3.32,
                "both_noscore_odd": 1.64,
                "both_score_odd": 2.17,
                "under_3.0_odd": 1.26,
                "over_3.0_odd": 3.6,
                "X2_odd": 2.01,
                "1X_odd": 1.18,
                "12_odd": 1.3,
                "under_2.5_odd": 1.56,
                "over_2.5_odd": 2.33,
                "under_1.5_odd": 2.65,
                "over_1.5_odd": 1.44,
                "away_handicap_1.25_odd": 1.39,
                "home_handicap_-1.25_odd": 2.85,
                "away_handicap_0.75_odd": 1.78,
                "home_handicap_-0.75_odd": 1.96,
                "away_handicap_0.25_odd": 2.45,
                "home_handicap_-0.25_odd": 1.51,
                "away_handicap_1.5_odd": 1.31,
                "home_handicap_-1.5_odd": 3.2,
                "away_handicap_1.0_odd": 1.51,
                "home_handicap_-1.0_odd": 2.45,
                "away_handicap_0.0_odd": 3.4,
                "home_handicap_0.0_odd": 1.28,
                "under_2.0_odd": 2.0,
                "over_2.0_odd": 1.75
            },
            {
                "match_id": 27572319,
                "date": "17/07/2025",
                "time": "23:30",
                "home_team": "Operario Ferroviario EC",
                "away_team": "Clube De Regatas Brasil",
                "both_score_odd": 2.0,
                "both_noscore_odd": 1.75,
                "12_odd": 1.42,
                "X2_odd": 1.74,
                "1X_odd": 1.19,
                "away_handicap_0.0_odd": 3.0,
                "home_handicap_0.0_odd": 1.35,
                "under_2.5_odd": 1.49,
                "over_2.5_odd": 2.5,
                "under_2.0_odd": 1.86,
                "over_2.0_odd": 1.88,
                "under_1.5_odd": 2.47,
                "over_1.5_odd": 1.5,
                "away_handicap_0.75_odd": 1.51,
                "home_handicap_-0.75_odd": 2.45,
                "away_handicap_1.0_odd": 1.27,
                "home_handicap_-1.0_odd": 3.55,
                "away_handicap_0.5_odd": 1.75,
                "home_handicap_-0.5_odd": 2.0,
                "away_handicap_-0.25_odd": 3.7,
                "home_handicap_0.25_odd": 1.25,
                "2_odd": 4.7,
                "1_odd": 2.01,
                "draw_odd": 2.69,
                "home_handicap_-0.25_odd": 1.68,
                "away_handicap_0.25_odd": 2.1
            },
            {
                "match_id": 27572409,
                "date": "18/07/2025",
                "time": "01:35",
                "home_team": "Remo PA",
                "away_team": "Gremio Novorizontino",
                "both_noscore_odd": 1.67,
                "both_score_odd": 2.12,
                "X2_odd": 1.48,
                "12_odd": 1.42,
                "1X_odd": 1.35,
                "under_2.0_odd": 1.73,
                "over_2.0_odd": 2.03,
                "under_1.5_odd": 2.3,
                "over_1.5_odd": 1.57,
                "away_handicap_0.75_odd": 1.33,
                "home_handicap_-0.75_odd": 3.1,
                "away_handicap_0.5_odd": 1.5,
                "home_handicap_-0.5_odd": 2.47,
                "away_handicap_0.0_odd": 2.08,
                "home_handicap_0.0_odd": 1.69,
                "away_handicap_-0.25_odd": 2.57,
                "home_handicap_0.25_odd": 1.47,
                "away_handicap_-0.5_odd": 3.0,
                "home_handicap_0.5_odd": 1.35,
                "away_handicap_0.25_odd": 1.69,
                "home_handicap_-0.25_odd": 2.08,
                "under_2.5_odd": 1.42,
                "over_2.5_odd": 2.73,
                "2_odd": 3.14,
                "draw_odd": 2.7,
                "1_odd": 2.52
            }
        ]
    },
    {
        "tournament_name": "Serie A",
        "tournament_id": "1792",
        "matches": [
            {
                "match_id": 27538478,
                "date": "20/07/2025",
                "time": "19:00",
                "home_team": "Cruzeiro EC",
                "away_team": "EC Juventude RS",
                "both_score_odd": 2.26,
                "both_noscore_odd": 1.59,
                "away_handicap_0.5_odd": 2.7,
                "home_handicap_-0.5_odd": 1.43,
                "X2_odd": 2.61,
                "1X_odd": 1.09,
                "12_odd": 1.23,
                "under_3.5_odd": 1.26,
                "over_3.5_odd": 3.6,
                "under_3.0_odd": 1.37,
                "over_3.0_odd": 2.95,
                "under_2.0_odd": 2.35,
                "over_2.0_odd": 1.55,
                "under_1.5_odd": 3.05,
                "over_1.5_odd": 1.34,
                "away_handicap_2.75_odd": 1.12,
                "home_handicap_-2.75_odd": 5.55,
                "away_handicap_2.25_odd": 1.22,
                "home_handicap_-2.25_odd": 4.0,
                "away_handicap_1.75_odd": 1.41,
                "home_handicap_-1.75_odd": 2.77,
                "away_handicap_0.75_odd": 2.35,
                "home_handicap_-0.75_odd": 1.55,
                "away_handicap_0.25_odd": 3.4,
                "home_handicap_-0.25_odd": 1.28,
                "away_handicap_2.5_odd": 1.19,
                "home_handicap_-2.5_odd": 4.3,
                "away_handicap_2.0_odd": 1.25,
                "home_handicap_-2.0_odd": 3.7,
                "away_handicap_1.5_odd": 1.55,
                "home_handicap_-1.5_odd": 2.35,
                "away_handicap_1.0_odd": 2.03,
                "home_handicap_-1.0_odd": 1.73,
                "away_handicap_0.0_odd": 5.3,
                "home_handicap_0.0_odd": 1.13,
                "away_handicap_1.25_odd": 1.72,
                "home_handicap_-1.25_odd": 2.05,
                "under_2.5_odd": 1.72,
                "over_2.5_odd": 2.05,
                "2_odd": 7.6,
                "1_odd": 1.43,
                "draw_odd": 3.94
            },
            {
                "match_id": 27538479,
                "date": "20/07/2025",
                "time": "01:00",
                "home_team": "Sao Paulo FC",
                "away_team": "Corinthians SP",
                "both_score_odd": 2.08,
                "both_noscore_odd": 1.69,
                "home_handicap_-0.5_odd": 2.35,
                "away_handicap_0.5_odd": 1.55,
                "home_handicap_0.5_odd": 1.38,
                "away_handicap_-0.5_odd": 2.9,
                "12_odd": 1.35,
                "X2_odd": 1.54,
                "1X_odd": 1.37,
                "over_3.0_odd": 3.85,
                "under_3.0_odd": 1.23,
                "over_2.0_odd": 1.85,
                "under_2.0_odd": 1.89,
                "over_1.5_odd": 1.48,
                "under_1.5_odd": 2.52,
                "home_handicap_-1.25_odd": 4.55,
                "away_handicap_1.25_odd": 1.17,
                "away_handicap_0.75_odd": 1.38,
                "home_handicap_-0.75_odd": 2.9,
                "away_handicap_1.5_odd": 1.14,
                "home_handicap_-1.5_odd": 5.1,
                "away_handicap_1.0_odd": 1.21,
                "home_handicap_-1.0_odd": 4.1,
                "away_handicap_0.0_odd": 2.08,
                "home_handicap_0.0_odd": 1.69,
                "away_handicap_-0.75_odd": 3.7,
                "home_handicap_0.75_odd": 1.25,
                "away_handicap_-0.25_odd": 2.5,
                "home_handicap_0.25_odd": 1.49,
                "away_handicap_-1.0_odd": 5.3,
                "home_handicap_1.0_odd": 1.13,
                "away_handicap_0.25_odd": 1.73,
                "home_handicap_-0.25_odd": 2.03,
                "under_2.5_odd": 1.5,
                "over_2.5_odd": 2.47,
                "2_odd": 2.96,
                "1_odd": 2.37,
                "draw_odd": 3.06
            },
            {
                "match_id": 27562440,
                "date": "16/07/2025",
                "time": "19:00",
                "home_team": "Atletico MG",
                "away_team": "Sport Recife",
                "both_noscore_odd": 1.61,
                "both_score_odd": 2.23,
                "X2_odd": 2.5,
                "1X_odd": 1.16,
                "12_odd": 1.17,
                "home_handicap_-0.5_odd": 1.47,
                "away_handicap_0.5_odd": 2.57,
                "home_handicap_0.0_odd": 1.21,
                "away_handicap_0.0_odd": 4.1,
                "home_handicap_-2.75_odd": 5.3,
                "away_handicap_2.75_odd": 1.13,
                "home_handicap_-2.25_odd": 3.85,
                "away_handicap_2.25_odd": 1.23,
                "home_handicap_-1.75_odd": 2.62,
                "away_handicap_1.75_odd": 1.45,
                "home_handicap_-1.25_odd": 1.95,
                "away_handicap_1.25_odd": 1.79,
                "home_handicap_-0.75_odd": 1.57,
                "away_handicap_0.75_odd": 2.3,
                "home_handicap_-2.5_odd": 4.3,
                "away_handicap_2.5_odd": 1.19,
                "home_handicap_-2.0_odd": 3.4,
                "away_handicap_2.0_odd": 1.28,
                "home_handicap_-1.5_odd": 2.18,
                "away_handicap_1.5_odd": 1.63,
                "home_handicap_-1.0_odd": 1.78,
                "away_handicap_1.0_odd": 1.96,
                "over_3.0_odd": 2.62,
                "under_3.0_odd": 1.45,
                "over_1.5_odd": 1.3,
                "under_1.5_odd": 3.3,
                "home_handicap_-0.25_odd": 1.34,
                "away_handicap_0.25_odd": 3.05,
                "home_handicap_0.5_odd": 1.16,
                "away_handicap_-0.5_odd": 4.75,
                "under_3.5_odd": 1.3,
                "over_3.5_odd": 3.3,
                "over_2.0_odd": 1.47,
                "under_2.0_odd": 2.57,
                "home_handicap_0.25_odd": 1.18,
                "away_handicap_-0.25_odd": 4.4,
                "over_2.5_odd": 1.92,
                "under_2.5_odd": 1.82,
                "draw_odd": 4.9,
                "2_odd": 5.1,
                "1_odd": 1.46
            },
            {
                "match_id": 27583804,
                "date": "20/07/2025",
                "time": "21:30",
                "home_team": "SE Palmeiras",
                "away_team": "Atletico MG",
                "both_score_odd": 2.35,
                "both_noscore_odd": 1.55,
                "X2_odd": 2.05,
                "1X_odd": 1.14,
                "12_odd": 1.31,
                "under_3.0_odd": 1.22,
                "over_3.0_odd": 4.0,
                "under_2.0_odd": 1.85,
                "over_2.0_odd": 1.89,
                "over_1.5_odd": 1.5,
                "under_1.5_odd": 2.47,
                "over_2.5_odd": 2.5,
                "under_2.5_odd": 1.49,
                "draw_odd": 3.23,
                "2_odd": 5.6,
                "1_odd": 1.68,
                "home_handicap_0.0_odd": 1.23,
                "away_handicap_0.0_odd": 3.85
            },
            {
                "match_id": 27583805,
                "date": "20/07/2025",
                "time": "23:30",
                "home_team": "Regatas Flamengo RJ",
                "away_team": "Fluminense",
                "both_noscore_odd": 1.69,
                "both_score_odd": 2.08,
                "away_handicap_0.5_odd": 2.17,
                "home_handicap_-0.5_odd": 1.64,
                "away_handicap_-0.5_odd": 4.75,
                "home_handicap_0.5_odd": 1.16,
                "X2_odd": 2.11,
                "1X_odd": 1.16,
                "12_odd": 1.27,
                "over_3.5_odd": 3.85,
                "under_3.5_odd": 1.23,
                "over_3.0_odd": 3.1,
                "under_3.0_odd": 1.33,
                "over_2.0_odd": 1.61,
                "under_2.0_odd": 2.23,
                "over_1.5_odd": 1.37,
                "under_1.5_odd": 2.95,
                "home_handicap_-2.25_odd": 5.3,
                "away_handicap_2.25_odd": 1.13,
                "home_handicap_-1.75_odd": 3.6,
                "away_handicap_1.75_odd": 1.26,
                "home_handicap_-1.25_odd": 2.52,
                "away_handicap_1.25_odd": 1.48,
                "home_handicap_-0.25_odd": 1.44,
                "away_handicap_0.25_odd": 2.65,
                "home_handicap_-2.5_odd": 5.55,
                "away_handicap_2.5_odd": 1.12,
                "home_handicap_-2.0_odd": 4.9,
                "away_handicap_2.0_odd": 1.15,
                "home_handicap_-1.5_odd": 2.9,
                "away_handicap_1.5_odd": 1.38,
                "home_handicap_-1.0_odd": 2.18,
                "away_handicap_1.0_odd": 1.63,
                "home_handicap_0.0_odd": 1.24,
                "away_handicap_0.0_odd": 3.75,
                "home_handicap_0.25_odd": 1.19,
                "away_handicap_-0.25_odd": 4.3,
                "home_handicap_-0.75_odd": 1.84,
                "away_handicap_0.75_odd": 1.9,
                "over_2.5_odd": 2.14,
                "under_2.5_odd": 1.66,
                "draw_odd": 3.55,
                "2_odd": 5.2,
                "1_odd": 1.64
            },
            {
                "match_id": 27532718,
                "date": "20/07/2025",
                "time": "20:00",
                "home_team": "EC Vitoria BA",
                "away_team": "RB Bragantino",
                "both_score_odd": 2.14,
                "both_noscore_odd": 1.66,
                "away_handicap_0.5_odd": 1.41,
                "home_handicap_-0.5_odd": 2.77,
                "home_handicap_0.5_odd": 1.52,
                "away_handicap_-0.5_odd": 2.42,
                "12_odd": 1.35,
                "X2_odd": 1.39,
                "1X_odd": 1.49,
                "over_3.0_odd": 4.1,
                "under_3.0_odd": 1.21,
                "under_2.5_odd": 1.48,
                "over_2.5_odd": 2.52,
                "over_1.5_odd": 1.5,
                "under_1.5_odd": 2.47,
                "home_handicap_-1.25_odd": 5.55,
                "away_handicap_1.25_odd": 1.12,
                "home_handicap_-0.75_odd": 3.55,
                "away_handicap_0.75_odd": 1.27,
                "home_handicap_-0.25_odd": 2.4,
                "away_handicap_0.25_odd": 1.53,
                "home_handicap_-1.0_odd": 5.1,
                "away_handicap_1.0_odd": 1.14,
                "home_handicap_1.25_odd": 1.16,
                "away_handicap_-1.25_odd": 4.75,
                "away_handicap_-0.75_odd": 2.97,
                "home_handicap_0.75_odd": 1.36,
                "away_handicap_-0.25_odd": 2.1,
                "home_handicap_0.25_odd": 1.68,
                "away_handicap_-1.5_odd": 5.3,
                "home_handicap_1.5_odd": 1.13,
                "away_handicap_-1.0_odd": 4.3,
                "home_handicap_1.0_odd": 1.19,
                "away_handicap_0.0_odd": 1.76,
                "home_handicap_0.0_odd": 1.99,
                "under_2.0_odd": 1.85,
                "over_2.0_odd": 1.89,
                "2_odd": 2.47,
                "1_odd": 2.84,
                "draw_odd": 3.06
            },
            {
                "match_id": 27532719,
                "date": "19/07/2025",
                "time": "22:30",
                "home_team": "Mirassol FC",
                "away_team": "Santos SP",
                "both_noscore_odd": 1.76,
                "both_score_odd": 1.99,
                "away_handicap_0.5_odd": 1.46,
                "home_handicap_-0.5_odd": 2.6,
                "away_handicap_-0.5_odd": 2.7,
                "home_handicap_0.5_odd": 1.43,
                "X2_odd": 1.44,
                "1X_odd": 1.42,
                "12_odd": 1.37,
                "over_3.0_odd": 3.75,
                "under_3.0_odd": 1.24,
                "over_2.5_odd": 2.4,
                "under_2.5_odd": 1.52,
                "over_1.5_odd": 1.46,
                "under_1.5_odd": 2.6,
                "away_handicap_1.25_odd": 1.14,
                "home_handicap_-1.25_odd": 5.1,
                "away_handicap_0.75_odd": 1.31,
                "home_handicap_-0.75_odd": 3.2,
                "away_handicap_0.25_odd": 1.61,
                "home_handicap_-0.25_odd": 2.23,
                "away_handicap_1.5_odd": 1.12,
                "home_handicap_-1.5_odd": 5.55,
                "away_handicap_1.0_odd": 1.16,
                "home_handicap_-1.0_odd": 4.75,
                "away_handicap_-1.25_odd": 5.55,
                "home_handicap_1.25_odd": 1.12,
                "away_handicap_-0.75_odd": 3.35,
                "home_handicap_0.75_odd": 1.29,
                "away_handicap_-0.25_odd": 2.3,
                "home_handicap_0.25_odd": 1.57,
                "away_handicap_-1.0_odd": 5.1,
                "home_handicap_1.0_odd": 1.14,
                "away_handicap_0.0_odd": 1.92,
                "home_handicap_0.0_odd": 1.82,
                "under_2.0_odd": 1.94,
                "over_2.0_odd": 1.8,
                "2_odd": 2.74,
                "1_odd": 2.64,
                "draw_odd": 2.93
            },
            {
                "match_id": 27532720,
                "date": "19/07/2025",
                "time": "21:30",
                "home_team": "CR Vasco da Gama",
                "away_team": "Gremio FB Porto Alegrense",
                "both_score_odd": 1.93,
                "both_noscore_odd": 1.81,
                "away_handicap_0.5_odd": 1.65,
                "home_handicap_-0.5_odd": 2.15,
                "away_handicap_-0.5_odd": 3.15,
                "home_handicap_0.5_odd": 1.32,
                "X2_odd": 1.63,
                "1X_odd": 1.31,
                "12_odd": 1.34,
                "under_3.0_odd": 1.29,
                "over_3.0_odd": 3.35,
                "over_2.0_odd": 1.67,
                "under_2.0_odd": 2.12,
                "under_1.5_odd": 2.77,
                "over_1.5_odd": 1.41,
                "home_handicap_-1.25_odd": 4.0,
                "away_handicap_1.25_odd": 1.22,
                "away_handicap_0.75_odd": 1.46,
                "home_handicap_-0.75_odd": 2.6,
                "away_handicap_1.5_odd": 1.18,
                "home_handicap_-1.5_odd": 4.4,
                "away_handicap_1.0_odd": 1.26,
                "home_handicap_-1.0_odd": 3.6,
                "away_handicap_0.0_odd": 2.33,
                "home_handicap_0.0_odd": 1.56,
                "away_handicap_-0.75_odd": 4.1,
                "home_handicap_0.75_odd": 1.21,
                "away_handicap_-0.25_odd": 2.77,
                "home_handicap_0.25_odd": 1.41,
                "home_handicap_-0.25_odd": 1.87,
                "away_handicap_0.25_odd": 1.87,
                "under_2.5_odd": 1.61,
                "over_2.5_odd": 2.23,
                "2_odd": 3.3,
                "1_odd": 2.18,
                "draw_odd": 3.09,
                "under_3.5_odd": 1.21,
                "over_3.5_odd": 4.1,
                "home_handicap_-1.75_odd": 6.0,
                "away_handicap_1.75_odd": 1.11
            },
            {
                "match_id": 27532767,
                "date": "19/07/2025",
                "time": "20:00",
                "home_team": "Fortaleza CE",
                "away_team": "EC Bahia",
                "both_score_odd": 1.89,
                "both_noscore_odd": 1.85,
                "over_3.0_odd": 3.35,
                "under_3.0_odd": 1.29,
                "over_2.0_odd": 1.68,
                "under_2.0_odd": 2.1,
                "away_handicap_1.25_odd": 1.15,
                "home_handicap_-1.25_odd": 4.9,
                "home_handicap_-0.75_odd": 3.05,
                "away_handicap_0.75_odd": 1.34,
                "home_handicap_-0.25_odd": 2.15,
                "away_handicap_0.25_odd": 1.65,
                "home_handicap_-1.5_odd": 5.3,
                "away_handicap_1.5_odd": 1.13,
                "home_handicap_-1.0_odd": 4.4,
                "away_handicap_1.0_odd": 1.18,
                "home_handicap_-0.5_odd": 2.5,
                "away_handicap_0.5_odd": 1.49,
                "home_handicap_1.25_odd": 1.12,
                "away_handicap_-1.25_odd": 5.55,
                "home_handicap_0.75_odd": 1.28,
                "away_handicap_-0.75_odd": 3.4,
                "home_handicap_0.25_odd": 1.54,
                "away_handicap_-0.25_odd": 2.38,
                "away_handicap_-1.0_odd": 5.1,
                "home_handicap_1.0_odd": 1.14,
                "away_handicap_-0.5_odd": 2.77,
                "home_handicap_0.5_odd": 1.41,
                "X2_odd": 1.47,
                "1X_odd": 1.4,
                "12_odd": 1.37,
                "under_1.5_odd": 2.77,
                "over_1.5_odd": 1.41,
                "under_2.5_odd": 1.6,
                "over_2.5_odd": 2.25,
                "2_odd": 2.81,
                "1_odd": 2.55,
                "draw_odd": 2.96,
                "home_handicap_0.0_odd": 1.78,
                "away_handicap_0.0_odd": 1.96,
                "under_3.5_odd": 1.21,
                "over_3.5_odd": 4.1
            },
            {
                "match_id": 27586650,
                "date": "20/07/2025",
                "time": "19:00",
                "home_team": "SC Internacional",
                "away_team": "Ceara SC",
                "both_noscore_odd": 1.58,
                "both_score_odd": 2.28,
                "home_handicap_-0.5_odd": 1.59,
                "away_handicap_0.5_odd": 2.26,
                "home_handicap_0.5_odd": 1.14,
                "away_handicap_-0.5_odd": 5.1,
                "12_odd": 1.26,
                "X2_odd": 2.2,
                "1X_odd": 1.14,
                "away_handicap_0.0_odd": 4.0,
                "home_handicap_0.0_odd": 1.22,
                "under_3.5_odd": 1.2,
                "over_3.5_odd": 4.25,
                "under_3.0_odd": 1.28,
                "over_3.0_odd": 3.4,
                "under_2.5_odd": 1.59,
                "over_2.5_odd": 2.26,
                "under_2.0_odd": 2.06,
                "over_2.0_odd": 1.71,
                "under_1.5_odd": 2.73,
                "over_1.5_odd": 1.42,
                "away_handicap_2.25_odd": 1.13,
                "home_handicap_-2.25_odd": 5.3,
                "away_handicap_1.75_odd": 1.28,
                "home_handicap_-1.75_odd": 3.4,
                "away_handicap_1.25_odd": 1.51,
                "home_handicap_-1.25_odd": 2.45,
                "away_handicap_0.25_odd": 2.77,
                "home_handicap_-0.25_odd": 1.41,
                "away_handicap_2.5_odd": 1.12,
                "home_handicap_-2.5_odd": 5.55,
                "away_handicap_2.0_odd": 1.16,
                "home_handicap_-2.0_odd": 4.75,
                "away_handicap_1.5_odd": 1.41,
                "home_handicap_-1.5_odd": 2.77,
                "away_handicap_1.0_odd": 1.69,
                "home_handicap_-1.0_odd": 2.08,
                "away_handicap_-0.25_odd": 4.4,
                "home_handicap_0.25_odd": 1.18,
                "away_handicap_0.75_odd": 1.97,
                "home_handicap_-0.75_odd": 1.77,
                "2_odd": 5.5,
                "1_odd": 1.59,
                "draw_odd": 3.63
            },
            {
                "match_id": 27586667,
                "date": "20/07/2025",
                "time": "21:30",
                "home_team": "Sport Recife",
                "away_team": "Botafogo",
                "both_score_odd": 2.12,
                "both_noscore_odd": 1.67,
                "X2_odd": 1.28,
                "1X_odd": 1.68,
                "12_odd": 1.33,
                "away_handicap_0.75_odd": 1.18,
                "home_handicap_-0.75_odd": 4.4,
                "away_handicap_-0.75_odd": 2.45,
                "home_handicap_0.75_odd": 1.51,
                "away_handicap_-1.5_odd": 4.1,
                "home_handicap_1.5_odd": 1.21,
                "away_handicap_-1.0_odd": 3.2,
                "home_handicap_1.0_odd": 1.31,
                "home_handicap_-0.25_odd": 2.95,
                "away_handicap_0.25_odd": 1.37,
                "home_handicap_0.0_odd": 2.5,
                "away_handicap_0.0_odd": 1.49,
                "home_handicap_1.75_odd": 1.13,
                "away_handicap_-1.75_odd": 5.3,
                "home_handicap_1.25_odd": 1.25,
                "away_handicap_-1.25_odd": 3.7,
                "home_handicap_0.25_odd": 1.96,
                "away_handicap_-0.25_odd": 1.78,
                "over_3.0_odd": 3.85,
                "under_3.0_odd": 1.23,
                "over_2.5_odd": 2.42,
                "under_2.5_odd": 1.52,
                "over_1.5_odd": 1.47,
                "under_1.5_odd": 2.57,
                "home_handicap_-0.5_odd": 3.35,
                "away_handicap_0.5_odd": 1.29,
                "over_2.0_odd": 1.82,
                "under_2.0_odd": 1.92,
                "draw_odd": 3.14,
                "2_odd": 2.07,
                "1_odd": 3.53,
                "away_handicap_-0.5_odd": 2.06,
                "home_handicap_0.5_odd": 1.71
            },
            {
                "match_id": 27499398,
                "date": "17/07/2025",
                "time": "01:30",
                "home_team": "RB Bragantino",
                "away_team": "Sao Paulo FC",
                "home_handicap_0.0_odd": 1.53,
                "away_handicap_0.0_odd": 2.4,
                "both_noscore_odd": 1.71,
                "both_score_odd": 2.06,
                "X2_odd": 1.62,
                "1X_odd": 1.3,
                "12_odd": 1.35,
                "over_2.5_odd": 2.39,
                "under_2.5_odd": 1.51,
                "over_3.0_odd": 3.85,
                "under_3.0_odd": 1.23,
                "over_1.5_odd": 1.47,
                "under_1.5_odd": 2.57,
                "home_handicap_-1.75_odd": 6.0,
                "away_handicap_1.75_odd": 1.11,
                "home_handicap_-1.25_odd": 4.0,
                "away_handicap_1.25_odd": 1.22,
                "home_handicap_-0.75_odd": 2.6,
                "away_handicap_0.75_odd": 1.46,
                "home_handicap_-1.5_odd": 4.4,
                "away_handicap_1.5_odd": 1.18,
                "home_handicap_-1.0_odd": 3.55,
                "away_handicap_1.0_odd": 1.27,
                "home_handicap_-0.5_odd": 2.15,
                "away_handicap_0.5_odd": 1.65,
                "home_handicap_0.75_odd": 1.19,
                "away_handicap_-0.75_odd": 4.3,
                "home_handicap_0.25_odd": 1.39,
                "away_handicap_-0.25_odd": 2.85,
                "home_handicap_0.5_odd": 1.3,
                "away_handicap_-0.5_odd": 3.3,
                "draw_odd": 3.01,
                "2_odd": 3.41,
                "1_odd": 2.17,
                "home_handicap_-0.25_odd": 1.84,
                "away_handicap_0.25_odd": 1.9,
                "over_2.0_odd": 1.82,
                "under_2.0_odd": 1.92
            },
            {
                "match_id": 27499399,
                "date": "16/07/2025",
                "time": "23:30",
                "home_team": "Ceara SC",
                "away_team": "Corinthians SP",
                "both_noscore_odd": 1.66,
                "both_score_odd": 2.14,
                "X2_odd": 1.55,
                "12_odd": 1.38,
                "1X_odd": 1.33,
                "under_2.5_odd": 1.46,
                "over_2.5_odd": 2.6,
                "over_2.0_odd": 1.94,
                "under_2.0_odd": 1.8,
                "over_1.5_odd": 1.53,
                "under_1.5_odd": 2.4,
                "home_handicap_-1.25_odd": 4.55,
                "away_handicap_1.25_odd": 1.17,
                "home_handicap_-0.75_odd": 2.85,
                "away_handicap_0.75_odd": 1.39,
                "home_handicap_-0.25_odd": 1.97,
                "away_handicap_0.25_odd": 1.77,
                "home_handicap_-1.5_odd": 5.1,
                "away_handicap_1.5_odd": 1.14,
                "home_handicap_-1.0_odd": 4.1,
                "away_handicap_1.0_odd": 1.21,
                "home_handicap_-0.5_odd": 2.33,
                "away_handicap_0.5_odd": 1.56,
                "home_handicap_0.75_odd": 1.23,
                "away_handicap_-0.75_odd": 3.85,
                "home_handicap_0.25_odd": 1.45,
                "away_handicap_-0.25_odd": 2.62,
                "home_handicap_0.5_odd": 1.34,
                "away_handicap_-0.5_odd": 3.05,
                "draw_odd": 2.95,
                "2_odd": 3.21,
                "1_odd": 2.35,
                "away_handicap_0.0_odd": 2.18,
                "home_handicap_0.0_odd": 1.63
            },
            {
                "match_id": 27499400,
                "date": "16/07/2025",
                "time": "23:00",
                "home_team": "SE Palmeiras",
                "away_team": "Mirassol FC",
                "both_noscore_odd": 1.52,
                "both_score_odd": 2.42,
                "X2_odd": 2.73,
                "1X_odd": 1.08,
                "12_odd": 1.21,
                "over_2.5_odd": 2.1,
                "under_2.5_odd": 1.68,
                "under_3.5_odd": 1.24,
                "over_3.5_odd": 3.75,
                "under_3.0_odd": 1.35,
                "over_3.0_odd": 3.0,
                "under_2.0_odd": 2.26,
                "over_2.0_odd": 1.59,
                "under_1.5_odd": 2.97,
                "over_1.5_odd": 1.36,
                "away_handicap_2.25_odd": 1.23,
                "home_handicap_-2.25_odd": 3.85,
                "away_handicap_1.75_odd": 1.44,
                "home_handicap_-1.75_odd": 2.65,
                "away_handicap_1.25_odd": 1.77,
                "home_handicap_-1.25_odd": 1.97,
                "home_handicap_-0.75_odd": 1.5,
                "away_handicap_0.75_odd": 2.47,
                "home_handicap_-0.25_odd": 1.26,
                "away_handicap_0.25_odd": 3.6,
                "home_handicap_-2.5_odd": 4.25,
                "away_handicap_2.5_odd": 1.2,
                "home_handicap_-2.0_odd": 3.55,
                "away_handicap_2.0_odd": 1.27,
                "home_handicap_-1.5_odd": 2.25,
                "away_handicap_1.5_odd": 1.6,
                "home_handicap_-0.5_odd": 1.4,
                "away_handicap_0.5_odd": 2.8,
                "home_handicap_0.0_odd": 1.12,
                "away_handicap_0.0_odd": 5.55,
                "2_odd": 7.9,
                "1_odd": 1.39,
                "draw_odd": 4.1,
                "home_handicap_-1.0_odd": 1.67,
                "away_handicap_1.0_odd": 2.12,
                "home_handicap_-2.75_odd": 5.3,
                "away_handicap_2.75_odd": 1.13
            },
            {
                "match_id": 27499401,
                "date": "17/07/2025",
                "time": "01:30",
                "home_team": "Botafogo",
                "away_team": "EC Vitoria BA",
                "home_handicap_0.0_odd": 1.15,
                "away_handicap_0.0_odd": 4.9,
                "both_noscore_odd": 1.58,
                "both_score_odd": 2.28,
                "X2_odd": 2.63,
                "12_odd": 1.22,
                "1X_odd": 1.1,
                "under_3.5_odd": 1.25,
                "over_3.5_odd": 3.7,
                "under_3.0_odd": 1.37,
                "over_3.0_odd": 2.95,
                "under_2.0_odd": 2.33,
                "over_2.0_odd": 1.56,
                "under_1.5_odd": 3.0,
                "over_1.5_odd": 1.35,
                "away_handicap_2.25_odd": 1.21,
                "home_handicap_-2.25_odd": 4.1,
                "away_handicap_1.75_odd": 1.41,
                "home_handicap_-1.75_odd": 2.77,
                "away_handicap_1.25_odd": 1.72,
                "home_handicap_-1.25_odd": 2.05,
                "away_handicap_2.5_odd": 1.18,
                "home_handicap_-2.5_odd": 4.4,
                "away_handicap_2.0_odd": 1.25,
                "home_handicap_-2.0_odd": 3.7,
                "away_handicap_1.5_odd": 1.56,
                "home_handicap_-1.5_odd": 2.33,
                "away_handicap_1.0_odd": 1.97,
                "home_handicap_-1.0_odd": 1.77,
                "under_2.5_odd": 1.71,
                "over_2.5_odd": 2.06,
                "away_handicap_0.25_odd": 3.35,
                "home_handicap_-0.25_odd": 1.29,
                "away_handicap_0.5_odd": 2.65,
                "home_handicap_-0.5_odd": 1.44,
                "away_handicap_-0.25_odd": 5.55,
                "home_handicap_0.25_odd": 1.12,
                "draw_odd": 4.1,
                "2_odd": 6.7,
                "1_odd": 1.45,
                "away_handicap_0.75_odd": 2.33,
                "home_handicap_-0.75_odd": 1.56,
                "away_handicap_2.75_odd": 1.12,
                "home_handicap_-2.75_odd": 5.55
            },
            {
                "match_id": 27499403,
                "date": "17/07/2025",
                "time": "00:00",
                "home_team": "Santos SP",
                "away_team": "Regatas Flamengo RJ",
                "away_handicap_0.0_odd": 1.4,
                "home_handicap_0.0_odd": 2.8,
                "both_noscore_odd": 1.73,
                "both_score_odd": 2.03,
                "12_odd": 1.31,
                "X2_odd": 1.24,
                "1X_odd": 1.81,
                "under_2.5_odd": 1.6,
                "over_2.5_odd": 2.25,
                "under_3.5_odd": 1.21,
                "over_3.5_odd": 4.1,
                "under_3.0_odd": 1.29,
                "over_3.0_odd": 3.35,
                "under_2.0_odd": 2.1,
                "over_2.0_odd": 1.68,
                "under_1.5_odd": 2.77,
                "over_1.5_odd": 1.41,
                "away_handicap_0.75_odd": 1.15,
                "home_handicap_-0.75_odd": 4.9,
                "away_handicap_0.25_odd": 1.3,
                "home_handicap_-0.25_odd": 3.3,
                "home_handicap_-0.5_odd": 3.75,
                "away_handicap_0.5_odd": 1.24,
                "away_handicap_-1.75_odd": 4.4,
                "home_handicap_1.75_odd": 1.18,
                "away_handicap_-1.25_odd": 3.15,
                "home_handicap_1.25_odd": 1.32,
                "away_handicap_-0.75_odd": 2.18,
                "home_handicap_0.75_odd": 1.63,
                "away_handicap_-0.25_odd": 1.65,
                "home_handicap_0.25_odd": 2.15,
                "away_handicap_-1.5_odd": 3.6,
                "home_handicap_1.5_odd": 1.26,
                "away_handicap_-1.0_odd": 2.77,
                "home_handicap_1.0_odd": 1.41,
                "2_odd": 1.9,
                "draw_odd": 3.29,
                "1_odd": 3.93,
                "home_handicap_0.5_odd": 1.87,
                "away_handicap_-0.5_odd": 1.87
            },
            {
                "match_id": 27501372,
                "date": "17/07/2025",
                "time": "23:30",
                "home_team": "Fluminense",
                "away_team": "Cruzeiro EC",
                "both_score_odd": 2.07,
                "both_noscore_odd": 1.7,
                "12_odd": 1.35,
                "X2_odd": 1.6,
                "1X_odd": 1.32,
                "under_2.5_odd": 1.52,
                "over_2.5_odd": 2.42,
                "over_3.0_odd": 3.85,
                "under_3.0_odd": 1.23,
                "over_2.0_odd": 1.82,
                "under_2.0_odd": 1.92,
                "over_1.5_odd": 1.47,
                "under_1.5_odd": 2.57,
                "home_handicap_-1.25_odd": 4.25,
                "away_handicap_1.25_odd": 1.2,
                "home_handicap_-0.75_odd": 2.65,
                "away_handicap_0.75_odd": 1.44,
                "home_handicap_-0.25_odd": 1.89,
                "away_handicap_0.25_odd": 1.85,
                "home_handicap_-1.5_odd": 4.55,
                "away_handicap_1.5_odd": 1.17,
                "home_handicap_-1.0_odd": 3.7,
                "away_handicap_1.0_odd": 1.25,
                "home_handicap_-0.5_odd": 2.21,
                "away_handicap_0.5_odd": 1.62,
                "home_handicap_0.75_odd": 1.21,
                "away_handicap_-0.75_odd": 4.1,
                "home_handicap_0.25_odd": 1.42,
                "away_handicap_-0.25_odd": 2.73,
                "home_handicap_0.5_odd": 1.32,
                "away_handicap_-0.5_odd": 3.15,
                "draw_odd": 3.04,
                "2_odd": 3.25,
                "1_odd": 2.23
            }
        ]
    },
    {
        "tournament_name": "Copa do Brasil. Outright",
        "tournament_id": "18282965",
        "matches": []
    },
    {
        "tournament_name": "Copa do Brasil",
        "tournament_id": "1799",
        "matches": [
            {
                "match_id": 27557357,
                "date": "31/07/2025",
                "time": "01:30",
                "home_team": "Corinthians SP",
                "away_team": "SE Palmeiras",
                "both_noscore_odd": 1.9,
                "both_score_odd": 1.8,
                "X2_odd": 1.43,
                "1X_odd": 1.48,
                "12_odd": 1.34,
                "home_handicap_0.5_odd": 1.48,
                "away_handicap_-0.5_odd": 2.45,
                "home_handicap_-0.5_odd": 2.59,
                "away_handicap_0.5_odd": 1.44,
                "over_2.0_odd": 1.55,
                "under_2.0_odd": 2.3,
                "over_1.5_odd": 1.34,
                "under_1.5_odd": 3.0,
                "home_handicap_-0.75_odd": 3.25,
                "away_handicap_0.75_odd": 1.29,
                "home_handicap_0.75_odd": 1.33,
                "away_handicap_-0.75_odd": 3.05,
                "home_handicap_-1.25_odd": 5.1,
                "away_handicap_1.25_odd": 1.13,
                "home_handicap_-1.5_odd": 5.55,
                "away_handicap_1.5_odd": 1.11,
                "home_handicap_-1.0_odd": 4.57,
                "away_handicap_1.0_odd": 1.16,
                "home_handicap_1.25_odd": 1.16,
                "away_handicap_-1.25_odd": 4.57,
                "home_handicap_0.25_odd": 1.62,
                "away_handicap_-0.25_odd": 2.15,
                "home_handicap_1.5_odd": 1.14,
                "away_handicap_-1.5_odd": 4.9,
                "home_handicap_1.0_odd": 1.19,
                "away_handicap_-1.0_odd": 4.15,
                "home_handicap_0.0_odd": 1.92,
                "away_handicap_0.0_odd": 1.78,
                "over_3.0_odd": 2.95,
                "under_3.0_odd": 1.35,
                "over_3.5_odd": 3.65,
                "under_3.5_odd": 1.24,
                "home_handicap_-0.25_odd": 2.25,
                "away_handicap_0.25_odd": 1.57,
                "over_2.5_odd": 2.04,
                "under_2.5_odd": 1.69,
                "2_odd": 2.47,
                "1_odd": 2.61,
                "draw_odd": 3.02
            },
            {
                "match_id": 27557358,
                "date": "31/07/2025",
                "time": "01:30",
                "home_team": "SC Internacional",
                "away_team": "Fluminense",
                "both_score_odd": 1.81,
                "both_noscore_odd": 1.89,
                "X2_odd": 1.67,
                "12_odd": 1.33,
                "1X_odd": 1.29,
                "home_handicap_-0.5_odd": 2.04,
                "away_handicap_0.5_odd": 1.69,
                "over_1.5_odd": 1.33,
                "under_1.5_odd": 3.05,
                "home_handicap_0.25_odd": 1.37,
                "away_handicap_-0.25_odd": 2.85,
                "away_handicap_-0.5_odd": 3.25,
                "home_handicap_0.5_odd": 1.29,
                "under_3.5_odd": 1.25,
                "over_3.5_odd": 3.57,
                "under_3.0_odd": 1.36,
                "over_3.0_odd": 2.87,
                "under_2.0_odd": 2.33,
                "over_2.0_odd": 1.54,
                "home_handicap_-1.75_odd": 5.1,
                "away_handicap_1.75_odd": 1.13,
                "home_handicap_-1.25_odd": 3.65,
                "away_handicap_1.25_odd": 1.24,
                "home_handicap_-1.5_odd": 4.05,
                "away_handicap_1.5_odd": 1.2,
                "home_handicap_-1.0_odd": 3.2,
                "away_handicap_1.0_odd": 1.3,
                "home_handicap_0.75_odd": 1.19,
                "away_handicap_-0.75_odd": 4.15,
                "over_2.5_odd": 2.02,
                "under_2.5_odd": 1.7,
                "home_handicap_-0.75_odd": 2.4,
                "away_handicap_0.75_odd": 1.5,
                "home_handicap_0.0_odd": 1.49,
                "away_handicap_0.0_odd": 2.44,
                "away_handicap_0.25_odd": 1.92,
                "home_handicap_-0.25_odd": 1.78,
                "draw_odd": 3.06,
                "2_odd": 3.34,
                "1_odd": 2.03
            },
            {
                "match_id": 27557359,
                "date": "30/07/2025",
                "time": "23:30",
                "home_team": "Cruzeiro EC",
                "away_team": "Clube De Regatas Brasil",
                "both_noscore_odd": 1.56,
                "both_score_odd": 2.27,
                "12_odd": 1.17,
                "X2_odd": 3.41,
                "1X_odd": 1.05,
                "home_handicap_-0.5_odd": 1.27,
                "away_handicap_0.5_odd": 3.4,
                "home_handicap_-3.25_odd": 5.1,
                "away_handicap_3.25_odd": 1.13,
                "over_3.5_odd": 2.8,
                "under_3.5_odd": 1.38,
                "home_handicap_-2.75_odd": 3.65,
                "away_handicap_2.75_odd": 1.24,
                "away_handicap_2.25_odd": 1.4,
                "home_handicap_-2.25_odd": 2.7,
                "away_handicap_1.75_odd": 1.69,
                "home_handicap_-1.75_odd": 2.04,
                "away_handicap_1.25_odd": 2.17,
                "home_handicap_-1.25_odd": 1.61,
                "away_handicap_0.75_odd": 3.1,
                "home_handicap_-0.75_odd": 1.32,
                "home_handicap_-3.5_odd": 5.55,
                "away_handicap_3.5_odd": 1.11,
                "home_handicap_-3.0_odd": 4.9,
                "away_handicap_3.0_odd": 1.14,
                "home_handicap_-2.5_odd": 3.0,
                "away_handicap_2.5_odd": 1.34,
                "home_handicap_-2.0_odd": 2.4,
                "away_handicap_2.0_odd": 1.5,
                "home_handicap_-1.0_odd": 1.41,
                "away_handicap_1.0_odd": 2.68,
                "home_handicap_-1.5_odd": 1.78,
                "away_handicap_1.5_odd": 1.92,
                "over_3.0_odd": 2.25,
                "under_3.0_odd": 1.57,
                "over_2.0_odd": 1.35,
                "under_2.0_odd": 2.95,
                "over_1.5_odd": 1.23,
                "under_1.5_odd": 3.75,
                "over_2.5_odd": 1.73,
                "under_2.5_odd": 1.97,
                "away_handicap_0.25_odd": 4.57,
                "home_handicap_-0.25_odd": 1.16,
                "2_odd": 11.0,
                "1_odd": 1.25,
                "draw_odd": 4.5
            },
            {
                "match_id": 27557360,
                "date": "01/08/2025",
                "time": "01:30",
                "home_team": "Regatas Flamengo RJ",
                "away_team": "Atletico MG",
                "both_noscore_odd": 1.75,
                "both_score_odd": 1.95,
                "12_odd": 1.27,
                "X2_odd": 2.11,
                "1X_odd": 1.16,
                "over_1.5_odd": 1.33,
                "under_1.5_odd": 3.05,
                "home_handicap_-2.0_odd": 4.75,
                "away_handicap_2.0_odd": 1.15,
                "home_handicap_-1.5_odd": 2.85,
                "away_handicap_1.5_odd": 1.37,
                "home_handicap_-0.5_odd": 1.62,
                "away_handicap_0.5_odd": 2.15,
                "home_handicap_0.5_odd": 1.16,
                "away_handicap_-0.5_odd": 4.57,
                "away_handicap_2.25_odd": 1.13,
                "home_handicap_-2.25_odd": 5.1,
                "home_handicap_-1.75_odd": 3.47,
                "away_handicap_1.75_odd": 1.26,
                "home_handicap_-1.25_odd": 2.5,
                "away_handicap_1.25_odd": 1.47,
                "home_handicap_-2.5_odd": 5.35,
                "away_handicap_2.5_odd": 1.12,
                "home_handicap_-1.0_odd": 2.15,
                "away_handicap_1.0_odd": 1.62,
                "home_handicap_-0.75_odd": 1.82,
                "away_handicap_0.75_odd": 1.88,
                "over_3.5_odd": 3.47,
                "under_3.5_odd": 1.26,
                "over_2.0_odd": 1.52,
                "under_2.0_odd": 2.37,
                "home_handicap_-0.25_odd": 1.43,
                "away_handicap_0.25_odd": 2.62,
                "away_handicap_0.0_odd": 3.65,
                "home_handicap_0.0_odd": 1.24,
                "under_3.0_odd": 1.37,
                "over_3.0_odd": 2.85,
                "away_handicap_-0.25_odd": 4.15,
                "home_handicap_0.25_odd": 1.19,
                "over_2.5_odd": 2.0,
                "under_2.5_odd": 1.72,
                "2_odd": 4.9,
                "1_odd": 1.6,
                "draw_odd": 3.41
            },
            {
                "match_id": 27557361,
                "date": "31/07/2025",
                "time": "23:30",
                "home_team": "Sao Paulo FC",
                "away_team": "CA Paranaense",
                "both_score_odd": 2.12,
                "both_noscore_odd": 1.64,
                "12_odd": 1.24,
                "X2_odd": 2.46,
                "1X_odd": 1.11,
                "home_handicap_-2.25_odd": 4.15,
                "away_handicap_2.25_odd": 1.19,
                "home_handicap_-1.75_odd": 2.87,
                "away_handicap_1.75_odd": 1.36,
                "away_handicap_1.25_odd": 1.63,
                "home_handicap_-1.25_odd": 2.13,
                "home_handicap_-0.75_odd": 1.6,
                "away_handicap_0.75_odd": 2.2,
                "home_handicap_-2.5_odd": 4.57,
                "away_handicap_2.5_odd": 1.16,
                "away_handicap_2.0_odd": 1.22,
                "home_handicap_-2.0_odd": 3.83,
                "home_handicap_-1.5_odd": 2.44,
                "away_handicap_1.5_odd": 1.49,
                "home_handicap_-1.0_odd": 1.8,
                "away_handicap_1.0_odd": 1.9,
                "under_3.5_odd": 1.26,
                "over_3.5_odd": 3.47,
                "under_3.0_odd": 1.38,
                "over_3.0_odd": 2.8,
                "over_2.0_odd": 1.52,
                "under_2.0_odd": 2.37,
                "over_1.5_odd": 1.33,
                "under_1.5_odd": 3.05,
                "home_handicap_-0.25_odd": 1.31,
                "away_handicap_0.25_odd": 3.15,
                "home_handicap_-0.5_odd": 1.47,
                "away_handicap_0.5_odd": 2.5,
                "home_handicap_0.0_odd": 1.15,
                "away_handicap_0.0_odd": 4.75,
                "home_handicap_0.25_odd": 1.12,
                "away_handicap_-0.25_odd": 5.35,
                "under_2.5_odd": 1.72,
                "over_2.5_odd": 2.0,
                "2_odd": 6.4,
                "1_odd": 1.45,
                "draw_odd": 3.68
            },
            {
                "match_id": 27557362,
                "date": "30/07/2025",
                "time": "23:30",
                "home_team": "EC Bahia",
                "away_team": "Retro FC Brasil",
                "both_score_odd": 2.3,
                "both_noscore_odd": 1.55,
                "12_odd": 1.18,
                "X2_odd": 3.39,
                "1X_odd": 1.04,
                "away_handicap_0.5_odd": 3.4,
                "home_handicap_-0.5_odd": 1.27,
                "over_2.0_odd": 1.36,
                "under_2.0_odd": 2.87,
                "home_handicap_-3.5_odd": 5.55,
                "away_handicap_3.5_odd": 1.11,
                "home_handicap_-2.5_odd": 3.05,
                "away_handicap_2.5_odd": 1.33,
                "under_3.5_odd": 1.36,
                "over_3.5_odd": 2.87,
                "under_3.0_odd": 1.55,
                "over_3.0_odd": 2.3,
                "under_1.5_odd": 3.65,
                "over_1.5_odd": 1.24,
                "home_handicap_-3.25_odd": 5.35,
                "away_handicap_3.25_odd": 1.12,
                "home_handicap_-2.75_odd": 3.65,
                "away_handicap_2.75_odd": 1.24,
                "home_handicap_-2.25_odd": 2.7,
                "away_handicap_2.25_odd": 1.4,
                "home_handicap_-1.25_odd": 1.63,
                "away_handicap_1.25_odd": 2.13,
                "home_handicap_-3.0_odd": 4.9,
                "away_handicap_3.0_odd": 1.14,
                "home_handicap_-2.0_odd": 2.44,
                "away_handicap_2.0_odd": 1.49,
                "over_2.5_odd": 1.76,
                "under_2.5_odd": 1.94,
                "home_handicap_-1.75_odd": 2.07,
                "away_handicap_1.75_odd": 1.67,
                "home_handicap_-0.75_odd": 1.33,
                "away_handicap_0.75_odd": 3.05,
                "away_handicap_0.25_odd": 4.57,
                "home_handicap_-0.25_odd": 1.16,
                "away_handicap_1.0_odd": 2.65,
                "home_handicap_-1.0_odd": 1.42,
                "home_handicap_-1.5_odd": 1.78,
                "away_handicap_1.5_odd": 1.92,
                "draw_odd": 4.3,
                "2_odd": 12.0,
                "1_odd": 1.25
            },
            {
                "match_id": 27557363,
                "date": "29/07/2025",
                "time": "23:00",
                "home_team": "Botafogo",
                "away_team": "RB Bragantino",
                "both_score_odd": 1.9,
                "both_noscore_odd": 1.8,
                "X2_odd": 2.0,
                "1X_odd": 1.18,
                "12_odd": 1.29,
                "away_handicap_0.5_odd": 2.02,
                "home_handicap_-0.5_odd": 1.7,
                "home_handicap_0.5_odd": 1.17,
                "away_handicap_-0.5_odd": 4.42,
                "over_3.5_odd": 3.57,
                "under_3.5_odd": 1.25,
                "over_3.0_odd": 2.87,
                "under_3.0_odd": 1.36,
                "over_2.0_odd": 1.53,
                "under_2.0_odd": 2.35,
                "over_1.5_odd": 1.33,
                "under_1.5_odd": 3.05,
                "home_handicap_-1.75_odd": 3.9,
                "away_handicap_1.75_odd": 1.21,
                "home_handicap_-1.25_odd": 2.75,
                "away_handicap_1.25_odd": 1.39,
                "home_handicap_-0.25_odd": 1.49,
                "away_handicap_0.25_odd": 2.44,
                "home_handicap_-2.0_odd": 5.35,
                "away_handicap_2.0_odd": 1.12,
                "home_handicap_-1.5_odd": 3.15,
                "away_handicap_1.5_odd": 1.31,
                "home_handicap_-1.0_odd": 2.39,
                "away_handicap_1.0_odd": 1.51,
                "home_handicap_0.0_odd": 1.27,
                "away_handicap_0.0_odd": 3.4,
                "home_handicap_0.75_odd": 1.11,
                "away_handicap_-0.75_odd": 5.55,
                "home_handicap_0.25_odd": 1.21,
                "away_handicap_-0.25_odd": 3.9,
                "home_handicap_-0.75_odd": 1.94,
                "away_handicap_0.75_odd": 1.76,
                "under_2.5_odd": 1.71,
                "over_2.5_odd": 2.01,
                "2_odd": 4.6,
                "draw_odd": 3.26,
                "1_odd": 1.68
            },
            {
                "match_id": 27557364,
                "date": "30/07/2025",
                "time": "23:00",
                "home_team": "Centro Sportivo Alagoano",
                "away_team": "CR Vasco da Gama",
                "both_noscore_odd": 1.86,
                "both_score_odd": 1.84,
                "12_odd": 1.3,
                "X2_odd": 1.24,
                "1X_odd": 1.82,
                "home_handicap_-0.5_odd": 3.65,
                "away_handicap_0.5_odd": 1.24,
                "home_handicap_-0.75_odd": 4.75,
                "away_handicap_0.75_odd": 1.15,
                "home_handicap_1.75_odd": 1.17,
                "away_handicap_-1.75_odd": 4.42,
                "home_handicap_1.25_odd": 1.31,
                "away_handicap_-1.25_odd": 3.15,
                "home_handicap_0.75_odd": 1.62,
                "away_handicap_-0.75_odd": 2.15,
                "home_handicap_1.5_odd": 1.25,
                "away_handicap_-1.5_odd": 3.57,
                "home_handicap_1.0_odd": 1.4,
                "away_handicap_-1.0_odd": 2.7,
                "home_handicap_0.5_odd": 1.83,
                "away_handicap_-0.5_odd": 1.87,
                "over_3.5_odd": 3.47,
                "under_3.5_odd": 1.26,
                "over_3.0_odd": 2.8,
                "under_3.0_odd": 1.38,
                "over_2.0_odd": 1.52,
                "under_2.0_odd": 2.37,
                "under_1.5_odd": 3.1,
                "over_1.5_odd": 1.32,
                "away_handicap_0.0_odd": 1.38,
                "home_handicap_0.0_odd": 2.8,
                "away_handicap_-0.25_odd": 1.62,
                "home_handicap_0.25_odd": 2.15,
                "home_handicap_-0.25_odd": 3.25,
                "away_handicap_0.25_odd": 1.29,
                "under_2.5_odd": 1.72,
                "over_2.5_odd": 2.0,
                "2_odd": 1.84,
                "1_odd": 3.77,
                "draw_odd": 3.21
            }
        ]
    }
]