[
    {
        "tournament_name": "Canadian Premier League",
        "tournament_id": "18263089",
        "matches": [
            {
                "match_id": 27541871,
                "date": "20/07/2025",
                "time": "20:00",
                "home_team": "Valour FC",
                "away_team": "Cavalry FC",
                "home_handicap_0.25_odd": 2.15,
                "away_handicap_-0.25_odd": 1.62,
                "12_odd": 1.28,
                "X2_odd": 1.25,
                "1X_odd": 1.84,
                "under_3.0_odd": 1.59,
                "over_3.0_odd": 2.21,
                "away_handicap_-0.75_odd": 2.1,
                "home_handicap_0.75_odd": 1.65,
                "away_handicap_-1.0_odd": 2.62,
                "home_handicap_1.0_odd": 1.43,
                "under_2.5_odd": 2.01,
                "over_2.5_odd": 1.71,
                "2_odd": 1.82,
                "draw_odd": 3.4,
                "1_odd": 3.64,
                "home_handicap_0.5_odd": 1.85,
                "away_handicap_-0.5_odd": 1.85
            },
            {
                "match_id": 27532576,
                "date": "19/07/2025",
                "time": "00:00",
                "home_team": "Forge FC",
                "away_team": "FC Pacific Greater Victoria",
                "over_3.0_odd": 2.5,
                "under_3.0_odd": 1.47,
                "home_handicap_-1.25_odd": 2.23,
                "away_handicap_1.25_odd": 1.58,
                "away_handicap_0.5_odd": 2.35,
                "home_handicap_-0.5_odd": 1.53,
                "12_odd": 1.24,
                "X2_odd": 2.29,
                "1X_odd": 1.14,
                "away_handicap_0.75_odd": 2.05,
                "home_handicap_-0.75_odd": 1.68,
                "over_2.5_odd": 1.85,
                "under_2.5_odd": 1.85,
                "2_odd": 5.3,
                "1_odd": 1.51,
                "draw_odd": 3.69,
                "home_handicap_-1.0_odd": 1.9,
                "away_handicap_1.0_odd": 1.8,
                "home_handicap_-1.5_odd": 2.52,
                "away_handicap_1.5_odd": 1.46
            },
            {
                "match_id": 27532577,
                "date": "19/07/2025",
                "time": "00:00",
                "home_team": "Atletico Ottawa",
                "away_team": "HFX Wanderers",
                "over_3.0_odd": 2.3,
                "under_3.0_odd": 1.55,
                "home_handicap_-0.75_odd": 2.21,
                "away_handicap_0.75_odd": 1.59,
                "home_handicap_-0.25_odd": 1.65,
                "away_handicap_0.25_odd": 2.1,
                "X2_odd": 1.78,
                "1X_odd": 1.25,
                "12_odd": 1.3,
                "away_handicap_0.5_odd": 1.8,
                "home_handicap_-0.5_odd": 1.9,
                "under_2.5_odd": 1.94,
                "over_2.5_odd": 1.76,
                "2_odd": 3.64,
                "1_odd": 1.87,
                "draw_odd": 3.21
            },
            {
                "match_id": 27536973,
                "date": "19/07/2025",
                "time": "21:00",
                "home_team": "York United FC",
                "away_team": "Vancouver FC",
                "home_handicap_-0.25_odd": 1.57,
                "away_handicap_0.25_odd": 2.25,
                "12_odd": 1.28,
                "X2_odd": 1.89,
                "1X_odd": 1.23,
                "under_3.0_odd": 1.55,
                "over_3.0_odd": 2.3,
                "away_handicap_0.75_odd": 1.7,
                "home_handicap_-0.75_odd": 2.02,
                "away_handicap_1.0_odd": 1.47,
                "home_handicap_-1.0_odd": 2.5,
                "over_2.5_odd": 1.76,
                "under_2.5_odd": 1.94,
                "draw_odd": 3.39,
                "2_odd": 3.87,
                "1_odd": 1.77,
                "home_handicap_-0.5_odd": 1.78,
                "away_handicap_0.5_odd": 1.92
            }
        ]
    }
]