[
    {
        "tournament_name": "Primera Division. Outright",
        "tournament_id": "18281252",
        "matches": []
    },
    {
        "tournament_name": "Primera Division",
        "tournament_id": "1809",
        "matches": [
            {
                "match_id": 27538495,
                "date": "19/07/2025",
                "time": "17:30",
                "home_team": "Union Espanola",
                "away_team": "CD Union La Calera",
                "12_odd": 1.33,
                "X2_odd": 1.56,
                "1X_odd": 1.36,
                "under_2.0_odd": 2.23,
                "over_2.0_odd": 1.58,
                "away_handicap_0.25_odd": 1.76,
                "home_handicap_-0.25_odd": 1.94,
                "away_handicap_0.5_odd": 1.57,
                "home_handicap_-0.5_odd": 2.25,
                "away_handicap_-0.25_odd": 2.5,
                "home_handicap_0.25_odd": 1.47,
                "home_handicap_0.0_odd": 1.65,
                "away_handicap_0.0_odd": 2.1,
                "over_2.5_odd": 2.08,
                "under_2.5_odd": 1.66,
                "draw_odd": 3.08,
                "2_odd": 2.87,
                "1_odd": 2.24
            },
            {
                "match_id": 27538496,
                "date": "20/07/2025",
                "time": "20:00",
                "home_team": "Deportivo Nublense",
                "away_team": "Universidad de Chile",
                "away_handicap_-0.75_odd": 1.93,
                "home_handicap_0.75_odd": 1.77,
                "2_odd": 1.7,
                "1_odd": 4.0,
                "draw_odd": 3.53,
                "X2_odd": 1.21,
                "1X_odd": 1.97,
                "12_odd": 1.26,
                "under_3.0_odd": 1.5,
                "over_3.0_odd": 2.4,
                "home_handicap_0.25_odd": 2.37,
                "away_handicap_-0.25_odd": 1.52,
                "home_handicap_1.0_odd": 1.53,
                "away_handicap_-1.0_odd": 2.35,
                "home_handicap_0.5_odd": 2.0,
                "away_handicap_-0.5_odd": 1.72,
                "over_2.5_odd": 1.81,
                "under_2.5_odd": 1.89
            },
            {
                "match_id": 27538497,
                "date": "22/07/2025",
                "time": "00:00",
                "home_team": "CD Huachipato",
                "away_team": "O´Higgins FC",
                "X2_odd": 1.47,
                "1X_odd": 1.47,
                "12_odd": 1.31,
                "under_2.0_odd": 2.4,
                "over_2.0_odd": 1.5,
                "away_handicap_0.5_odd": 1.47,
                "home_handicap_-0.5_odd": 2.5,
                "away_handicap_0.0_odd": 1.85,
                "home_handicap_0.0_odd": 1.85,
                "away_handicap_-0.25_odd": 2.17,
                "home_handicap_0.25_odd": 1.61,
                "away_handicap_0.25_odd": 1.61,
                "home_handicap_-0.25_odd": 2.17,
                "under_2.5_odd": 1.74,
                "over_2.5_odd": 1.96,
                "2_odd": 2.48,
                "1_odd": 2.48,
                "draw_odd": 3.19,
                "home_handicap_0.5_odd": 1.47,
                "away_handicap_-0.5_odd": 2.5
            },
            {
                "match_id": 27538498,
                "date": "19/07/2025",
                "time": "00:00",
                "home_team": "Everton Vina del Mar",
                "away_team": "Deportes Limache",
                "X2_odd": 1.7,
                "1X_odd": 1.32,
                "12_odd": 1.28,
                "home_handicap_-0.75_odd": 2.35,
                "away_handicap_0.75_odd": 1.53,
                "home_handicap_-0.25_odd": 1.78,
                "away_handicap_0.25_odd": 1.92,
                "home_handicap_-0.5_odd": 2.01,
                "away_handicap_0.5_odd": 1.71,
                "over_2.5_odd": 1.77,
                "under_2.5_odd": 1.93,
                "draw_odd": 3.38,
                "2_odd": 3.11,
                "1_odd": 1.99,
                "over_3.0_odd": 2.33,
                "under_3.0_odd": 1.54,
                "away_handicap_0.0_odd": 2.37,
                "home_handicap_0.0_odd": 1.52,
                "away_handicap_-0.25_odd": 2.7,
                "home_handicap_0.25_odd": 1.4,
                "both_score_odd": 1.65,
                "both_noscore_odd": 2.1,
                "over_3.5_odd": 2.87,
                "under_3.5_odd": 1.36,
                "over_2.0_odd": 1.37,
                "under_2.0_odd": 2.85,
                "over_1.5_odd": 1.24,
                "under_1.5_odd": 3.65,
                "home_handicap_-1.25_odd": 3.3,
                "away_handicap_1.25_odd": 1.28,
                "home_handicap_-1.0_odd": 3.0,
                "away_handicap_1.0_odd": 1.34,
                "home_handicap_0.5_odd": 1.32,
                "away_handicap_-0.5_odd": 3.1
            },
            {
                "match_id": 27538499,
                "date": "19/07/2025",
                "time": "22:30",
                "home_team": "CD Coquimbo Unido",
                "away_team": "CD Iquique",
                "home_handicap_-1.0_odd": 1.9,
                "away_handicap_1.0_odd": 1.8,
                "draw_odd": 3.8,
                "2_odd": 5.4,
                "1_odd": 1.49,
                "12_odd": 1.23,
                "X2_odd": 2.35,
                "1X_odd": 1.14,
                "under_3.0_odd": 1.49,
                "over_3.0_odd": 2.44,
                "away_handicap_1.25_odd": 1.6,
                "home_handicap_-1.25_odd": 2.2,
                "away_handicap_0.75_odd": 2.1,
                "home_handicap_-0.75_odd": 1.65,
                "away_handicap_1.5_odd": 1.47,
                "home_handicap_-1.5_odd": 2.5,
                "away_handicap_0.5_odd": 2.39,
                "home_handicap_-0.5_odd": 1.51,
                "under_2.5_odd": 1.87,
                "over_2.5_odd": 1.83
            },
            {
                "match_id": 27538500,
                "date": "19/07/2025",
                "time": "20:00",
                "home_team": "CD Colo Colo",
                "away_team": "CD La Serena",
                "12_odd": 1.17,
                "X2_odd": 2.96,
                "1X_odd": 1.09,
                "away_handicap_1.0_odd": 2.35,
                "home_handicap_-1.0_odd": 1.53,
                "away_handicap_1.75_odd": 1.56,
                "home_handicap_-1.75_odd": 2.27,
                "away_handicap_1.5_odd": 1.73,
                "home_handicap_-1.5_odd": 1.97,
                "away_handicap_1.25_odd": 1.93,
                "home_handicap_-1.25_odd": 1.77,
                "over_3.0_odd": 2.21,
                "under_3.0_odd": 1.59,
                "2_odd": 7.2,
                "1_odd": 1.32,
                "draw_odd": 4.5,
                "over_2.5_odd": 1.71,
                "under_2.5_odd": 2.01
            },
            {
                "match_id": 27538502,
                "date": "20/07/2025",
                "time": "17:30",
                "home_team": "Audax Italiano",
                "away_team": "CD Universidad Catolica Santiago",
                "12_odd": 1.35,
                "X2_odd": 1.44,
                "1X_odd": 1.44,
                "under_2.0_odd": 2.2,
                "over_2.0_odd": 1.6,
                "away_handicap_0.25_odd": 1.59,
                "home_handicap_-0.25_odd": 2.21,
                "away_handicap_0.5_odd": 1.45,
                "home_handicap_-0.5_odd": 2.55,
                "home_handicap_0.25_odd": 1.59,
                "away_handicap_-0.25_odd": 2.21,
                "away_handicap_-0.5_odd": 2.55,
                "home_handicap_0.5_odd": 1.45,
                "away_handicap_0.0_odd": 1.85,
                "home_handicap_0.0_odd": 1.85,
                "under_2.5_odd": 1.64,
                "over_2.5_odd": 2.12,
                "2_odd": 2.57,
                "draw_odd": 2.94,
                "1_odd": 2.56
            }
        ]
    },
    {
        "tournament_name": "Primera B",
        "tournament_id": "1810",
        "matches": [
            {
                "match_id": 27581634,
                "date": "19/07/2025",
                "time": "17:30",
                "home_team": "CD Cobreloa Calama",
                "away_team": "San Marcos de Arica",
                "both_score_odd": 1.76,
                "both_noscore_odd": 1.94,
                "over_3.5_odd": 3.3,
                "under_3.5_odd": 1.28,
                "over_1.5_odd": 1.31,
                "under_1.5_odd": 3.15,
                "home_handicap_-1.25_odd": 3.57,
                "away_handicap_1.25_odd": 1.25,
                "home_handicap_-0.75_odd": 2.44,
                "away_handicap_0.75_odd": 1.49,
                "away_handicap_0.5_odd": 1.67,
                "home_handicap_-0.5_odd": 2.07,
                "away_handicap_-0.25_odd": 2.75,
                "home_handicap_0.25_odd": 1.39,
                "away_handicap_-0.5_odd": 3.15,
                "home_handicap_0.5_odd": 1.31,
                "12_odd": 1.32,
                "X2_odd": 1.66,
                "1X_odd": 1.31,
                "under_3.0_odd": 1.4,
                "over_3.0_odd": 2.7,
                "over_2.0_odd": 1.49,
                "under_2.0_odd": 2.44,
                "away_handicap_1.0_odd": 1.31,
                "home_handicap_-1.0_odd": 3.15,
                "away_handicap_0.0_odd": 2.37,
                "home_handicap_0.0_odd": 1.52,
                "away_handicap_0.25_odd": 1.92,
                "home_handicap_-0.25_odd": 1.78,
                "under_2.5_odd": 1.76,
                "over_2.5_odd": 1.94,
                "2_odd": 3.19,
                "1_odd": 2.05,
                "draw_odd": 3.14
            },
            {
                "match_id": 27581828,
                "date": "19/07/2025",
                "time": "20:00",
                "home_team": "Deportes Santa Cruz",
                "away_team": "Deportes Recoleta",
                "both_score_odd": 1.85,
                "both_noscore_odd": 1.85,
                "over_3.0_odd": 3.15,
                "under_3.0_odd": 1.31,
                "home_handicap_-0.75_odd": 3.25,
                "away_handicap_0.75_odd": 1.29,
                "home_handicap_-0.25_odd": 2.3,
                "away_handicap_0.25_odd": 1.55,
                "home_handicap_-0.5_odd": 2.65,
                "away_handicap_0.5_odd": 1.42,
                "home_handicap_0.75_odd": 1.34,
                "away_handicap_-0.75_odd": 3.0,
                "home_handicap_0.5_odd": 1.49,
                "away_handicap_-0.5_odd": 2.44,
                "12_odd": 1.34,
                "X2_odd": 1.41,
                "1X_odd": 1.48,
                "under_2.0_odd": 2.17,
                "over_2.0_odd": 1.61,
                "under_1.5_odd": 2.85,
                "over_1.5_odd": 1.37,
                "away_handicap_-0.25_odd": 2.1,
                "home_handicap_0.25_odd": 1.65,
                "away_handicap_0.0_odd": 1.76,
                "home_handicap_0.0_odd": 1.94,
                "under_2.5_odd": 1.64,
                "over_2.5_odd": 2.12,
                "2_odd": 2.43,
                "1_odd": 2.67,
                "draw_odd": 3.0
            },
            {
                "match_id": 27582533,
                "date": "20/07/2025",
                "time": "00:00",
                "home_team": "Deportes Concepcion",
                "away_team": "Deportes Antofagasta",
                "home_handicap_-1.25_odd": 3.3,
                "away_handicap_1.25_odd": 1.28,
                "both_noscore_odd": 1.82,
                "both_score_odd": 1.88,
                "under_1.5_odd": 2.95,
                "over_1.5_odd": 1.35,
                "away_handicap_0.75_odd": 1.56,
                "home_handicap_-0.75_odd": 2.27,
                "away_handicap_0.5_odd": 1.77,
                "home_handicap_-0.5_odd": 1.93,
                "away_handicap_-0.25_odd": 3.05,
                "home_handicap_0.25_odd": 1.33,
                "away_handicap_-0.5_odd": 3.4,
                "home_handicap_0.5_odd": 1.27,
                "X2_odd": 1.75,
                "1X_odd": 1.27,
                "12_odd": 1.31,
                "under_3.0_odd": 1.34,
                "over_3.0_odd": 3.0,
                "under_2.0_odd": 2.25,
                "over_2.0_odd": 1.57,
                "away_handicap_1.0_odd": 1.36,
                "home_handicap_-1.0_odd": 2.87,
                "away_handicap_0.0_odd": 2.59,
                "home_handicap_0.0_odd": 1.44,
                "away_handicap_0.25_odd": 2.04,
                "home_handicap_-0.25_odd": 1.69,
                "under_2.5_odd": 1.67,
                "over_2.5_odd": 2.07,
                "2_odd": 3.52,
                "1_odd": 1.92,
                "draw_odd": 3.18
            },
            {
                "match_id": 27587037,
                "date": "20/07/2025",
                "time": "17:30",
                "home_team": "Deportes Copiapo",
                "away_team": "Curico Unido",
                "both_score_odd": 2.21,
                "both_noscore_odd": 1.59,
                "12_odd": 1.29,
                "X2_odd": 1.95,
                "1X_odd": 1.19,
                "home_handicap_-1.25_odd": 2.8,
                "away_handicap_1.25_odd": 1.38,
                "away_handicap_0.75_odd": 1.74,
                "home_handicap_-0.75_odd": 1.96,
                "away_handicap_1.5_odd": 1.31,
                "home_handicap_-1.5_odd": 3.15,
                "away_handicap_1.0_odd": 1.49,
                "home_handicap_-1.0_odd": 2.44,
                "home_handicap_0.0_odd": 1.3,
                "away_handicap_0.0_odd": 3.2,
                "away_handicap_0.5_odd": 1.96,
                "home_handicap_-0.5_odd": 1.74,
                "over_3.0_odd": 3.65,
                "under_3.0_odd": 1.24,
                "under_2.5_odd": 1.53,
                "over_2.5_odd": 2.35,
                "over_1.5_odd": 1.44,
                "under_1.5_odd": 2.59,
                "home_handicap_-0.25_odd": 1.52,
                "away_handicap_0.25_odd": 2.37,
                "draw_odd": 3.28,
                "2_odd": 4.33,
                "1_odd": 1.71
            },
            {
                "match_id": 27587134,
                "date": "20/07/2025",
                "time": "20:00",
                "home_team": "CD Magallanes",
                "away_team": "Universidad de Concepcion",
                "both_score_odd": 2.07,
                "both_noscore_odd": 1.67,
                "home_handicap_-0.5_odd": 2.35,
                "away_handicap_0.5_odd": 1.53,
                "home_handicap_0.5_odd": 1.41,
                "away_handicap_-0.5_odd": 2.68,
                "12_odd": 1.32,
                "X2_odd": 1.52,
                "1X_odd": 1.4,
                "away_handicap_-0.25_odd": 2.37,
                "home_handicap_0.25_odd": 1.52,
                "under_1.5_odd": 2.55,
                "over_1.5_odd": 1.45,
                "under_2.5_odd": 1.52,
                "over_2.5_odd": 2.37,
                "away_handicap_0.75_odd": 1.37,
                "home_handicap_-0.75_odd": 2.85,
                "away_handicap_0.25_odd": 1.7,
                "home_handicap_-0.25_odd": 2.02,
                "away_handicap_-0.75_odd": 3.3,
                "home_handicap_0.75_odd": 1.28,
                "under_2.0_odd": 1.92,
                "over_2.0_odd": 1.78,
                "away_handicap_0.0_odd": 2.0,
                "home_handicap_0.0_odd": 1.72,
                "draw_odd": 3.13,
                "2_odd": 2.7,
                "1_odd": 2.32
            },
            {
                "match_id": 27587671,
                "date": "20/07/2025",
                "time": "22:30",
                "home_team": "Deportes Temuco",
                "away_team": "CD Santiago Morning",
                "both_score_odd": 2.04,
                "both_noscore_odd": 1.69,
                "12_odd": 1.32,
                "X2_odd": 1.46,
                "1X_odd": 1.46,
                "away_handicap_0.25_odd": 1.6,
                "home_handicap_-0.25_odd": 2.2,
                "away_handicap_-0.25_odd": 2.2,
                "home_handicap_0.25_odd": 1.6,
                "over_3.0_odd": 3.65,
                "under_3.0_odd": 1.24,
                "over_2.5_odd": 2.35,
                "under_2.5_odd": 1.53,
                "under_1.5_odd": 2.59,
                "over_1.5_odd": 1.44,
                "home_handicap_-0.75_odd": 3.1,
                "away_handicap_0.75_odd": 1.32,
                "home_handicap_-0.5_odd": 2.5,
                "away_handicap_0.5_odd": 1.47,
                "home_handicap_0.75_odd": 1.32,
                "away_handicap_-0.75_odd": 3.1,
                "home_handicap_0.5_odd": 1.47,
                "away_handicap_-0.5_odd": 2.5,
                "home_handicap_0.0_odd": 1.85,
                "away_handicap_0.0_odd": 1.85,
                "over_2.0_odd": 1.76,
                "under_2.0_odd": 1.94,
                "draw_odd": 3.11,
                "2_odd": 2.5,
                "1_odd": 2.5
            },
            {
                "match_id": 27588275,
                "date": "21/07/2025",
                "time": "01:00",
                "home_team": "CD San Luis de Quillota",
                "away_team": "CSD Rangers Talca",
                "both_score_odd": 2.04,
                "both_noscore_odd": 1.69,
                "12_odd": 1.32,
                "X2_odd": 1.53,
                "1X_odd": 1.39,
                "away_handicap_-0.25_odd": 2.39,
                "home_handicap_0.25_odd": 1.51,
                "under_3.0_odd": 1.24,
                "over_3.0_odd": 3.65,
                "under_2.5_odd": 1.53,
                "over_2.5_odd": 2.35,
                "under_1.5_odd": 2.59,
                "over_1.5_odd": 1.44,
                "away_handicap_0.75_odd": 1.38,
                "home_handicap_-0.75_odd": 2.8,
                "away_handicap_0.5_odd": 1.55,
                "home_handicap_-0.5_odd": 2.3,
                "away_handicap_-0.75_odd": 3.4,
                "home_handicap_0.75_odd": 1.27,
                "away_handicap_-0.5_odd": 2.7,
                "home_handicap_0.5_odd": 1.4,
                "away_handicap_0.0_odd": 2.04,
                "home_handicap_0.0_odd": 1.69,
                "away_handicap_0.25_odd": 1.72,
                "home_handicap_-0.25_odd": 2.0,
                "under_2.0_odd": 1.94,
                "over_2.0_odd": 1.76,
                "draw_odd": 3.11,
                "2_odd": 2.76,
                "1_odd": 2.29
            }
        ]
    },
    {
        "tournament_name": "Copa Chile",
        "tournament_id": "1811",
        "matches": [
            {
                "match_id": 27538720,
                "date": "16/07/2025",
                "time": "17:30",
                "home_team": "CD Santiago Wanderers",
                "away_team": "CD La Serena",
                "away_handicap_0.0_odd": 2.08,
                "home_handicap_0.0_odd": 1.66,
                "both_noscore_odd": 1.86,
                "both_score_odd": 1.84,
                "12_odd": 1.32,
                "X2_odd": 1.55,
                "1X_odd": 1.37,
                "under_3.5_odd": 1.24,
                "over_3.5_odd": 3.65,
                "away_handicap_0.75_odd": 1.4,
                "home_handicap_-0.75_odd": 2.7,
                "away_handicap_1.25_odd": 1.19,
                "home_handicap_-1.25_odd": 4.15,
                "over_3.0_odd": 3.0,
                "under_3.0_odd": 1.34,
                "over_2.0_odd": 1.57,
                "under_2.0_odd": 2.25,
                "over_1.5_odd": 1.35,
                "under_1.5_odd": 2.95,
                "home_handicap_1.0_odd": 1.13,
                "away_handicap_-1.0_odd": 5.1,
                "over_2.5_odd": 2.05,
                "under_2.5_odd": 1.68,
                "home_handicap_-1.5_odd": 4.57,
                "away_handicap_1.5_odd": 1.16,
                "home_handicap_0.75_odd": 1.26,
                "away_handicap_-0.75_odd": 3.47,
                "away_handicap_1.0_odd": 1.23,
                "home_handicap_-1.0_odd": 3.75,
                "away_handicap_-0.25_odd": 2.44,
                "home_handicap_0.25_odd": 1.49,
                "away_handicap_0.5_odd": 1.57,
                "home_handicap_-0.5_odd": 2.25,
                "away_handicap_-0.5_odd": 2.8,
                "home_handicap_0.5_odd": 1.38,
                "2_odd": 2.88,
                "1_odd": 2.29,
                "draw_odd": 3.18,
                "home_handicap_-0.25_odd": 1.96,
                "away_handicap_0.25_odd": 1.74,
                "home_handicap_1.25_odd": 1.11,
                "away_handicap_-1.25_odd": 5.55
            },
            {
                "match_id": 27575672,
                "date": "16/07/2025",
                "time": "20:00",
                "home_team": "CD Huachipato",
                "away_team": "Deportivo Nublense",
                "away_handicap_0.0_odd": 2.55,
                "home_handicap_0.0_odd": 1.45,
                "both_noscore_odd": 1.91,
                "both_score_odd": 1.79,
                "12_odd": 1.32,
                "X2_odd": 1.73,
                "1X_odd": 1.26,
                "over_3.5_odd": 3.4,
                "under_3.5_odd": 1.27,
                "home_handicap_-1.0_odd": 3.0,
                "away_handicap_1.0_odd": 1.34,
                "home_handicap_-1.5_odd": 3.83,
                "away_handicap_1.5_odd": 1.22,
                "over_1.5_odd": 1.32,
                "under_1.5_odd": 3.1,
                "over_3.0_odd": 2.8,
                "under_3.0_odd": 1.38,
                "under_2.5_odd": 1.73,
                "over_2.5_odd": 1.97,
                "away_handicap_1.25_odd": 1.27,
                "home_handicap_-1.25_odd": 3.4,
                "away_handicap_0.75_odd": 1.54,
                "home_handicap_-0.75_odd": 2.33,
                "away_handicap_0.25_odd": 2.01,
                "home_handicap_-0.25_odd": 1.71,
                "away_handicap_0.5_odd": 1.76,
                "home_handicap_-0.5_odd": 1.94,
                "away_handicap_-0.75_odd": 4.3,
                "home_handicap_0.75_odd": 1.18,
                "away_handicap_-0.25_odd": 3.0,
                "home_handicap_0.25_odd": 1.34,
                "away_handicap_-0.5_odd": 3.4,
                "home_handicap_0.5_odd": 1.27,
                "2_odd": 3.58,
                "1_odd": 1.98,
                "draw_odd": 3.17,
                "over_2.0_odd": 1.51,
                "under_2.0_odd": 2.39,
                "home_handicap_-1.75_odd": 4.75,
                "away_handicap_1.75_odd": 1.15
            },
            {
                "match_id": 27538719,
                "date": "16/07/2025",
                "time": "23:00",
                "home_team": "Audax Italiano",
                "away_team": "Curico Unido",
                "home_handicap_0.0_odd": 1.19,
                "away_handicap_0.0_odd": 4.15,
                "both_score_odd": 1.92,
                "both_noscore_odd": 1.78,
                "1X_odd": 1.14,
                "12_odd": 1.22,
                "X2_odd": 2.4,
                "home_handicap_-0.75_odd": 1.61,
                "away_handicap_0.75_odd": 2.17,
                "over_3.5_odd": 2.95,
                "under_3.5_odd": 1.35,
                "over_3.0_odd": 2.39,
                "under_3.0_odd": 1.51,
                "over_2.0_odd": 1.39,
                "under_2.0_odd": 2.75,
                "over_1.5_odd": 1.25,
                "under_1.5_odd": 3.57,
                "home_handicap_-2.75_odd": 5.35,
                "away_handicap_2.75_odd": 1.12,
                "home_handicap_-2.25_odd": 3.9,
                "away_handicap_2.25_odd": 1.21,
                "home_handicap_-1.75_odd": 2.75,
                "away_handicap_1.75_odd": 1.39,
                "home_handicap_-2.5_odd": 4.3,
                "away_handicap_2.5_odd": 1.18,
                "home_handicap_-2.0_odd": 3.57,
                "away_handicap_2.0_odd": 1.25,
                "home_handicap_-1.5_odd": 2.35,
                "away_handicap_1.5_odd": 1.53,
                "over_2.5_odd": 1.79,
                "under_2.5_odd": 1.91,
                "home_handicap_-1.25_odd": 2.08,
                "away_handicap_1.25_odd": 1.66,
                "home_handicap_-1.0_odd": 1.78,
                "away_handicap_1.0_odd": 1.92,
                "home_handicap_-0.25_odd": 1.34,
                "away_handicap_0.25_odd": 3.0,
                "home_handicap_-0.5_odd": 1.49,
                "away_handicap_0.5_odd": 2.44,
                "home_handicap_0.25_odd": 1.16,
                "away_handicap_-0.25_odd": 4.57,
                "home_handicap_0.5_odd": 1.13,
                "away_handicap_-0.5_odd": 5.1,
                "1_odd": 1.49,
                "draw_odd": 4.0,
                "2_odd": 5.6
            }
        ]
    }
]