[
    {
        "tournament_name": "Superliga. Outright",
        "tournament_id": "23061",
        "matches": []
    },
    {
        "tournament_name": "1st Division. Outright",
        "tournament_id": "21801",
        "matches": []
    },
    {
        "tournament_name": "1st Division",
        "tournament_id": "1830",
        "matches": [
            {
                "match_id": 27538464,
                "date": "20/07/2025",
                "time": "14:00",
                "home_team": "Esbjerg fB",
                "away_team": "Lyngby BK",
                "both_noscore_odd": 2.52,
                "both_score_odd": 1.46,
                "under_4.0_odd": 1.34,
                "over_4.0_odd": 3.0,
                "away_handicap_-1.25_odd": 2.75,
                "home_handicap_1.25_odd": 1.39,
                "X2_odd": 1.3,
                "1X_odd": 1.84,
                "12_odd": 1.24,
                "under_3.5_odd": 1.62,
                "over_3.5_odd": 2.15,
                "under_3.0_odd": 2.0,
                "over_3.0_odd": 1.72,
                "home_handicap_-0.25_odd": 2.87,
                "away_handicap_0.25_odd": 1.36,
                "home_handicap_-0.5_odd": 3.2,
                "away_handicap_0.5_odd": 1.3,
                "home_handicap_0.0_odd": 2.55,
                "away_handicap_0.0_odd": 1.45,
                "home_handicap_0.75_odd": 1.67,
                "away_handicap_-0.75_odd": 2.07,
                "home_handicap_0.25_odd": 2.1,
                "away_handicap_-0.25_odd": 1.65,
                "home_handicap_1.5_odd": 1.32,
                "away_handicap_-1.5_odd": 3.1,
                "home_handicap_1.0_odd": 1.48,
                "away_handicap_-1.0_odd": 2.45,
                "home_handicap_0.5_odd": 1.88,
                "away_handicap_-0.5_odd": 1.82,
                "over_2.5_odd": 1.47,
                "under_2.5_odd": 2.5,
                "draw_odd": 3.77,
                "2_odd": 1.83,
                "1_odd": 3.26,
                "over_4.5_odd": 3.57,
                "under_4.5_odd": 1.25
            },
            {
                "match_id": 27526302,
                "date": "18/07/2025",
                "time": "18:00",
                "home_team": "Hvidovre IF",
                "away_team": "B 93 Copenhagen",
                "home_handicap_-0.75_odd": 1.65,
                "away_handicap_0.75_odd": 2.1,
                "draw_odd": 4.1,
                "2_odd": 4.7,
                "1_odd": 1.5,
                "both_noscore_odd": 2.25,
                "both_score_odd": 1.57,
                "under_4.0_odd": 1.32,
                "over_4.0_odd": 3.1,
                "12_odd": 1.2,
                "X2_odd": 2.36,
                "1X_odd": 1.17,
                "over_3.5_odd": 2.21,
                "under_3.5_odd": 1.59,
                "over_2.5_odd": 1.48,
                "under_2.5_odd": 2.45,
                "home_handicap_-1.75_odd": 2.75,
                "away_handicap_1.75_odd": 1.39,
                "home_handicap_-1.25_odd": 2.12,
                "away_handicap_1.25_odd": 1.64,
                "home_handicap_-1.5_odd": 2.37,
                "away_handicap_1.5_odd": 1.52,
                "home_handicap_-1.0_odd": 1.85,
                "away_handicap_1.0_odd": 1.85,
                "over_3.0_odd": 1.75,
                "under_3.0_odd": 1.95,
                "home_handicap_-0.25_odd": 1.38,
                "away_handicap_0.25_odd": 2.8,
                "home_handicap_-0.5_odd": 1.52,
                "away_handicap_0.5_odd": 2.37,
                "over_4.5_odd": 3.65,
                "under_4.5_odd": 1.24,
                "away_handicap_2.0_odd": 1.26,
                "home_handicap_-2.0_odd": 3.47
            },
            {
                "match_id": 27526303,
                "date": "18/07/2025",
                "time": "17:30",
                "home_team": "HB Koge",
                "away_team": "Hobro IK",
                "away_handicap_-0.25_odd": 2.21,
                "home_handicap_0.25_odd": 1.59,
                "2_odd": 2.52,
                "1_odd": 2.43,
                "draw_odd": 3.23,
                "both_noscore_odd": 2.2,
                "both_score_odd": 1.6,
                "away_handicap_0.75_odd": 1.35,
                "home_handicap_-0.75_odd": 2.95,
                "X2_odd": 1.48,
                "1X_odd": 1.45,
                "12_odd": 1.3,
                "under_1.5_odd": 3.65,
                "over_1.5_odd": 1.24,
                "over_3.5_odd": 2.85,
                "under_3.5_odd": 1.37,
                "over_3.0_odd": 2.3,
                "under_3.0_odd": 1.55,
                "over_2.5_odd": 1.75,
                "under_2.5_odd": 1.95,
                "over_2.0_odd": 1.36,
                "under_2.0_odd": 2.87,
                "home_handicap_0.0_odd": 1.82,
                "away_handicap_0.0_odd": 1.88,
                "home_handicap_0.75_odd": 1.32,
                "away_handicap_-0.75_odd": 3.1,
                "home_handicap_-0.25_odd": 2.13,
                "away_handicap_0.25_odd": 1.63,
                "home_handicap_-0.5_odd": 2.44,
                "away_handicap_0.5_odd": 1.49,
                "home_handicap_0.5_odd": 1.47,
                "away_handicap_-0.5_odd": 2.5
            },
            {
                "match_id": 27532753,
                "date": "19/07/2025",
                "time": "15:00",
                "home_team": "AC Horsens",
                "away_team": "Aarhus Fremad",
                "home_handicap_-1.0_odd": 1.79,
                "away_handicap_1.0_odd": 1.91,
                "draw_odd": 4.4,
                "2_odd": 4.7,
                "1_odd": 1.47,
                "both_score_odd": 1.66,
                "both_noscore_odd": 2.08,
                "over_4.0_odd": 3.3,
                "under_4.0_odd": 1.28,
                "12_odd": 1.19,
                "X2_odd": 2.44,
                "1X_odd": 1.17,
                "over_3.5_odd": 2.35,
                "under_3.5_odd": 1.53,
                "over_2.5_odd": 1.53,
                "under_2.5_odd": 2.35,
                "home_handicap_-1.75_odd": 2.62,
                "away_handicap_1.75_odd": 1.43,
                "away_handicap_2.0_odd": 1.28,
                "home_handicap_-2.0_odd": 3.3,
                "under_3.0_odd": 1.85,
                "over_3.0_odd": 1.85,
                "away_handicap_1.25_odd": 1.71,
                "home_handicap_-1.25_odd": 2.01,
                "away_handicap_0.75_odd": 2.2,
                "home_handicap_-0.75_odd": 1.6,
                "away_handicap_0.25_odd": 2.87,
                "home_handicap_-0.25_odd": 1.36,
                "away_handicap_1.5_odd": 1.57,
                "home_handicap_-1.5_odd": 2.25,
                "away_handicap_0.5_odd": 2.44,
                "home_handicap_-0.5_odd": 1.49
            },
            {
                "match_id": 27532754,
                "date": "19/07/2025",
                "time": "13:00",
                "home_team": "Kolding IF",
                "away_team": "Aalborg BK",
                "both_noscore_odd": 2.1,
                "both_score_odd": 1.65,
                "X2_odd": 1.43,
                "1X_odd": 1.57,
                "12_odd": 1.27,
                "over_3.5_odd": 2.87,
                "under_3.5_odd": 1.36,
                "under_3.0_odd": 1.54,
                "over_3.0_odd": 2.33,
                "under_2.0_odd": 2.85,
                "over_2.0_odd": 1.37,
                "away_handicap_0.75_odd": 1.3,
                "home_handicap_-0.75_odd": 3.2,
                "away_handicap_0.25_odd": 1.53,
                "home_handicap_-0.25_odd": 2.35,
                "away_handicap_0.5_odd": 1.43,
                "home_handicap_-0.5_odd": 2.62,
                "away_handicap_-0.75_odd": 2.65,
                "home_handicap_0.75_odd": 1.42,
                "away_handicap_-0.25_odd": 2.0,
                "home_handicap_0.25_odd": 1.72,
                "away_handicap_-0.5_odd": 2.23,
                "home_handicap_0.5_odd": 1.58,
                "away_handicap_0.0_odd": 1.7,
                "home_handicap_0.0_odd": 2.02,
                "under_2.5_odd": 1.94,
                "over_2.5_odd": 1.76,
                "2_odd": 2.22,
                "1_odd": 2.63,
                "draw_odd": 3.47,
                "under_1.5_odd": 3.65,
                "over_1.5_odd": 1.24,
                "away_handicap_-1.0_odd": 3.47,
                "home_handicap_1.0_odd": 1.26
            },
            {
                "match_id": 27532755,
                "date": "19/07/2025",
                "time": "13:00",
                "home_team": "Hillerod Fodbold",
                "away_team": "Middelfart Boldklub",
                "both_noscore_odd": 2.02,
                "both_score_odd": 1.7,
                "away_handicap_2.25_odd": 1.29,
                "home_handicap_-2.25_odd": 3.25,
                "away_handicap_0.25_odd": 3.1,
                "home_handicap_-0.25_odd": 1.32,
                "12_odd": 1.17,
                "X2_odd": 2.59,
                "1X_odd": 1.15,
                "over_4.0_odd": 3.25,
                "under_4.0_odd": 1.29,
                "over_3.5_odd": 2.27,
                "under_3.5_odd": 1.56,
                "over_3.0_odd": 1.81,
                "under_3.0_odd": 1.89,
                "away_handicap_1.75_odd": 1.5,
                "home_handicap_-1.75_odd": 2.4,
                "home_handicap_-0.75_odd": 1.53,
                "away_handicap_0.75_odd": 2.35,
                "home_handicap_-2.5_odd": 3.65,
                "away_handicap_2.5_odd": 1.24,
                "home_handicap_-2.0_odd": 3.0,
                "away_handicap_2.0_odd": 1.34,
                "home_handicap_-1.5_odd": 2.1,
                "away_handicap_1.5_odd": 1.65,
                "home_handicap_-1.0_odd": 1.67,
                "away_handicap_1.0_odd": 2.07,
                "home_handicap_-0.5_odd": 1.44,
                "away_handicap_0.5_odd": 2.59,
                "home_handicap_-1.25_odd": 1.9,
                "away_handicap_1.25_odd": 1.8,
                "over_2.5_odd": 1.51,
                "under_2.5_odd": 2.39,
                "draw_odd": 4.5,
                "2_odd": 5.1,
                "1_odd": 1.42
            }
        ]
    },
    {
        "tournament_name": "Superliga",
        "tournament_id": "1833",
        "matches": [
            {
                "match_id": 27538465,
                "date": "20/07/2025",
                "time": "19:00",
                "home_team": "Brondby IF",
                "away_team": "Silkeborg IF",
                "both_score_odd": 1.67,
                "both_noscore_odd": 2.12,
                "X2_odd": 2.18,
                "1X_odd": 1.19,
                "12_odd": 1.23,
                "under_3.5_odd": 1.46,
                "over_3.5_odd": 2.6,
                "under_3.0_odd": 1.71,
                "over_3.0_odd": 2.06,
                "under_2.0_odd": 3.35,
                "over_2.0_odd": 1.29,
                "away_handicap_1.75_odd": 1.32,
                "home_handicap_-1.75_odd": 3.15,
                "away_handicap_0.25_odd": 2.6,
                "home_handicap_-0.25_odd": 1.46,
                "away_handicap_1.5_odd": 1.43,
                "home_handicap_-1.5_odd": 2.7,
                "under_2.5_odd": 2.17,
                "over_2.5_odd": 1.64,
                "away_handicap_1.25_odd": 1.53,
                "home_handicap_-1.25_odd": 2.4,
                "away_handicap_1.0_odd": 1.69,
                "home_handicap_-1.0_odd": 2.08,
                "away_handicap_0.5_odd": 2.18,
                "home_handicap_-0.5_odd": 1.63,
                "home_handicap_0.0_odd": 1.28,
                "away_handicap_0.0_odd": 3.4,
                "home_handicap_-0.75_odd": 1.8,
                "away_handicap_0.75_odd": 1.94,
                "draw_odd": 3.95,
                "2_odd": 4.6,
                "1_odd": 1.63
            },
            {
                "match_id": 27538466,
                "date": "20/07/2025",
                "time": "17:00",
                "home_team": "FC Midtjylland",
                "away_team": "Odense BK",
                "both_noscore_odd": 2.15,
                "both_score_odd": 1.65,
                "away_handicap_0.5_odd": 2.6,
                "home_handicap_-0.5_odd": 1.46,
                "X2_odd": 2.61,
                "1X_odd": 1.14,
                "12_odd": 1.19,
                "under_4.0_odd": 1.32,
                "over_4.0_odd": 3.15,
                "under_3.5_odd": 1.59,
                "over_3.5_odd": 2.26,
                "under_3.0_odd": 1.94,
                "over_3.0_odd": 1.8,
                "under_2.5_odd": 2.45,
                "over_2.5_odd": 1.51,
                "home_handicap_-2.25_odd": 3.6,
                "away_handicap_2.25_odd": 1.26,
                "home_handicap_-1.75_odd": 2.6,
                "away_handicap_1.75_odd": 1.46,
                "home_handicap_-1.25_odd": 2.0,
                "away_handicap_1.25_odd": 1.75,
                "home_handicap_-0.75_odd": 1.57,
                "away_handicap_0.75_odd": 2.3,
                "away_handicap_0.25_odd": 3.15,
                "home_handicap_-0.25_odd": 1.32,
                "away_handicap_2.0_odd": 1.32,
                "home_handicap_-2.0_odd": 3.15,
                "away_handicap_1.5_odd": 1.6,
                "home_handicap_-1.5_odd": 2.25,
                "draw_odd": 4.5,
                "2_odd": 5.7,
                "1_odd": 1.46,
                "away_handicap_1.0_odd": 2.02,
                "home_handicap_-1.0_odd": 1.74
            },
            {
                "match_id": 27538467,
                "date": "20/07/2025",
                "time": "15:00",
                "home_team": "SonderjyskE",
                "away_team": "Aarhus GF",
                "both_noscore_odd": 2.17,
                "both_score_odd": 1.64,
                "12_odd": 1.28,
                "X2_odd": 1.3,
                "1X_odd": 1.76,
                "over_2.0_odd": 1.35,
                "under_2.0_odd": 3.0,
                "over_3.5_odd": 2.85,
                "under_3.5_odd": 1.39,
                "over_3.0_odd": 2.26,
                "under_3.0_odd": 1.59,
                "over_2.5_odd": 1.74,
                "under_2.5_odd": 2.02,
                "home_handicap_1.25_odd": 1.31,
                "away_handicap_-1.25_odd": 3.2,
                "home_handicap_-0.25_odd": 2.9,
                "away_handicap_0.25_odd": 1.38,
                "home_handicap_-0.5_odd": 3.2,
                "away_handicap_0.5_odd": 1.31,
                "home_handicap_0.0_odd": 2.5,
                "away_handicap_0.0_odd": 1.49,
                "away_handicap_-0.75_odd": 2.28,
                "home_handicap_0.75_odd": 1.58,
                "away_handicap_-0.25_odd": 1.73,
                "home_handicap_0.25_odd": 2.03,
                "home_handicap_1.5_odd": 1.25,
                "away_handicap_-1.5_odd": 3.7,
                "away_handicap_-1.0_odd": 2.9,
                "home_handicap_1.0_odd": 1.38,
                "2_odd": 1.98,
                "1_odd": 3.39,
                "draw_odd": 3.5,
                "home_handicap_0.5_odd": 1.78,
                "away_handicap_-0.5_odd": 1.96
            },
            {
                "match_id": 27538468,
                "date": "20/07/2025",
                "time": "13:00",
                "home_team": "Vejle BK",
                "away_team": "Randers FC",
                "both_score_odd": 1.7,
                "both_noscore_odd": 2.07,
                "away_handicap_0.5_odd": 1.32,
                "home_handicap_-0.5_odd": 3.15,
                "12_odd": 1.3,
                "X2_odd": 1.3,
                "1X_odd": 1.71,
                "over_3.5_odd": 3.05,
                "under_3.5_odd": 1.34,
                "over_3.0_odd": 2.47,
                "under_3.0_odd": 1.5,
                "under_2.0_odd": 2.73,
                "over_2.0_odd": 1.42,
                "over_1.5_odd": 1.27,
                "under_1.5_odd": 3.55,
                "home_handicap_-0.25_odd": 2.85,
                "away_handicap_0.25_odd": 1.39,
                "away_handicap_0.0_odd": 1.52,
                "home_handicap_0.0_odd": 2.42,
                "home_handicap_1.25_odd": 1.28,
                "away_handicap_-1.25_odd": 3.4,
                "home_handicap_0.75_odd": 1.54,
                "away_handicap_-0.75_odd": 2.38,
                "home_handicap_0.25_odd": 1.97,
                "away_handicap_-0.25_odd": 1.77,
                "home_handicap_1.0_odd": 1.35,
                "away_handicap_-1.0_odd": 3.0,
                "home_handicap_0.5_odd": 1.73,
                "away_handicap_-0.5_odd": 2.03,
                "over_2.5_odd": 1.85,
                "under_2.5_odd": 1.89,
                "2_odd": 2.05,
                "1_odd": 3.33,
                "draw_odd": 3.37
            },
            {
                "match_id": 27538469,
                "date": "20/07/2025",
                "time": "13:00",
                "home_team": "FC Fredericia",
                "away_team": "FC Nordsjaelland",
                "both_noscore_odd": 2.28,
                "both_score_odd": 1.59,
                "X2_odd": 1.18,
                "1X_odd": 2.23,
                "12_odd": 1.23,
                "under_3.5_odd": 1.55,
                "over_3.5_odd": 2.35,
                "away_handicap_0.0_odd": 1.26,
                "home_handicap_0.0_odd": 3.6,
                "under_3.0_odd": 1.88,
                "over_3.0_odd": 1.86,
                "away_handicap_-0.25_odd": 1.43,
                "home_handicap_0.25_odd": 2.7,
                "over_4.0_odd": 3.35,
                "under_4.0_odd": 1.29,
                "under_2.5_odd": 2.38,
                "over_2.5_odd": 1.54,
                "away_handicap_-1.75_odd": 3.05,
                "home_handicap_1.75_odd": 1.34,
                "away_handicap_-1.5_odd": 2.62,
                "home_handicap_1.5_odd": 1.45,
                "away_handicap_-1.25_odd": 2.33,
                "home_handicap_1.25_odd": 1.56,
                "away_handicap_-0.75_odd": 1.77,
                "home_handicap_0.75_odd": 1.97,
                "home_handicap_0.5_odd": 2.25,
                "away_handicap_-0.5_odd": 1.6,
                "home_handicap_1.0_odd": 1.75,
                "away_handicap_-1.0_odd": 2.0,
                "draw_odd": 3.96,
                "2_odd": 1.61,
                "1_odd": 4.75
            },
            {
                "match_id": 27526304,
                "date": "18/07/2025",
                "time": "18:00",
                "home_team": "Viborg FF",
                "away_team": "FC Copenhagen",
                "both_score_odd": 1.75,
                "both_noscore_odd": 2.0,
                "12_odd": 1.23,
                "X2_odd": 1.17,
                "1X_odd": 2.26,
                "under_3.5_odd": 1.41,
                "over_3.5_odd": 2.77,
                "over_3.0_odd": 2.18,
                "under_3.0_odd": 1.63,
                "under_2.5_odd": 2.07,
                "over_2.5_odd": 1.7,
                "under_2.0_odd": 3.1,
                "over_2.0_odd": 1.33,
                "away_handicap_-1.0_odd": 1.99,
                "home_handicap_1.0_odd": 1.76,
                "away_handicap_-0.5_odd": 1.59,
                "home_handicap_0.5_odd": 2.26,
                "away_handicap_0.0_odd": 1.25,
                "home_handicap_0.0_odd": 3.7,
                "away_handicap_-1.25_odd": 2.3,
                "home_handicap_1.25_odd": 1.57,
                "away_handicap_-0.25_odd": 1.42,
                "home_handicap_0.25_odd": 2.73,
                "away_handicap_-1.5_odd": 2.6,
                "home_handicap_1.5_odd": 1.46,
                "away_handicap_-0.75_odd": 1.75,
                "home_handicap_0.75_odd": 2.0,
                "draw_odd": 3.95,
                "2_odd": 1.59,
                "1_odd": 4.9,
                "away_handicap_-1.75_odd": 3.05,
                "home_handicap_1.75_odd": 1.34
            }
        ]
    }
]