[
    {
        "tournament_name": "EFL Trophy. Outright",
        "tournament_id": "24618",
        "matches": []
    },
    {
        "tournament_name": "League One. Outright",
        "tournament_id": "22907",
        "matches": []
    },
    {
        "tournament_name": "Premier League. Outright",
        "tournament_id": "18071",
        "matches": []
    },
    {
        "tournament_name": "Premier League",
        "tournament_id": "538",
        "matches": [
            {
                "match_id": 27431172,
                "date": "16/08/2025",
                "time": "17:30",
                "home_team": "Wolverhampton Wanderers",
                "away_team": "Manchester City",
                "both_score_odd": 1.83,
                "both_noscore_odd": 1.97,
                "under_5.0_odd": 1.085,
                "over_5.0_odd": 8.3,
                "home_handicap_-1.25_odd": 12.9,
                "away_handicap_1.25_odd": 1.037,
                "away_handicap_1.5_odd": 1.035,
                "home_handicap_-1.5_odd": 13.2,
                "away_handicap_1.0_odd": 1.04,
                "home_handicap_-1.0_odd": 12.5,
                "home_handicap_3.75_odd": 1.052,
                "away_handicap_-3.75_odd": 10.9,
                "away_handicap_-3.25_odd": 8.0,
                "home_handicap_3.25_odd": 1.09,
                "X2_odd": 1.14,
                "1X_odd": 2.71,
                "12_odd": 1.21,
                "away_handicap_0.0_odd": 1.21,
                "home_handicap_0.0_odd": 4.65,
                "home_handicap_2.25_odd": 1.28,
                "away_handicap_-2.25_odd": 3.84,
                "away_handicap_-1.75_odd": 2.66,
                "home_handicap_1.75_odd": 1.5,
                "home_handicap_0.25_odd": 3.4,
                "away_handicap_-0.25_odd": 1.34,
                "home_handicap_2.0_odd": 1.33,
                "away_handicap_-2.0_odd": 3.45,
                "home_handicap_1.5_odd": 1.66,
                "away_handicap_-1.5_odd": 2.28,
                "home_handicap_-0.75_odd": 7.8,
                "away_handicap_0.75_odd": 1.095,
                "home_handicap_2.75_odd": 1.17,
                "away_handicap_-2.75_odd": 5.35,
                "home_handicap_1.25_odd": 1.81,
                "away_handicap_-1.25_odd": 2.04,
                "home_handicap_0.75_odd": 2.42,
                "away_handicap_-0.75_odd": 1.59,
                "home_handicap_3.5_odd": 1.08,
                "away_handicap_-3.5_odd": 8.6,
                "away_handicap_-3.0_odd": 7.8,
                "home_handicap_3.0_odd": 1.095,
                "away_handicap_-2.5_odd": 4.25,
                "home_handicap_2.5_odd": 1.24,
                "home_handicap_1.0_odd": 2.11,
                "away_handicap_-1.0_odd": 1.76,
                "over_4.5_odd": 4.65,
                "under_4.5_odd": 1.21,
                "under_3.0_odd": 1.79,
                "over_3.0_odd": 2.07,
                "over_5.5_odd": 9.0,
                "under_5.5_odd": 1.075,
                "over_4.0_odd": 4.0,
                "under_4.0_odd": 1.26,
                "under_3.5_odd": 1.51,
                "over_3.5_odd": 2.64,
                "over_2.5_odd": 1.65,
                "under_2.5_odd": 2.29,
                "over_2.0_odd": 1.3,
                "under_2.0_odd": 3.67,
                "over_1.5_odd": 1.21,
                "under_1.5_odd": 4.65,
                "over_1.0_odd": 1.04,
                "under_1.0_odd": 12.5,
                "under_0.5_odd": 13.65,
                "over_0.5_odd": 1.032,
                "away_handicap_0.25_odd": 1.18,
                "home_handicap_-0.25_odd": 5.15,
                "away_handicap_0.5_odd": 1.16,
                "home_handicap_-0.5_odd": 5.55,
                "away_handicap_-0.5_odd": 1.48,
                "home_handicap_0.5_odd": 2.7,
                "2_odd": 1.48,
                "1_odd": 6.0,
                "draw_odd": 4.9
            },
            {
                "match_id": 27431173,
                "date": "16/08/2025",
                "time": "12:30",
                "home_team": "Aston Villa",
                "away_team": "Newcastle United",
                "both_score_odd": 1.52,
                "both_noscore_odd": 2.53,
                "over_6.0_odd": 15.0,
                "under_6.0_odd": 1.025,
                "home_handicap_-2.75_odd": 12.5,
                "away_handicap_2.75_odd": 1.04,
                "away_handicap_2.25_odd": 1.075,
                "home_handicap_-2.25_odd": 9.0,
                "away_handicap_-2.75_odd": 15.0,
                "home_handicap_2.75_odd": 1.025,
                "away_handicap_-2.25_odd": 11.2,
                "home_handicap_2.25_odd": 1.05,
                "X2_odd": 1.61,
                "1X_odd": 1.43,
                "12_odd": 1.28,
                "under_5.5_odd": 1.08,
                "over_5.5_odd": 8.6,
                "under_5.0_odd": 1.095,
                "over_5.0_odd": 7.8,
                "under_4.5_odd": 1.19,
                "over_4.5_odd": 4.5,
                "under_4.0_odd": 1.28,
                "over_4.0_odd": 3.84,
                "under_3.5_odd": 1.54,
                "over_3.5_odd": 2.55,
                "under_3.0_odd": 1.78,
                "over_3.0_odd": 1.99,
                "under_2.5_odd": 2.35,
                "over_2.5_odd": 1.62,
                "under_2.0_odd": 3.84,
                "over_2.0_odd": 1.28,
                "under_1.5_odd": 4.81,
                "over_1.5_odd": 1.2,
                "under_1.0_odd": 12.9,
                "over_1.0_odd": 1.037,
                "under_0.5_odd": 14.0,
                "over_0.5_odd": 1.03,
                "away_handicap_1.75_odd": 1.15,
                "home_handicap_-1.75_odd": 5.8,
                "away_handicap_1.25_odd": 1.25,
                "home_handicap_-1.25_odd": 4.13,
                "away_handicap_0.75_odd": 1.46,
                "home_handicap_-0.75_odd": 2.8,
                "away_handicap_2.5_odd": 1.07,
                "home_handicap_-2.5_odd": 9.3,
                "away_handicap_2.0_odd": 1.08,
                "home_handicap_-2.0_odd": 8.6,
                "away_handicap_1.5_odd": 1.21,
                "home_handicap_-1.5_odd": 4.65,
                "home_handicap_-1.0_odd": 3.75,
                "away_handicap_1.0_odd": 1.29,
                "home_handicap_-0.5_odd": 2.33,
                "away_handicap_0.5_odd": 1.63,
                "home_handicap_1.75_odd": 1.1,
                "away_handicap_-1.75_odd": 7.5,
                "home_handicap_1.25_odd": 1.18,
                "away_handicap_-1.25_odd": 5.15,
                "home_handicap_0.75_odd": 1.33,
                "away_handicap_-0.75_odd": 3.45,
                "home_handicap_0.25_odd": 1.57,
                "away_handicap_-0.25_odd": 2.47,
                "home_handicap_2.5_odd": 1.045,
                "away_handicap_-2.5_odd": 11.85,
                "away_handicap_-2.0_odd": 10.9,
                "home_handicap_2.0_odd": 1.052,
                "home_handicap_1.5_odd": 1.16,
                "away_handicap_-1.5_odd": 5.55,
                "home_handicap_1.0_odd": 1.2,
                "away_handicap_-1.0_odd": 4.81,
                "home_handicap_0.5_odd": 1.45,
                "away_handicap_-0.5_odd": 2.83,
                "home_handicap_0.0_odd": 1.75,
                "away_handicap_0.0_odd": 2.12,
                "draw_odd": 3.63,
                "2_odd": 2.86,
                "1_odd": 2.35,
                "away_handicap_0.25_odd": 1.8,
                "home_handicap_-0.25_odd": 2.05
            },
            {
                "match_id": 27431174,
                "date": "16/08/2025",
                "time": "15:00",
                "home_team": "Sunderland",
                "away_team": "West Ham United",
                "both_noscore_odd": 2.17,
                "both_score_odd": 1.69,
                "over_5.0_odd": 11.2,
                "under_5.0_odd": 1.05,
                "home_handicap_-2.25_odd": 14.0,
                "away_handicap_2.25_odd": 1.03,
                "home_handicap_-1.75_odd": 9.0,
                "away_handicap_1.75_odd": 1.075,
                "home_handicap_-2.5_odd": 14.0,
                "away_handicap_2.5_odd": 1.03,
                "away_handicap_2.0_odd": 1.032,
                "home_handicap_-2.0_odd": 13.65,
                "away_handicap_-2.75_odd": 12.9,
                "home_handicap_2.75_odd": 1.037,
                "away_handicap_-2.25_odd": 9.3,
                "home_handicap_2.25_odd": 1.07,
                "X2_odd": 1.35,
                "12_odd": 1.3,
                "1X_odd": 1.65,
                "away_handicap_0.0_odd": 1.66,
                "home_handicap_0.0_odd": 2.28,
                "home_handicap_1.75_odd": 1.15,
                "away_handicap_-1.75_odd": 5.8,
                "away_handicap_-1.5_odd": 4.5,
                "home_handicap_1.5_odd": 1.22,
                "home_handicap_1.0_odd": 1.3,
                "away_handicap_-1.0_odd": 3.67,
                "away_handicap_-0.5_odd": 2.25,
                "home_handicap_0.5_odd": 1.67,
                "over_4.5_odd": 6.1,
                "under_4.5_odd": 1.14,
                "home_handicap_-1.25_odd": 6.4,
                "away_handicap_1.25_odd": 1.13,
                "under_2.0_odd": 2.92,
                "over_2.0_odd": 1.43,
                "under_1.5_odd": 3.75,
                "over_1.5_odd": 1.29,
                "away_handicap_0.75_odd": 1.27,
                "home_handicap_-0.75_odd": 3.93,
                "away_handicap_1.5_odd": 1.12,
                "home_handicap_-1.5_odd": 6.7,
                "home_handicap_-1.0_odd": 5.8,
                "away_handicap_1.0_odd": 1.15,
                "away_handicap_-1.25_odd": 4.13,
                "home_handicap_1.25_odd": 1.25,
                "home_handicap_0.75_odd": 1.49,
                "away_handicap_-0.75_odd": 2.68,
                "away_handicap_-2.5_odd": 9.7,
                "home_handicap_2.5_odd": 1.065,
                "home_handicap_2.0_odd": 1.08,
                "away_handicap_-2.0_odd": 8.6,
                "home_handicap_0.25_odd": 1.88,
                "away_handicap_-0.25_odd": 1.96,
                "under_5.5_odd": 1.045,
                "over_5.5_odd": 12.2,
                "over_4.0_odd": 5.35,
                "under_4.0_odd": 1.17,
                "under_3.5_odd": 1.38,
                "over_3.5_odd": 3.15,
                "under_3.0_odd": 1.55,
                "over_3.0_odd": 2.52,
                "under_1.0_odd": 9.7,
                "over_1.0_odd": 1.065,
                "over_0.5_odd": 1.05,
                "under_0.5_odd": 11.2,
                "over_2.5_odd": 1.87,
                "under_2.5_odd": 1.97,
                "away_handicap_0.25_odd": 1.49,
                "home_handicap_-0.25_odd": 2.68,
                "home_handicap_-0.5_odd": 3.1,
                "away_handicap_0.5_odd": 1.39,
                "2_odd": 2.27,
                "draw_odd": 3.45,
                "1_odd": 3.14
            },
            {
                "match_id": 27431175,
                "date": "16/08/2025",
                "time": "15:00",
                "home_team": "Nottingham Forest",
                "away_team": "Brentford",
                "both_noscore_odd": 2.3,
                "both_score_odd": 1.62,
                "over_5.0_odd": 9.7,
                "under_5.0_odd": 1.065,
                "home_handicap_-2.75_odd": 12.2,
                "away_handicap_2.75_odd": 1.042,
                "home_handicap_-2.25_odd": 8.6,
                "away_handicap_2.25_odd": 1.08,
                "home_handicap_2.25_odd": 1.032,
                "away_handicap_-2.25_odd": 13.65,
                "home_handicap_1.75_odd": 1.08,
                "away_handicap_-1.75_odd": 8.6,
                "away_handicap_-2.5_odd": 13.65,
                "home_handicap_2.5_odd": 1.032,
                "away_handicap_-2.0_odd": 13.2,
                "home_handicap_2.0_odd": 1.035,
                "12_odd": 1.29,
                "X2_odd": 1.66,
                "1X_odd": 1.36,
                "home_handicap_0.0_odd": 1.65,
                "away_handicap_0.0_odd": 2.29,
                "home_handicap_1.0_odd": 1.16,
                "away_handicap_-1.0_odd": 5.55,
                "away_handicap_2.0_odd": 1.085,
                "home_handicap_-2.0_odd": 8.3,
                "over_4.5_odd": 5.35,
                "under_4.5_odd": 1.17,
                "over_1.5_odd": 1.25,
                "under_1.5_odd": 4.13,
                "home_handicap_-1.75_odd": 5.55,
                "away_handicap_1.75_odd": 1.16,
                "away_handicap_1.25_odd": 1.27,
                "home_handicap_-1.25_odd": 3.93,
                "away_handicap_0.75_odd": 1.5,
                "home_handicap_-0.75_odd": 2.66,
                "away_handicap_2.5_odd": 1.07,
                "home_handicap_-2.5_odd": 9.3,
                "away_handicap_1.5_odd": 1.23,
                "home_handicap_-1.5_odd": 4.37,
                "home_handicap_-1.0_odd": 3.52,
                "away_handicap_1.0_odd": 1.32,
                "away_handicap_0.5_odd": 1.68,
                "home_handicap_-0.5_odd": 2.23,
                "away_handicap_-1.25_odd": 6.1,
                "home_handicap_1.25_odd": 1.14,
                "away_handicap_-0.75_odd": 3.84,
                "home_handicap_0.75_odd": 1.28,
                "away_handicap_-1.5_odd": 6.7,
                "home_handicap_1.5_odd": 1.12,
                "away_handicap_0.25_odd": 1.9,
                "home_handicap_-0.25_odd": 1.94,
                "over_5.5_odd": 10.4,
                "under_5.5_odd": 1.057,
                "under_3.5_odd": 1.43,
                "over_3.5_odd": 2.92,
                "away_handicap_-0.5_odd": 3.05,
                "home_handicap_0.5_odd": 1.4,
                "home_handicap_0.25_odd": 1.49,
                "away_handicap_-0.25_odd": 2.68,
                "over_4.0_odd": 4.65,
                "under_4.0_odd": 1.21,
                "over_3.0_odd": 2.29,
                "under_3.0_odd": 1.65,
                "over_2.5_odd": 1.76,
                "under_2.5_odd": 2.11,
                "over_2.0_odd": 1.36,
                "under_2.0_odd": 3.25,
                "under_1.0_odd": 10.9,
                "over_1.0_odd": 1.052,
                "over_0.5_odd": 1.04,
                "under_0.5_odd": 12.5,
                "draw_odd": 3.52,
                "2_odd": 3.12,
                "1_odd": 2.24
            },
            {
                "match_id": 27431176,
                "date": "15/08/2025",
                "time": "20:00",
                "home_team": "Liverpool",
                "away_team": "Bournemouth",
                "both_noscore_odd": 2.18,
                "both_score_odd": 1.68,
                "over_6.0_odd": 11.2,
                "under_6.0_odd": 1.05,
                "home_handicap_-4.25_odd": 12.2,
                "away_handicap_4.25_odd": 1.042,
                "home_handicap_-3.75_odd": 8.3,
                "away_handicap_3.75_odd": 1.085,
                "home_handicap_-4.5_odd": 12.5,
                "away_handicap_4.5_odd": 1.04,
                "home_handicap_-4.0_odd": 11.85,
                "away_handicap_4.0_odd": 1.045,
                "home_handicap_1.25_odd": 1.03,
                "away_handicap_-1.25_odd": 14.0,
                "home_handicap_0.75_odd": 1.08,
                "away_handicap_-0.75_odd": 8.6,
                "home_handicap_1.5_odd": 1.03,
                "away_handicap_-1.5_odd": 14.0,
                "home_handicap_1.0_odd": 1.032,
                "away_handicap_-1.0_odd": 13.65,
                "12_odd": 1.15,
                "X2_odd": 3.12,
                "1X_odd": 1.11,
                "away_handicap_0.0_odd": 5.55,
                "home_handicap_0.0_odd": 1.16,
                "under_4.0_odd": 1.43,
                "over_4.0_odd": 2.92,
                "under_2.0_odd": 5.0,
                "over_2.0_odd": 1.19,
                "under_1.5_odd": 6.1,
                "over_1.5_odd": 1.14,
                "home_handicap_-2.25_odd": 3.05,
                "away_handicap_2.25_odd": 1.4,
                "away_handicap_1.75_odd": 1.66,
                "home_handicap_-1.75_odd": 2.28,
                "home_handicap_-3.5_odd": 6.4,
                "away_handicap_3.5_odd": 1.13,
                "away_handicap_3.0_odd": 1.16,
                "home_handicap_-3.0_odd": 5.55,
                "home_handicap_-2.5_odd": 3.4,
                "away_handicap_2.5_odd": 1.34,
                "away_handicap_2.0_odd": 1.48,
                "home_handicap_-2.0_odd": 2.7,
                "away_handicap_1.5_odd": 1.83,
                "home_handicap_-1.5_odd": 2.02,
                "away_handicap_1.0_odd": 2.47,
                "home_handicap_-1.0_odd": 1.57,
                "over_5.5_odd": 6.4,
                "under_5.5_odd": 1.13,
                "under_5.0_odd": 1.15,
                "over_5.0_odd": 5.8,
                "under_4.5_odd": 1.32,
                "over_4.5_odd": 3.52,
                "away_handicap_3.25_odd": 1.14,
                "home_handicap_-3.25_odd": 6.1,
                "away_handicap_2.75_odd": 1.25,
                "home_handicap_-2.75_odd": 4.13,
                "home_handicap_-0.75_odd": 1.46,
                "away_handicap_0.75_odd": 2.8,
                "home_handicap_-1.25_odd": 1.78,
                "away_handicap_1.25_odd": 2.08,
                "over_6.5_odd": 11.85,
                "under_6.5_odd": 1.045,
                "over_3.5_odd": 2.12,
                "under_3.5_odd": 1.75,
                "under_3.0_odd": 2.23,
                "over_3.0_odd": 1.68,
                "under_2.5_odd": 2.8,
                "over_2.5_odd": 1.46,
                "away_handicap_0.25_odd": 3.93,
                "home_handicap_-0.25_odd": 1.27,
                "home_handicap_-0.5_odd": 1.38,
                "away_handicap_0.5_odd": 3.15,
                "home_handicap_0.25_odd": 1.14,
                "away_handicap_-0.25_odd": 6.1,
                "home_handicap_0.5_odd": 1.13,
                "away_handicap_-0.5_odd": 6.4,
                "2_odd": 7.0,
                "1_odd": 1.38,
                "draw_odd": 5.5
            },
            {
                "match_id": 27431177,
                "date": "16/08/2025",
                "time": "15:00",
                "home_team": "Tottenham Hotspur",
                "away_team": "Burnley",
                "away_handicap_4.5_odd": 1.035,
                "home_handicap_-4.5_odd": 13.2,
                "both_score_odd": 1.95,
                "both_noscore_odd": 1.85,
                "under_5.0_odd": 1.085,
                "over_5.0_odd": 8.3,
                "away_handicap_4.25_odd": 1.037,
                "home_handicap_-4.25_odd": 12.9,
                "home_handicap_-3.75_odd": 9.0,
                "away_handicap_3.75_odd": 1.075,
                "home_handicap_-4.0_odd": 12.9,
                "away_handicap_4.0_odd": 1.037,
                "home_handicap_0.75_odd": 1.065,
                "away_handicap_-0.75_odd": 9.7,
                "home_handicap_0.5_odd": 1.11,
                "away_handicap_-0.5_odd": 7.1,
                "12_odd": 1.17,
                "X2_odd": 3.1,
                "1X_odd": 1.09,
                "away_handicap_0.0_odd": 6.1,
                "home_handicap_0.0_odd": 1.14,
                "away_handicap_3.25_odd": 1.13,
                "home_handicap_-3.25_odd": 6.4,
                "home_handicap_-2.75_odd": 4.25,
                "away_handicap_2.75_odd": 1.24,
                "away_handicap_2.25_odd": 1.39,
                "home_handicap_-2.25_odd": 3.1,
                "away_handicap_1.75_odd": 1.65,
                "home_handicap_-1.75_odd": 2.29,
                "away_handicap_0.75_odd": 2.8,
                "home_handicap_-0.75_odd": 1.46,
                "away_handicap_3.5_odd": 1.12,
                "home_handicap_-3.5_odd": 6.7,
                "away_handicap_3.0_odd": 1.14,
                "home_handicap_-3.0_odd": 6.1,
                "away_handicap_2.5_odd": 1.33,
                "home_handicap_-2.5_odd": 3.45,
                "away_handicap_2.0_odd": 1.47,
                "home_handicap_-2.0_odd": 2.76,
                "away_handicap_1.5_odd": 1.86,
                "home_handicap_-1.5_odd": 1.98,
                "away_handicap_1.0_odd": 2.47,
                "home_handicap_-1.0_odd": 1.57,
                "away_handicap_1.25_odd": 2.07,
                "home_handicap_-1.25_odd": 1.79,
                "under_5.5_odd": 1.075,
                "over_5.5_odd": 9.0,
                "under_4.5_odd": 1.21,
                "over_4.5_odd": 4.65,
                "under_4.0_odd": 1.27,
                "over_4.0_odd": 3.93,
                "under_3.5_odd": 1.52,
                "over_3.5_odd": 2.6,
                "over_3.0_odd": 2.04,
                "under_3.0_odd": 1.81,
                "under_2.5_odd": 2.32,
                "over_2.5_odd": 1.64,
                "under_2.0_odd": 3.75,
                "over_2.0_odd": 1.29,
                "under_1.5_odd": 4.65,
                "over_1.5_odd": 1.21,
                "under_1.0_odd": 12.5,
                "over_1.0_odd": 1.04,
                "under_0.5_odd": 13.65,
                "over_0.5_odd": 1.032,
                "away_handicap_0.25_odd": 3.93,
                "home_handicap_-0.25_odd": 1.27,
                "away_handicap_0.5_odd": 3.1,
                "home_handicap_-0.5_odd": 1.39,
                "home_handicap_0.25_odd": 1.12,
                "away_handicap_-0.25_odd": 6.7,
                "draw_odd": 5.1,
                "2_odd": 7.7,
                "1_odd": 1.38
            },
            {
                "match_id": 27431206,
                "date": "16/08/2025",
                "time": "15:00",
                "home_team": "Brighton and Hove Albion",
                "away_team": "Fulham",
                "both_noscore_odd": 2.22,
                "both_score_odd": 1.66,
                "under_5.0_odd": 1.07,
                "over_5.0_odd": 9.3,
                "home_handicap_-3.25_odd": 13.65,
                "away_handicap_3.25_odd": 1.032,
                "away_handicap_2.75_odd": 1.075,
                "home_handicap_-2.75_odd": 9.0,
                "home_handicap_-3.5_odd": 14.0,
                "away_handicap_3.5_odd": 1.032,
                "home_handicap_-3.0_odd": 13.2,
                "away_handicap_3.0_odd": 1.035,
                "away_handicap_-1.75_odd": 11.5,
                "home_handicap_1.75_odd": 1.047,
                "home_handicap_1.25_odd": 1.09,
                "away_handicap_-1.25_odd": 8.0,
                "X2_odd": 1.88,
                "1X_odd": 1.24,
                "12_odd": 1.26,
                "under_4.5_odd": 1.18,
                "over_4.5_odd": 5.15,
                "over_4.0_odd": 4.37,
                "under_4.0_odd": 1.23,
                "over_3.5_odd": 2.8,
                "under_3.5_odd": 1.46,
                "under_3.0_odd": 1.64,
                "over_3.0_odd": 2.12,
                "over_2.5_odd": 1.72,
                "under_2.5_odd": 2.17,
                "under_2.0_odd": 3.4,
                "over_2.0_odd": 1.34,
                "over_1.5_odd": 1.24,
                "under_1.5_odd": 4.25,
                "under_1.0_odd": 11.5,
                "over_1.0_odd": 1.047,
                "under_0.5_odd": 12.9,
                "over_0.5_odd": 1.037,
                "away_handicap_2.5_odd": 1.12,
                "home_handicap_-2.5_odd": 6.7,
                "away_handicap_2.0_odd": 1.15,
                "home_handicap_-2.0_odd": 5.8,
                "away_handicap_1.5_odd": 1.35,
                "home_handicap_-1.5_odd": 3.32,
                "away_handicap_1.0_odd": 1.53,
                "home_handicap_-1.0_odd": 2.57,
                "away_handicap_0.0_odd": 3.0,
                "home_handicap_0.0_odd": 1.41,
                "away_handicap_-1.5_odd": 8.6,
                "home_handicap_1.5_odd": 1.08,
                "away_handicap_-1.0_odd": 7.5,
                "home_handicap_1.0_odd": 1.1,
                "under_5.5_odd": 1.06,
                "over_5.5_odd": 10.1,
                "away_handicap_2.25_odd": 1.13,
                "home_handicap_-2.25_odd": 6.4,
                "away_handicap_1.75_odd": 1.25,
                "home_handicap_-1.75_odd": 4.13,
                "away_handicap_1.25_odd": 1.42,
                "home_handicap_-1.25_odd": 2.95,
                "away_handicap_0.75_odd": 1.77,
                "home_handicap_-0.75_odd": 2.09,
                "away_handicap_0.25_odd": 2.35,
                "home_handicap_-0.25_odd": 1.62,
                "away_handicap_-0.75_odd": 5.15,
                "home_handicap_0.75_odd": 1.18,
                "home_handicap_0.25_odd": 1.32,
                "away_handicap_-0.25_odd": 3.52,
                "home_handicap_0.5_odd": 1.27,
                "away_handicap_-0.5_odd": 3.93,
                "2_odd": 4.0,
                "1_odd": 1.85,
                "draw_odd": 3.83,
                "away_handicap_0.5_odd": 1.99,
                "home_handicap_-0.5_odd": 1.85
            },
            {
                "match_id": 27431213,
                "date": "17/08/2025",
                "time": "14:00",
                "home_team": "Chelsea",
                "away_team": "Crystal Palace",
                "home_handicap_1.75_odd": 1.025,
                "away_handicap_-1.75_odd": 15.0,
                "both_noscore_odd": 2.05,
                "both_score_odd": 1.77,
                "home_handicap_-3.75_odd": 13.65,
                "away_handicap_3.75_odd": 1.032,
                "away_handicap_3.25_odd": 1.06,
                "home_handicap_-3.25_odd": 10.1,
                "away_handicap_-1.25_odd": 11.2,
                "home_handicap_1.25_odd": 1.05,
                "X2_odd": 2.39,
                "1X_odd": 1.17,
                "12_odd": 1.22,
                "home_handicap_-2.25_odd": 4.65,
                "away_handicap_2.25_odd": 1.21,
                "home_handicap_-1.75_odd": 3.15,
                "away_handicap_1.75_odd": 1.38,
                "away_handicap_1.25_odd": 1.64,
                "home_handicap_-1.25_odd": 2.32,
                "away_handicap_0.75_odd": 2.12,
                "home_handicap_-0.75_odd": 1.75,
                "away_handicap_0.25_odd": 2.95,
                "home_handicap_-0.25_odd": 1.42,
                "home_handicap_-2.5_odd": 5.0,
                "away_handicap_2.5_odd": 1.19,
                "away_handicap_1.5_odd": 1.51,
                "home_handicap_-1.5_odd": 2.64,
                "away_handicap_0.0_odd": 4.0,
                "home_handicap_0.0_odd": 1.26,
                "home_handicap_0.25_odd": 1.21,
                "away_handicap_-0.25_odd": 4.65,
                "over_5.5_odd": 9.7,
                "under_5.5_odd": 1.065,
                "over_4.5_odd": 5.15,
                "under_4.5_odd": 1.18,
                "over_4.0_odd": 4.37,
                "under_4.0_odd": 1.23,
                "over_3.5_odd": 2.76,
                "under_3.5_odd": 1.47,
                "over_3.0_odd": 2.19,
                "under_3.0_odd": 1.71,
                "over_2.5_odd": 1.7,
                "under_2.5_odd": 2.2,
                "over_2.0_odd": 1.33,
                "under_2.0_odd": 3.45,
                "under_1.5_odd": 4.37,
                "over_1.5_odd": 1.23,
                "under_1.0_odd": 11.5,
                "over_1.0_odd": 1.047,
                "under_0.5_odd": 12.9,
                "over_0.5_odd": 1.037,
                "away_handicap_2.75_odd": 1.13,
                "home_handicap_-2.75_odd": 6.4,
                "away_handicap_3.5_odd": 1.057,
                "home_handicap_-3.5_odd": 10.4,
                "away_handicap_3.0_odd": 1.065,
                "home_handicap_-3.0_odd": 9.7,
                "away_handicap_2.0_odd": 1.24,
                "home_handicap_-2.0_odd": 4.25,
                "away_handicap_0.5_odd": 2.42,
                "home_handicap_-0.5_odd": 1.59,
                "away_handicap_-0.75_odd": 6.7,
                "home_handicap_0.75_odd": 1.12,
                "away_handicap_-1.5_odd": 11.5,
                "home_handicap_1.5_odd": 1.047,
                "away_handicap_-1.0_odd": 10.6,
                "home_handicap_1.0_odd": 1.055,
                "away_handicap_1.0_odd": 1.83,
                "home_handicap_-1.0_odd": 2.02,
                "over_5.0_odd": 9.0,
                "under_5.0_odd": 1.06,
                "away_handicap_-0.5_odd": 5.15,
                "home_handicap_0.5_odd": 1.18,
                "draw_odd": 4.3,
                "2_odd": 5.3,
                "1_odd": 1.59
            },
            {
                "match_id": 27431223,
                "date": "17/08/2025",
                "time": "16:30",
                "home_team": "Manchester United",
                "away_team": "Arsenal",
                "both_score_odd": 1.73,
                "both_noscore_odd": 2.1,
                "over_5.0_odd": 11.85,
                "under_5.0_odd": 1.045,
                "home_handicap_-1.75_odd": 9.7,
                "away_handicap_1.75_odd": 1.065,
                "away_handicap_2.0_odd": 1.025,
                "home_handicap_-2.0_odd": 15.0,
                "away_handicap_-2.75_odd": 12.2,
                "home_handicap_2.75_odd": 1.042,
                "home_handicap_2.25_odd": 1.08,
                "away_handicap_-2.25_odd": 8.6,
                "12_odd": 1.3,
                "X2_odd": 1.31,
                "1X_odd": 1.65,
                "home_handicap_0.0_odd": 2.44,
                "away_handicap_0.0_odd": 1.58,
                "over_1.5_odd": 1.3,
                "under_1.5_odd": 3.67,
                "over_5.5_odd": 12.5,
                "under_5.5_odd": 1.04,
                "over_4.5_odd": 6.4,
                "under_4.5_odd": 1.13,
                "over_4.0_odd": 5.55,
                "under_4.0_odd": 1.16,
                "over_3.5_odd": 3.32,
                "under_3.5_odd": 1.35,
                "under_3.0_odd": 1.52,
                "over_3.0_odd": 2.6,
                "under_2.0_odd": 2.8,
                "over_2.0_odd": 1.46,
                "over_1.0_odd": 1.07,
                "under_1.0_odd": 9.3,
                "over_0.5_odd": 1.052,
                "under_0.5_odd": 10.9,
                "away_handicap_1.25_odd": 1.12,
                "home_handicap_-1.25_odd": 6.7,
                "home_handicap_-1.5_odd": 7.5,
                "away_handicap_1.5_odd": 1.1,
                "home_handicap_-1.0_odd": 6.4,
                "away_handicap_1.0_odd": 1.13,
                "home_handicap_1.75_odd": 1.16,
                "away_handicap_-1.75_odd": 5.55,
                "home_handicap_2.5_odd": 1.075,
                "away_handicap_-2.5_odd": 9.0,
                "home_handicap_2.0_odd": 1.09,
                "away_handicap_-2.0_odd": 8.0,
                "under_2.5_odd": 1.93,
                "over_2.5_odd": 1.91,
                "away_handicap_0.75_odd": 1.24,
                "home_handicap_-0.75_odd": 4.25,
                "home_handicap_-0.25_odd": 2.88,
                "away_handicap_0.25_odd": 1.44,
                "away_handicap_0.5_odd": 1.36,
                "home_handicap_-0.5_odd": 3.25,
                "away_handicap_-1.25_odd": 3.84,
                "home_handicap_1.25_odd": 1.28,
                "away_handicap_-0.75_odd": 2.55,
                "home_handicap_0.75_odd": 1.54,
                "away_handicap_-1.5_odd": 4.25,
                "home_handicap_1.5_odd": 1.24,
                "home_handicap_1.0_odd": 1.34,
                "away_handicap_-1.0_odd": 3.4,
                "home_handicap_0.5_odd": 1.73,
                "away_handicap_-0.5_odd": 2.15,
                "draw_odd": 3.47,
                "2_odd": 2.16,
                "1_odd": 3.35,
                "away_handicap_-0.25_odd": 1.87,
                "home_handicap_0.25_odd": 1.97
            },
            {
                "match_id": 27431247,
                "date": "18/08/2025",
                "time": "20:00",
                "home_team": "Leeds United",
                "away_team": "Everton",
                "both_score_odd": 1.8,
                "both_noscore_odd": 2.01,
                "under_5.0_odd": 1.032,
                "over_5.0_odd": 13.65,
                "home_handicap_-2.25_odd": 11.5,
                "away_handicap_2.25_odd": 1.047,
                "away_handicap_2.5_odd": 1.042,
                "home_handicap_-2.5_odd": 12.2,
                "away_handicap_2.0_odd": 1.05,
                "home_handicap_-2.0_odd": 11.2,
                "away_handicap_-2.25_odd": 12.9,
                "home_handicap_2.25_odd": 1.037,
                "home_handicap_2.5_odd": 1.032,
                "away_handicap_-2.5_odd": 13.2,
                "home_handicap_2.0_odd": 1.04,
                "away_handicap_-2.0_odd": 12.5,
                "12_odd": 1.32,
                "X2_odd": 1.52,
                "1X_odd": 1.46,
                "over_1.5_odd": 1.35,
                "under_1.5_odd": 3.32,
                "under_5.5_odd": 1.03,
                "over_5.5_odd": 14.0,
                "under_4.5_odd": 1.1,
                "over_4.5_odd": 7.5,
                "under_4.0_odd": 1.12,
                "over_4.0_odd": 6.7,
                "under_3.5_odd": 1.3,
                "over_3.5_odd": 3.67,
                "under_3.0_odd": 1.42,
                "over_3.0_odd": 2.95,
                "over_2.0_odd": 1.55,
                "under_2.0_odd": 2.52,
                "over_1.0_odd": 1.085,
                "under_1.0_odd": 8.3,
                "over_0.5_odd": 1.065,
                "under_0.5_odd": 9.7,
                "home_handicap_-1.75_odd": 7.1,
                "away_handicap_1.75_odd": 1.11,
                "away_handicap_1.25_odd": 1.19,
                "home_handicap_-1.25_odd": 5.0,
                "away_handicap_0.25_odd": 1.7,
                "home_handicap_-0.25_odd": 2.2,
                "home_handicap_-1.0_odd": 4.5,
                "away_handicap_1.0_odd": 1.22,
                "home_handicap_1.75_odd": 1.09,
                "away_handicap_-1.75_odd": 8.0,
                "away_handicap_-0.75_odd": 3.45,
                "home_handicap_0.75_odd": 1.33,
                "away_handicap_-0.25_odd": 2.38,
                "home_handicap_0.25_odd": 1.61,
                "away_handicap_-1.5_odd": 6.1,
                "home_handicap_1.5_odd": 1.14,
                "under_2.5_odd": 1.79,
                "over_2.5_odd": 2.07,
                "away_handicap_0.75_odd": 1.38,
                "home_handicap_-0.75_odd": 3.15,
                "away_handicap_1.5_odd": 1.17,
                "home_handicap_-1.5_odd": 5.35,
                "away_handicap_-1.25_odd": 5.55,
                "home_handicap_1.25_odd": 1.16,
                "away_handicap_-1.0_odd": 5.0,
                "home_handicap_1.0_odd": 1.19,
                "away_handicap_0.5_odd": 1.54,
                "home_handicap_-0.5_odd": 2.55,
                "away_handicap_-0.5_odd": 2.7,
                "home_handicap_0.5_odd": 1.48,
                "away_handicap_0.0_odd": 2.01,
                "home_handicap_0.0_odd": 1.84,
                "2_odd": 2.77,
                "1_odd": 2.58,
                "draw_odd": 3.32
            }
        ]
    },
    {
        "tournament_name": "Championship",
        "tournament_id": "539",
        "matches": [
            {
                "match_id": 27502603,
                "date": "08/08/2025",
                "time": "20:00",
                "home_team": "Birmingham City",
                "away_team": "Ipswich Town",
                "both_score_odd": 1.76,
                "both_noscore_odd": 1.99,
                "12_odd": 1.34,
                "X2_odd": 1.5,
                "1X_odd": 1.4,
                "under_3.5_odd": 1.27,
                "over_3.5_odd": 3.55,
                "under_3.0_odd": 1.39,
                "over_3.0_odd": 2.85,
                "over_2.0_odd": 1.53,
                "under_2.0_odd": 2.4,
                "under_1.5_odd": 3.1,
                "over_1.5_odd": 1.33,
                "away_handicap_0.75_odd": 1.37,
                "home_handicap_-0.75_odd": 2.95,
                "home_handicap_-0.25_odd": 2.08,
                "away_handicap_0.25_odd": 1.69,
                "home_handicap_-0.5_odd": 2.42,
                "away_handicap_0.5_odd": 1.52,
                "home_handicap_0.75_odd": 1.28,
                "away_handicap_-0.75_odd": 3.4,
                "home_handicap_0.25_odd": 1.54,
                "away_handicap_-0.25_odd": 2.38,
                "home_handicap_0.5_odd": 1.41,
                "away_handicap_-0.5_odd": 2.77,
                "home_handicap_0.0_odd": 1.74,
                "away_handicap_0.0_odd": 2.02,
                "over_2.5_odd": 2.0,
                "under_2.5_odd": 1.75,
                "draw_odd": 3.11,
                "2_odd": 2.81,
                "1_odd": 2.45
            },
            {
                "match_id": 27502604,
                "date": "09/08/2025",
                "time": "12:30",
                "home_team": "Charlton Athletic",
                "away_team": "Watford",
                "both_noscore_odd": 1.99,
                "both_score_odd": 1.76,
                "X2_odd": 1.5,
                "1X_odd": 1.38,
                "12_odd": 1.35,
                "home_handicap_-0.75_odd": 2.95,
                "away_handicap_0.75_odd": 1.37,
                "home_handicap_-0.25_odd": 2.07,
                "away_handicap_0.25_odd": 1.7,
                "home_handicap_-0.5_odd": 2.4,
                "away_handicap_0.5_odd": 1.53,
                "home_handicap_0.75_odd": 1.27,
                "away_handicap_-0.75_odd": 3.55,
                "home_handicap_0.25_odd": 1.52,
                "away_handicap_-0.25_odd": 2.42,
                "home_handicap_0.5_odd": 1.4,
                "away_handicap_-0.5_odd": 2.8,
                "under_3.5_odd": 1.27,
                "over_3.5_odd": 3.55,
                "under_3.0_odd": 1.39,
                "over_3.0_odd": 2.85,
                "under_2.5_odd": 1.74,
                "over_2.5_odd": 2.02,
                "under_2.0_odd": 2.4,
                "over_2.0_odd": 1.53,
                "under_1.5_odd": 3.1,
                "over_1.5_odd": 1.33,
                "away_handicap_0.0_odd": 2.02,
                "home_handicap_0.0_odd": 1.74,
                "2_odd": 2.87,
                "1_odd": 2.44,
                "draw_odd": 3.06
            },
            {
                "match_id": 27502605,
                "date": "09/08/2025",
                "time": "12:30",
                "home_team": "Coventry City",
                "away_team": "Hull City",
                "both_score_odd": 1.81,
                "both_noscore_odd": 1.93,
                "X2_odd": 2.04,
                "1X_odd": 1.2,
                "12_odd": 1.27,
                "home_handicap_-1.25_odd": 2.7,
                "away_handicap_1.25_odd": 1.43,
                "home_handicap_-0.25_odd": 1.51,
                "away_handicap_0.25_odd": 2.45,
                "away_handicap_1.5_odd": 1.35,
                "home_handicap_-1.5_odd": 3.0,
                "away_handicap_1.0_odd": 1.56,
                "home_handicap_-1.0_odd": 2.33,
                "home_handicap_-0.5_odd": 1.72,
                "away_handicap_0.5_odd": 2.05,
                "away_handicap_-0.25_odd": 3.7,
                "home_handicap_0.25_odd": 1.25,
                "home_handicap_-1.75_odd": 3.7,
                "away_handicap_1.75_odd": 1.25,
                "over_3.5_odd": 3.1,
                "under_3.5_odd": 1.33,
                "over_3.0_odd": 2.5,
                "under_3.0_odd": 1.49,
                "over_2.0_odd": 1.43,
                "under_2.0_odd": 2.7,
                "under_1.5_odd": 3.4,
                "over_1.5_odd": 1.28,
                "away_handicap_0.0_odd": 3.2,
                "home_handicap_0.0_odd": 1.31,
                "home_handicap_-0.75_odd": 1.92,
                "away_handicap_0.75_odd": 1.82,
                "over_2.5_odd": 1.86,
                "under_2.5_odd": 1.88,
                "draw_odd": 3.62,
                "2_odd": 4.4,
                "1_odd": 1.72
            },
            {
                "match_id": 27502606,
                "date": "09/08/2025",
                "time": "15:00",
                "home_team": "Middlesbrough",
                "away_team": "Swansea City",
                "both_score_odd": 1.81,
                "both_noscore_odd": 1.93,
                "X2_odd": 1.87,
                "1X_odd": 1.25,
                "12_odd": 1.27,
                "away_handicap_1.25_odd": 1.37,
                "home_handicap_-1.25_odd": 2.95,
                "away_handicap_0.75_odd": 1.69,
                "home_handicap_-0.75_odd": 2.08,
                "away_handicap_0.25_odd": 2.23,
                "home_handicap_-0.25_odd": 1.61,
                "away_handicap_1.5_odd": 1.31,
                "home_handicap_-1.5_odd": 3.2,
                "away_handicap_1.0_odd": 1.47,
                "home_handicap_-1.0_odd": 2.57,
                "away_handicap_0.5_odd": 1.92,
                "home_handicap_-0.5_odd": 1.82,
                "away_handicap_-0.5_odd": 3.7,
                "home_handicap_0.5_odd": 1.25,
                "under_3.5_odd": 1.32,
                "over_3.5_odd": 3.15,
                "under_3.0_odd": 1.47,
                "over_3.0_odd": 2.57,
                "under_2.5_odd": 1.85,
                "over_2.5_odd": 1.89,
                "under_2.0_odd": 2.62,
                "over_2.0_odd": 1.45,
                "under_1.5_odd": 3.35,
                "over_1.5_odd": 1.28,
                "away_handicap_-0.25_odd": 3.2,
                "home_handicap_0.25_odd": 1.31,
                "away_handicap_0.0_odd": 2.85,
                "home_handicap_0.0_odd": 1.39,
                "draw_odd": 3.61,
                "2_odd": 3.84,
                "1_odd": 1.83
            },
            {
                "match_id": 27502607,
                "date": "09/08/2025",
                "time": "15:00",
                "home_team": "Oxford United",
                "away_team": "Portsmouth",
                "both_score_odd": 1.76,
                "both_noscore_odd": 1.99,
                "X2_odd": 1.48,
                "1X_odd": 1.4,
                "12_odd": 1.35,
                "home_handicap_-0.75_odd": 3.0,
                "away_handicap_0.75_odd": 1.35,
                "home_handicap_-0.25_odd": 2.14,
                "away_handicap_0.25_odd": 1.66,
                "home_handicap_-0.5_odd": 2.47,
                "away_handicap_0.5_odd": 1.5,
                "home_handicap_0.75_odd": 1.28,
                "away_handicap_-0.75_odd": 3.4,
                "away_handicap_-0.25_odd": 2.35,
                "home_handicap_0.25_odd": 1.55,
                "away_handicap_-0.5_odd": 2.73,
                "home_handicap_0.5_odd": 1.42,
                "over_3.5_odd": 3.55,
                "under_3.5_odd": 1.27,
                "over_3.0_odd": 2.85,
                "under_3.0_odd": 1.39,
                "under_2.5_odd": 1.74,
                "over_2.5_odd": 2.02,
                "under_2.0_odd": 2.4,
                "over_2.0_odd": 1.53,
                "under_1.5_odd": 3.1,
                "over_1.5_odd": 1.33,
                "home_handicap_0.0_odd": 1.77,
                "away_handicap_0.0_odd": 1.97,
                "draw_odd": 3.06,
                "2_odd": 2.79,
                "1_odd": 2.5
            },
            {
                "match_id": 27502608,
                "date": "09/08/2025",
                "time": "15:00",
                "home_team": "Norwich City",
                "away_team": "Millwall",
                "both_score_odd": 1.8,
                "both_noscore_odd": 1.94,
                "12_odd": 1.31,
                "X2_odd": 1.69,
                "1X_odd": 1.3,
                "away_handicap_1.25_odd": 1.26,
                "home_handicap_-1.25_odd": 3.6,
                "away_handicap_1.0_odd": 1.32,
                "home_handicap_-1.0_odd": 3.15,
                "away_handicap_0.75_odd": 1.52,
                "home_handicap_-0.75_odd": 2.42,
                "away_handicap_0.25_odd": 1.94,
                "home_handicap_-0.25_odd": 1.8,
                "home_handicap_0.5_odd": 1.31,
                "away_handicap_-0.5_odd": 3.2,
                "away_handicap_0.5_odd": 1.71,
                "home_handicap_-0.5_odd": 2.06,
                "over_3.5_odd": 3.55,
                "under_3.5_odd": 1.27,
                "over_3.0_odd": 2.85,
                "under_3.0_odd": 1.39,
                "over_2.0_odd": 1.53,
                "under_2.0_odd": 2.4,
                "under_1.5_odd": 3.1,
                "over_1.5_odd": 1.33,
                "away_handicap_-0.25_odd": 2.85,
                "home_handicap_0.25_odd": 1.39,
                "away_handicap_0.0_odd": 2.42,
                "home_handicap_0.0_odd": 1.52,
                "under_2.5_odd": 1.75,
                "over_2.5_odd": 2.0,
                "draw_odd": 3.27,
                "2_odd": 3.36,
                "1_odd": 2.08
            },
            {
                "match_id": 27502609,
                "date": "09/08/2025",
                "time": "12:30",
                "home_team": "Southampton",
                "away_team": "Wrexham FC",
                "both_score_odd": 1.83,
                "both_noscore_odd": 1.91,
                "12_odd": 1.27,
                "X2_odd": 2.04,
                "1X_odd": 1.2,
                "home_handicap_-1.75_odd": 3.7,
                "away_handicap_1.75_odd": 1.25,
                "home_handicap_-1.25_odd": 2.65,
                "away_handicap_1.25_odd": 1.44,
                "home_handicap_-0.25_odd": 1.51,
                "away_handicap_0.25_odd": 2.45,
                "home_handicap_-1.5_odd": 3.0,
                "away_handicap_1.5_odd": 1.35,
                "away_handicap_1.0_odd": 1.56,
                "home_handicap_-1.0_odd": 2.33,
                "away_handicap_0.5_odd": 2.05,
                "home_handicap_-0.5_odd": 1.72,
                "home_handicap_0.25_odd": 1.25,
                "away_handicap_-0.25_odd": 3.7,
                "under_3.5_odd": 1.32,
                "over_3.5_odd": 3.15,
                "under_3.0_odd": 1.47,
                "over_3.0_odd": 2.57,
                "over_2.0_odd": 1.44,
                "under_2.0_odd": 2.65,
                "over_1.5_odd": 1.28,
                "under_1.5_odd": 3.4,
                "away_handicap_0.0_odd": 3.2,
                "home_handicap_0.0_odd": 1.31,
                "away_handicap_0.75_odd": 1.82,
                "home_handicap_-0.75_odd": 1.92,
                "over_2.5_odd": 1.88,
                "under_2.5_odd": 1.86,
                "draw_odd": 3.62,
                "2_odd": 4.4,
                "1_odd": 1.72
            },
            {
                "match_id": 27502610,
                "date": "09/08/2025",
                "time": "15:00",
                "home_team": "Queens Park Rangers",
                "away_team": "Preston North End",
                "both_score_odd": 1.87,
                "both_noscore_odd": 1.87,
                "12_odd": 1.36,
                "X2_odd": 1.52,
                "1X_odd": 1.36,
                "home_handicap_-0.5_odd": 2.35,
                "away_handicap_0.5_odd": 1.55,
                "away_handicap_-0.5_odd": 2.95,
                "home_handicap_0.5_odd": 1.37,
                "away_handicap_0.75_odd": 1.38,
                "home_handicap_-0.75_odd": 2.9,
                "away_handicap_-0.75_odd": 3.7,
                "home_handicap_0.75_odd": 1.25,
                "away_handicap_0.0_odd": 2.12,
                "home_handicap_0.0_odd": 1.67,
                "away_handicap_0.25_odd": 1.73,
                "home_handicap_-0.25_odd": 2.03,
                "under_3.0_odd": 1.31,
                "over_3.0_odd": 3.2,
                "under_2.5_odd": 1.62,
                "over_2.5_odd": 2.21,
                "over_2.0_odd": 1.65,
                "under_2.0_odd": 2.15,
                "under_1.5_odd": 2.85,
                "over_1.5_odd": 1.39,
                "away_handicap_-0.25_odd": 2.52,
                "home_handicap_0.25_odd": 1.48,
                "2_odd": 3.02,
                "1_odd": 2.38,
                "draw_odd": 3.0
            },
            {
                "match_id": 27502611,
                "date": "09/08/2025",
                "time": "15:00",
                "home_team": "Stoke City",
                "away_team": "Derby County",
                "both_score_odd": 1.97,
                "both_noscore_odd": 1.77,
                "12_odd": 1.32,
                "X2_odd": 1.68,
                "1X_odd": 1.31,
                "home_handicap_-1.25_odd": 3.7,
                "away_handicap_1.25_odd": 1.25,
                "home_handicap_-0.75_odd": 2.47,
                "away_handicap_0.75_odd": 1.5,
                "home_handicap_-0.25_odd": 1.81,
                "away_handicap_0.25_odd": 1.93,
                "home_handicap_-1.0_odd": 3.2,
                "away_handicap_1.0_odd": 1.31,
                "away_handicap_-0.5_odd": 3.15,
                "home_handicap_0.5_odd": 1.32,
                "away_handicap_0.5_odd": 1.69,
                "home_handicap_-0.5_odd": 2.08,
                "over_3.0_odd": 3.35,
                "under_3.0_odd": 1.29,
                "over_2.5_odd": 2.23,
                "under_2.5_odd": 1.61,
                "over_2.0_odd": 1.67,
                "under_2.0_odd": 2.12,
                "over_1.5_odd": 1.41,
                "under_1.5_odd": 2.77,
                "home_handicap_0.25_odd": 1.4,
                "away_handicap_-0.25_odd": 2.8,
                "home_handicap_0.0_odd": 1.53,
                "away_handicap_0.0_odd": 2.4,
                "draw_odd": 3.26,
                "2_odd": 3.31,
                "1_odd": 2.1
            },
            {
                "match_id": 27502612,
                "date": "09/08/2025",
                "time": "15:00",
                "home_team": "West Bromwich Albion",
                "away_team": "Blackburn Rovers",
                "both_score_odd": 2.05,
                "both_noscore_odd": 1.72,
                "12_odd": 1.29,
                "X2_odd": 2.0,
                "1X_odd": 1.19,
                "away_handicap_0.25_odd": 2.4,
                "home_handicap_-0.25_odd": 1.53,
                "away_handicap_1.5_odd": 1.32,
                "home_handicap_-1.5_odd": 3.15,
                "away_handicap_1.0_odd": 1.51,
                "home_handicap_-1.0_odd": 2.45,
                "away_handicap_0.5_odd": 2.0,
                "home_handicap_-0.5_odd": 1.75,
                "home_handicap_-1.25_odd": 2.85,
                "away_handicap_1.25_odd": 1.39,
                "home_handicap_-0.75_odd": 1.97,
                "away_handicap_0.75_odd": 1.77,
                "under_3.0_odd": 1.32,
                "over_3.0_odd": 3.15,
                "under_2.5_odd": 1.65,
                "over_2.5_odd": 2.15,
                "under_2.0_odd": 2.18,
                "over_2.0_odd": 1.63,
                "under_1.5_odd": 2.9,
                "over_1.5_odd": 1.38,
                "home_handicap_0.0_odd": 1.3,
                "away_handicap_0.0_odd": 3.3,
                "2_odd": 4.5,
                "1_odd": 1.75,
                "draw_odd": 3.41
            },
            {
                "match_id": 27502613,
                "date": "09/08/2025",
                "time": "17:30",
                "home_team": "Sheffield United",
                "away_team": "Bristol City",
                "both_score_odd": 1.82,
                "both_noscore_odd": 1.92,
                "X2_odd": 2.09,
                "1X_odd": 1.19,
                "12_odd": 1.26,
                "home_handicap_-1.25_odd": 2.6,
                "away_handicap_1.25_odd": 1.46,
                "home_handicap_-0.25_odd": 1.49,
                "away_handicap_0.25_odd": 2.5,
                "home_handicap_-1.5_odd": 2.95,
                "away_handicap_1.5_odd": 1.37,
                "away_handicap_1.0_odd": 1.6,
                "home_handicap_-1.0_odd": 2.25,
                "away_handicap_0.5_odd": 2.1,
                "home_handicap_-0.5_odd": 1.68,
                "away_handicap_0.0_odd": 3.35,
                "home_handicap_0.0_odd": 1.29,
                "home_handicap_-1.75_odd": 3.6,
                "away_handicap_1.75_odd": 1.26,
                "over_3.5_odd": 3.05,
                "under_3.5_odd": 1.34,
                "over_3.0_odd": 2.47,
                "under_3.0_odd": 1.5,
                "over_2.0_odd": 1.42,
                "under_2.0_odd": 2.73,
                "under_1.5_odd": 3.55,
                "over_1.5_odd": 1.27,
                "away_handicap_0.75_odd": 1.85,
                "home_handicap_-0.75_odd": 1.89,
                "over_2.5_odd": 1.85,
                "under_2.5_odd": 1.89,
                "2_odd": 4.6,
                "1_odd": 1.68,
                "draw_odd": 3.68
            },
            {
                "match_id": 27502614,
                "date": "10/08/2025",
                "time": "16:30",
                "home_team": "Leicester City",
                "away_team": "Sheffield Wednesday",
                "both_score_odd": 1.83,
                "both_noscore_odd": 1.91,
                "X2_odd": 2.29,
                "1X_odd": 1.16,
                "12_odd": 1.24,
                "home_handicap_-0.5_odd": 1.58,
                "away_handicap_0.5_odd": 2.28,
                "away_handicap_1.75_odd": 1.33,
                "home_handicap_-1.75_odd": 3.1,
                "away_handicap_1.25_odd": 1.56,
                "home_handicap_-1.25_odd": 2.33,
                "away_handicap_1.5_odd": 1.45,
                "home_handicap_-1.5_odd": 2.62,
                "away_handicap_1.0_odd": 1.76,
                "home_handicap_-1.0_odd": 1.99,
                "away_handicap_0.75_odd": 2.02,
                "home_handicap_-0.75_odd": 1.74,
                "under_3.5_odd": 1.37,
                "over_3.5_odd": 2.95,
                "under_3.0_odd": 1.55,
                "over_3.0_odd": 2.35,
                "under_2.0_odd": 2.9,
                "over_2.0_odd": 1.38,
                "under_1.5_odd": 3.7,
                "over_1.5_odd": 1.25,
                "away_handicap_0.25_odd": 2.77,
                "home_handicap_-0.25_odd": 1.41,
                "over_2.5_odd": 1.79,
                "under_2.5_odd": 1.95,
                "draw_odd": 3.89,
                "2_odd": 5.2,
                "1_odd": 1.57
            }
        ]
    },
    {
        "tournament_name": "EFL Cup. Outright",
        "tournament_id": "20697",
        "matches": []
    },
    {
        "tournament_name": "Championship. Outright",
        "tournament_id": "20721",
        "matches": []
    },
    {
        "tournament_name": "FA Cup. Outright",
        "tournament_id": "20720",
        "matches": []
    },
    {
        "tournament_name": "League Two. Outright",
        "tournament_id": "23109",
        "matches": []
    },
    {
        "tournament_name": "National League. Outright",
        "tournament_id": "23110",
        "matches": []
    },
    {
        "tournament_name": "FA Community Shield",
        "tournament_id": "1839",
        "matches": [
            {
                "match_id": 27471868,
                "date": "10/08/2025",
                "time": "15:00",
                "home_team": "Crystal Palace",
                "away_team": "Liverpool",
                "both_score_odd": 1.78,
                "both_noscore_odd": 1.92,
                "away_handicap_1.75_odd": 1.02,
                "home_handicap_-1.75_odd": 10.0,
                "away_handicap_1.25_odd": 1.045,
                "home_handicap_-1.25_odd": 8.2,
                "away_handicap_0.5_odd": 1.19,
                "home_handicap_-0.5_odd": 4.15,
                "away_handicap_-3.75_odd": 10.0,
                "home_handicap_3.75_odd": 1.02,
                "away_handicap_-3.25_odd": 8.5,
                "home_handicap_3.25_odd": 1.04,
                "away_handicap_-2.75_odd": 6.15,
                "home_handicap_2.75_odd": 1.09,
                "X2_odd": 1.2,
                "1X_odd": 2.19,
                "12_odd": 1.22,
                "over_2.0_odd": 1.34,
                "under_2.0_odd": 3.0,
                "over_1.0_odd": 1.04,
                "under_1.0_odd": 8.5,
                "over_0.5_odd": 1.03,
                "under_0.5_odd": 9.0,
                "home_handicap_-0.25_odd": 3.75,
                "away_handicap_0.25_odd": 1.23,
                "home_handicap_0.0_odd": 3.3,
                "away_handicap_0.0_odd": 1.28,
                "home_handicap_3.0_odd": 1.04,
                "away_handicap_-3.0_odd": 8.5,
                "home_handicap_2.5_odd": 1.14,
                "away_handicap_-2.5_odd": 4.9,
                "away_handicap_-2.0_odd": 4.15,
                "home_handicap_2.0_odd": 1.19,
                "home_handicap_0.5_odd": 2.2,
                "away_handicap_-0.5_odd": 1.6,
                "over_5.5_odd": 8.5,
                "under_5.5_odd": 1.04,
                "over_5.0_odd": 8.2,
                "under_5.0_odd": 1.045,
                "over_4.5_odd": 4.9,
                "under_4.5_odd": 1.14,
                "over_4.0_odd": 4.3,
                "under_4.0_odd": 1.18,
                "over_3.5_odd": 2.8,
                "under_3.5_odd": 1.38,
                "under_3.0_odd": 1.58,
                "over_3.0_odd": 2.23,
                "under_2.5_odd": 2.0,
                "over_2.5_odd": 1.72,
                "under_1.5_odd": 3.75,
                "over_1.5_odd": 1.23,
                "away_handicap_0.75_odd": 1.12,
                "home_handicap_-0.75_odd": 5.35,
                "away_handicap_1.5_odd": 1.04,
                "home_handicap_-1.5_odd": 8.5,
                "away_handicap_1.0_odd": 1.05,
                "home_handicap_-1.0_odd": 7.85,
                "away_handicap_-2.25_odd": 4.57,
                "home_handicap_2.25_odd": 1.16,
                "away_handicap_-1.75_odd": 3.1,
                "home_handicap_1.75_odd": 1.32,
                "away_handicap_-1.25_odd": 2.3,
                "home_handicap_1.25_odd": 1.55,
                "away_handicap_-0.75_odd": 1.76,
                "home_handicap_0.75_odd": 1.94,
                "away_handicap_-0.25_odd": 1.44,
                "home_handicap_0.25_odd": 2.59,
                "away_handicap_-3.5_odd": 8.7,
                "home_handicap_3.5_odd": 1.035,
                "away_handicap_-1.5_odd": 2.59,
                "home_handicap_1.5_odd": 1.44,
                "draw_odd": 3.95,
                "2_odd": 1.58,
                "1_odd": 4.3,
                "away_handicap_-1.0_odd": 2.01,
                "home_handicap_1.0_odd": 1.71
            }
        ]
    },
    {
        "tournament_name": "League One",
        "tournament_id": "1843",
        "matches": [
            {
                "match_id": 27584767,
                "date": "01/08/2025",
                "time": "20:00",
                "home_team": "Luton Town",
                "away_team": "AFC Wimbledon",
                "both_score_odd": 1.79,
                "both_noscore_odd": 1.91,
                "X2_odd": 2.31,
                "1X_odd": 1.16,
                "12_odd": 1.23,
                "away_handicap_1.75_odd": 1.33,
                "home_handicap_-1.75_odd": 3.05,
                "home_handicap_-0.25_odd": 1.38,
                "away_handicap_0.25_odd": 2.8,
                "home_handicap_-0.75_odd": 1.69,
                "away_handicap_0.75_odd": 2.04,
                "home_handicap_-1.5_odd": 2.52,
                "away_handicap_1.5_odd": 1.46,
                "home_handicap_-1.0_odd": 1.95,
                "away_handicap_1.0_odd": 1.75,
                "home_handicap_-0.5_odd": 1.54,
                "away_handicap_0.5_odd": 2.33,
                "home_handicap_-1.25_odd": 2.25,
                "away_handicap_1.25_odd": 1.57,
                "over_3.5_odd": 2.8,
                "under_3.5_odd": 1.38,
                "over_3.0_odd": 2.23,
                "under_3.0_odd": 1.58,
                "over_2.5_odd": 1.73,
                "under_2.5_odd": 1.97,
                "over_2.0_odd": 1.34,
                "under_2.0_odd": 3.0,
                "draw_odd": 3.84,
                "2_odd": 4.9,
                "1_odd": 1.52
            },
            {
                "match_id": 27589268,
                "date": "02/08/2025",
                "time": "12:30",
                "home_team": "Cardiff City",
                "away_team": "Peterborough United",
                "both_noscore_odd": 1.97,
                "both_score_odd": 1.73,
                "X2_odd": 2.17,
                "1X_odd": 1.17,
                "12_odd": 1.23,
                "away_handicap_1.75_odd": 1.31,
                "home_handicap_-1.75_odd": 3.15,
                "away_handicap_1.25_odd": 1.53,
                "home_handicap_-1.25_odd": 2.35,
                "away_handicap_0.25_odd": 2.65,
                "home_handicap_-0.25_odd": 1.42,
                "away_handicap_1.5_odd": 1.43,
                "home_handicap_-1.5_odd": 2.62,
                "away_handicap_1.0_odd": 1.7,
                "home_handicap_-1.0_odd": 2.02,
                "away_handicap_0.5_odd": 2.21,
                "home_handicap_-0.5_odd": 1.59,
                "away_handicap_0.0_odd": 3.57,
                "home_handicap_0.0_odd": 1.25,
                "over_3.5_odd": 2.7,
                "under_3.5_odd": 1.4,
                "over_3.0_odd": 2.17,
                "under_3.0_odd": 1.61,
                "over_2.5_odd": 1.69,
                "under_2.5_odd": 2.04,
                "over_2.0_odd": 1.32,
                "under_2.0_odd": 3.1,
                "home_handicap_-0.75_odd": 1.75,
                "away_handicap_0.75_odd": 1.95,
                "draw_odd": 3.75,
                "2_odd": 4.6,
                "1_odd": 1.57
            },
            {
                "match_id": 27589781,
                "date": "02/08/2025",
                "time": "15:00",
                "home_team": "Burton Albion",
                "away_team": "Mansfield Town",
                "both_noscore_odd": 2.1,
                "both_score_odd": 1.65,
                "X2_odd": 1.54,
                "1X_odd": 1.42,
                "12_odd": 1.29,
                "home_handicap_-0.25_odd": 2.01,
                "away_handicap_0.25_odd": 1.71,
                "home_handicap_-0.5_odd": 2.3,
                "away_handicap_0.5_odd": 1.55,
                "home_handicap_0.75_odd": 1.3,
                "away_handicap_-0.75_odd": 3.2,
                "home_handicap_0.5_odd": 1.43,
                "away_handicap_-0.5_odd": 2.62,
                "over_3.5_odd": 2.95,
                "under_3.5_odd": 1.35,
                "under_3.0_odd": 1.52,
                "over_3.0_odd": 2.37,
                "under_2.0_odd": 2.8,
                "over_2.0_odd": 1.38,
                "under_1.5_odd": 3.57,
                "over_1.5_odd": 1.25,
                "away_handicap_0.75_odd": 1.4,
                "home_handicap_-0.75_odd": 2.7,
                "away_handicap_1.0_odd": 1.24,
                "home_handicap_-1.0_odd": 3.65,
                "away_handicap_-0.25_odd": 2.33,
                "home_handicap_0.25_odd": 1.54,
                "away_handicap_0.0_odd": 2.0,
                "home_handicap_0.0_odd": 1.72,
                "over_2.5_odd": 1.79,
                "under_2.5_odd": 1.91,
                "draw_odd": 3.3,
                "2_odd": 2.64,
                "1_odd": 2.28
            },
            {
                "match_id": 27589782,
                "date": "02/08/2025",
                "time": "15:00",
                "home_team": "Blackpool",
                "away_team": "Stevenage",
                "both_score_odd": 1.9,
                "both_noscore_odd": 1.8,
                "X2_odd": 1.82,
                "1X_odd": 1.25,
                "12_odd": 1.29,
                "home_handicap_-1.25_odd": 3.05,
                "away_handicap_1.25_odd": 1.33,
                "home_handicap_-0.75_odd": 2.13,
                "away_handicap_0.75_odd": 1.63,
                "home_handicap_-0.25_odd": 1.63,
                "away_handicap_0.25_odd": 2.13,
                "home_handicap_0.0_odd": 1.4,
                "away_handicap_0.0_odd": 2.7,
                "home_handicap_0.25_odd": 1.31,
                "away_handicap_-0.25_odd": 3.15,
                "home_handicap_0.5_odd": 1.25,
                "away_handicap_-0.5_odd": 3.57,
                "over_3.5_odd": 3.57,
                "under_3.5_odd": 1.25,
                "over_3.0_odd": 2.87,
                "under_3.0_odd": 1.36,
                "over_2.5_odd": 2.02,
                "under_2.5_odd": 1.7,
                "over_2.0_odd": 1.54,
                "under_2.0_odd": 2.33,
                "over_1.5_odd": 1.34,
                "under_1.5_odd": 3.0,
                "home_handicap_-1.5_odd": 3.3,
                "away_handicap_1.5_odd": 1.28,
                "home_handicap_-1.0_odd": 2.65,
                "away_handicap_1.0_odd": 1.42,
                "home_handicap_-0.5_odd": 1.85,
                "away_handicap_0.5_odd": 1.85,
                "draw_odd": 3.36,
                "2_odd": 3.61,
                "1_odd": 1.83
            },
            {
                "match_id": 27589783,
                "date": "02/08/2025",
                "time": "15:00",
                "home_team": "Plymouth Argyle",
                "away_team": "Barnsley",
                "both_noscore_odd": 2.08,
                "both_score_odd": 1.66,
                "X2_odd": 1.86,
                "1X_odd": 1.27,
                "12_odd": 1.25,
                "away_handicap_0.75_odd": 1.69,
                "home_handicap_-0.75_odd": 2.04,
                "away_handicap_0.25_odd": 2.17,
                "home_handicap_-0.25_odd": 1.61,
                "away_handicap_1.0_odd": 1.48,
                "home_handicap_-1.0_odd": 2.45,
                "away_handicap_-0.25_odd": 3.1,
                "home_handicap_0.25_odd": 1.32,
                "away_handicap_-0.5_odd": 3.4,
                "home_handicap_0.5_odd": 1.27,
                "under_3.5_odd": 1.4,
                "over_3.5_odd": 2.7,
                "under_3.0_odd": 1.61,
                "over_3.0_odd": 2.17,
                "under_2.5_odd": 2.04,
                "over_2.5_odd": 1.69,
                "over_2.0_odd": 1.32,
                "under_2.0_odd": 3.1,
                "away_handicap_1.25_odd": 1.38,
                "home_handicap_-1.25_odd": 2.8,
                "away_handicap_1.5_odd": 1.32,
                "home_handicap_-1.5_odd": 3.1,
                "home_handicap_0.0_odd": 1.41,
                "away_handicap_0.0_odd": 2.68,
                "home_handicap_-0.5_odd": 1.81,
                "away_handicap_0.5_odd": 1.89,
                "2_odd": 3.47,
                "1_odd": 1.79,
                "draw_odd": 3.66
            },
            {
                "match_id": 27589784,
                "date": "02/08/2025",
                "time": "15:00",
                "home_team": "Lincoln City",
                "away_team": "Reading",
                "both_noscore_odd": 2.2,
                "both_score_odd": 1.6,
                "X2_odd": 1.62,
                "12_odd": 1.3,
                "1X_odd": 1.35,
                "home_handicap_-0.75_odd": 2.5,
                "away_handicap_0.75_odd": 1.47,
                "away_handicap_0.5_odd": 1.63,
                "home_handicap_-0.5_odd": 2.13,
                "away_handicap_-0.75_odd": 3.57,
                "home_handicap_0.75_odd": 1.25,
                "home_handicap_0.5_odd": 1.36,
                "away_handicap_-0.5_odd": 2.87,
                "over_3.5_odd": 2.8,
                "under_3.5_odd": 1.38,
                "over_3.0_odd": 2.23,
                "under_3.0_odd": 1.58,
                "under_2.5_odd": 2.0,
                "over_2.5_odd": 1.72,
                "under_2.0_odd": 3.0,
                "over_2.0_odd": 1.34,
                "away_handicap_1.0_odd": 1.29,
                "home_handicap_-1.0_odd": 3.25,
                "away_handicap_-0.25_odd": 2.55,
                "home_handicap_0.25_odd": 1.45,
                "away_handicap_0.0_odd": 2.21,
                "home_handicap_0.0_odd": 1.59,
                "away_handicap_0.25_odd": 1.85,
                "home_handicap_-0.25_odd": 1.85,
                "2_odd": 2.94,
                "1_odd": 2.11,
                "draw_odd": 3.27
            },
            {
                "match_id": 27589785,
                "date": "02/08/2025",
                "time": "15:00",
                "home_team": "Wigan Athletic",
                "away_team": "Northampton Town",
                "both_noscore_odd": 1.67,
                "both_score_odd": 2.07,
                "12_odd": 1.31,
                "X2_odd": 1.77,
                "1X_odd": 1.25,
                "away_handicap_1.25_odd": 1.29,
                "home_handicap_-1.25_odd": 3.25,
                "away_handicap_0.75_odd": 1.58,
                "home_handicap_-0.75_odd": 2.23,
                "home_handicap_-0.25_odd": 1.66,
                "away_handicap_0.25_odd": 2.08,
                "home_handicap_0.25_odd": 1.31,
                "away_handicap_-0.25_odd": 3.15,
                "away_handicap_-0.5_odd": 3.57,
                "home_handicap_0.5_odd": 1.25,
                "over_3.0_odd": 3.47,
                "under_3.0_odd": 1.26,
                "under_2.5_odd": 1.55,
                "over_2.5_odd": 2.3,
                "under_1.5_odd": 2.62,
                "over_1.5_odd": 1.43,
                "away_handicap_1.0_odd": 1.37,
                "home_handicap_-1.0_odd": 2.85,
                "home_handicap_0.0_odd": 1.41,
                "away_handicap_0.0_odd": 2.68,
                "home_handicap_-0.5_odd": 1.92,
                "away_handicap_0.5_odd": 1.78,
                "away_handicap_1.5_odd": 1.24,
                "home_handicap_-1.5_odd": 3.65,
                "under_2.0_odd": 1.97,
                "over_2.0_odd": 1.73,
                "draw_odd": 3.17,
                "2_odd": 3.63,
                "1_odd": 1.89
            },
            {
                "match_id": 27589786,
                "date": "02/08/2025",
                "time": "15:00",
                "home_team": "Bradford City",
                "away_team": "Wycombe Wanderers",
                "both_noscore_odd": 1.82,
                "both_score_odd": 1.88,
                "X2_odd": 1.5,
                "1X_odd": 1.4,
                "12_odd": 1.33,
                "away_handicap_0.75_odd": 1.36,
                "home_handicap_-0.75_odd": 2.87,
                "away_handicap_0.5_odd": 1.51,
                "home_handicap_-0.5_odd": 2.39,
                "home_handicap_0.75_odd": 1.28,
                "away_handicap_-0.75_odd": 3.3,
                "home_handicap_0.5_odd": 1.41,
                "away_handicap_-0.5_odd": 2.68,
                "home_handicap_-0.25_odd": 2.05,
                "away_handicap_0.25_odd": 1.68,
                "home_handicap_0.25_odd": 1.53,
                "away_handicap_-0.25_odd": 2.35,
                "away_handicap_0.0_odd": 1.96,
                "home_handicap_0.0_odd": 1.74,
                "under_3.0_odd": 1.3,
                "over_3.0_odd": 3.2,
                "under_2.5_odd": 1.61,
                "over_2.5_odd": 2.17,
                "under_2.0_odd": 2.13,
                "over_2.0_odd": 1.63,
                "over_1.5_odd": 1.38,
                "under_1.5_odd": 2.8,
                "draw_odd": 3.04,
                "2_odd": 2.71,
                "1_odd": 2.37
            },
            {
                "match_id": 27589787,
                "date": "02/08/2025",
                "time": "15:00",
                "home_team": "Rotherham United",
                "away_team": "Port Vale",
                "both_score_odd": 1.76,
                "both_noscore_odd": 1.94,
                "X2_odd": 1.77,
                "12_odd": 1.27,
                "1X_odd": 1.29,
                "home_handicap_-0.75_odd": 2.21,
                "away_handicap_0.75_odd": 1.59,
                "home_handicap_-0.25_odd": 1.69,
                "away_handicap_0.25_odd": 2.04,
                "home_handicap_-1.5_odd": 3.47,
                "away_handicap_1.5_odd": 1.26,
                "away_handicap_0.0_odd": 2.52,
                "home_handicap_0.0_odd": 1.46,
                "away_handicap_-0.25_odd": 2.87,
                "home_handicap_0.25_odd": 1.36,
                "away_handicap_-0.5_odd": 3.25,
                "home_handicap_0.5_odd": 1.29,
                "under_3.5_odd": 1.31,
                "over_3.5_odd": 3.15,
                "under_3.0_odd": 1.46,
                "over_3.0_odd": 2.52,
                "under_2.0_odd": 2.62,
                "over_2.0_odd": 1.43,
                "under_1.5_odd": 3.3,
                "over_1.5_odd": 1.28,
                "away_handicap_1.25_odd": 1.31,
                "home_handicap_-1.25_odd": 3.15,
                "away_handicap_1.0_odd": 1.39,
                "home_handicap_-1.0_odd": 2.75,
                "away_handicap_0.5_odd": 1.78,
                "home_handicap_-0.5_odd": 1.92,
                "under_2.5_odd": 1.83,
                "over_2.5_odd": 1.87,
                "2_odd": 3.33,
                "1_odd": 1.89,
                "draw_odd": 3.45
            },
            {
                "match_id": 27589788,
                "date": "02/08/2025",
                "time": "15:00",
                "home_team": "Huddersfield Town",
                "away_team": "Leyton Orient",
                "both_noscore_odd": 1.89,
                "both_score_odd": 1.81,
                "12_odd": 1.23,
                "X2_odd": 1.89,
                "1X_odd": 1.27,
                "under_1.5_odd": 3.4,
                "over_1.5_odd": 1.27,
                "away_handicap_1.25_odd": 1.41,
                "home_handicap_-1.25_odd": 2.68,
                "away_handicap_0.75_odd": 1.72,
                "home_handicap_-0.75_odd": 2.0,
                "away_handicap_0.0_odd": 2.7,
                "home_handicap_0.0_odd": 1.4,
                "away_handicap_0.25_odd": 2.21,
                "home_handicap_-0.25_odd": 1.59,
                "home_handicap_-1.5_odd": 3.0,
                "away_handicap_1.5_odd": 1.34,
                "home_handicap_-1.0_odd": 2.37,
                "away_handicap_1.0_odd": 1.52,
                "away_handicap_-0.25_odd": 3.05,
                "home_handicap_0.25_odd": 1.32,
                "away_handicap_-0.5_odd": 3.4,
                "home_handicap_0.5_odd": 1.27,
                "under_3.5_odd": 1.33,
                "over_3.5_odd": 3.05,
                "under_3.0_odd": 1.49,
                "over_3.0_odd": 2.44,
                "under_2.0_odd": 2.68,
                "over_2.0_odd": 1.41,
                "away_handicap_0.5_odd": 1.93,
                "home_handicap_-0.5_odd": 1.77,
                "over_2.5_odd": 1.83,
                "under_2.5_odd": 1.87,
                "draw_odd": 3.81,
                "2_odd": 3.45,
                "1_odd": 1.76
            },
            {
                "match_id": 27589789,
                "date": "02/08/2025",
                "time": "15:00",
                "home_team": "Doncaster Rovers",
                "away_team": "Exeter City",
                "both_noscore_odd": 1.9,
                "both_score_odd": 1.8,
                "12_odd": 1.29,
                "X2_odd": 1.86,
                "1X_odd": 1.23,
                "away_handicap_1.25_odd": 1.35,
                "home_handicap_-1.25_odd": 2.95,
                "home_handicap_-0.25_odd": 1.59,
                "away_handicap_0.25_odd": 2.21,
                "home_handicap_-1.0_odd": 2.55,
                "away_handicap_1.0_odd": 1.45,
                "away_handicap_0.0_odd": 2.87,
                "home_handicap_0.0_odd": 1.36,
                "away_handicap_-0.25_odd": 3.25,
                "home_handicap_0.25_odd": 1.29,
                "away_handicap_0.75_odd": 1.67,
                "home_handicap_-0.75_odd": 2.07,
                "away_handicap_1.5_odd": 1.28,
                "home_handicap_-1.5_odd": 3.3,
                "home_handicap_-0.5_odd": 1.83,
                "away_handicap_0.5_odd": 1.87,
                "under_3.5_odd": 1.29,
                "over_3.5_odd": 3.25,
                "under_3.0_odd": 1.43,
                "over_3.0_odd": 2.62,
                "under_2.0_odd": 2.52,
                "over_2.0_odd": 1.46,
                "under_1.5_odd": 3.25,
                "over_1.5_odd": 1.29,
                "under_2.5_odd": 1.79,
                "over_2.5_odd": 1.91,
                "2_odd": 3.84,
                "1_odd": 1.79,
                "draw_odd": 3.33
            }
        ]
    },
    {
        "tournament_name": "League Two",
        "tournament_id": "1844",
        "matches": [
            {
                "match_id": 27584191,
                "date": "02/08/2025",
                "time": "15:00",
                "home_team": "Grimsby Town",
                "away_team": "Crawley Town",
                "both_score_odd": 1.57,
                "both_noscore_odd": 2.25,
                "X2_odd": 1.6,
                "1X_odd": 1.39,
                "12_odd": 1.28,
                "home_handicap_-0.75_odd": 2.52,
                "away_handicap_0.75_odd": 1.46,
                "away_handicap_1.0_odd": 1.29,
                "home_handicap_-1.0_odd": 3.25,
                "away_handicap_0.5_odd": 1.62,
                "home_handicap_-0.5_odd": 2.15,
                "home_handicap_0.75_odd": 1.28,
                "away_handicap_-0.75_odd": 3.3,
                "home_handicap_0.5_odd": 1.4,
                "away_handicap_-0.5_odd": 2.7,
                "home_handicap_0.0_odd": 1.65,
                "away_handicap_0.0_odd": 2.1,
                "home_handicap_-0.25_odd": 1.91,
                "away_handicap_0.25_odd": 1.79,
                "over_3.5_odd": 2.62,
                "under_3.5_odd": 1.43,
                "over_3.0_odd": 2.1,
                "under_3.0_odd": 1.65,
                "over_2.5_odd": 1.66,
                "under_2.5_odd": 2.08,
                "over_2.0_odd": 1.3,
                "under_2.0_odd": 3.2,
                "home_handicap_0.25_odd": 1.49,
                "away_handicap_-0.25_odd": 2.44,
                "draw_odd": 3.41,
                "2_odd": 2.76,
                "1_odd": 2.15
            },
            {
                "match_id": 27584192,
                "date": "02/08/2025",
                "time": "15:00",
                "home_team": "Walsall",
                "away_team": "Swindon Town",
                "both_score_odd": 1.6,
                "both_noscore_odd": 2.2,
                "X2_odd": 1.72,
                "12_odd": 1.26,
                "1X_odd": 1.33,
                "home_handicap_-1.0_odd": 2.87,
                "away_handicap_1.0_odd": 1.36,
                "home_handicap_-0.5_odd": 2.0,
                "away_handicap_0.5_odd": 1.72,
                "over_3.5_odd": 2.68,
                "under_3.5_odd": 1.41,
                "over_3.0_odd": 2.13,
                "under_3.0_odd": 1.63,
                "over_2.5_odd": 1.68,
                "under_2.5_odd": 2.05,
                "over_2.0_odd": 1.31,
                "under_2.0_odd": 3.15,
                "home_handicap_-1.25_odd": 3.25,
                "away_handicap_1.25_odd": 1.29,
                "home_handicap_-0.75_odd": 2.33,
                "away_handicap_0.75_odd": 1.54,
                "home_handicap_-1.5_odd": 3.57,
                "away_handicap_1.5_odd": 1.25,
                "home_handicap_0.0_odd": 1.53,
                "away_handicap_0.0_odd": 2.35,
                "home_handicap_0.25_odd": 1.42,
                "away_handicap_-0.25_odd": 2.65,
                "home_handicap_0.5_odd": 1.34,
                "away_handicap_-0.5_odd": 3.0,
                "home_handicap_-0.25_odd": 1.77,
                "away_handicap_0.25_odd": 1.93,
                "draw_odd": 3.53,
                "2_odd": 3.03,
                "1_odd": 1.98
            },
            {
                "match_id": 27584193,
                "date": "02/08/2025",
                "time": "15:00",
                "home_team": "Cambridge United",
                "away_team": "Cheltenham Town",
                "both_score_odd": 1.71,
                "both_noscore_odd": 2.01,
                "12_odd": 1.3,
                "X2_odd": 1.77,
                "1X_odd": 1.26,
                "home_handicap_-1.25_odd": 3.2,
                "away_handicap_1.25_odd": 1.3,
                "home_handicap_-0.75_odd": 2.21,
                "away_handicap_0.75_odd": 1.59,
                "home_handicap_-1.0_odd": 2.8,
                "away_handicap_1.0_odd": 1.38,
                "home_handicap_0.0_odd": 1.43,
                "away_handicap_0.0_odd": 2.62,
                "home_handicap_0.25_odd": 1.33,
                "away_handicap_-0.25_odd": 3.05,
                "away_handicap_0.5_odd": 1.79,
                "home_handicap_-0.5_odd": 1.91,
                "away_handicap_-0.5_odd": 3.4,
                "home_handicap_0.5_odd": 1.27,
                "away_handicap_0.25_odd": 2.07,
                "home_handicap_-0.25_odd": 1.67,
                "home_handicap_-1.5_odd": 3.57,
                "away_handicap_1.5_odd": 1.25,
                "over_3.5_odd": 3.1,
                "under_3.5_odd": 1.32,
                "over_3.0_odd": 2.5,
                "under_3.0_odd": 1.47,
                "over_2.0_odd": 1.42,
                "under_2.0_odd": 2.65,
                "over_1.5_odd": 1.27,
                "under_1.5_odd": 3.4,
                "over_2.5_odd": 1.85,
                "under_2.5_odd": 1.85,
                "draw_odd": 3.25,
                "2_odd": 3.52,
                "1_odd": 1.89
            },
            {
                "match_id": 27584194,
                "date": "02/08/2025",
                "time": "15:00",
                "home_team": "Barnet FC",
                "away_team": "Fleetwood Town",
                "both_score_odd": 1.79,
                "both_noscore_odd": 1.91,
                "12_odd": 1.31,
                "X2_odd": 1.76,
                "1X_odd": 1.27,
                "away_handicap_1.25_odd": 1.28,
                "home_handicap_-1.25_odd": 3.3,
                "away_handicap_0.75_odd": 1.56,
                "home_handicap_-0.75_odd": 2.27,
                "away_handicap_0.25_odd": 2.04,
                "home_handicap_-0.25_odd": 1.69,
                "away_handicap_1.0_odd": 1.35,
                "home_handicap_-1.0_odd": 2.95,
                "away_handicap_0.0_odd": 2.59,
                "home_handicap_0.0_odd": 1.44,
                "away_handicap_-0.25_odd": 3.05,
                "home_handicap_0.25_odd": 1.33,
                "away_handicap_-0.5_odd": 3.4,
                "home_handicap_0.5_odd": 1.27,
                "home_handicap_-0.5_odd": 1.93,
                "away_handicap_0.5_odd": 1.77,
                "over_3.5_odd": 3.4,
                "under_3.5_odd": 1.27,
                "over_3.0_odd": 2.75,
                "under_3.0_odd": 1.39,
                "over_2.5_odd": 1.96,
                "under_2.5_odd": 1.74,
                "over_2.0_odd": 1.5,
                "under_2.0_odd": 2.4,
                "over_1.5_odd": 1.31,
                "under_1.5_odd": 3.1,
                "draw_odd": 3.18,
                "2_odd": 3.51,
                "1_odd": 1.92
            },
            {
                "match_id": 27584195,
                "date": "02/08/2025",
                "time": "15:00",
                "home_team": "Milton Keynes Dons",
                "away_team": "Oldham Athletic",
                "both_score_odd": 1.97,
                "both_noscore_odd": 1.73,
                "12_odd": 1.25,
                "X2_odd": 1.97,
                "1X_odd": 1.22,
                "home_handicap_-1.25_odd": 2.62,
                "away_handicap_1.25_odd": 1.43,
                "home_handicap_-0.25_odd": 1.53,
                "away_handicap_0.25_odd": 2.35,
                "home_handicap_-1.5_odd": 2.95,
                "away_handicap_1.5_odd": 1.35,
                "away_handicap_0.0_odd": 3.05,
                "home_handicap_0.0_odd": 1.33,
                "away_handicap_-0.25_odd": 3.4,
                "home_handicap_0.25_odd": 1.27,
                "away_handicap_0.75_odd": 1.76,
                "home_handicap_-0.75_odd": 1.94,
                "home_handicap_-1.0_odd": 2.33,
                "away_handicap_1.0_odd": 1.54,
                "home_handicap_-0.5_odd": 1.72,
                "away_handicap_0.5_odd": 2.0,
                "over_3.5_odd": 3.57,
                "under_3.5_odd": 1.25,
                "over_3.0_odd": 2.87,
                "under_3.0_odd": 1.36,
                "over_2.5_odd": 2.01,
                "under_2.5_odd": 1.71,
                "over_2.0_odd": 1.53,
                "under_2.0_odd": 2.35,
                "over_1.5_odd": 1.33,
                "under_1.5_odd": 3.05,
                "2_odd": 3.93,
                "1_odd": 1.7,
                "draw_odd": 3.62
            },
            {
                "match_id": 27584196,
                "date": "02/08/2025",
                "time": "15:00",
                "home_team": "Salford City",
                "away_team": "Crewe Alexandra",
                "both_noscore_odd": 1.92,
                "both_score_odd": 1.78,
                "12_odd": 1.3,
                "X2_odd": 1.67,
                "1X_odd": 1.32,
                "home_handicap_-1.0_odd": 3.15,
                "away_handicap_1.0_odd": 1.31,
                "home_handicap_-0.75_odd": 2.4,
                "away_handicap_0.75_odd": 1.5,
                "home_handicap_-0.5_odd": 2.05,
                "away_handicap_0.5_odd": 1.68,
                "home_handicap_0.0_odd": 1.53,
                "away_handicap_0.0_odd": 2.35,
                "home_handicap_0.25_odd": 1.4,
                "away_handicap_-0.25_odd": 2.7,
                "home_handicap_0.5_odd": 1.32,
                "away_handicap_-0.5_odd": 3.1,
                "home_handicap_-0.25_odd": 1.8,
                "away_handicap_0.25_odd": 1.9,
                "away_handicap_1.25_odd": 1.25,
                "home_handicap_-1.25_odd": 3.57,
                "over_3.5_odd": 3.4,
                "under_3.5_odd": 1.27,
                "over_3.0_odd": 2.7,
                "under_3.0_odd": 1.4,
                "under_2.0_odd": 2.4,
                "over_2.0_odd": 1.5,
                "under_1.5_odd": 3.15,
                "over_1.5_odd": 1.31,
                "under_2.5_odd": 1.75,
                "over_2.5_odd": 1.95,
                "2_odd": 3.12,
                "1_odd": 2.04,
                "draw_odd": 3.23
            },
            {
                "match_id": 27584197,
                "date": "02/08/2025",
                "time": "15:00",
                "home_team": "Chesterfield FC",
                "away_team": "Barrow AFC",
                "both_noscore_odd": 1.78,
                "both_score_odd": 1.92,
                "X2_odd": 2.06,
                "1X_odd": 1.18,
                "12_odd": 1.27,
                "away_handicap_1.25_odd": 1.43,
                "home_handicap_-1.25_odd": 2.62,
                "away_handicap_0.25_odd": 2.45,
                "home_handicap_-0.25_odd": 1.48,
                "away_handicap_1.5_odd": 1.34,
                "home_handicap_-1.5_odd": 3.0,
                "away_handicap_1.0_odd": 1.56,
                "home_handicap_-1.0_odd": 2.27,
                "away_handicap_0.5_odd": 2.05,
                "home_handicap_-0.5_odd": 1.68,
                "away_handicap_0.0_odd": 3.3,
                "home_handicap_0.0_odd": 1.28,
                "away_handicap_0.75_odd": 1.81,
                "home_handicap_-0.75_odd": 1.89,
                "away_handicap_1.75_odd": 1.24,
                "home_handicap_-1.75_odd": 3.65,
                "under_3.5_odd": 1.27,
                "over_3.5_odd": 3.4,
                "under_3.0_odd": 1.38,
                "over_3.0_odd": 2.8,
                "under_2.5_odd": 1.73,
                "over_2.5_odd": 1.97,
                "under_2.0_odd": 2.39,
                "over_2.0_odd": 1.51,
                "under_1.5_odd": 3.1,
                "over_1.5_odd": 1.32,
                "2_odd": 4.5,
                "1_odd": 1.65,
                "draw_odd": 3.41
            },
            {
                "match_id": 27584198,
                "date": "02/08/2025",
                "time": "15:00",
                "home_team": "Newport County",
                "away_team": "Notts County",
                "both_noscore_odd": 1.86,
                "both_score_odd": 1.84,
                "12_odd": 1.25,
                "X2_odd": 1.22,
                "1X_odd": 1.99,
                "away_handicap_-1.25_odd": 2.59,
                "home_handicap_1.25_odd": 1.44,
                "away_handicap_-0.25_odd": 1.51,
                "home_handicap_0.25_odd": 2.39,
                "away_handicap_-1.5_odd": 2.87,
                "home_handicap_1.5_odd": 1.36,
                "away_handicap_-1.0_odd": 2.27,
                "home_handicap_1.0_odd": 1.56,
                "away_handicap_-0.5_odd": 1.7,
                "home_handicap_0.5_odd": 2.02,
                "away_handicap_-1.75_odd": 3.57,
                "home_handicap_1.75_odd": 1.25,
                "under_3.5_odd": 1.31,
                "over_3.5_odd": 3.15,
                "under_3.0_odd": 1.47,
                "over_3.0_odd": 2.5,
                "under_2.0_odd": 2.62,
                "over_2.0_odd": 1.43,
                "under_1.5_odd": 3.3,
                "over_1.5_odd": 1.28,
                "away_handicap_0.25_odd": 1.26,
                "home_handicap_-0.25_odd": 3.47,
                "away_handicap_0.0_odd": 1.32,
                "home_handicap_0.0_odd": 3.1,
                "home_handicap_0.75_odd": 1.79,
                "away_handicap_-0.75_odd": 1.91,
                "over_2.5_odd": 1.86,
                "under_2.5_odd": 1.84,
                "draw_odd": 3.63,
                "2_odd": 1.68,
                "1_odd": 4.0
            },
            {
                "match_id": 27584199,
                "date": "02/08/2025",
                "time": "15:00",
                "home_team": "Colchester United",
                "away_team": "Tranmere Rovers",
                "both_noscore_odd": 1.75,
                "both_score_odd": 1.95,
                "X2_odd": 1.7,
                "1X_odd": 1.29,
                "12_odd": 1.31,
                "away_handicap_0.75_odd": 1.52,
                "home_handicap_-0.75_odd": 2.37,
                "away_handicap_1.0_odd": 1.33,
                "home_handicap_-1.0_odd": 3.05,
                "away_handicap_0.5_odd": 1.72,
                "home_handicap_-0.5_odd": 2.0,
                "away_handicap_0.0_odd": 2.45,
                "home_handicap_0.0_odd": 1.48,
                "away_handicap_-0.25_odd": 2.85,
                "home_handicap_0.25_odd": 1.37,
                "under_3.0_odd": 1.29,
                "over_3.0_odd": 3.25,
                "under_2.5_odd": 1.6,
                "over_2.5_odd": 2.2,
                "under_2.0_odd": 2.1,
                "over_2.0_odd": 1.65,
                "under_1.5_odd": 2.75,
                "over_1.5_odd": 1.39,
                "away_handicap_1.25_odd": 1.26,
                "home_handicap_-1.25_odd": 3.47,
                "away_handicap_-0.5_odd": 3.25,
                "home_handicap_0.5_odd": 1.29,
                "away_handicap_0.25_odd": 1.96,
                "home_handicap_-0.25_odd": 1.74,
                "2_odd": 3.31,
                "1_odd": 1.99,
                "draw_odd": 3.18
            },
            {
                "match_id": 27584200,
                "date": "02/08/2025",
                "time": "15:00",
                "home_team": "Shrewsbury Town",
                "away_team": "Bromley FC",
                "both_score_odd": 1.79,
                "both_noscore_odd": 1.91,
                "12_odd": 1.28,
                "X2_odd": 1.72,
                "1X_odd": 1.31,
                "away_handicap_1.25_odd": 1.29,
                "home_handicap_-1.25_odd": 3.25,
                "away_handicap_0.75_odd": 1.55,
                "home_handicap_-0.75_odd": 2.3,
                "away_handicap_0.25_odd": 1.96,
                "home_handicap_-0.25_odd": 1.74,
                "home_handicap_-1.5_odd": 3.65,
                "away_handicap_1.5_odd": 1.24,
                "home_handicap_-1.0_odd": 2.87,
                "away_handicap_1.0_odd": 1.36,
                "away_handicap_0.5_odd": 1.73,
                "home_handicap_-0.5_odd": 1.97,
                "away_handicap_0.0_odd": 2.4,
                "home_handicap_0.0_odd": 1.5,
                "away_handicap_-0.5_odd": 3.15,
                "home_handicap_0.5_odd": 1.31,
                "over_3.5_odd": 3.25,
                "under_3.5_odd": 1.29,
                "over_3.0_odd": 2.65,
                "under_3.0_odd": 1.42,
                "over_2.0_odd": 1.47,
                "under_2.0_odd": 2.5,
                "over_1.5_odd": 1.3,
                "under_1.5_odd": 3.2,
                "away_handicap_-0.25_odd": 2.8,
                "home_handicap_0.25_odd": 1.38,
                "over_2.5_odd": 1.92,
                "under_2.5_odd": 1.78,
                "draw_odd": 3.37,
                "2_odd": 3.2,
                "1_odd": 1.96
            },
            {
                "match_id": 27584201,
                "date": "02/08/2025",
                "time": "15:00",
                "home_team": "Accrington Stanley",
                "away_team": "Gillingham",
                "both_noscore_odd": 1.86,
                "both_score_odd": 1.84,
                "12_odd": 1.36,
                "X2_odd": 1.39,
                "1X_odd": 1.48,
                "away_handicap_0.5_odd": 1.4,
                "home_handicap_-0.5_odd": 2.7,
                "away_handicap_-0.75_odd": 3.05,
                "home_handicap_0.75_odd": 1.33,
                "away_handicap_-0.25_odd": 2.1,
                "home_handicap_0.25_odd": 1.65,
                "away_handicap_-0.5_odd": 2.44,
                "home_handicap_0.5_odd": 1.49,
                "over_3.0_odd": 3.25,
                "under_3.0_odd": 1.29,
                "over_2.5_odd": 2.17,
                "under_2.5_odd": 1.61,
                "over_2.0_odd": 1.64,
                "under_2.0_odd": 2.12,
                "over_1.5_odd": 1.39,
                "under_1.5_odd": 2.75,
                "home_handicap_-0.75_odd": 3.4,
                "away_handicap_0.75_odd": 1.27,
                "home_handicap_-0.25_odd": 2.37,
                "away_handicap_0.25_odd": 1.52,
                "home_handicap_0.0_odd": 1.96,
                "away_handicap_0.0_odd": 1.74,
                "draw_odd": 2.87,
                "2_odd": 2.45,
                "1_odd": 2.75
            },
            {
                "match_id": 27584202,
                "date": "02/08/2025",
                "time": "15:00",
                "home_team": "Bristol Rovers",
                "away_team": "Harrogate Town AFC",
                "both_score_odd": 1.97,
                "both_noscore_odd": 1.73,
                "12_odd": 1.29,
                "X2_odd": 2.01,
                "1X_odd": 1.19,
                "home_handicap_-1.25_odd": 2.7,
                "away_handicap_1.25_odd": 1.4,
                "away_handicap_0.75_odd": 1.78,
                "home_handicap_-0.75_odd": 1.92,
                "away_handicap_0.0_odd": 3.25,
                "home_handicap_0.0_odd": 1.29,
                "over_3.0_odd": 3.1,
                "under_3.0_odd": 1.32,
                "over_2.5_odd": 2.1,
                "under_2.5_odd": 1.65,
                "over_2.0_odd": 1.59,
                "under_2.0_odd": 2.21,
                "under_1.5_odd": 2.87,
                "over_1.5_odd": 1.36,
                "home_handicap_-0.25_odd": 1.5,
                "away_handicap_0.25_odd": 2.4,
                "home_handicap_-1.5_odd": 3.1,
                "away_handicap_1.5_odd": 1.32,
                "home_handicap_-1.0_odd": 2.37,
                "away_handicap_1.0_odd": 1.52,
                "home_handicap_-0.5_odd": 1.71,
                "away_handicap_0.5_odd": 2.01,
                "2_odd": 4.5,
                "draw_odd": 3.29,
                "1_odd": 1.69
            }
        ]
    }
]