[
    {
        "tournament_name": "Premium Liiga",
        "tournament_id": "1852",
        "matches": [
            {
                "match_id": 27538485,
                "date": "20/07/2025",
                "time": "17:00",
                "home_team": "Paide Linnameeskond",
                "away_team": "Narva Trans",
                "both_noscore_odd": 2.68,
                "both_score_odd": 1.41,
                "over_4.5_odd": 3.2,
                "under_4.5_odd": 1.3,
                "over_4.0_odd": 2.65,
                "under_4.0_odd": 1.42,
                "over_3.5_odd": 2.0,
                "under_3.5_odd": 1.72,
                "under_3.0_odd": 2.2,
                "over_3.0_odd": 1.6,
                "away_handicap_1.25_odd": 1.42,
                "home_handicap_-1.25_odd": 2.65,
                "away_handicap_0.75_odd": 1.73,
                "home_handicap_-0.75_odd": 1.97,
                "away_handicap_1.0_odd": 1.52,
                "home_handicap_-1.0_odd": 2.37,
                "away_handicap_0.5_odd": 1.92,
                "home_handicap_-0.5_odd": 1.78,
                "home_handicap_0.25_odd": 1.32,
                "away_handicap_-0.25_odd": 3.1,
                "home_handicap_0.5_odd": 1.27,
                "away_handicap_-0.5_odd": 3.4,
                "home_handicap_0.0_odd": 1.39,
                "away_handicap_0.0_odd": 2.75,
                "12_odd": 1.23,
                "X2_odd": 1.91,
                "1X_odd": 1.26,
                "under_2.5_odd": 2.7,
                "over_2.5_odd": 1.4,
                "away_handicap_0.25_odd": 2.23,
                "home_handicap_-0.25_odd": 1.58,
                "2_odd": 3.5,
                "1_odd": 1.75,
                "draw_odd": 3.8,
                "home_handicap_-1.5_odd": 2.95,
                "away_handicap_1.5_odd": 1.35,
                "home_handicap_-1.75_odd": 3.57,
                "away_handicap_1.75_odd": 1.25
            },
            {
                "match_id": 27538486,
                "date": "20/07/2025",
                "time": "17:00",
                "home_team": "FC Kuressaare",
                "away_team": "Parnu JK Vaprus",
                "both_score_odd": 1.57,
                "both_noscore_odd": 2.25,
                "away_handicap_0.75_odd": 1.34,
                "home_handicap_-0.75_odd": 3.0,
                "away_handicap_0.25_odd": 1.58,
                "home_handicap_-0.25_odd": 2.23,
                "away_handicap_0.5_odd": 1.47,
                "home_handicap_-0.5_odd": 2.5,
                "away_handicap_-0.75_odd": 2.65,
                "home_handicap_0.75_odd": 1.42,
                "away_handicap_-0.5_odd": 2.25,
                "home_handicap_0.5_odd": 1.57,
                "X2_odd": 1.46,
                "12_odd": 1.25,
                "1X_odd": 1.56,
                "over_3.5_odd": 2.55,
                "under_3.5_odd": 1.45,
                "under_2.5_odd": 2.15,
                "over_2.5_odd": 1.62,
                "away_handicap_-0.25_odd": 2.0,
                "home_handicap_0.25_odd": 1.72,
                "away_handicap_-1.0_odd": 3.4,
                "home_handicap_1.0_odd": 1.27,
                "home_handicap_0.0_odd": 1.94,
                "away_handicap_0.0_odd": 1.76,
                "over_3.0_odd": 2.02,
                "under_3.0_odd": 1.7,
                "draw_odd": 3.72,
                "2_odd": 2.23,
                "1_odd": 2.48,
                "over_2.0_odd": 1.28,
                "under_2.0_odd": 3.3
            },
            {
                "match_id": 27538487,
                "date": "20/07/2025",
                "time": "15:00",
                "home_team": "Tartu JK Tammeka",
                "away_team": "FC Flora Tallinn",
                "both_noscore_odd": 1.9,
                "both_score_odd": 1.8,
                "over_4.5_odd": 3.1,
                "under_4.5_odd": 1.32,
                "over_4.0_odd": 2.55,
                "under_4.0_odd": 1.45,
                "over_3.5_odd": 1.94,
                "under_3.5_odd": 1.76,
                "over_3.0_odd": 1.56,
                "under_3.0_odd": 2.27,
                "home_handicap_2.75_odd": 1.35,
                "away_handicap_-2.75_odd": 2.95,
                "home_handicap_2.25_odd": 1.57,
                "away_handicap_-2.25_odd": 2.25,
                "away_handicap_-1.25_odd": 1.5,
                "home_handicap_1.25_odd": 2.4,
                "away_handicap_-0.75_odd": 1.31,
                "home_handicap_0.75_odd": 3.15,
                "away_handicap_-2.5_odd": 2.5,
                "home_handicap_2.5_odd": 1.47,
                "away_handicap_-2.0_odd": 2.01,
                "home_handicap_2.0_odd": 1.71,
                "away_handicap_-1.5_odd": 1.63,
                "home_handicap_1.5_odd": 2.13,
                "away_handicap_-1.0_odd": 1.36,
                "home_handicap_1.0_odd": 2.87,
                "away_handicap_-0.5_odd": 1.27,
                "home_handicap_0.5_odd": 3.4,
                "X2_odd": 1.09,
                "1X_odd": 3.41,
                "12_odd": 1.12,
                "under_2.5_odd": 2.8,
                "over_2.5_odd": 1.38,
                "away_handicap_-1.75_odd": 1.78,
                "home_handicap_1.75_odd": 1.92,
                "draw_odd": 5.7,
                "2_odd": 1.25,
                "1_odd": 7.0
            },
            {
                "match_id": 27538488,
                "date": "20/07/2025",
                "time": "15:00",
                "home_team": "JK Nomme Kalju",
                "away_team": "JK Tallinna Kalev",
                "both_score_odd": 1.61,
                "both_noscore_odd": 2.17,
                "over_5.0_odd": 3.47,
                "under_5.0_odd": 1.26,
                "over_4.5_odd": 2.4,
                "under_4.5_odd": 1.5,
                "over_4.0_odd": 1.97,
                "under_4.0_odd": 1.73,
                "over_3.5_odd": 1.64,
                "under_3.5_odd": 2.12,
                "under_3.0_odd": 3.0,
                "over_3.0_odd": 1.34,
                "away_handicap_3.25_odd": 1.27,
                "home_handicap_-3.25_odd": 3.4,
                "home_handicap_-2.75_odd": 2.55,
                "away_handicap_2.75_odd": 1.45,
                "away_handicap_1.75_odd": 2.08,
                "home_handicap_-1.75_odd": 1.66,
                "away_handicap_1.25_odd": 2.62,
                "home_handicap_-1.25_odd": 1.43,
                "home_handicap_-3.0_odd": 3.1,
                "away_handicap_3.0_odd": 1.32,
                "away_handicap_2.5_odd": 1.58,
                "home_handicap_-2.5_odd": 2.23,
                "away_handicap_2.0_odd": 1.9,
                "home_handicap_-2.0_odd": 1.8,
                "away_handicap_1.5_odd": 2.3,
                "home_handicap_-1.5_odd": 1.55,
                "X2_odd": 3.72,
                "1X_odd": 1.08,
                "12_odd": 1.11,
                "under_2.5_odd": 3.57,
                "over_2.5_odd": 1.25,
                "away_handicap_2.25_odd": 1.7,
                "home_handicap_-2.25_odd": 2.02,
                "2_odd": 7.7,
                "1_odd": 1.21,
                "draw_odd": 6.0,
                "home_handicap_-0.75_odd": 1.26,
                "away_handicap_0.75_odd": 3.47,
                "home_handicap_-1.0_odd": 1.31,
                "away_handicap_1.0_odd": 3.15
            },
            {
                "match_id": 27564132,
                "date": "19/07/2025",
                "time": "17:00",
                "home_team": "FCI Levadia Tallinn",
                "away_team": "Harju JK Laagri",
                "both_score_odd": 2.05,
                "both_noscore_odd": 1.68,
                "under_4.5_odd": 1.3,
                "over_4.5_odd": 3.2,
                "under_4.0_odd": 1.42,
                "over_4.0_odd": 2.65,
                "under_3.5_odd": 1.72,
                "over_3.5_odd": 2.0,
                "under_3.0_odd": 2.2,
                "over_3.0_odd": 1.6,
                "home_handicap_-2.75_odd": 2.52,
                "away_handicap_2.75_odd": 1.46,
                "away_handicap_2.25_odd": 1.73,
                "home_handicap_-2.25_odd": 1.97,
                "away_handicap_1.25_odd": 2.85,
                "home_handicap_-1.25_odd": 1.37,
                "home_handicap_-3.0_odd": 3.1,
                "away_handicap_3.0_odd": 1.32,
                "away_handicap_2.5_odd": 1.59,
                "home_handicap_-2.5_odd": 2.21,
                "away_handicap_2.0_odd": 1.94,
                "home_handicap_-2.0_odd": 1.76,
                "away_handicap_1.5_odd": 2.44,
                "home_handicap_-1.5_odd": 1.49,
                "home_handicap_-1.0_odd": 1.25,
                "away_handicap_1.0_odd": 3.57,
                "X2_odd": 4.2,
                "12_odd": 1.1,
                "1X_odd": 1.05,
                "over_2.5_odd": 1.4,
                "under_2.5_odd": 2.7,
                "home_handicap_-1.75_odd": 1.6,
                "away_handicap_1.75_odd": 2.2,
                "2_odd": 9.5,
                "1_odd": 1.17,
                "draw_odd": 6.2,
                "home_handicap_-3.25_odd": 3.4,
                "away_handicap_3.25_odd": 1.27
            }
        ]
    }
]