[
    {
        "tournament_name": "Ykkosliiga",
        "tournament_id": "18289213",
        "matches": [
            {
                "match_id": 27572628,
                "date": "16/07/2025",
                "time": "16:30",
                "home_team": "JIPPO",
                "away_team": "Ekenas IF",
                "both_noscore_odd": 2.05,
                "both_score_odd": 1.68,
                "X2_odd": 1.5,
                "1X_odd": 1.47,
                "12_odd": 1.28,
                "home_handicap_-0.25_odd": 2.1,
                "away_handicap_0.25_odd": 1.65,
                "home_handicap_-0.5_odd": 2.39,
                "away_handicap_0.5_odd": 1.51,
                "over_3.5_odd": 3.05,
                "under_3.5_odd": 1.33,
                "under_3.0_odd": 1.5,
                "over_3.0_odd": 2.4,
                "under_2.5_odd": 1.88,
                "over_2.5_odd": 1.82,
                "under_2.0_odd": 2.7,
                "over_2.0_odd": 1.4,
                "away_handicap_0.75_odd": 1.37,
                "home_handicap_-0.75_odd": 2.85,
                "away_handicap_-0.25_odd": 2.2,
                "home_handicap_0.25_odd": 1.6,
                "away_handicap_-0.5_odd": 2.45,
                "home_handicap_0.5_odd": 1.48,
                "home_handicap_0.75_odd": 1.34,
                "away_handicap_-0.75_odd": 3.0,
                "home_handicap_0.0_odd": 1.82,
                "away_handicap_0.0_odd": 1.88,
                "draw_odd": 3.39,
                "2_odd": 2.48,
                "1_odd": 2.38,
                "under_1.5_odd": 3.47,
                "over_1.5_odd": 1.26
            }
        ]
    },
    {
        "tournament_name": "Veikkausliiga",
        "tournament_id": "1870",
        "matches": [
            {
                "match_id": 27559517,
                "date": "19/07/2025",
                "time": "15:00",
                "home_team": "VPS",
                "away_team": "KuPS Kuopio",
                "X2_odd": 1.34,
                "1X_odd": 1.66,
                "12_odd": 1.29,
                "over_3.0_odd": 2.3,
                "under_3.0_odd": 1.55,
                "home_handicap_0.0_odd": 2.27,
                "away_handicap_0.0_odd": 1.56,
                "home_handicap_0.75_odd": 1.5,
                "away_handicap_-0.75_odd": 2.4,
                "home_handicap_0.5_odd": 1.67,
                "away_handicap_-0.5_odd": 2.07,
                "home_handicap_0.25_odd": 1.89,
                "away_handicap_-0.25_odd": 1.81,
                "over_2.5_odd": 1.75,
                "under_2.5_odd": 1.95,
                "draw_odd": 3.33,
                "2_odd": 2.05,
                "1_odd": 3.01
            },
            {
                "match_id": 27559785,
                "date": "20/07/2025",
                "time": "16:30",
                "home_team": "FF Jaro",
                "away_team": "FC Ilves",
                "away_handicap_-1.25_odd": 2.25,
                "home_handicap_1.25_odd": 1.57,
                "12_odd": 1.22,
                "X2_odd": 1.17,
                "1X_odd": 2.21,
                "under_3.5_odd": 1.48,
                "over_3.5_odd": 2.45,
                "under_3.0_odd": 1.75,
                "over_3.0_odd": 1.95,
                "home_handicap_1.0_odd": 1.75,
                "away_handicap_-1.0_odd": 1.95,
                "away_handicap_-0.5_odd": 1.57,
                "home_handicap_0.5_odd": 2.25,
                "away_handicap_-0.75_odd": 1.72,
                "home_handicap_0.75_odd": 2.0,
                "over_2.5_odd": 1.59,
                "under_2.5_odd": 2.21,
                "2_odd": 1.55,
                "draw_odd": 3.88,
                "1_odd": 4.6,
                "away_handicap_-1.5_odd": 2.52,
                "home_handicap_1.5_odd": 1.46
            },
            {
                "match_id": 27565526,
                "date": "20/07/2025",
                "time": "14:00",
                "home_team": "SJK",
                "away_team": "IF Gnistan",
                "12_odd": 1.23,
                "X2_odd": 2.08,
                "1X_odd": 1.21,
                "under_3.5_odd": 1.59,
                "over_3.5_odd": 2.21,
                "under_3.0_odd": 1.94,
                "over_3.0_odd": 1.76,
                "away_handicap_0.25_odd": 2.45,
                "home_handicap_-0.25_odd": 1.48,
                "away_handicap_1.0_odd": 1.65,
                "home_handicap_-1.0_odd": 2.1,
                "home_handicap_-0.5_odd": 1.64,
                "away_handicap_0.5_odd": 2.12,
                "home_handicap_-0.75_odd": 1.81,
                "away_handicap_0.75_odd": 1.89,
                "over_2.5_odd": 1.49,
                "under_2.5_odd": 2.44,
                "draw_odd": 3.87,
                "2_odd": 4.1,
                "1_odd": 1.62,
                "home_handicap_-1.25_odd": 2.39,
                "away_handicap_1.25_odd": 1.51
            },
            {
                "match_id": 27565877,
                "date": "20/07/2025",
                "time": "16:30",
                "home_team": "HJK Helsinki",
                "away_team": "AC Oulu",
                "X2_odd": 3.18,
                "1X_odd": 1.09,
                "12_odd": 1.14,
                "over_3.5_odd": 2.35,
                "under_3.5_odd": 1.53,
                "under_3.0_odd": 1.85,
                "over_3.0_odd": 1.85,
                "home_handicap_-1.25_odd": 1.64,
                "away_handicap_1.25_odd": 2.12,
                "away_handicap_2.0_odd": 1.48,
                "home_handicap_-2.0_odd": 2.45,
                "away_handicap_1.5_odd": 1.83,
                "home_handicap_-1.5_odd": 1.87,
                "away_handicap_1.75_odd": 1.67,
                "home_handicap_-1.75_odd": 2.07,
                "under_2.5_odd": 2.35,
                "over_2.5_odd": 1.53,
                "draw_odd": 5.1,
                "2_odd": 7.0,
                "1_odd": 1.28,
                "away_handicap_1.0_odd": 2.55,
                "home_handicap_-1.0_odd": 1.45
            },
            {
                "match_id": 27553293,
                "date": "18/07/2025",
                "time": "16:00",
                "home_team": "Kotkan Tyovaen Palloilijat",
                "away_team": "Inter Turku",
                "away_handicap_-1.75_odd": 2.35,
                "home_handicap_1.75_odd": 1.53,
                "X2_odd": 1.1,
                "1X_odd": 2.81,
                "12_odd": 1.18,
                "under_3.5_odd": 1.59,
                "over_3.5_odd": 2.21,
                "under_3.0_odd": 1.94,
                "over_3.0_odd": 1.76,
                "away_handicap_-1.25_odd": 1.8,
                "home_handicap_1.25_odd": 1.9,
                "away_handicap_-0.75_odd": 1.46,
                "home_handicap_0.75_odd": 2.52,
                "away_handicap_-1.5_odd": 2.05,
                "home_handicap_1.5_odd": 1.68,
                "away_handicap_-1.0_odd": 1.59,
                "home_handicap_1.0_odd": 2.21,
                "under_2.5_odd": 2.44,
                "over_2.5_odd": 1.49,
                "2_odd": 1.35,
                "1_odd": 6.8,
                "draw_odd": 4.3
            },
            {
                "match_id": 27572440,
                "date": "21/07/2025",
                "time": "16:00",
                "home_team": "IFK Mariehamn",
                "away_team": "FC Haka Valkeakoski",
                "away_handicap_-0.5_odd": 2.23,
                "home_handicap_0.5_odd": 1.58,
                "X2_odd": 1.42,
                "1X_odd": 1.56,
                "12_odd": 1.27,
                "under_3.5_odd": 1.48,
                "over_3.5_odd": 2.5,
                "under_3.0_odd": 1.74,
                "over_3.0_odd": 1.96,
                "away_handicap_0.5_odd": 1.43,
                "home_handicap_-0.5_odd": 2.62,
                "away_handicap_0.0_odd": 1.71,
                "home_handicap_0.0_odd": 2.01,
                "home_handicap_0.25_odd": 1.75,
                "away_handicap_-0.25_odd": 1.95,
                "home_handicap_-0.25_odd": 2.35,
                "away_handicap_0.25_odd": 1.53,
                "under_2.5_odd": 2.2,
                "over_2.5_odd": 1.6,
                "2_odd": 2.22,
                "1_odd": 2.63,
                "draw_odd": 3.45
            }
        ]
    }
]