[
    {
        "tournament_name": "Coppa Italia. Outright",
        "tournament_id": "20767",
        "matches": []
    },
    {
        "tournament_name": "Serie A. Outright",
        "tournament_id": "19237",
        "matches": []
    },
    {
        "tournament_name": "Serie A",
        "tournament_id": "543",
        "matches": [
            {
                "match_id": 27450343,
                "date": "24/08/2025",
                "time": "17:30",
                "home_team": "Cagliari",
                "away_team": "Fiorentina",
                "both_noscore_odd": 1.98,
                "both_score_odd": 1.82,
                "away_handicap_2.25_odd": 1.027,
                "home_handicap_-2.25_odd": 14.6,
                "away_handicap_1.75_odd": 1.07,
                "home_handicap_-1.75_odd": 9.3,
                "home_handicap_2.75_odd": 1.03,
                "away_handicap_-2.75_odd": 14.0,
                "home_handicap_2.25_odd": 1.06,
                "away_handicap_-2.25_odd": 10.1,
                "X2_odd": 1.38,
                "12_odd": 1.35,
                "1X_odd": 1.63,
                "away_handicap_0.0_odd": 1.68,
                "home_handicap_0.0_odd": 2.23,
                "away_handicap_1.25_odd": 1.13,
                "home_handicap_-1.25_odd": 6.4,
                "over_1.5_odd": 1.35,
                "under_1.5_odd": 3.32,
                "over_5.5_odd": 14.0,
                "under_5.5_odd": 1.03,
                "under_5.0_odd": 1.032,
                "over_5.0_odd": 13.65,
                "under_4.5_odd": 1.1,
                "over_4.5_odd": 7.5,
                "under_4.0_odd": 1.13,
                "over_4.0_odd": 6.4,
                "under_3.5_odd": 1.3,
                "over_3.5_odd": 3.67,
                "under_3.0_odd": 1.42,
                "over_3.0_odd": 2.95,
                "under_2.5_odd": 1.8,
                "over_2.5_odd": 2.05,
                "under_2.0_odd": 2.52,
                "over_2.0_odd": 1.55,
                "under_1.0_odd": 8.3,
                "over_1.0_odd": 1.085,
                "under_0.5_odd": 9.7,
                "over_0.5_odd": 1.065,
                "home_handicap_-2.5_odd": 15.0,
                "away_handicap_2.5_odd": 1.025,
                "home_handicap_-2.0_odd": 14.0,
                "away_handicap_2.0_odd": 1.03,
                "home_handicap_-1.5_odd": 6.7,
                "away_handicap_1.5_odd": 1.12,
                "home_handicap_-1.0_odd": 5.8,
                "away_handicap_1.0_odd": 1.15,
                "home_handicap_1.75_odd": 1.13,
                "away_handicap_-1.75_odd": 6.4,
                "away_handicap_-2.5_odd": 10.6,
                "home_handicap_2.5_odd": 1.055,
                "home_handicap_2.0_odd": 1.065,
                "away_handicap_-2.0_odd": 9.7,
                "away_handicap_-1.25_odd": 4.37,
                "home_handicap_1.25_odd": 1.23,
                "home_handicap_1.5_odd": 1.2,
                "away_handicap_-1.5_odd": 4.81,
                "away_handicap_0.75_odd": 1.28,
                "home_handicap_-0.75_odd": 3.84,
                "home_handicap_-0.25_odd": 2.64,
                "away_handicap_0.25_odd": 1.51,
                "home_handicap_-0.5_odd": 3.05,
                "away_handicap_0.5_odd": 1.4,
                "away_handicap_-0.75_odd": 2.76,
                "home_handicap_0.75_odd": 1.47,
                "home_handicap_1.0_odd": 1.28,
                "away_handicap_-1.0_odd": 3.84,
                "home_handicap_0.5_odd": 1.64,
                "away_handicap_-0.5_odd": 2.32,
                "2_odd": 2.31,
                "1_odd": 3.09,
                "draw_odd": 3.39,
                "home_handicap_0.25_odd": 1.85,
                "away_handicap_-0.25_odd": 1.99
            },
            {
                "match_id": 27450344,
                "date": "25/08/2025",
                "time": "19:45",
                "home_team": "Inter Milan",
                "away_team": "Torino",
                "both_noscore_odd": 1.85,
                "both_score_odd": 1.95,
                "over_5.0_odd": 9.0,
                "under_5.0_odd": 1.075,
                "away_handicap_4.25_odd": 1.025,
                "home_handicap_-4.25_odd": 15.0,
                "away_handicap_3.75_odd": 1.06,
                "home_handicap_-3.75_odd": 10.1,
                "home_handicap_-3.25_odd": 7.5,
                "away_handicap_3.25_odd": 1.1,
                "home_handicap_-2.75_odd": 4.81,
                "away_handicap_2.75_odd": 1.2,
                "home_handicap_-4.0_odd": 14.6,
                "away_handicap_4.0_odd": 1.027,
                "home_handicap_-3.0_odd": 7.1,
                "away_handicap_3.0_odd": 1.11,
                "away_handicap_-0.75_odd": 9.7,
                "home_handicap_0.75_odd": 1.065,
                "away_handicap_-0.25_odd": 6.4,
                "home_handicap_0.25_odd": 1.13,
                "home_handicap_0.0_odd": 1.15,
                "away_handicap_0.0_odd": 5.8,
                "12_odd": 1.18,
                "X2_odd": 2.78,
                "1X_odd": 1.1,
                "over_5.5_odd": 9.7,
                "under_5.5_odd": 1.065,
                "under_4.5_odd": 1.19,
                "over_4.5_odd": 5.0,
                "under_4.0_odd": 1.23,
                "over_4.0_odd": 4.37,
                "under_3.5_odd": 1.43,
                "over_3.5_odd": 2.62,
                "under_3.0_odd": 1.72,
                "over_3.0_odd": 2.17,
                "over_2.5_odd": 1.71,
                "under_2.5_odd": 2.19,
                "over_2.0_odd": 1.33,
                "under_2.0_odd": 3.45,
                "over_1.5_odd": 1.23,
                "under_1.5_odd": 4.37,
                "over_1.0_odd": 1.047,
                "under_1.0_odd": 11.5,
                "under_0.5_odd": 12.9,
                "over_0.5_odd": 1.037,
                "away_handicap_2.25_odd": 1.32,
                "home_handicap_-2.25_odd": 3.52,
                "home_handicap_-1.75_odd": 2.5,
                "away_handicap_1.75_odd": 1.56,
                "home_handicap_-0.75_odd": 1.5,
                "away_handicap_0.75_odd": 2.66,
                "home_handicap_-0.25_odd": 1.28,
                "away_handicap_0.25_odd": 3.84,
                "home_handicap_-4.5_odd": 15.0,
                "away_handicap_4.5_odd": 1.025,
                "home_handicap_-3.5_odd": 7.8,
                "away_handicap_3.5_odd": 1.095,
                "home_handicap_-2.5_odd": 3.84,
                "away_handicap_2.5_odd": 1.28,
                "away_handicap_2.0_odd": 1.39,
                "home_handicap_-2.0_odd": 3.1,
                "home_handicap_-1.5_odd": 2.15,
                "away_handicap_1.5_odd": 1.73,
                "home_handicap_-1.0_odd": 1.64,
                "away_handicap_1.0_odd": 2.32,
                "home_handicap_-0.5_odd": 1.41,
                "away_handicap_0.5_odd": 3.0,
                "home_handicap_0.5_odd": 1.11,
                "away_handicap_-0.5_odd": 7.1,
                "home_handicap_-1.25_odd": 1.89,
                "away_handicap_1.25_odd": 1.95,
                "draw_odd": 4.8,
                "2_odd": 7.6,
                "1_odd": 1.4
            },
            {
                "match_id": 27450345,
                "date": "23/08/2025",
                "time": "17:30",
                "home_team": "Sassuolo",
                "away_team": "SSC Napoli",
                "both_score_odd": 2.06,
                "both_noscore_odd": 1.76,
                "home_handicap_-1.25_odd": 15.0,
                "away_handicap_1.25_odd": 1.025,
                "home_handicap_-0.75_odd": 9.0,
                "away_handicap_0.75_odd": 1.075,
                "home_handicap_3.75_odd": 1.04,
                "away_handicap_-3.75_odd": 12.5,
                "home_handicap_3.25_odd": 1.075,
                "away_handicap_-3.25_odd": 9.0,
                "12_odd": 1.21,
                "X2_odd": 1.11,
                "1X_odd": 2.71,
                "home_handicap_0.0_odd": 5.15,
                "away_handicap_0.0_odd": 1.18,
                "home_handicap_1.5_odd": 1.61,
                "away_handicap_-1.5_odd": 2.38,
                "over_4.5_odd": 6.4,
                "under_4.5_odd": 1.14,
                "away_handicap_-0.25_odd": 1.33,
                "home_handicap_0.25_odd": 3.45,
                "away_handicap_0.25_odd": 1.15,
                "home_handicap_-0.25_odd": 5.8,
                "under_5.5_odd": 1.042,
                "over_5.5_odd": 12.2,
                "under_4.0_odd": 1.17,
                "over_4.0_odd": 5.35,
                "home_handicap_-1.0_odd": 14.6,
                "away_handicap_1.0_odd": 1.027,
                "away_handicap_0.5_odd": 1.13,
                "home_handicap_-0.5_odd": 6.4,
                "away_handicap_-2.75_odd": 5.8,
                "home_handicap_2.75_odd": 1.15,
                "home_handicap_2.25_odd": 1.25,
                "away_handicap_-2.25_odd": 4.13,
                "home_handicap_1.75_odd": 1.46,
                "away_handicap_-1.75_odd": 2.8,
                "home_handicap_0.75_odd": 2.4,
                "away_handicap_-0.75_odd": 1.6,
                "away_handicap_-3.5_odd": 9.3,
                "home_handicap_3.5_odd": 1.07,
                "home_handicap_3.0_odd": 1.08,
                "away_handicap_-3.0_odd": 8.6,
                "away_handicap_-2.5_odd": 4.5,
                "home_handicap_2.5_odd": 1.22,
                "away_handicap_-2.0_odd": 3.67,
                "home_handicap_2.0_odd": 1.3,
                "away_handicap_-1.0_odd": 1.79,
                "home_handicap_1.0_odd": 2.07,
                "home_handicap_0.5_odd": 2.7,
                "away_handicap_-0.5_odd": 1.48,
                "away_handicap_-1.25_odd": 2.08,
                "home_handicap_1.25_odd": 1.78,
                "over_1.5_odd": 1.29,
                "under_1.5_odd": 3.75,
                "over_3.5_odd": 3.2,
                "under_3.5_odd": 1.37,
                "under_5.0_odd": 1.047,
                "over_5.0_odd": 11.5,
                "over_3.0_odd": 2.55,
                "under_3.0_odd": 1.54,
                "over_2.0_odd": 1.44,
                "under_2.0_odd": 2.88,
                "under_1.0_odd": 9.7,
                "over_1.0_odd": 1.065,
                "under_0.5_odd": 11.2,
                "over_0.5_odd": 1.05,
                "under_2.5_odd": 1.95,
                "over_2.5_odd": 1.89,
                "2_odd": 1.48,
                "1_odd": 6.8,
                "draw_odd": 4.4
            },
            {
                "match_id": 27450346,
                "date": "24/08/2025",
                "time": "19:45",
                "home_team": "Juventus",
                "away_team": "Parma Calcio 1913",
                "both_noscore_odd": 1.8,
                "both_score_odd": 2.01,
                "home_handicap_-3.75_odd": 10.6,
                "away_handicap_3.75_odd": 1.055,
                "away_handicap_3.25_odd": 1.095,
                "home_handicap_-3.25_odd": 7.8,
                "away_handicap_-0.75_odd": 9.3,
                "home_handicap_0.75_odd": 1.07,
                "X2_odd": 2.73,
                "1X_odd": 1.1,
                "12_odd": 1.18,
                "home_handicap_0.0_odd": 1.15,
                "away_handicap_0.0_odd": 5.8,
                "over_0.5_odd": 1.04,
                "under_0.5_odd": 12.5,
                "under_4.0_odd": 1.21,
                "over_4.0_odd": 4.65,
                "under_5.5_odd": 1.057,
                "over_5.5_odd": 10.4,
                "under_4.5_odd": 1.17,
                "over_4.5_odd": 5.35,
                "over_1.5_odd": 1.25,
                "under_1.5_odd": 4.13,
                "home_handicap_-2.75_odd": 5.15,
                "away_handicap_2.75_odd": 1.18,
                "home_handicap_-2.25_odd": 3.67,
                "away_handicap_2.25_odd": 1.3,
                "away_handicap_1.75_odd": 1.53,
                "home_handicap_-1.75_odd": 2.57,
                "away_handicap_0.75_odd": 2.64,
                "home_handicap_-0.75_odd": 1.51,
                "away_handicap_3.5_odd": 1.085,
                "home_handicap_-3.5_odd": 8.3,
                "home_handicap_-3.0_odd": 7.5,
                "away_handicap_3.0_odd": 1.1,
                "away_handicap_2.5_odd": 1.26,
                "home_handicap_-2.5_odd": 4.0,
                "away_handicap_2.0_odd": 1.36,
                "home_handicap_-2.0_odd": 3.25,
                "away_handicap_1.5_odd": 1.71,
                "home_handicap_-1.5_odd": 2.19,
                "home_handicap_-1.0_odd": 1.66,
                "away_handicap_1.0_odd": 2.28,
                "home_handicap_1.0_odd": 1.025,
                "away_handicap_-1.0_odd": 15.0,
                "over_3.0_odd": 2.28,
                "under_3.0_odd": 1.66,
                "over_2.0_odd": 1.36,
                "under_2.0_odd": 3.25,
                "away_handicap_0.5_odd": 2.95,
                "home_handicap_-0.5_odd": 1.42,
                "away_handicap_-0.25_odd": 6.4,
                "home_handicap_0.25_odd": 1.13,
                "away_handicap_-0.5_odd": 6.7,
                "home_handicap_0.5_odd": 1.12,
                "over_5.0_odd": 9.7,
                "under_5.0_odd": 1.065,
                "over_3.5_odd": 2.92,
                "under_3.5_odd": 1.43,
                "over_2.5_odd": 1.76,
                "under_2.5_odd": 2.11,
                "under_1.0_odd": 10.9,
                "over_1.0_odd": 1.052,
                "away_handicap_1.25_odd": 1.89,
                "home_handicap_-1.25_odd": 1.95,
                "home_handicap_-0.25_odd": 1.29,
                "away_handicap_0.25_odd": 3.75,
                "draw_odd": 4.8,
                "2_odd": 7.4,
                "1_odd": 1.41
            },
            {
                "match_id": 27450347,
                "date": "23/08/2025",
                "time": "17:30",
                "home_team": "Genoa",
                "away_team": "Lecce",
                "both_noscore_odd": 1.84,
                "both_score_odd": 1.96,
                "away_handicap_2.75_odd": 1.042,
                "home_handicap_-2.75_odd": 12.2,
                "away_handicap_2.25_odd": 1.08,
                "home_handicap_-2.25_odd": 8.6,
                "home_handicap_1.75_odd": 1.04,
                "away_handicap_-1.75_odd": 12.5,
                "12_odd": 1.32,
                "X2_odd": 1.82,
                "1X_odd": 1.26,
                "away_handicap_0.0_odd": 2.83,
                "home_handicap_0.0_odd": 1.45,
                "away_handicap_1.75_odd": 1.17,
                "home_handicap_-1.75_odd": 5.35,
                "home_handicap_0.5_odd": 1.28,
                "away_handicap_-0.5_odd": 3.84,
                "over_3.5_odd": 4.25,
                "under_3.5_odd": 1.24,
                "under_4.5_odd": 1.08,
                "over_4.5_odd": 8.6,
                "home_handicap_-0.75_odd": 2.38,
                "away_handicap_0.75_odd": 1.61,
                "home_handicap_-1.25_odd": 3.67,
                "away_handicap_1.25_odd": 1.3,
                "home_handicap_-0.25_odd": 1.72,
                "away_handicap_0.25_odd": 2.17,
                "home_handicap_-2.5_odd": 9.0,
                "away_handicap_2.5_odd": 1.075,
                "home_handicap_-2.0_odd": 8.0,
                "away_handicap_2.0_odd": 1.09,
                "away_handicap_1.5_odd": 1.25,
                "home_handicap_-1.5_odd": 4.13,
                "home_handicap_-1.0_odd": 3.15,
                "away_handicap_1.0_odd": 1.38,
                "away_handicap_-1.25_odd": 8.6,
                "home_handicap_1.25_odd": 1.08,
                "away_handicap_-0.75_odd": 5.15,
                "home_handicap_0.75_odd": 1.18,
                "away_handicap_-1.5_odd": 9.3,
                "home_handicap_1.5_odd": 1.07,
                "away_handicap_-1.0_odd": 8.0,
                "home_handicap_1.0_odd": 1.09,
                "home_handicap_-0.5_odd": 2.02,
                "away_handicap_0.5_odd": 1.83,
                "under_2.5_odd": 1.67,
                "over_2.5_odd": 2.25,
                "over_3.0_odd": 3.4,
                "under_3.0_odd": 1.34,
                "under_0.5_odd": 8.6,
                "over_0.5_odd": 1.08,
                "away_handicap_-0.25_odd": 3.4,
                "home_handicap_0.25_odd": 1.34,
                "under_4.0_odd": 1.095,
                "over_4.0_odd": 7.8,
                "under_2.0_odd": 2.23,
                "over_2.0_odd": 1.68,
                "over_1.5_odd": 1.41,
                "under_1.5_odd": 3.0,
                "under_1.0_odd": 7.1,
                "over_1.0_odd": 1.11,
                "draw_odd": 3.32,
                "2_odd": 4.0,
                "1_odd": 2.0
            },
            {
                "match_id": 27450348,
                "date": "24/08/2025",
                "time": "17:30",
                "home_team": "FC Como",
                "away_team": "Lazio",
                "both_score_odd": 1.79,
                "both_noscore_odd": 2.02,
                "away_handicap_2.25_odd": 1.047,
                "home_handicap_-2.25_odd": 11.5,
                "away_handicap_-2.25_odd": 12.5,
                "home_handicap_2.25_odd": 1.04,
                "away_handicap_-1.75_odd": 7.8,
                "home_handicap_1.75_odd": 1.095,
                "X2_odd": 1.53,
                "1X_odd": 1.44,
                "12_odd": 1.3,
                "home_handicap_0.5_odd": 1.49,
                "away_handicap_-0.5_odd": 2.68,
                "over_5.5_odd": 13.65,
                "under_5.5_odd": 1.023,
                "over_5.0_odd": 13.2,
                "under_5.0_odd": 1.035,
                "over_4.5_odd": 7.1,
                "under_4.5_odd": 1.11,
                "under_4.0_odd": 1.14,
                "over_4.0_odd": 6.1,
                "under_3.5_odd": 1.32,
                "over_3.5_odd": 3.52,
                "under_3.0_odd": 1.45,
                "over_3.0_odd": 2.83,
                "over_2.0_odd": 1.52,
                "under_2.0_odd": 2.6,
                "under_1.5_odd": 3.45,
                "over_1.5_odd": 1.33,
                "under_1.0_odd": 8.6,
                "over_1.0_odd": 1.08,
                "under_0.5_odd": 10.1,
                "over_0.5_odd": 1.06,
                "away_handicap_1.75_odd": 1.11,
                "home_handicap_-1.75_odd": 7.1,
                "home_handicap_-1.25_odd": 5.0,
                "away_handicap_1.25_odd": 1.19,
                "home_handicap_-0.75_odd": 3.1,
                "away_handicap_0.75_odd": 1.39,
                "home_handicap_-2.5_odd": 12.2,
                "away_handicap_2.5_odd": 1.042,
                "home_handicap_-2.0_odd": 11.2,
                "away_handicap_2.0_odd": 1.05,
                "home_handicap_-1.5_odd": 5.35,
                "away_handicap_1.5_odd": 1.17,
                "home_handicap_-1.0_odd": 4.37,
                "away_handicap_1.0_odd": 1.23,
                "away_handicap_-1.25_odd": 5.35,
                "home_handicap_1.25_odd": 1.17,
                "home_handicap_0.75_odd": 1.35,
                "away_handicap_-0.75_odd": 3.32,
                "home_handicap_2.5_odd": 1.037,
                "away_handicap_-2.5_odd": 12.9,
                "home_handicap_2.0_odd": 1.042,
                "away_handicap_-2.0_odd": 12.2,
                "home_handicap_1.5_odd": 1.15,
                "away_handicap_-1.5_odd": 5.8,
                "away_handicap_-1.0_odd": 4.81,
                "home_handicap_1.0_odd": 1.2,
                "under_2.5_odd": 1.84,
                "over_2.5_odd": 2.01,
                "away_handicap_0.25_odd": 1.7,
                "home_handicap_-0.25_odd": 2.2,
                "home_handicap_0.25_odd": 1.62,
                "away_handicap_-0.25_odd": 2.35,
                "away_handicap_0.5_odd": 1.55,
                "home_handicap_-0.5_odd": 2.52,
                "home_handicap_0.0_odd": 1.88,
                "away_handicap_0.0_odd": 1.96,
                "draw_odd": 3.45,
                "2_odd": 2.72,
                "1_odd": 2.55
            },
            {
                "match_id": 27450349,
                "date": "23/08/2025",
                "time": "19:45",
                "home_team": "AS Roma",
                "away_team": "Bologna",
                "both_noscore_odd": 1.91,
                "both_score_odd": 1.89,
                "away_handicap_2.75_odd": 1.04,
                "home_handicap_-2.75_odd": 12.5,
                "home_handicap_-2.25_odd": 9.0,
                "away_handicap_2.25_odd": 1.075,
                "home_handicap_1.75_odd": 1.047,
                "away_handicap_-1.75_odd": 11.5,
                "X2_odd": 1.74,
                "1X_odd": 1.3,
                "12_odd": 1.32,
                "under_4.5_odd": 1.09,
                "over_4.5_odd": 8.0,
                "under_3.0_odd": 1.38,
                "over_3.0_odd": 3.15,
                "away_handicap_1.25_odd": 1.28,
                "home_handicap_-1.25_odd": 3.84,
                "over_5.0_odd": 15.0,
                "under_5.0_odd": 1.025,
                "over_4.0_odd": 7.1,
                "under_4.0_odd": 1.11,
                "over_3.5_odd": 3.93,
                "under_3.5_odd": 1.27,
                "over_2.5_odd": 2.15,
                "under_2.5_odd": 1.73,
                "over_2.0_odd": 1.62,
                "under_2.0_odd": 2.35,
                "under_1.5_odd": 3.15,
                "over_1.5_odd": 1.38,
                "under_1.0_odd": 7.5,
                "over_1.0_odd": 1.1,
                "under_0.5_odd": 9.0,
                "over_0.5_odd": 1.06,
                "away_handicap_1.75_odd": 1.16,
                "home_handicap_-1.75_odd": 5.55,
                "home_handicap_-0.75_odd": 2.5,
                "away_handicap_0.75_odd": 1.56,
                "home_handicap_-2.5_odd": 9.3,
                "away_handicap_2.5_odd": 1.07,
                "home_handicap_-2.0_odd": 8.3,
                "away_handicap_2.0_odd": 1.085,
                "home_handicap_-1.5_odd": 4.37,
                "away_handicap_1.5_odd": 1.23,
                "home_handicap_-1.0_odd": 3.32,
                "away_handicap_1.0_odd": 1.35,
                "away_handicap_0.5_odd": 1.77,
                "home_handicap_-0.5_odd": 2.09,
                "away_handicap_-1.25_odd": 7.8,
                "home_handicap_1.25_odd": 1.095,
                "away_handicap_-0.75_odd": 4.65,
                "home_handicap_0.75_odd": 1.21,
                "home_handicap_0.25_odd": 1.39,
                "away_handicap_-0.25_odd": 3.1,
                "away_handicap_-1.5_odd": 8.6,
                "home_handicap_1.5_odd": 1.08,
                "away_handicap_-0.5_odd": 3.52,
                "home_handicap_0.5_odd": 1.32,
                "away_handicap_0.0_odd": 2.6,
                "home_handicap_0.0_odd": 1.52,
                "draw_odd": 3.31,
                "2_odd": 3.65,
                "1_odd": 2.11,
                "home_handicap_1.0_odd": 1.1,
                "away_handicap_-1.0_odd": 7.5,
                "away_handicap_0.25_odd": 2.04,
                "home_handicap_-0.25_odd": 1.81
            },
            {
                "match_id": 27450350,
                "date": "23/08/2025",
                "time": "19:45",
                "home_team": "AC Milan",
                "away_team": "US Cremonese",
                "both_score_odd": 1.89,
                "both_noscore_odd": 1.91,
                "away_handicap_4.25_odd": 1.03,
                "home_handicap_-4.25_odd": 14.6,
                "away_handicap_3.75_odd": 1.065,
                "home_handicap_-3.75_odd": 9.7,
                "home_handicap_-3.25_odd": 7.1,
                "away_handicap_3.25_odd": 1.11,
                "home_handicap_0.75_odd": 1.07,
                "away_handicap_-0.75_odd": 9.3,
                "X2_odd": 2.99,
                "12_odd": 1.18,
                "1X_odd": 1.1,
                "away_handicap_0.0_odd": 5.8,
                "home_handicap_0.0_odd": 1.15,
                "home_handicap_-1.5_odd": 2.14,
                "away_handicap_1.5_odd": 1.74,
                "away_handicap_0.5_odd": 3.0,
                "home_handicap_-0.5_odd": 1.41,
                "over_5.5_odd": 9.0,
                "under_5.5_odd": 1.075,
                "over_5.0_odd": 8.3,
                "under_5.0_odd": 1.085,
                "under_4.5_odd": 1.2,
                "over_4.5_odd": 4.81,
                "under_4.0_odd": 1.26,
                "over_4.0_odd": 4.0,
                "under_3.5_odd": 1.51,
                "over_3.5_odd": 2.64,
                "under_3.0_odd": 1.79,
                "over_3.0_odd": 2.07,
                "over_2.5_odd": 1.65,
                "under_2.5_odd": 2.29,
                "under_2.0_odd": 3.67,
                "over_2.0_odd": 1.3,
                "under_1.5_odd": 4.65,
                "over_1.5_odd": 1.21,
                "under_1.0_odd": 12.5,
                "over_1.0_odd": 1.04,
                "over_0.5_odd": 1.023,
                "under_0.5_odd": 13.65,
                "home_handicap_-2.75_odd": 4.81,
                "away_handicap_2.75_odd": 1.2,
                "home_handicap_-2.25_odd": 3.45,
                "away_handicap_2.25_odd": 1.33,
                "home_handicap_-4.5_odd": 14.6,
                "away_handicap_4.5_odd": 1.027,
                "home_handicap_-4.0_odd": 14.0,
                "away_handicap_4.0_odd": 1.03,
                "home_handicap_-3.5_odd": 7.5,
                "away_handicap_3.5_odd": 1.1,
                "away_handicap_3.0_odd": 1.12,
                "home_handicap_-3.0_odd": 6.7,
                "home_handicap_-2.5_odd": 3.75,
                "away_handicap_2.5_odd": 1.29,
                "away_handicap_2.0_odd": 1.4,
                "home_handicap_-2.0_odd": 3.05,
                "home_handicap_1.0_odd": 1.025,
                "away_handicap_-1.0_odd": 15.0,
                "away_handicap_-0.5_odd": 6.7,
                "home_handicap_0.5_odd": 1.12,
                "home_handicap_-1.75_odd": 2.47,
                "away_handicap_1.75_odd": 1.57,
                "home_handicap_-0.75_odd": 1.5,
                "away_handicap_0.75_odd": 2.66,
                "home_handicap_-1.0_odd": 1.64,
                "away_handicap_1.0_odd": 2.32,
                "home_handicap_0.25_odd": 1.13,
                "away_handicap_-0.25_odd": 6.4,
                "away_handicap_1.25_odd": 1.96,
                "home_handicap_-1.25_odd": 1.88,
                "home_handicap_-0.25_odd": 1.28,
                "away_handicap_0.25_odd": 3.84,
                "2_odd": 7.5,
                "1_odd": 1.41,
                "draw_odd": 4.9
            },
            {
                "match_id": 27450351,
                "date": "24/08/2025",
                "time": "19:45",
                "home_team": "Atalanta",
                "away_team": "AC Pisa",
                "both_score_odd": 1.86,
                "both_noscore_odd": 1.94,
                "away_handicap_4.25_odd": 1.027,
                "home_handicap_-4.25_odd": 14.6,
                "home_handicap_-3.75_odd": 9.7,
                "away_handicap_3.75_odd": 1.065,
                "home_handicap_-3.25_odd": 7.1,
                "away_handicap_3.25_odd": 1.11,
                "away_handicap_-1.25_odd": 15.0,
                "home_handicap_1.25_odd": 1.025,
                "away_handicap_-0.75_odd": 9.3,
                "home_handicap_0.75_odd": 1.07,
                "X2_odd": 2.99,
                "1X_odd": 1.1,
                "12_odd": 1.18,
                "home_handicap_-0.5_odd": 1.41,
                "away_handicap_0.5_odd": 3.0,
                "away_handicap_2.5_odd": 1.28,
                "home_handicap_-2.5_odd": 3.84,
                "home_handicap_-2.75_odd": 4.81,
                "away_handicap_2.75_odd": 1.2,
                "over_4.0_odd": 3.93,
                "under_4.0_odd": 1.27,
                "under_2.0_odd": 3.75,
                "over_2.0_odd": 1.29,
                "away_handicap_2.25_odd": 1.33,
                "home_handicap_-2.25_odd": 3.45,
                "home_handicap_-1.75_odd": 2.5,
                "away_handicap_1.75_odd": 1.56,
                "under_5.5_odd": 1.075,
                "over_5.5_odd": 9.0,
                "over_5.0_odd": 8.0,
                "under_5.0_odd": 1.09,
                "over_4.5_odd": 4.65,
                "under_4.5_odd": 1.21,
                "over_3.5_odd": 2.6,
                "under_3.5_odd": 1.52,
                "over_2.5_odd": 1.64,
                "under_2.5_odd": 2.32,
                "over_1.5_odd": 1.21,
                "under_1.5_odd": 4.65,
                "over_1.0_odd": 1.04,
                "under_1.0_odd": 12.5,
                "over_0.5_odd": 1.023,
                "under_0.5_odd": 13.65,
                "home_handicap_-4.5_odd": 14.6,
                "away_handicap_4.5_odd": 1.027,
                "home_handicap_-4.0_odd": 14.0,
                "away_handicap_4.0_odd": 1.03,
                "home_handicap_-3.5_odd": 7.5,
                "away_handicap_3.5_odd": 1.1,
                "home_handicap_-3.0_odd": 6.7,
                "away_handicap_3.0_odd": 1.12,
                "home_handicap_-2.0_odd": 3.1,
                "away_handicap_2.0_odd": 1.39,
                "away_handicap_1.5_odd": 1.73,
                "home_handicap_-1.5_odd": 2.15,
                "away_handicap_0.0_odd": 5.8,
                "home_handicap_0.0_odd": 1.15,
                "away_handicap_-1.0_odd": 14.6,
                "home_handicap_1.0_odd": 1.027,
                "away_handicap_-0.5_odd": 7.1,
                "home_handicap_0.5_odd": 1.11,
                "over_3.0_odd": 2.04,
                "under_3.0_odd": 1.81,
                "away_handicap_0.75_odd": 2.66,
                "home_handicap_-0.75_odd": 1.5,
                "home_handicap_-0.25_odd": 1.28,
                "away_handicap_0.25_odd": 3.84,
                "home_handicap_-1.0_odd": 1.64,
                "away_handicap_1.0_odd": 2.32,
                "home_handicap_0.25_odd": 1.13,
                "away_handicap_-0.25_odd": 6.4,
                "draw_odd": 4.8,
                "2_odd": 7.6,
                "1_odd": 1.41,
                "home_handicap_-1.25_odd": 1.89,
                "away_handicap_1.25_odd": 1.95
            },
            {
                "match_id": 27450352,
                "date": "25/08/2025",
                "time": "17:30",
                "home_team": "Udinese",
                "away_team": "Hellas Verona",
                "both_noscore_odd": 1.85,
                "both_score_odd": 1.95,
                "home_handicap_-2.75_odd": 12.5,
                "away_handicap_2.75_odd": 1.04,
                "home_handicap_-2.25_odd": 9.0,
                "away_handicap_2.25_odd": 1.075,
                "away_handicap_1.75_odd": 1.16,
                "home_handicap_-1.75_odd": 5.55,
                "home_handicap_-2.0_odd": 8.6,
                "away_handicap_2.0_odd": 1.08,
                "away_handicap_-1.75_odd": 11.85,
                "home_handicap_1.75_odd": 1.045,
                "away_handicap_-1.25_odd": 8.3,
                "home_handicap_1.25_odd": 1.085,
                "home_handicap_1.0_odd": 1.095,
                "away_handicap_-1.0_odd": 7.8,
                "X2_odd": 1.76,
                "1X_odd": 1.27,
                "12_odd": 1.33,
                "over_4.5_odd": 8.6,
                "under_4.5_odd": 1.08,
                "under_4.0_odd": 1.095,
                "over_4.0_odd": 7.8,
                "under_3.5_odd": 1.25,
                "over_3.5_odd": 4.13,
                "under_3.0_odd": 1.34,
                "over_3.0_odd": 3.4,
                "under_2.5_odd": 1.68,
                "over_2.5_odd": 2.23,
                "under_2.0_odd": 2.25,
                "over_2.0_odd": 1.67,
                "over_1.5_odd": 1.41,
                "under_1.5_odd": 3.0,
                "under_1.0_odd": 7.1,
                "over_1.0_odd": 1.11,
                "under_0.5_odd": 8.6,
                "over_0.5_odd": 1.08,
                "away_handicap_1.25_odd": 1.28,
                "home_handicap_-1.25_odd": 3.84,
                "away_handicap_0.75_odd": 1.57,
                "home_handicap_-0.75_odd": 2.47,
                "away_handicap_0.25_odd": 2.07,
                "home_handicap_-0.25_odd": 1.79,
                "away_handicap_2.5_odd": 1.07,
                "home_handicap_-2.5_odd": 9.3,
                "away_handicap_1.5_odd": 1.23,
                "home_handicap_-1.5_odd": 4.37,
                "home_handicap_-1.0_odd": 3.32,
                "away_handicap_1.0_odd": 1.35,
                "home_handicap_0.0_odd": 1.5,
                "away_handicap_0.0_odd": 2.66,
                "home_handicap_0.75_odd": 1.2,
                "away_handicap_-0.75_odd": 4.81,
                "home_handicap_0.25_odd": 1.37,
                "away_handicap_-0.25_odd": 3.2,
                "home_handicap_1.5_odd": 1.075,
                "away_handicap_-1.5_odd": 9.0,
                "home_handicap_0.5_odd": 1.3,
                "away_handicap_-0.5_odd": 3.67,
                "home_handicap_-0.5_odd": 2.07,
                "away_handicap_0.5_odd": 1.79,
                "2_odd": 3.77,
                "draw_odd": 3.27,
                "1_odd": 2.09
            }
        ]
    }
]