[
    {
        "tournament_name": "J1 League. Outright",
        "tournament_id": "18291065",
        "matches": []
    },
    {
        "tournament_name": "J1 League",
        "tournament_id": "1922",
        "matches": [
            {
                "match_id": 27540375,
                "date": "19/07/2025",
                "time": "11:00",
                "home_team": "Shonan Bellmare",
                "away_team": "Cerezo Osaka",
                "both_noscore_odd": 2.26,
                "both_score_odd": 1.59,
                "away_handicap_1.0_odd": 1.18,
                "home_handicap_-1.0_odd": 4.4,
                "away_handicap_-1.75_odd": 5.3,
                "home_handicap_1.75_odd": 1.13,
                "away_handicap_-1.5_odd": 4.25,
                "home_handicap_1.5_odd": 1.2,
                "X2_odd": 1.42,
                "1X_odd": 1.58,
                "12_odd": 1.28,
                "home_handicap_-0.75_odd": 3.3,
                "away_handicap_0.75_odd": 1.3,
                "home_handicap_1.25_odd": 1.23,
                "away_handicap_-1.25_odd": 3.85,
                "away_handicap_-0.75_odd": 2.65,
                "home_handicap_0.75_odd": 1.44,
                "home_handicap_1.0_odd": 1.27,
                "away_handicap_-1.0_odd": 3.55,
                "away_handicap_-0.5_odd": 2.26,
                "home_handicap_0.5_odd": 1.59,
                "away_handicap_-0.25_odd": 1.97,
                "home_handicap_0.25_odd": 1.77,
                "under_3.0_odd": 1.66,
                "over_3.0_odd": 2.14,
                "over_3.5_odd": 2.7,
                "under_3.5_odd": 1.43,
                "over_2.0_odd": 1.32,
                "under_2.0_odd": 3.15,
                "over_1.5_odd": 1.22,
                "under_1.5_odd": 4.0,
                "away_handicap_0.25_odd": 1.54,
                "home_handicap_-0.25_odd": 2.38,
                "away_handicap_0.5_odd": 1.43,
                "home_handicap_-0.5_odd": 2.7,
                "away_handicap_0.0_odd": 1.72,
                "home_handicap_0.0_odd": 2.05,
                "2_odd": 2.28,
                "1_odd": 2.74,
                "draw_odd": 3.55,
                "over_2.5_odd": 1.68,
                "under_2.5_odd": 2.1,
                "home_handicap_-1.5_odd": 5.3,
                "away_handicap_1.5_odd": 1.13,
                "under_4.0_odd": 1.21,
                "over_4.0_odd": 4.1,
                "away_handicap_1.25_odd": 1.15,
                "home_handicap_-1.25_odd": 4.9
            },
            {
                "match_id": 27540376,
                "date": "19/07/2025",
                "time": "11:00",
                "home_team": "FC Tokyo",
                "away_team": "Urawa Red Diamonds",
                "both_noscore_odd": 2.05,
                "both_score_odd": 1.72,
                "away_handicap_1.25_odd": 1.17,
                "home_handicap_-1.25_odd": 4.55,
                "away_handicap_1.5_odd": 1.15,
                "home_handicap_-1.5_odd": 4.9,
                "home_handicap_1.25_odd": 1.17,
                "away_handicap_-1.25_odd": 4.55,
                "away_handicap_-1.5_odd": 4.9,
                "home_handicap_1.5_odd": 1.15,
                "12_odd": 1.3,
                "X2_odd": 1.47,
                "1X_odd": 1.49,
                "under_3.5_odd": 1.32,
                "over_3.5_odd": 3.15,
                "under_3.0_odd": 1.47,
                "over_3.0_odd": 2.57,
                "under_2.0_odd": 2.65,
                "over_2.0_odd": 1.44,
                "under_1.5_odd": 3.4,
                "over_1.5_odd": 1.28,
                "away_handicap_0.75_odd": 1.34,
                "home_handicap_-0.75_odd": 3.05,
                "home_handicap_-0.25_odd": 2.21,
                "away_handicap_0.25_odd": 1.62,
                "home_handicap_-1.0_odd": 4.25,
                "away_handicap_1.0_odd": 1.2,
                "home_handicap_-0.5_odd": 2.52,
                "away_handicap_0.5_odd": 1.48,
                "home_handicap_0.75_odd": 1.35,
                "away_handicap_-0.75_odd": 3.0,
                "home_handicap_0.25_odd": 1.65,
                "away_handicap_-0.25_odd": 2.15,
                "home_handicap_1.0_odd": 1.2,
                "away_handicap_-1.0_odd": 4.25,
                "home_handicap_0.5_odd": 1.5,
                "away_handicap_-0.5_odd": 2.47,
                "draw_odd": 3.37,
                "2_odd": 2.51,
                "1_odd": 2.57,
                "under_2.5_odd": 1.85,
                "over_2.5_odd": 1.89,
                "home_handicap_0.0_odd": 1.88,
                "away_handicap_0.0_odd": 1.86
            },
            {
                "match_id": 27545582,
                "date": "20/07/2025",
                "time": "10:00",
                "home_team": "Tokyo Verdy",
                "away_team": "FC Machida Zelvia",
                "both_noscore_odd": 1.64,
                "both_score_odd": 2.17,
                "home_handicap_-0.75_odd": 4.9,
                "away_handicap_0.75_odd": 1.15,
                "away_handicap_-1.75_odd": 5.3,
                "home_handicap_1.75_odd": 1.13,
                "X2_odd": 1.23,
                "12_odd": 1.35,
                "1X_odd": 1.75,
                "over_2.5_odd": 2.52,
                "under_2.5_odd": 1.48,
                "under_1.5_odd": 2.45,
                "over_1.5_odd": 1.51,
                "away_handicap_0.25_odd": 1.31,
                "home_handicap_-0.25_odd": 3.2,
                "away_handicap_0.5_odd": 1.24,
                "home_handicap_-0.5_odd": 3.75,
                "home_handicap_1.25_odd": 1.25,
                "away_handicap_-1.25_odd": 3.7,
                "away_handicap_-0.75_odd": 2.35,
                "home_handicap_0.75_odd": 1.55,
                "home_handicap_0.25_odd": 2.07,
                "away_handicap_-0.25_odd": 1.7,
                "home_handicap_1.5_odd": 1.21,
                "away_handicap_-1.5_odd": 4.1,
                "home_handicap_1.0_odd": 1.32,
                "away_handicap_-1.0_odd": 3.15,
                "away_handicap_0.0_odd": 1.41,
                "home_handicap_0.0_odd": 2.77,
                "2_odd": 1.99,
                "1_odd": 3.96,
                "draw_odd": 3.03,
                "away_handicap_-0.5_odd": 1.99,
                "home_handicap_0.5_odd": 1.76,
                "under_2.0_odd": 1.84,
                "over_2.0_odd": 1.9,
                "over_3.0_odd": 4.1,
                "under_3.0_odd": 1.21
            },
            {
                "match_id": 27545583,
                "date": "20/07/2025",
                "time": "10:00",
                "home_team": "Kashima Antlers",
                "away_team": "Kashiwa Reysol",
                "both_score_odd": 1.73,
                "both_noscore_odd": 2.03,
                "under_3.0_odd": 1.45,
                "over_3.0_odd": 2.62,
                "away_handicap_1.25_odd": 1.17,
                "home_handicap_-1.25_odd": 4.55,
                "home_handicap_-1.5_odd": 5.1,
                "away_handicap_1.5_odd": 1.14,
                "home_handicap_1.25_odd": 1.16,
                "away_handicap_-1.25_odd": 4.75,
                "away_handicap_-1.5_odd": 5.1,
                "home_handicap_1.5_odd": 1.14,
                "X2_odd": 1.47,
                "1X_odd": 1.47,
                "12_odd": 1.31,
                "under_3.5_odd": 1.31,
                "over_3.5_odd": 3.2,
                "under_2.0_odd": 2.6,
                "over_2.0_odd": 1.46,
                "under_1.5_odd": 3.3,
                "over_1.5_odd": 1.29,
                "home_handicap_-0.75_odd": 3.05,
                "away_handicap_0.75_odd": 1.34,
                "home_handicap_-0.25_odd": 2.18,
                "away_handicap_0.25_odd": 1.63,
                "away_handicap_1.0_odd": 1.2,
                "home_handicap_-1.0_odd": 4.25,
                "home_handicap_-0.5_odd": 2.5,
                "away_handicap_0.5_odd": 1.49,
                "home_handicap_0.75_odd": 1.34,
                "away_handicap_-0.75_odd": 3.05,
                "away_handicap_-0.25_odd": 2.18,
                "home_handicap_0.25_odd": 1.63,
                "home_handicap_1.0_odd": 1.19,
                "away_handicap_-1.0_odd": 4.3,
                "away_handicap_-0.5_odd": 2.5,
                "home_handicap_0.5_odd": 1.49,
                "2_odd": 2.56,
                "1_odd": 2.56,
                "draw_odd": 3.29,
                "away_handicap_0.0_odd": 1.88,
                "home_handicap_0.0_odd": 1.86,
                "over_2.5_odd": 1.92,
                "under_2.5_odd": 1.82
            },
            {
                "match_id": 27545676,
                "date": "20/07/2025",
                "time": "10:30",
                "home_team": "Shimizu S-Pulse",
                "away_team": "Yokohama FC",
                "both_noscore_odd": 1.81,
                "both_score_odd": 1.93,
                "under_3.0_odd": 1.32,
                "over_3.0_odd": 3.15,
                "away_handicap_1.75_odd": 1.15,
                "home_handicap_-1.75_odd": 4.9,
                "away_handicap_1.5_odd": 1.23,
                "home_handicap_-1.5_odd": 3.85,
                "X2_odd": 1.7,
                "1X_odd": 1.29,
                "12_odd": 1.31,
                "under_3.5_odd": 1.23,
                "over_3.5_odd": 3.85,
                "over_2.5_odd": 2.15,
                "under_2.5_odd": 1.65,
                "under_2.0_odd": 2.21,
                "over_2.0_odd": 1.62,
                "under_1.5_odd": 2.9,
                "over_1.5_odd": 1.38,
                "away_handicap_1.25_odd": 1.27,
                "home_handicap_-1.25_odd": 3.55,
                "home_handicap_-0.75_odd": 2.38,
                "away_handicap_0.75_odd": 1.54,
                "away_handicap_1.0_odd": 1.34,
                "home_handicap_-1.0_odd": 3.05,
                "home_handicap_-0.5_odd": 2.02,
                "away_handicap_0.5_odd": 1.74,
                "home_handicap_0.75_odd": 1.19,
                "away_handicap_-0.75_odd": 4.3,
                "away_handicap_-0.25_odd": 2.95,
                "home_handicap_0.25_odd": 1.37,
                "away_handicap_-0.5_odd": 3.35,
                "home_handicap_0.5_odd": 1.29,
                "away_handicap_0.0_odd": 2.5,
                "home_handicap_0.0_odd": 1.49,
                "draw_odd": 3.27,
                "2_odd": 3.47,
                "1_odd": 2.03,
                "away_handicap_0.25_odd": 2.0,
                "home_handicap_-0.25_odd": 1.75
            },
            {
                "match_id": 27546048,
                "date": "20/07/2025",
                "time": "11:00",
                "home_team": "Yokohama F. Marinos",
                "away_team": "Nagoya Grampus Eight",
                "both_noscore_odd": 1.97,
                "both_score_odd": 1.77,
                "home_handicap_-1.25_odd": 5.3,
                "away_handicap_1.25_odd": 1.13,
                "away_handicap_-1.25_odd": 4.3,
                "home_handicap_1.25_odd": 1.19,
                "away_handicap_-1.5_odd": 4.75,
                "home_handicap_1.5_odd": 1.16,
                "12_odd": 1.33,
                "X2_odd": 1.4,
                "1X_odd": 1.52,
                "under_3.5_odd": 1.27,
                "over_3.5_odd": 3.55,
                "under_3.0_odd": 1.4,
                "over_3.0_odd": 2.8,
                "over_2.0_odd": 1.52,
                "under_2.0_odd": 2.42,
                "under_1.5_odd": 3.1,
                "over_1.5_odd": 1.33,
                "home_handicap_-0.75_odd": 3.4,
                "away_handicap_0.75_odd": 1.28,
                "home_handicap_-0.25_odd": 2.38,
                "away_handicap_0.25_odd": 1.54,
                "away_handicap_1.0_odd": 1.15,
                "home_handicap_-1.0_odd": 4.9,
                "home_handicap_-0.5_odd": 2.77,
                "away_handicap_0.5_odd": 1.41,
                "away_handicap_-0.75_odd": 2.9,
                "home_handicap_0.75_odd": 1.38,
                "away_handicap_-0.25_odd": 2.07,
                "home_handicap_0.25_odd": 1.7,
                "away_handicap_-1.0_odd": 3.85,
                "home_handicap_1.0_odd": 1.23,
                "away_handicap_-0.5_odd": 2.38,
                "home_handicap_0.5_odd": 1.54,
                "draw_odd": 3.18,
                "2_odd": 2.42,
                "1_odd": 2.8,
                "under_2.5_odd": 1.75,
                "over_2.5_odd": 2.0,
                "away_handicap_0.0_odd": 1.72,
                "home_handicap_0.0_odd": 2.05
            },
            {
                "match_id": 27546049,
                "date": "20/07/2025",
                "time": "11:00",
                "home_team": "Fagiano Okayama FC",
                "away_team": "Vissel Kobe",
                "both_noscore_odd": 1.65,
                "both_score_odd": 2.15,
                "under_3.0_odd": 1.27,
                "over_3.0_odd": 3.55,
                "home_handicap_-0.75_odd": 5.55,
                "away_handicap_0.75_odd": 1.12,
                "away_handicap_0.5_odd": 1.19,
                "home_handicap_-0.5_odd": 4.3,
                "X2_odd": 1.19,
                "1X_odd": 1.94,
                "12_odd": 1.3,
                "over_2.5_odd": 2.28,
                "under_2.5_odd": 1.58,
                "under_2.0_odd": 2.05,
                "over_2.0_odd": 1.72,
                "under_1.5_odd": 2.73,
                "over_1.5_odd": 1.42,
                "home_handicap_-0.25_odd": 3.75,
                "away_handicap_0.25_odd": 1.24,
                "away_handicap_-1.75_odd": 4.1,
                "home_handicap_1.75_odd": 1.21,
                "away_handicap_-1.25_odd": 2.9,
                "home_handicap_1.25_odd": 1.38,
                "away_handicap_-0.25_odd": 1.54,
                "home_handicap_0.25_odd": 2.38,
                "away_handicap_-1.5_odd": 3.2,
                "home_handicap_1.5_odd": 1.31,
                "home_handicap_1.0_odd": 1.5,
                "away_handicap_-1.0_odd": 2.47,
                "away_handicap_-0.5_odd": 1.76,
                "home_handicap_0.5_odd": 1.99,
                "home_handicap_0.0_odd": 3.2,
                "away_handicap_0.0_odd": 1.31,
                "2_odd": 1.76,
                "1_odd": 4.6,
                "draw_odd": 3.35,
                "home_handicap_0.75_odd": 1.75,
                "away_handicap_-0.75_odd": 2.0
            },
            {
                "match_id": 27546050,
                "date": "20/07/2025",
                "time": "11:00",
                "home_team": "Gamba Osaka",
                "away_team": "Kawasaki Frontale",
                "both_noscore_odd": 2.25,
                "both_score_odd": 1.6,
                "away_handicap_1.25_odd": 1.16,
                "home_handicap_-1.25_odd": 4.75,
                "away_handicap_1.5_odd": 1.14,
                "home_handicap_-1.5_odd": 5.1,
                "away_handicap_-1.25_odd": 4.3,
                "home_handicap_1.25_odd": 1.19,
                "home_handicap_1.5_odd": 1.16,
                "away_handicap_-1.5_odd": 4.75,
                "12_odd": 1.31,
                "X2_odd": 1.44,
                "1X_odd": 1.51,
                "away_handicap_-0.25_odd": 2.12,
                "home_handicap_0.25_odd": 1.67,
                "under_3.5_odd": 1.39,
                "over_3.5_odd": 2.85,
                "home_handicap_-0.5_odd": 2.6,
                "away_handicap_0.5_odd": 1.46,
                "home_handicap_-0.25_odd": 2.26,
                "away_handicap_0.25_odd": 1.59,
                "under_1.5_odd": 3.75,
                "over_1.5_odd": 1.24,
                "over_3.0_odd": 2.26,
                "under_3.0_odd": 1.59,
                "under_2.0_odd": 3.0,
                "over_2.0_odd": 1.35,
                "away_handicap_1.0_odd": 1.19,
                "home_handicap_-1.0_odd": 4.3,
                "home_handicap_1.0_odd": 1.23,
                "away_handicap_-1.0_odd": 3.85,
                "over_2.5_odd": 1.74,
                "under_2.5_odd": 2.02,
                "away_handicap_0.75_odd": 1.33,
                "home_handicap_-0.75_odd": 3.1,
                "home_handicap_0.75_odd": 1.37,
                "away_handicap_-0.75_odd": 2.95,
                "home_handicap_0.5_odd": 1.52,
                "away_handicap_-0.5_odd": 2.42,
                "2_odd": 2.45,
                "1_odd": 2.65,
                "draw_odd": 3.34,
                "away_handicap_0.0_odd": 1.8,
                "home_handicap_0.0_odd": 1.94
            },
            {
                "match_id": 27546051,
                "date": "20/07/2025",
                "time": "11:00",
                "home_team": "Albirex Niigata",
                "away_team": "Sanfrecce Hiroshima",
                "both_noscore_odd": 1.87,
                "both_score_odd": 1.87,
                "away_handicap_0.75_odd": 1.14,
                "home_handicap_-0.75_odd": 5.1,
                "away_handicap_0.5_odd": 1.23,
                "home_handicap_-0.5_odd": 3.85,
                "away_handicap_-2.0_odd": 5.55,
                "home_handicap_2.0_odd": 1.12,
                "12_odd": 1.28,
                "X2_odd": 1.21,
                "1X_odd": 1.95,
                "under_3.5_odd": 1.28,
                "over_3.5_odd": 3.4,
                "over_3.0_odd": 2.77,
                "under_3.0_odd": 1.41,
                "under_2.0_odd": 2.47,
                "over_2.0_odd": 1.5,
                "under_1.5_odd": 3.15,
                "over_1.5_odd": 1.32,
                "away_handicap_0.25_odd": 1.27,
                "home_handicap_-0.25_odd": 3.55,
                "away_handicap_-1.75_odd": 4.1,
                "home_handicap_1.75_odd": 1.21,
                "home_handicap_1.25_odd": 1.38,
                "away_handicap_-1.25_odd": 2.9,
                "home_handicap_0.25_odd": 2.3,
                "away_handicap_-0.25_odd": 1.57,
                "away_handicap_-1.5_odd": 3.2,
                "home_handicap_1.5_odd": 1.31,
                "away_handicap_-1.0_odd": 2.5,
                "home_handicap_1.0_odd": 1.49,
                "away_handicap_-0.5_odd": 1.79,
                "home_handicap_0.5_odd": 1.95,
                "home_handicap_0.0_odd": 3.0,
                "away_handicap_0.0_odd": 1.35,
                "2_odd": 1.79,
                "1_odd": 4.2,
                "draw_odd": 3.5,
                "under_2.5_odd": 1.78,
                "over_2.5_odd": 1.96,
                "home_handicap_0.75_odd": 1.72,
                "away_handicap_-0.75_odd": 2.05
            },
            {
                "match_id": 27551635,
                "date": "21/07/2025",
                "time": "10:00",
                "home_team": "Avispa Fukuoka",
                "away_team": "Kyoto Sanga FC",
                "both_noscore_odd": 1.76,
                "both_score_odd": 1.99,
                "over_3.0_odd": 3.75,
                "under_3.0_odd": 1.24,
                "home_handicap_-1.25_odd": 6.0,
                "away_handicap_1.25_odd": 1.11,
                "away_handicap_-1.25_odd": 5.1,
                "home_handicap_1.25_odd": 1.14,
                "X2_odd": 1.4,
                "1X_odd": 1.46,
                "12_odd": 1.37,
                "over_2.5_odd": 2.4,
                "under_2.5_odd": 1.53,
                "over_1.5_odd": 1.46,
                "under_1.5_odd": 2.6,
                "away_handicap_0.75_odd": 1.27,
                "home_handicap_-0.75_odd": 3.55,
                "away_handicap_0.25_odd": 1.55,
                "home_handicap_-0.25_odd": 2.35,
                "away_handicap_1.0_odd": 1.14,
                "home_handicap_-1.0_odd": 5.1,
                "away_handicap_0.5_odd": 1.41,
                "home_handicap_-0.5_odd": 2.77,
                "home_handicap_0.75_odd": 1.33,
                "away_handicap_-0.75_odd": 3.1,
                "home_handicap_0.25_odd": 1.64,
                "away_handicap_-0.25_odd": 2.17,
                "home_handicap_1.0_odd": 1.17,
                "away_handicap_-1.0_odd": 4.55,
                "away_handicap_-0.5_odd": 2.52,
                "home_handicap_0.5_odd": 1.48,
                "2_odd": 2.59,
                "1_odd": 2.8,
                "draw_odd": 2.93,
                "home_handicap_0.0_odd": 1.95,
                "away_handicap_0.0_odd": 1.79,
                "under_2.0_odd": 1.94,
                "over_2.0_odd": 1.8,
                "away_handicap_-1.5_odd": 5.55,
                "home_handicap_1.5_odd": 1.12
            }
        ]
    }
]