[
    {
        "tournament_name": "National Premier League",
        "tournament_id": "17956",
        "matches": [
            {
                "match_id": 27587602,
                "date": "15/07/2025",
                "time": "06:15",
                "home_team": "Hunters FC",
                "away_team": "Tuv Azarganuud",
                "1X_odd": 1.3,
                "12_odd": 1.16,
                "X2_odd": 2.04,
                "over_4.5_odd": 1.64,
                "under_4.5_odd": 2.12,
                "home_handicap_-1.25_odd": 2.17,
                "away_handicap_1.25_odd": 1.61,
                "home_handicap_-0.75_odd": 1.77,
                "away_handicap_0.75_odd": 1.93,
                "home_handicap_-0.25_odd": 1.54,
                "away_handicap_0.25_odd": 2.33,
                "home_handicap_-0.5_odd": 1.67,
                "away_handicap_0.5_odd": 2.07,
                "over_5.0_odd": 1.93,
                "under_5.0_odd": 1.77,
                "home_handicap_-1.0_odd": 1.96,
                "away_handicap_1.0_odd": 1.74,
                "1_odd": 1.67,
                "draw_odd": 5.0,
                "2_odd": 3.28,
                "over_5.5_odd": 2.3,
                "under_5.5_odd": 1.55,
                "home_handicap_-1.5_odd": 2.37,
                "away_handicap_1.5_odd": 1.52
            }
        ]
    }
]