[
    {
        "tournament_name": "Eliteserien. Outright",
        "tournament_id": "21797",
        "matches": []
    },
    {
        "tournament_name": "1st Division. Outright",
        "tournament_id": "28700",
        "matches": []
    },
    {
        "tournament_name": "Eliteserie",
        "tournament_id": "562",
        "matches": [
            {
                "match_id": 27538507,
                "date": "20/07/2025",
                "time": "13:30",
                "home_team": "Valerenga",
                "away_team": "FK Haugesund",
                "under_3.5_odd": 1.55,
                "over_3.5_odd": 2.3,
                "under_2.5_odd": 2.37,
                "over_2.5_odd": 1.52,
                "under_3.0_odd": 1.89,
                "over_3.0_odd": 1.81,
                "2_odd": 7.4,
                "1_odd": 1.29,
                "draw_odd": 4.8,
                "away_handicap_0.75_odd": 2.85,
                "home_handicap_-0.75_odd": 1.37,
                "away_handicap_2.25_odd": 1.38,
                "home_handicap_-2.25_odd": 2.8,
                "away_handicap_1.75_odd": 1.64,
                "home_handicap_-1.75_odd": 2.12,
                "away_handicap_1.25_odd": 2.07,
                "home_handicap_-1.25_odd": 1.67,
                "away_handicap_2.0_odd": 1.47,
                "home_handicap_-2.0_odd": 2.5,
                "away_handicap_1.0_odd": 2.5,
                "home_handicap_-1.0_odd": 1.47,
                "away_handicap_1.5_odd": 1.82,
                "home_handicap_-1.5_odd": 1.88,
                "both_score_odd": 1.83,
                "both_noscore_odd": 1.87,
                "12_odd": 1.15,
                "X2_odd": 3.13,
                "1X_odd": 1.08,
                "away_handicap_2.5_odd": 1.32,
                "home_handicap_-2.5_odd": 3.1,
                "away_handicap_0.5_odd": 3.15,
                "home_handicap_-0.5_odd": 1.31,
                "under_4.0_odd": 1.29,
                "over_4.0_odd": 3.25
            },
            {
                "match_id": 27538508,
                "date": "20/07/2025",
                "time": "16:00",
                "home_team": "Tromso IL",
                "away_team": "Bryne FK",
                "over_1.5_odd": 1.25,
                "under_1.5_odd": 3.57,
                "over_2.5_odd": 1.79,
                "under_2.5_odd": 1.91,
                "under_2.0_odd": 2.8,
                "over_2.0_odd": 1.38,
                "under_3.0_odd": 1.52,
                "over_3.0_odd": 2.37,
                "over_3.5_odd": 2.95,
                "under_3.5_odd": 1.35,
                "draw_odd": 3.47,
                "2_odd": 5.3,
                "1_odd": 1.55,
                "both_noscore_odd": 1.91,
                "both_score_odd": 1.79,
                "X2_odd": 2.24,
                "1X_odd": 1.14,
                "12_odd": 1.26,
                "away_handicap_1.75_odd": 1.3,
                "home_handicap_-1.75_odd": 3.2,
                "home_handicap_-1.25_odd": 2.37,
                "away_handicap_1.25_odd": 1.52,
                "away_handicap_0.25_odd": 2.75,
                "home_handicap_-0.25_odd": 1.39,
                "home_handicap_-0.5_odd": 1.57,
                "away_handicap_0.5_odd": 2.25,
                "away_handicap_1.5_odd": 1.41,
                "home_handicap_-1.5_odd": 2.68,
                "home_handicap_-1.0_odd": 2.04,
                "away_handicap_1.0_odd": 1.69,
                "home_handicap_-0.75_odd": 1.73,
                "away_handicap_0.75_odd": 1.97
            },
            {
                "match_id": 27538509,
                "date": "20/07/2025",
                "time": "16:00",
                "home_team": "Sandefjord Fotball",
                "away_team": "Kristiansund BK",
                "under_3.5_odd": 1.48,
                "over_3.5_odd": 2.45,
                "over_2.5_odd": 1.59,
                "under_2.5_odd": 2.21,
                "over_3.0_odd": 1.96,
                "under_3.0_odd": 1.74,
                "2_odd": 4.5,
                "draw_odd": 3.88,
                "1_odd": 1.57,
                "both_noscore_odd": 2.12,
                "both_score_odd": 1.64,
                "X2_odd": 2.21,
                "1X_odd": 1.18,
                "12_odd": 1.22,
                "away_handicap_1.25_odd": 1.55,
                "home_handicap_-1.25_odd": 2.3,
                "away_handicap_0.25_odd": 2.65,
                "home_handicap_-0.25_odd": 1.42,
                "away_handicap_1.75_odd": 1.33,
                "home_handicap_-1.75_odd": 3.05,
                "away_handicap_1.5_odd": 1.44,
                "home_handicap_-1.5_odd": 2.59,
                "away_handicap_1.0_odd": 1.72,
                "home_handicap_-1.0_odd": 2.0,
                "away_handicap_0.5_odd": 2.23,
                "home_handicap_-0.5_odd": 1.58,
                "away_handicap_0.0_odd": 3.47,
                "home_handicap_0.0_odd": 1.26,
                "away_handicap_0.75_odd": 1.96,
                "home_handicap_-0.75_odd": 1.74,
                "under_4.0_odd": 1.24,
                "over_4.0_odd": 3.65,
                "under_2.0_odd": 3.47,
                "over_2.0_odd": 1.26
            },
            {
                "match_id": 27538510,
                "date": "20/07/2025",
                "time": "18:15",
                "home_team": "HamKam",
                "away_team": "Fredrikstad FK",
                "home_handicap_0.25_odd": 1.78,
                "away_handicap_-0.25_odd": 1.92,
                "over_2.5_odd": 1.8,
                "under_2.5_odd": 1.9,
                "both_noscore_odd": 2.07,
                "both_score_odd": 1.67,
                "X2_odd": 1.38,
                "1X_odd": 1.59,
                "12_odd": 1.29,
                "away_handicap_0.0_odd": 1.65,
                "home_handicap_0.0_odd": 2.1,
                "under_3.5_odd": 1.34,
                "over_3.5_odd": 3.0,
                "under_3.0_odd": 1.51,
                "over_3.0_odd": 2.39,
                "under_2.0_odd": 2.75,
                "over_2.0_odd": 1.39,
                "under_1.5_odd": 3.47,
                "over_1.5_odd": 1.26,
                "away_handicap_0.75_odd": 1.27,
                "home_handicap_-0.75_odd": 3.4,
                "away_handicap_0.25_odd": 1.49,
                "home_handicap_-0.25_odd": 2.44,
                "away_handicap_0.5_odd": 1.39,
                "home_handicap_-0.5_odd": 2.75,
                "away_handicap_-0.75_odd": 2.59,
                "home_handicap_0.75_odd": 1.44,
                "away_handicap_-1.0_odd": 3.4,
                "home_handicap_1.0_odd": 1.27,
                "away_handicap_-0.5_odd": 2.2,
                "home_handicap_0.5_odd": 1.6,
                "2_odd": 2.17,
                "1_odd": 2.78,
                "draw_odd": 3.34
            },
            {
                "match_id": 27575353,
                "date": "18/07/2025",
                "time": "17:00",
                "home_team": "Sarpsborg 08 FF",
                "away_team": "Rosenborg",
                "over_3.0_odd": 1.86,
                "under_3.0_odd": 1.84,
                "over_3.5_odd": 2.35,
                "under_3.5_odd": 1.53,
                "over_2.5_odd": 1.54,
                "under_2.5_odd": 2.33,
                "draw_odd": 3.41,
                "2_odd": 2.52,
                "1_odd": 2.33,
                "both_noscore_odd": 2.5,
                "both_score_odd": 1.47,
                "12_odd": 1.28,
                "X2_odd": 1.52,
                "1X_odd": 1.45,
                "home_handicap_-0.75_odd": 2.8,
                "away_handicap_0.75_odd": 1.38,
                "home_handicap_-0.25_odd": 2.08,
                "away_handicap_0.25_odd": 1.66,
                "home_handicap_0.75_odd": 1.34,
                "away_handicap_-0.75_odd": 3.0,
                "home_handicap_0.25_odd": 1.59,
                "away_handicap_-0.25_odd": 2.21,
                "home_handicap_0.0_odd": 1.8,
                "away_handicap_0.0_odd": 1.9,
                "home_handicap_-0.5_odd": 2.35,
                "away_handicap_0.5_odd": 1.53,
                "home_handicap_0.5_odd": 1.46,
                "away_handicap_-0.5_odd": 2.52,
                "under_4.0_odd": 1.28,
                "over_4.0_odd": 3.3
            },
            {
                "match_id": 27513724,
                "date": "16/07/2025",
                "time": "17:00",
                "home_team": "Fredrikstad FK",
                "away_team": "FK Bodo/Glimt",
                "over_3.0_odd": 2.27,
                "under_3.0_odd": 1.56,
                "draw_odd": 4.0,
                "2_odd": 1.55,
                "1_odd": 4.9,
                "under_3.5_odd": 1.37,
                "over_3.5_odd": 2.85,
                "over_2.5_odd": 1.74,
                "under_2.5_odd": 1.96,
                "both_noscore_odd": 1.88,
                "both_score_odd": 1.82,
                "X2_odd": 1.17,
                "1X_odd": 2.3,
                "12_odd": 1.22,
                "under_2.0_odd": 2.95,
                "over_2.0_odd": 1.35,
                "away_handicap_-1.75_odd": 3.0,
                "home_handicap_1.75_odd": 1.34,
                "home_handicap_0.25_odd": 2.75,
                "away_handicap_-0.25_odd": 1.39,
                "away_handicap_-1.25_odd": 2.21,
                "home_handicap_1.25_odd": 1.59,
                "away_handicap_-1.5_odd": 2.5,
                "home_handicap_1.5_odd": 1.47,
                "away_handicap_-1.0_odd": 1.93,
                "home_handicap_1.0_odd": 1.77,
                "away_handicap_-0.5_odd": 1.55,
                "home_handicap_0.5_odd": 2.3,
                "home_handicap_0.75_odd": 2.04,
                "away_handicap_-0.75_odd": 1.69
            },
            {
                "match_id": 27532742,
                "date": "19/07/2025",
                "time": "17:00",
                "home_team": "Viking FK",
                "away_team": "FK Bodo/Glimt",
                "away_handicap_-0.25_odd": 1.83,
                "home_handicap_0.25_odd": 1.87,
                "under_2.5_odd": 2.44,
                "over_2.5_odd": 1.49,
                "both_noscore_odd": 2.5,
                "both_score_odd": 1.47,
                "X2_odd": 1.39,
                "1X_odd": 1.67,
                "12_odd": 1.24,
                "under_4.0_odd": 1.32,
                "over_4.0_odd": 3.1,
                "under_3.5_odd": 1.59,
                "over_3.5_odd": 2.21,
                "away_handicap_0.75_odd": 1.28,
                "home_handicap_-0.75_odd": 3.3,
                "away_handicap_-1.25_odd": 3.2,
                "home_handicap_1.25_odd": 1.3,
                "away_handicap_-1.5_odd": 3.57,
                "home_handicap_1.5_odd": 1.25,
                "away_handicap_-1.0_odd": 2.87,
                "home_handicap_1.0_odd": 1.36,
                "under_3.0_odd": 1.93,
                "over_3.0_odd": 1.77,
                "away_handicap_0.25_odd": 1.48,
                "home_handicap_-0.25_odd": 2.45,
                "away_handicap_0.5_odd": 1.39,
                "home_handicap_-0.5_odd": 2.75,
                "away_handicap_0.0_odd": 1.6,
                "home_handicap_0.0_odd": 2.2,
                "away_handicap_-0.75_odd": 2.35,
                "home_handicap_0.75_odd": 1.53,
                "away_handicap_-0.5_odd": 2.04,
                "home_handicap_0.5_odd": 1.69,
                "2_odd": 2.02,
                "1_odd": 2.77,
                "draw_odd": 3.79
            },
            {
                "match_id": 27532743,
                "date": "19/07/2025",
                "time": "15:00",
                "home_team": "Molde FK",
                "away_team": "Stromsgodset IF",
                "under_4.5_odd": 1.3,
                "over_4.5_odd": 3.2,
                "over_3.5_odd": 2.0,
                "under_3.5_odd": 1.72,
                "over_2.5_odd": 1.4,
                "under_2.5_odd": 2.7,
                "over_3.0_odd": 1.59,
                "under_3.0_odd": 2.21,
                "draw_odd": 4.4,
                "2_odd": 5.4,
                "1_odd": 1.42,
                "both_noscore_odd": 2.35,
                "both_score_odd": 1.53,
                "X2_odd": 2.62,
                "1X_odd": 1.14,
                "12_odd": 1.18,
                "home_handicap_-2.5_odd": 3.65,
                "away_handicap_2.5_odd": 1.24,
                "home_handicap_-1.75_odd": 2.45,
                "away_handicap_1.75_odd": 1.48,
                "home_handicap_-1.25_odd": 1.92,
                "away_handicap_1.25_odd": 1.78,
                "home_handicap_-0.75_odd": 1.53,
                "away_handicap_0.75_odd": 2.35,
                "away_handicap_0.25_odd": 3.15,
                "home_handicap_-0.25_odd": 1.31,
                "away_handicap_2.0_odd": 1.33,
                "home_handicap_-2.0_odd": 3.05,
                "away_handicap_1.5_odd": 1.61,
                "home_handicap_-1.5_odd": 2.17,
                "away_handicap_0.5_odd": 2.59,
                "home_handicap_-0.5_odd": 1.44,
                "under_4.0_odd": 1.42,
                "over_4.0_odd": 2.65,
                "away_handicap_2.25_odd": 1.28,
                "home_handicap_-2.25_odd": 3.3,
                "away_handicap_1.0_odd": 2.04,
                "home_handicap_-1.0_odd": 1.69
            },
            {
                "match_id": 27532744,
                "date": "19/07/2025",
                "time": "13:00",
                "home_team": "KFUM Oslo",
                "away_team": "SK Brann",
                "under_3.5_odd": 1.31,
                "over_3.5_odd": 3.15,
                "under_1.5_odd": 3.3,
                "over_1.5_odd": 1.28,
                "under_2.0_odd": 2.62,
                "over_2.0_odd": 1.43,
                "under_2.5_odd": 1.84,
                "over_2.5_odd": 1.86,
                "under_3.0_odd": 1.46,
                "over_3.0_odd": 2.52,
                "2_odd": 2.28,
                "1_odd": 2.76,
                "draw_odd": 3.14,
                "both_score_odd": 1.68,
                "both_noscore_odd": 2.05,
                "12_odd": 1.32,
                "X2_odd": 1.39,
                "1X_odd": 1.54,
                "away_handicap_0.75_odd": 1.28,
                "home_handicap_-0.75_odd": 3.3,
                "away_handicap_0.25_odd": 1.51,
                "home_handicap_-0.25_odd": 2.39,
                "away_handicap_0.5_odd": 1.4,
                "home_handicap_-0.5_odd": 2.7,
                "away_handicap_-0.75_odd": 2.75,
                "home_handicap_0.75_odd": 1.39,
                "away_handicap_-0.25_odd": 2.0,
                "home_handicap_0.25_odd": 1.72,
                "away_handicap_-0.5_odd": 2.3,
                "home_handicap_0.5_odd": 1.55,
                "away_handicap_0.0_odd": 1.69,
                "home_handicap_0.0_odd": 2.04
            }
        ]
    }
]