[
    {
        "tournament_name": "OFC Nations Cup - Women",
        "tournament_id": "15895",
        "matches": [
            {
                "match_id": 27587136,
                "date": "16/07/2025",
                "time": "04:00",
                "home_team": "Papua New Guinea (Wom)",
                "away_team": "Fiji (Wom)",
                "both_score_odd": 1.46,
                "both_noscore_odd": 2.52,
                "over_4.0_odd": 3.2,
                "under_4.0_odd": 1.3,
                "over_3.5_odd": 2.27,
                "under_3.5_odd": 1.56,
                "home_handicap_-0.75_odd": 3.3,
                "away_handicap_0.75_odd": 1.28,
                "home_handicap_-0.25_odd": 2.45,
                "away_handicap_0.25_odd": 1.48,
                "home_handicap_-0.5_odd": 2.8,
                "away_handicap_0.5_odd": 1.38,
                "home_handicap_1.25_odd": 1.25,
                "away_handicap_-1.25_odd": 3.57,
                "home_handicap_0.75_odd": 1.48,
                "away_handicap_-0.75_odd": 2.45,
                "home_handicap_1.0_odd": 1.31,
                "away_handicap_-1.0_odd": 3.15,
                "home_handicap_0.5_odd": 1.64,
                "away_handicap_-0.5_odd": 2.12,
                "home_handicap_0.0_odd": 2.15,
                "away_handicap_0.0_odd": 1.62,
                "12_odd": 1.27,
                "X2_odd": 1.38,
                "1X_odd": 1.63,
                "over_2.5_odd": 1.51,
                "under_2.5_odd": 2.39,
                "over_3.0_odd": 1.8,
                "under_3.0_odd": 1.9,
                "draw_odd": 3.57,
                "2_odd": 2.13,
                "1_odd": 2.85,
                "away_handicap_-0.25_odd": 1.9,
                "home_handicap_0.25_odd": 1.8
            }
        ]
    }
]