[
    {
        "tournament_name": "Superliga",
        "tournament_id": "1992",
        "matches": [
            {
                "match_id": 27541413,
                "date": "20/07/2025",
                "time": "16:30",
                "home_team": "FCV Farul Constanta",
                "away_team": "FC Otelul Galati",
                "both_noscore_odd": 1.76,
                "both_score_odd": 1.94,
                "12_odd": 1.34,
                "X2_odd": 1.61,
                "1X_odd": 1.31,
                "home_handicap_-1.0_odd": 3.57,
                "away_handicap_1.0_odd": 1.25,
                "under_2.5_odd": 1.57,
                "over_2.5_odd": 2.25,
                "under_2.0_odd": 2.02,
                "over_2.0_odd": 1.7,
                "under_1.5_odd": 2.68,
                "over_1.5_odd": 1.41,
                "away_handicap_1.25_odd": 1.2,
                "home_handicap_-1.25_odd": 4.05,
                "away_handicap_0.75_odd": 1.44,
                "home_handicap_-0.75_odd": 2.59,
                "away_handicap_0.5_odd": 1.61,
                "home_handicap_-0.5_odd": 2.17,
                "away_handicap_0.0_odd": 2.27,
                "home_handicap_0.0_odd": 1.56,
                "away_handicap_-0.75_odd": 3.9,
                "home_handicap_0.75_odd": 1.21,
                "away_handicap_0.25_odd": 1.82,
                "home_handicap_-0.25_odd": 1.88,
                "under_3.0_odd": 1.27,
                "over_3.0_odd": 3.4,
                "away_handicap_-0.25_odd": 2.68,
                "home_handicap_0.25_odd": 1.41,
                "away_handicap_-0.5_odd": 3.1,
                "home_handicap_0.5_odd": 1.32,
                "2_odd": 3.13,
                "1_odd": 2.15,
                "draw_odd": 2.99,
                "over_3.5_odd": 4.05,
                "under_3.5_odd": 1.2
            },
            {
                "match_id": 27541807,
                "date": "20/07/2025",
                "time": "19:30",
                "home_team": "FC Rapid Bucuresti",
                "away_team": "CFR Cluj",
                "both_score_odd": 1.88,
                "both_noscore_odd": 1.82,
                "X2_odd": 1.45,
                "1X_odd": 1.43,
                "12_odd": 1.34,
                "away_handicap_0.25_odd": 1.61,
                "home_handicap_-0.25_odd": 2.17,
                "under_3.5_odd": 1.21,
                "over_3.5_odd": 3.9,
                "under_3.0_odd": 1.29,
                "over_3.0_odd": 3.25,
                "under_2.5_odd": 1.61,
                "over_2.5_odd": 2.17,
                "under_2.0_odd": 2.12,
                "over_2.0_odd": 1.64,
                "under_1.5_odd": 2.75,
                "over_1.5_odd": 1.39,
                "away_handicap_0.75_odd": 1.32,
                "home_handicap_-0.75_odd": 3.1,
                "away_handicap_0.5_odd": 1.47,
                "home_handicap_-0.5_odd": 2.5,
                "away_handicap_-0.75_odd": 3.2,
                "home_handicap_0.75_odd": 1.3,
                "away_handicap_-0.25_odd": 2.25,
                "home_handicap_0.25_odd": 1.57,
                "away_handicap_-0.5_odd": 2.59,
                "home_handicap_0.5_odd": 1.44,
                "away_handicap_0.0_odd": 1.88,
                "home_handicap_0.0_odd": 1.82,
                "2_odd": 2.59,
                "1_odd": 2.5,
                "draw_odd": 2.99
            },
            {
                "match_id": 27547180,
                "date": "21/07/2025",
                "time": "17:00",
                "home_team": "CSM Unirea Slobozia",
                "away_team": "AFK Csikszereda Miercurea Ciuc",
                "both_score_odd": 1.94,
                "both_noscore_odd": 1.76,
                "under_3.0_odd": 1.26,
                "over_3.0_odd": 3.47,
                "away_handicap_0.75_odd": 1.4,
                "home_handicap_-0.75_odd": 2.7,
                "away_handicap_0.5_odd": 1.57,
                "home_handicap_-0.5_odd": 2.25,
                "away_handicap_-0.75_odd": 3.75,
                "home_handicap_0.75_odd": 1.23,
                "away_handicap_-0.25_odd": 2.55,
                "home_handicap_0.25_odd": 1.45,
                "away_handicap_-0.5_odd": 2.95,
                "home_handicap_0.5_odd": 1.35,
                "X2_odd": 1.55,
                "1X_odd": 1.33,
                "12_odd": 1.35,
                "over_2.5_odd": 2.3,
                "under_2.5_odd": 1.55,
                "over_1.5_odd": 1.42,
                "under_1.5_odd": 2.65,
                "home_handicap_-1.0_odd": 3.83,
                "away_handicap_1.0_odd": 1.22,
                "home_handicap_0.0_odd": 1.63,
                "away_handicap_0.0_odd": 2.13,
                "draw_odd": 2.94,
                "2_odd": 2.99,
                "1_odd": 2.25,
                "away_handicap_0.25_odd": 1.76,
                "home_handicap_-0.25_odd": 1.94,
                "over_2.0_odd": 1.72,
                "under_2.0_odd": 2.0
            },
            {
                "match_id": 27547581,
                "date": "21/07/2025",
                "time": "19:30",
                "home_team": "FC Dinamo Bucuresti",
                "away_team": "FC Botosani",
                "both_score_odd": 1.95,
                "both_noscore_odd": 1.75,
                "12_odd": 1.3,
                "X2_odd": 1.91,
                "1X_odd": 1.2,
                "home_handicap_-1.0_odd": 2.59,
                "away_handicap_1.0_odd": 1.44,
                "home_handicap_0.0_odd": 1.34,
                "away_handicap_0.0_odd": 3.0,
                "under_2.5_odd": 1.65,
                "over_2.5_odd": 2.1,
                "under_2.0_odd": 2.23,
                "over_2.0_odd": 1.58,
                "away_handicap_1.25_odd": 1.34,
                "home_handicap_-1.25_odd": 3.0,
                "away_handicap_1.5_odd": 1.29,
                "home_handicap_-1.5_odd": 3.25,
                "away_handicap_0.5_odd": 1.92,
                "home_handicap_-0.5_odd": 1.78,
                "away_handicap_0.75_odd": 1.68,
                "home_handicap_-0.75_odd": 2.05,
                "under_3.5_odd": 1.23,
                "over_3.5_odd": 3.75,
                "under_3.0_odd": 1.33,
                "over_3.0_odd": 3.05,
                "under_1.5_odd": 2.87,
                "over_1.5_odd": 1.36,
                "away_handicap_0.25_odd": 2.27,
                "home_handicap_-0.25_odd": 1.56,
                "away_handicap_-0.25_odd": 3.47,
                "home_handicap_0.25_odd": 1.26,
                "away_handicap_-0.5_odd": 3.9,
                "home_handicap_0.5_odd": 1.21,
                "2_odd": 4.1,
                "1_odd": 1.76,
                "draw_odd": 3.25
            },
            {
                "match_id": 27530189,
                "date": "18/07/2025",
                "time": "17:00",
                "home_team": "FC Hermannstadt Sibiu",
                "away_team": "FC Metaloglobus Bucuresti",
                "both_noscore_odd": 1.55,
                "both_score_odd": 2.3,
                "12_odd": 1.2,
                "X2_odd": 2.87,
                "1X_odd": 1.08,
                "over_3.5_odd": 3.3,
                "under_3.5_odd": 1.28,
                "over_3.0_odd": 2.7,
                "under_3.0_odd": 1.4,
                "under_2.0_odd": 2.44,
                "over_2.0_odd": 1.49,
                "under_1.5_odd": 3.15,
                "over_1.5_odd": 1.31,
                "away_handicap_2.25_odd": 1.25,
                "home_handicap_-2.25_odd": 3.57,
                "away_handicap_1.75_odd": 1.46,
                "home_handicap_-1.75_odd": 2.52,
                "away_handicap_0.75_odd": 2.5,
                "home_handicap_-0.75_odd": 1.47,
                "away_handicap_0.25_odd": 3.65,
                "home_handicap_-0.25_odd": 1.24,
                "away_handicap_2.5_odd": 1.21,
                "home_handicap_-2.5_odd": 3.9,
                "away_handicap_2.0_odd": 1.3,
                "home_handicap_-2.0_odd": 3.2,
                "away_handicap_1.5_odd": 1.61,
                "home_handicap_-1.5_odd": 2.17,
                "away_handicap_1.0_odd": 2.13,
                "home_handicap_-1.0_odd": 1.63,
                "away_handicap_0.5_odd": 2.8,
                "home_handicap_-0.5_odd": 1.38,
                "draw_odd": 4.0,
                "2_odd": 7.5,
                "1_odd": 1.35,
                "under_2.5_odd": 1.75,
                "over_2.5_odd": 1.95,
                "away_handicap_1.25_odd": 1.81,
                "home_handicap_-1.25_odd": 1.89
            },
            {
                "match_id": 27530612,
                "date": "18/07/2025",
                "time": "19:30",
                "home_team": "Universitatea Craiova",
                "away_team": "FC Arges",
                "away_handicap_2.25_odd": 1.21,
                "home_handicap_-2.25_odd": 3.9,
                "both_score_odd": 2.02,
                "both_noscore_odd": 1.7,
                "X2_odd": 2.58,
                "1X_odd": 1.1,
                "12_odd": 1.21,
                "over_3.5_odd": 3.1,
                "under_3.5_odd": 1.32,
                "over_3.0_odd": 2.5,
                "under_3.0_odd": 1.47,
                "over_2.0_odd": 1.43,
                "under_2.0_odd": 2.62,
                "over_1.5_odd": 1.28,
                "under_1.5_odd": 3.3,
                "home_handicap_-1.75_odd": 2.7,
                "away_handicap_1.75_odd": 1.4,
                "home_handicap_-1.25_odd": 2.04,
                "away_handicap_1.25_odd": 1.69,
                "away_handicap_0.75_odd": 2.25,
                "home_handicap_-0.75_odd": 1.57,
                "away_handicap_0.25_odd": 3.2,
                "home_handicap_-0.25_odd": 1.3,
                "away_handicap_2.0_odd": 1.25,
                "home_handicap_-2.0_odd": 3.57,
                "away_handicap_1.5_odd": 1.54,
                "home_handicap_-1.5_odd": 2.33,
                "away_handicap_0.5_odd": 2.55,
                "home_handicap_-0.5_odd": 1.45,
                "2_odd": 6.0,
                "1_odd": 1.43,
                "draw_odd": 3.93,
                "under_2.5_odd": 1.84,
                "over_2.5_odd": 1.86,
                "away_handicap_1.0_odd": 1.94,
                "home_handicap_-1.0_odd": 1.76
            },
            {
                "match_id": 27535645,
                "date": "19/07/2025",
                "time": "16:30",
                "home_team": "FC Universitatea Cluj",
                "away_team": "FC UTA Arad",
                "both_noscore_odd": 1.81,
                "both_score_odd": 1.89,
                "X2_odd": 1.89,
                "1X_odd": 1.21,
                "12_odd": 1.3,
                "away_handicap_0.0_odd": 3.05,
                "home_handicap_0.0_odd": 1.33,
                "under_3.5_odd": 1.25,
                "over_3.5_odd": 3.57,
                "over_3.0_odd": 2.95,
                "under_3.0_odd": 1.35,
                "under_2.5_odd": 1.69,
                "over_2.5_odd": 2.04,
                "under_2.0_odd": 2.3,
                "over_2.0_odd": 1.55,
                "under_1.5_odd": 3.0,
                "over_1.5_odd": 1.34,
                "home_handicap_-1.25_odd": 3.0,
                "away_handicap_1.25_odd": 1.34,
                "home_handicap_-0.75_odd": 2.04,
                "away_handicap_0.75_odd": 1.69,
                "home_handicap_-0.25_odd": 1.56,
                "away_handicap_0.25_odd": 2.27,
                "home_handicap_-1.5_odd": 3.3,
                "away_handicap_1.5_odd": 1.28,
                "home_handicap_-1.0_odd": 2.55,
                "away_handicap_1.0_odd": 1.45,
                "home_handicap_0.25_odd": 1.26,
                "away_handicap_-0.25_odd": 3.47,
                "home_handicap_0.5_odd": 1.21,
                "away_handicap_-0.5_odd": 3.9,
                "2_odd": 4.1,
                "1_odd": 1.77,
                "draw_odd": 3.2,
                "home_handicap_-0.5_odd": 1.79,
                "away_handicap_0.5_odd": 1.91
            },
            {
                "match_id": 27536100,
                "date": "19/07/2025",
                "time": "19:30",
                "home_team": "Petrolul Ploiesti",
                "away_team": "FCSB",
                "both_noscore_odd": 1.77,
                "both_score_odd": 1.93,
                "X2_odd": 1.23,
                "1X_odd": 1.78,
                "12_odd": 1.32,
                "away_handicap_-1.0_odd": 2.87,
                "home_handicap_1.0_odd": 1.36,
                "home_handicap_1.25_odd": 1.28,
                "away_handicap_-1.25_odd": 3.3,
                "away_handicap_-0.75_odd": 2.23,
                "home_handicap_0.75_odd": 1.58,
                "away_handicap_-1.5_odd": 3.75,
                "home_handicap_1.5_odd": 1.23,
                "away_handicap_-0.5_odd": 1.91,
                "home_handicap_0.5_odd": 1.79,
                "away_handicap_-0.25_odd": 1.68,
                "home_handicap_0.25_odd": 2.05,
                "over_3.5_odd": 3.83,
                "under_3.5_odd": 1.22,
                "over_3.0_odd": 3.2,
                "under_3.0_odd": 1.3,
                "over_2.5_odd": 2.17,
                "under_2.5_odd": 1.61,
                "over_1.5_odd": 1.38,
                "under_1.5_odd": 2.8,
                "under_2.0_odd": 2.13,
                "over_2.0_odd": 1.63,
                "away_handicap_0.25_odd": 1.3,
                "home_handicap_-0.25_odd": 3.2,
                "away_handicap_0.5_odd": 1.24,
                "home_handicap_-0.5_odd": 3.65,
                "away_handicap_0.0_odd": 1.4,
                "home_handicap_0.0_odd": 2.7,
                "draw_odd": 3.09,
                "2_odd": 1.89,
                "1_odd": 3.73
            }
        ]
    }
]