[
    {
        "tournament_name": "Scottish Premiership",
        "tournament_id": "555",
        "matches": [
            {
                "match_id": 27467558,
                "date": "04/08/2025",
                "time": "20:00",
                "home_team": "Heart of Midlothian FC",
                "away_team": "FC Aberdeen",
                "both_score_odd": 1.61,
                "both_noscore_odd": 2.23,
                "X2_odd": 1.61,
                "1X_odd": 1.36,
                "12_odd": 1.3,
                "home_handicap_-1.25_odd": 4.0,
                "away_handicap_1.25_odd": 1.22,
                "home_handicap_-0.5_odd": 2.21,
                "away_handicap_0.5_odd": 1.62,
                "home_handicap_1.25_odd": 1.13,
                "away_handicap_-1.25_odd": 5.3,
                "home_handicap_0.5_odd": 1.38,
                "away_handicap_-0.5_odd": 2.9,
                "away_handicap_0.75_odd": 1.45,
                "home_handicap_-0.75_odd": 2.62,
                "away_handicap_0.25_odd": 1.81,
                "home_handicap_-0.25_odd": 1.93,
                "away_handicap_1.5_odd": 1.19,
                "home_handicap_-1.5_odd": 4.3,
                "away_handicap_1.0_odd": 1.27,
                "home_handicap_-1.0_odd": 3.55,
                "away_handicap_-0.75_odd": 3.6,
                "home_handicap_0.75_odd": 1.26,
                "away_handicap_-0.25_odd": 2.52,
                "home_handicap_0.25_odd": 1.48,
                "away_handicap_-1.0_odd": 4.9,
                "home_handicap_1.0_odd": 1.15,
                "away_handicap_0.0_odd": 2.17,
                "home_handicap_0.0_odd": 1.64,
                "home_handicap_-1.75_odd": 5.3,
                "away_handicap_1.75_odd": 1.13,
                "under_3.5_odd": 1.39,
                "over_3.5_odd": 2.85,
                "over_3.0_odd": 2.26,
                "under_3.0_odd": 1.59,
                "over_2.0_odd": 1.36,
                "under_2.0_odd": 2.97,
                "over_1.5_odd": 1.24,
                "under_1.5_odd": 3.75,
                "over_2.5_odd": 1.75,
                "under_2.5_odd": 2.0,
                "draw_odd": 3.34,
                "2_odd": 2.98,
                "1_odd": 2.23
            },
            {
                "match_id": 27461960,
                "date": "03/08/2025",
                "time": "14:00",
                "home_team": "Falkirk FC",
                "away_team": "Dundee United",
                "both_noscore_odd": 2.21,
                "both_score_odd": 1.62,
                "X2_odd": 1.72,
                "1X_odd": 1.31,
                "12_odd": 1.29,
                "away_handicap_-0.5_odd": 3.15,
                "home_handicap_0.5_odd": 1.32,
                "home_handicap_-0.5_odd": 2.02,
                "away_handicap_0.5_odd": 1.74,
                "home_handicap_0.25_odd": 1.4,
                "away_handicap_-0.25_odd": 2.8,
                "over_3.0_odd": 2.23,
                "under_3.0_odd": 1.61,
                "home_handicap_-1.0_odd": 2.97,
                "away_handicap_1.0_odd": 1.36,
                "over_3.5_odd": 2.8,
                "under_3.5_odd": 1.4,
                "over_2.0_odd": 1.34,
                "under_2.0_odd": 3.05,
                "home_handicap_-1.75_odd": 4.55,
                "away_handicap_1.75_odd": 1.17,
                "home_handicap_-1.25_odd": 3.35,
                "away_handicap_1.25_odd": 1.29,
                "home_handicap_-0.75_odd": 2.35,
                "away_handicap_0.75_odd": 1.55,
                "home_handicap_-0.25_odd": 1.77,
                "away_handicap_0.25_odd": 1.97,
                "home_handicap_-1.5_odd": 3.75,
                "away_handicap_1.5_odd": 1.24,
                "home_handicap_0.75_odd": 1.22,
                "away_handicap_-0.75_odd": 4.0,
                "home_handicap_1.0_odd": 1.11,
                "away_handicap_-1.0_odd": 6.0,
                "home_handicap_0.0_odd": 1.51,
                "away_handicap_0.0_odd": 2.45,
                "over_1.5_odd": 1.23,
                "under_1.5_odd": 3.85,
                "draw_odd": 3.45,
                "2_odd": 3.31,
                "1_odd": 2.03,
                "under_2.5_odd": 2.03,
                "over_2.5_odd": 1.73
            },
            {
                "match_id": 27461963,
                "date": "03/08/2025",
                "time": "15:00",
                "home_team": "FC Dundee",
                "away_team": "Hibernian Edinburgh FC",
                "both_score_odd": 1.45,
                "both_noscore_odd": 2.62,
                "12_odd": 1.28,
                "X2_odd": 1.37,
                "1X_odd": 1.64,
                "away_handicap_-1.75_odd": 4.9,
                "home_handicap_1.75_odd": 1.15,
                "under_4.0_odd": 1.32,
                "over_4.0_odd": 3.15,
                "away_handicap_1.5_odd": 1.13,
                "home_handicap_-1.5_odd": 5.3,
                "away_handicap_1.0_odd": 1.17,
                "home_handicap_-1.0_odd": 4.55,
                "away_handicap_0.5_odd": 1.39,
                "home_handicap_-0.5_odd": 2.85,
                "away_handicap_-1.25_odd": 3.6,
                "home_handicap_1.25_odd": 1.26,
                "away_handicap_-0.25_odd": 1.9,
                "home_handicap_0.25_odd": 1.84,
                "away_handicap_-1.5_odd": 4.0,
                "home_handicap_1.5_odd": 1.22,
                "away_handicap_-0.5_odd": 2.15,
                "home_handicap_0.5_odd": 1.65,
                "over_3.5_odd": 2.26,
                "under_3.5_odd": 1.59,
                "over_2.5_odd": 1.51,
                "under_2.5_odd": 2.45,
                "over_2.0_odd": 1.21,
                "under_2.0_odd": 4.1,
                "home_handicap_-1.25_odd": 4.9,
                "away_handicap_1.25_odd": 1.15,
                "home_handicap_-0.75_odd": 3.4,
                "away_handicap_0.75_odd": 1.28,
                "home_handicap_-0.25_odd": 2.52,
                "away_handicap_0.25_odd": 1.48,
                "home_handicap_0.75_odd": 1.49,
                "away_handicap_-0.75_odd": 2.5,
                "home_handicap_1.0_odd": 1.32,
                "away_handicap_-1.0_odd": 3.15,
                "under_3.0_odd": 1.94,
                "over_3.0_odd": 1.8,
                "under_4.5_odd": 1.23,
                "over_4.5_odd": 3.75,
                "away_handicap_0.0_odd": 1.63,
                "home_handicap_0.0_odd": 2.18,
                "2_odd": 2.17,
                "1_odd": 2.92,
                "draw_odd": 3.56
            },
            {
                "match_id": 27461964,
                "date": "03/08/2025",
                "time": "16:30",
                "home_team": "Celtic FC",
                "away_team": "St Mirren FC",
                "both_score_odd": 1.92,
                "both_noscore_odd": 1.82,
                "X2_odd": 4.0,
                "1X_odd": 1.06,
                "12_odd": 1.12,
                "under_2.5_odd": 2.65,
                "over_2.5_odd": 1.44,
                "away_handicap_2.25_odd": 1.55,
                "home_handicap_-2.25_odd": 2.35,
                "away_handicap_3.5_odd": 1.18,
                "home_handicap_-3.5_odd": 4.4,
                "away_handicap_1.25_odd": 2.5,
                "home_handicap_-1.25_odd": 1.49,
                "home_handicap_-0.25_odd": 1.15,
                "away_handicap_0.25_odd": 4.9,
                "over_3.5_odd": 2.12,
                "under_3.5_odd": 1.67,
                "over_3.0_odd": 1.68,
                "under_3.0_odd": 2.1,
                "home_handicap_-3.75_odd": 5.55,
                "away_handicap_3.75_odd": 1.12,
                "home_handicap_-3.25_odd": 4.25,
                "away_handicap_3.25_odd": 1.2,
                "home_handicap_-2.75_odd": 3.05,
                "away_handicap_2.75_odd": 1.34,
                "home_handicap_-0.75_odd": 1.27,
                "away_handicap_0.75_odd": 3.55,
                "home_handicap_-3.0_odd": 3.85,
                "away_handicap_3.0_odd": 1.23,
                "home_handicap_-2.5_odd": 2.62,
                "away_handicap_2.5_odd": 1.45,
                "home_handicap_-2.0_odd": 2.07,
                "away_handicap_2.0_odd": 1.7,
                "home_handicap_-1.5_odd": 1.66,
                "away_handicap_1.5_odd": 2.14,
                "home_handicap_-1.0_odd": 1.33,
                "away_handicap_1.0_odd": 3.1,
                "away_handicap_0.5_odd": 3.85,
                "home_handicap_-0.5_odd": 1.23,
                "away_handicap_1.75_odd": 1.9,
                "home_handicap_-1.75_odd": 1.84,
                "under_4.5_odd": 1.28,
                "over_4.5_odd": 3.4,
                "over_4.0_odd": 2.9,
                "under_4.0_odd": 1.37,
                "draw_odd": 6.0,
                "2_odd": 9.7,
                "1_odd": 1.22
            },
            {
                "match_id": 27461991,
                "date": "02/08/2025",
                "time": "15:00",
                "home_team": "FC Kilmarnock",
                "away_team": "Livingston FC",
                "both_noscore_odd": 2.12,
                "both_score_odd": 1.67,
                "12_odd": 1.3,
                "X2_odd": 1.76,
                "1X_odd": 1.28,
                "over_3.5_odd": 2.97,
                "under_3.5_odd": 1.36,
                "home_handicap_-1.25_odd": 3.35,
                "away_handicap_1.25_odd": 1.29,
                "home_handicap_-0.5_odd": 1.97,
                "away_handicap_0.5_odd": 1.77,
                "home_handicap_0.75_odd": 1.2,
                "away_handicap_-0.75_odd": 4.25,
                "home_handicap_0.5_odd": 1.29,
                "away_handicap_-0.5_odd": 3.35,
                "under_3.0_odd": 1.53,
                "over_3.0_odd": 2.4,
                "under_2.0_odd": 2.85,
                "over_2.0_odd": 1.39,
                "under_1.5_odd": 3.7,
                "over_1.5_odd": 1.25,
                "away_handicap_1.75_odd": 1.16,
                "home_handicap_-1.75_odd": 4.75,
                "away_handicap_0.75_odd": 1.57,
                "home_handicap_-0.75_odd": 2.3,
                "away_handicap_1.5_odd": 1.24,
                "home_handicap_-1.5_odd": 3.75,
                "away_handicap_1.0_odd": 1.36,
                "home_handicap_-1.0_odd": 2.97,
                "away_handicap_0.0_odd": 2.57,
                "home_handicap_0.0_odd": 1.47,
                "away_handicap_-0.25_odd": 2.97,
                "home_handicap_0.25_odd": 1.36,
                "home_handicap_-0.25_odd": 1.73,
                "away_handicap_0.25_odd": 2.03,
                "2_odd": 3.52,
                "1_odd": 1.99,
                "draw_odd": 3.36,
                "over_2.5_odd": 1.8,
                "under_2.5_odd": 1.94
            },
            {
                "match_id": 27461993,
                "date": "02/08/2025",
                "time": "17:30",
                "home_team": "FC Motherwell",
                "away_team": "Glasgow Rangers",
                "both_noscore_odd": 2.1,
                "both_score_odd": 1.68,
                "X2_odd": 1.14,
                "1X_odd": 2.55,
                "12_odd": 1.18,
                "home_handicap_0.5_odd": 2.52,
                "away_handicap_-0.5_odd": 1.48,
                "home_handicap_-0.5_odd": 4.75,
                "away_handicap_0.5_odd": 1.16,
                "over_2.0_odd": 1.23,
                "under_2.0_odd": 3.85,
                "home_handicap_0.25_odd": 3.05,
                "away_handicap_-0.25_odd": 1.34,
                "away_handicap_-2.0_odd": 3.2,
                "home_handicap_2.0_odd": 1.31,
                "under_4.0_odd": 1.3,
                "over_4.0_odd": 3.3,
                "under_3.5_odd": 1.57,
                "over_3.5_odd": 2.3,
                "away_handicap_-2.25_odd": 3.6,
                "home_handicap_2.25_odd": 1.26,
                "away_handicap_-1.5_odd": 2.23,
                "home_handicap_1.5_odd": 1.61,
                "away_handicap_-1.0_odd": 1.75,
                "home_handicap_1.0_odd": 2.0,
                "over_4.5_odd": 3.85,
                "under_4.5_odd": 1.23,
                "over_2.5_odd": 1.53,
                "under_2.5_odd": 2.4,
                "home_handicap_0.0_odd": 4.1,
                "away_handicap_0.0_odd": 1.21,
                "home_handicap_2.75_odd": 1.16,
                "away_handicap_-2.75_odd": 4.75,
                "home_handicap_0.75_odd": 2.28,
                "away_handicap_-0.75_odd": 1.58,
                "home_handicap_2.5_odd": 1.23,
                "away_handicap_-2.5_odd": 3.85,
                "over_3.0_odd": 1.83,
                "under_3.0_odd": 1.91,
                "home_handicap_-0.25_odd": 4.4,
                "away_handicap_0.25_odd": 1.18,
                "home_handicap_1.75_odd": 1.47,
                "away_handicap_-1.75_odd": 2.57,
                "home_handicap_1.25_odd": 1.76,
                "away_handicap_-1.25_odd": 1.99,
                "2_odd": 1.47,
                "1_odd": 5.3,
                "draw_odd": 4.6
            }
        ]
    },
    {
        "tournament_name": "Scottish Premiership. Outright",
        "tournament_id": "20722",
        "matches": []
    },
    {
        "tournament_name": "Scottish Championship. Outright",
        "tournament_id": "23581",
        "matches": []
    },
    {
        "tournament_name": "Scottish League Cup. Outright",
        "tournament_id": "23746",
        "matches": []
    },
    {
        "tournament_name": "League One. Outright",
        "tournament_id": "23582",
        "matches": []
    },
    {
        "tournament_name": "Scottish FA Cup. Outright",
        "tournament_id": "23822",
        "matches": []
    },
    {
        "tournament_name": "Scottish League Two. Outright",
        "tournament_id": "23583",
        "matches": []
    },
    {
        "tournament_name": "Scottish League Cup",
        "tournament_id": "2974",
        "matches": [
            {
                "match_id": 27560087,
                "date": "16/07/2025",
                "time": "19:45",
                "home_team": "FC Kilmarnock",
                "away_team": "Livingston FC",
                "both_noscore_odd": 1.95,
                "both_score_odd": 1.75,
                "home_handicap_-1.75_odd": 4.3,
                "away_handicap_1.75_odd": 1.18,
                "away_handicap_-0.75_odd": 4.15,
                "home_handicap_0.75_odd": 1.19,
                "12_odd": 1.28,
                "X2_odd": 1.77,
                "1X_odd": 1.28,
                "away_handicap_1.25_odd": 1.31,
                "home_handicap_-1.25_odd": 3.15,
                "away_handicap_0.25_odd": 2.04,
                "home_handicap_-0.25_odd": 1.69,
                "away_handicap_1.5_odd": 1.26,
                "home_handicap_-1.5_odd": 3.47,
                "away_handicap_1.0_odd": 1.39,
                "home_handicap_-1.0_odd": 2.75,
                "away_handicap_0.5_odd": 1.79,
                "home_handicap_-0.5_odd": 1.91,
                "away_handicap_0.75_odd": 1.59,
                "home_handicap_-0.75_odd": 2.21,
                "away_handicap_0.0_odd": 2.52,
                "home_handicap_0.0_odd": 1.46,
                "away_handicap_-0.25_odd": 2.87,
                "home_handicap_0.25_odd": 1.36,
                "under_3.5_odd": 1.31,
                "over_3.5_odd": 3.15,
                "under_3.0_odd": 1.47,
                "over_3.0_odd": 2.5,
                "over_2.5_odd": 1.86,
                "under_2.5_odd": 1.84,
                "over_2.0_odd": 1.43,
                "under_2.0_odd": 2.62,
                "over_1.5_odd": 1.28,
                "under_1.5_odd": 3.3,
                "home_handicap_0.5_odd": 1.29,
                "away_handicap_-0.5_odd": 3.25,
                "draw_odd": 3.5,
                "2_odd": 3.38,
                "1_odd": 1.93
            },
            {
                "match_id": 27553813,
                "date": "15/07/2025",
                "time": "19:45",
                "home_team": "Inverness Caledonian Thistle FC",
                "away_team": "Elgin City FC",
                "under_2.0_odd": 3.1,
                "over_2.0_odd": 1.32,
                "both_score_odd": 1.94,
                "both_noscore_odd": 1.76,
                "away_handicap_-0.25_odd": 5.35,
                "home_handicap_0.25_odd": 1.12,
                "12_odd": 1.17,
                "X2_odd": 2.87,
                "1X_odd": 1.11,
                "home_handicap_-0.75_odd": 1.46,
                "away_handicap_0.75_odd": 2.52,
                "home_handicap_-1.5_odd": 2.05,
                "away_handicap_1.5_odd": 1.68,
                "home_handicap_-2.25_odd": 3.4,
                "away_handicap_2.25_odd": 1.27,
                "home_handicap_-1.75_odd": 2.39,
                "away_handicap_1.75_odd": 1.51,
                "away_handicap_1.25_odd": 1.84,
                "home_handicap_-1.25_odd": 1.86,
                "away_handicap_0.25_odd": 3.47,
                "home_handicap_-0.25_odd": 1.26,
                "home_handicap_-2.5_odd": 3.75,
                "away_handicap_2.5_odd": 1.23,
                "home_handicap_-2.0_odd": 3.0,
                "away_handicap_2.0_odd": 1.34,
                "home_handicap_-0.5_odd": 1.38,
                "away_handicap_0.5_odd": 2.8,
                "home_handicap_-1.0_odd": 1.59,
                "away_handicap_1.0_odd": 2.21,
                "over_3.5_odd": 2.7,
                "under_3.5_odd": 1.4,
                "over_3.0_odd": 2.17,
                "under_3.0_odd": 1.61,
                "over_2.5_odd": 1.7,
                "under_2.5_odd": 2.02,
                "over_1.5_odd": 1.22,
                "under_1.5_odd": 3.83,
                "away_handicap_0.0_odd": 4.9,
                "home_handicap_0.0_odd": 1.14,
                "home_handicap_0.5_odd": 1.11,
                "away_handicap_-0.5_odd": 5.55,
                "draw_odd": 4.7,
                "2_odd": 6.5,
                "1_odd": 1.37,
                "over_1.0_odd": 1.04,
                "under_1.0_odd": 8.5,
                "over_0.5_odd": 1.03,
                "under_0.5_odd": 9.0,
                "over_4.5_odd": 4.75,
                "under_4.5_odd": 1.15,
                "away_handicap_2.75_odd": 1.16,
                "home_handicap_-2.75_odd": 4.57,
                "away_handicap_3.5_odd": 1.07,
                "home_handicap_-3.5_odd": 6.9,
                "over_5.5_odd": 8.2,
                "under_5.5_odd": 1.045,
                "under_4.0_odd": 1.19,
                "over_4.0_odd": 4.15,
                "away_handicap_-0.75_odd": 7.3,
                "home_handicap_0.75_odd": 1.06,
                "under_5.0_odd": 1.05,
                "over_5.0_odd": 7.85,
                "home_handicap_1.0_odd": 1.02,
                "away_handicap_-1.0_odd": 10.0,
                "home_handicap_-3.0_odd": 6.3,
                "away_handicap_3.0_odd": 1.085,
                "home_handicap_-3.75_odd": 8.5,
                "away_handicap_3.75_odd": 1.04,
                "away_handicap_3.25_odd": 1.075,
                "home_handicap_-3.25_odd": 6.7,
                "away_handicap_-1.25_odd": 10.3,
                "home_handicap_1.25_odd": 1.017
            },
            {
                "match_id": 27553814,
                "date": "15/07/2025",
                "time": "19:45",
                "home_team": "Brora Rangers FC",
                "away_team": "Kelty Hearts FC",
                "home_handicap_-1.75_odd": 7.1,
                "away_handicap_1.75_odd": 1.065,
                "over_5.0_odd": 6.9,
                "under_5.0_odd": 1.07,
                "both_noscore_odd": 2.3,
                "both_score_odd": 1.55,
                "over_4.5_odd": 4.3,
                "under_4.5_odd": 1.18,
                "over_4.0_odd": 3.65,
                "under_4.0_odd": 1.24,
                "over_3.5_odd": 2.45,
                "under_3.5_odd": 1.48,
                "over_3.0_odd": 1.96,
                "under_3.0_odd": 1.74,
                "over_2.0_odd": 1.27,
                "under_2.0_odd": 3.4,
                "home_handicap_-0.75_odd": 3.57,
                "away_handicap_0.75_odd": 1.25,
                "home_handicap_-0.25_odd": 2.59,
                "away_handicap_0.25_odd": 1.44,
                "home_handicap_-0.5_odd": 2.87,
                "away_handicap_0.5_odd": 1.36,
                "away_handicap_-2.25_odd": 6.3,
                "home_handicap_2.25_odd": 1.085,
                "home_handicap_1.75_odd": 1.17,
                "away_handicap_-1.75_odd": 4.42,
                "away_handicap_-1.25_odd": 3.2,
                "home_handicap_1.25_odd": 1.3,
                "away_handicap_-0.75_odd": 2.33,
                "home_handicap_0.75_odd": 1.54,
                "away_handicap_-0.25_odd": 1.79,
                "home_handicap_0.25_odd": 1.91,
                "home_handicap_2.0_odd": 1.095,
                "away_handicap_-2.0_odd": 6.0,
                "away_handicap_-1.5_odd": 3.57,
                "home_handicap_1.5_odd": 1.25,
                "away_handicap_-1.0_odd": 2.87,
                "home_handicap_1.0_odd": 1.36,
                "home_handicap_0.0_odd": 2.27,
                "away_handicap_0.0_odd": 1.56,
                "12_odd": 1.25,
                "X2_odd": 1.35,
                "1X_odd": 1.7,
                "2_odd": 2.03,
                "1_odd": 2.96,
                "draw_odd": 3.72,
                "home_handicap_0.5_odd": 1.71,
                "away_handicap_-0.5_odd": 2.01,
                "over_2.5_odd": 1.59,
                "under_2.5_odd": 2.21,
                "home_handicap_2.5_odd": 1.075,
                "away_handicap_-2.5_odd": 6.7,
                "home_handicap_-1.0_odd": 4.9,
                "away_handicap_1.0_odd": 1.14,
                "home_handicap_-1.5_odd": 5.55,
                "away_handicap_1.5_odd": 1.11,
                "over_1.5_odd": 1.19,
                "under_1.5_odd": 4.15,
                "over_1.0_odd": 1.03,
                "under_1.0_odd": 9.0,
                "over_0.5_odd": 1.023,
                "under_0.5_odd": 9.7,
                "away_handicap_1.25_odd": 1.12,
                "home_handicap_-1.25_odd": 5.35,
                "under_5.5_odd": 1.06,
                "over_5.5_odd": 7.3,
                "away_handicap_2.5_odd": 1.023,
                "home_handicap_-2.5_odd": 9.7,
                "away_handicap_2.0_odd": 1.025,
                "home_handicap_-2.0_odd": 9.5,
                "away_handicap_2.25_odd": 1.023,
                "home_handicap_-2.25_odd": 9.7,
                "away_handicap_-2.75_odd": 8.2,
                "home_handicap_2.75_odd": 1.045
            },
            {
                "match_id": 27553815,
                "date": "15/07/2025",
                "time": "19:45",
                "home_team": "FC Motherwell",
                "away_team": "Peterhead FC",
                "both_score_odd": 1.88,
                "both_noscore_odd": 1.82,
                "home_handicap_-3.75_odd": 4.9,
                "away_handicap_3.75_odd": 1.14,
                "home_handicap_-0.25_odd": 1.13,
                "away_handicap_0.25_odd": 5.1,
                "12_odd": 1.11,
                "X2_odd": 4.0,
                "1X_odd": 1.05,
                "home_handicap_-2.75_odd": 2.8,
                "away_handicap_2.75_odd": 1.38,
                "home_handicap_-2.25_odd": 2.17,
                "away_handicap_2.25_odd": 1.61,
                "home_handicap_-1.75_odd": 1.72,
                "away_handicap_1.75_odd": 2.0,
                "home_handicap_-1.25_odd": 1.44,
                "away_handicap_1.25_odd": 2.59,
                "home_handicap_-2.5_odd": 2.4,
                "away_handicap_2.5_odd": 1.5,
                "home_handicap_-3.25_odd": 3.83,
                "away_handicap_3.25_odd": 1.22,
                "home_handicap_-0.75_odd": 1.24,
                "away_handicap_0.75_odd": 3.65,
                "home_handicap_-3.5_odd": 4.05,
                "away_handicap_3.5_odd": 1.2,
                "home_handicap_-3.0_odd": 3.47,
                "away_handicap_3.0_odd": 1.26,
                "home_handicap_-1.5_odd": 1.58,
                "away_handicap_1.5_odd": 2.23,
                "home_handicap_-1.0_odd": 1.29,
                "away_handicap_1.0_odd": 3.25,
                "home_handicap_-2.0_odd": 1.93,
                "away_handicap_2.0_odd": 1.77,
                "over_4.5_odd": 3.15,
                "under_4.5_odd": 1.31,
                "over_4.0_odd": 2.62,
                "under_4.0_odd": 1.43,
                "over_3.5_odd": 1.97,
                "under_3.5_odd": 1.73,
                "over_3.0_odd": 1.59,
                "under_3.0_odd": 2.21,
                "over_2.5_odd": 1.39,
                "under_2.5_odd": 2.75,
                "home_handicap_-0.5_odd": 1.21,
                "away_handicap_0.5_odd": 3.9,
                "draw_odd": 6.2,
                "2_odd": 9.8,
                "1_odd": 1.2,
                "away_handicap_0.0_odd": 7.3,
                "home_handicap_0.0_odd": 1.06,
                "away_handicap_-0.5_odd": 7.85,
                "home_handicap_0.5_odd": 1.05,
                "under_5.5_odd": 1.12,
                "over_5.5_odd": 5.35,
                "under_1.5_odd": 5.55,
                "over_1.5_odd": 1.11,
                "over_6.5_odd": 8.7,
                "under_6.5_odd": 1.035,
                "under_5.0_odd": 1.15,
                "over_5.0_odd": 4.75,
                "over_2.0_odd": 1.15,
                "under_2.0_odd": 4.75,
                "over_6.0_odd": 8.5,
                "under_6.0_odd": 1.04,
                "home_handicap_-4.75_odd": 8.5,
                "away_handicap_4.75_odd": 1.04,
                "home_handicap_-4.25_odd": 6.9,
                "away_handicap_4.25_odd": 1.07,
                "home_handicap_-5.0_odd": 10.3,
                "away_handicap_5.0_odd": 1.017,
                "home_handicap_0.75_odd": 1.025,
                "away_handicap_-0.75_odd": 9.5,
                "home_handicap_0.25_odd": 1.055,
                "away_handicap_-0.25_odd": 7.5,
                "away_handicap_4.0_odd": 1.075,
                "home_handicap_-4.0_odd": 6.7,
                "away_handicap_4.5_odd": 1.065,
                "home_handicap_-4.5_odd": 7.1
            },
            {
                "match_id": 27553816,
                "date": "15/07/2025",
                "time": "19:45",
                "home_team": "Greenock Morton FC",
                "away_team": "Stenhousemuir FC",
                "both_noscore_odd": 1.9,
                "both_score_odd": 1.8,
                "away_handicap_2.75_odd": 1.13,
                "home_handicap_-2.75_odd": 5.1,
                "X2_odd": 2.47,
                "1X_odd": 1.12,
                "12_odd": 1.21,
                "home_handicap_-2.0_odd": 3.4,
                "away_handicap_2.0_odd": 1.27,
                "home_handicap_-2.25_odd": 3.75,
                "away_handicap_2.25_odd": 1.23,
                "home_handicap_-1.75_odd": 2.68,
                "away_handicap_1.75_odd": 1.41,
                "home_handicap_-0.75_odd": 1.6,
                "away_handicap_0.75_odd": 2.2,
                "home_handicap_-2.5_odd": 4.05,
                "away_handicap_2.5_odd": 1.2,
                "home_handicap_-1.5_odd": 2.3,
                "away_handicap_1.5_odd": 1.55,
                "home_handicap_-1.0_odd": 1.76,
                "away_handicap_1.0_odd": 1.94,
                "home_handicap_-0.5_odd": 1.48,
                "away_handicap_0.5_odd": 2.45,
                "home_handicap_-1.25_odd": 2.05,
                "away_handicap_1.25_odd": 1.68,
                "over_3.5_odd": 2.65,
                "under_3.5_odd": 1.42,
                "over_3.0_odd": 2.12,
                "under_3.0_odd": 1.64,
                "over_2.5_odd": 1.67,
                "under_2.5_odd": 2.07,
                "over_2.0_odd": 1.31,
                "under_2.0_odd": 3.15,
                "over_1.5_odd": 1.21,
                "under_1.5_odd": 3.9,
                "home_handicap_-0.25_odd": 1.33,
                "away_handicap_0.25_odd": 3.05,
                "home_handicap_0.0_odd": 1.19,
                "away_handicap_0.0_odd": 4.15,
                "home_handicap_0.25_odd": 1.16,
                "away_handicap_-0.25_odd": 4.57,
                "home_handicap_0.5_odd": 1.13,
                "away_handicap_-0.5_odd": 5.1,
                "2_odd": 5.6,
                "1_odd": 1.48,
                "draw_odd": 4.1,
                "under_1.0_odd": 8.7,
                "over_1.0_odd": 1.035,
                "under_0.5_odd": 9.3,
                "over_0.5_odd": 1.027,
                "over_4.5_odd": 4.57,
                "under_4.5_odd": 1.16,
                "over_5.5_odd": 8.2,
                "under_5.5_odd": 1.045,
                "under_4.0_odd": 1.2,
                "over_4.0_odd": 4.05,
                "away_handicap_-0.75_odd": 6.5,
                "home_handicap_0.75_odd": 1.08,
                "under_5.0_odd": 1.055,
                "over_5.0_odd": 7.5,
                "home_handicap_1.5_odd": 1.023,
                "away_handicap_-1.5_odd": 9.7,
                "home_handicap_1.0_odd": 1.027,
                "away_handicap_-1.0_odd": 9.3,
                "home_handicap_-3.0_odd": 6.9,
                "away_handicap_3.0_odd": 1.07,
                "home_handicap_-3.5_odd": 7.5,
                "away_handicap_3.5_odd": 1.055,
                "home_handicap_-3.75_odd": 9.0,
                "away_handicap_3.75_odd": 1.03,
                "away_handicap_3.25_odd": 1.06,
                "home_handicap_-3.25_odd": 7.3,
                "home_handicap_1.25_odd": 1.025,
                "away_handicap_-1.25_odd": 9.5
            },
            {
                "match_id": 27553817,
                "date": "15/07/2025",
                "time": "19:45",
                "home_team": "Raith Rovers",
                "away_team": "East Kilbride FC",
                "both_score_odd": 1.67,
                "both_noscore_odd": 2.07,
                "home_handicap_-3.25_odd": 6.15,
                "away_handicap_3.25_odd": 1.09,
                "home_handicap_-2.75_odd": 4.3,
                "away_handicap_2.75_odd": 1.18,
                "12_odd": 1.18,
                "X2_odd": 2.68,
                "1X_odd": 1.12,
                "away_handicap_3.0_odd": 1.1,
                "home_handicap_-3.0_odd": 5.85,
                "away_handicap_1.75_odd": 1.51,
                "home_handicap_-1.75_odd": 2.39,
                "away_handicap_3.5_odd": 1.085,
                "home_handicap_-3.5_odd": 6.3,
                "away_handicap_1.25_odd": 1.86,
                "home_handicap_-1.25_odd": 1.84,
                "away_handicap_0.75_odd": 2.44,
                "home_handicap_-0.75_odd": 1.49,
                "away_handicap_1.0_odd": 2.15,
                "home_handicap_-1.0_odd": 1.62,
                "away_handicap_2.0_odd": 1.35,
                "home_handicap_-2.0_odd": 2.95,
                "away_handicap_2.25_odd": 1.3,
                "home_handicap_-2.25_odd": 3.2,
                "away_handicap_2.5_odd": 1.26,
                "home_handicap_-2.5_odd": 3.47,
                "away_handicap_1.5_odd": 1.65,
                "home_handicap_-1.5_odd": 2.1,
                "under_5.5_odd": 1.085,
                "over_5.5_odd": 6.3,
                "under_5.0_odd": 1.1,
                "over_5.0_odd": 5.85,
                "over_4.5_odd": 3.65,
                "under_4.5_odd": 1.24,
                "over_4.0_odd": 3.1,
                "under_4.0_odd": 1.32,
                "over_3.5_odd": 2.2,
                "under_3.5_odd": 1.6,
                "over_2.5_odd": 1.48,
                "under_2.5_odd": 2.45,
                "over_2.0_odd": 1.2,
                "under_2.0_odd": 4.05,
                "over_3.0_odd": 1.75,
                "under_3.0_odd": 1.95,
                "away_handicap_0.25_odd": 3.3,
                "home_handicap_-0.25_odd": 1.28,
                "away_handicap_0.5_odd": 2.7,
                "home_handicap_-0.5_odd": 1.4,
                "away_handicap_0.0_odd": 4.75,
                "home_handicap_0.0_odd": 1.15,
                "draw_odd": 4.5,
                "2_odd": 6.2,
                "1_odd": 1.4,
                "under_1.0_odd": 10.0,
                "over_1.0_odd": 1.02,
                "under_1.5_odd": 4.75,
                "over_1.5_odd": 1.15,
                "home_handicap_0.5_odd": 1.11,
                "away_handicap_-0.5_odd": 5.55,
                "under_6.5_odd": 1.023,
                "over_6.5_odd": 9.7,
                "away_handicap_-0.25_odd": 5.1,
                "home_handicap_0.25_odd": 1.13,
                "away_handicap_-1.0_odd": 9.7,
                "home_handicap_1.0_odd": 1.023,
                "away_handicap_-0.75_odd": 7.1,
                "home_handicap_0.75_odd": 1.065,
                "over_6.0_odd": 9.5,
                "under_6.0_odd": 1.025,
                "away_handicap_4.25_odd": 1.02,
                "home_handicap_-4.25_odd": 10.0,
                "home_handicap_-3.75_odd": 7.85,
                "away_handicap_3.75_odd": 1.05,
                "home_handicap_1.25_odd": 1.023,
                "away_handicap_-1.25_odd": 9.7,
                "home_handicap_1.5_odd": 1.02,
                "away_handicap_-1.5_odd": 10.0,
                "away_handicap_4.5_odd": 1.02,
                "home_handicap_-4.5_odd": 10.0,
                "away_handicap_4.0_odd": 1.023,
                "home_handicap_-4.0_odd": 9.7
            },
            {
                "match_id": 27553818,
                "date": "15/07/2025",
                "time": "19:45",
                "home_team": "Hamilton Academical FC",
                "away_team": "Heart of Midlothian FC",
                "both_noscore_odd": 1.73,
                "both_score_odd": 1.97,
                "away_handicap_-3.25_odd": 5.55,
                "home_handicap_3.25_odd": 1.11,
                "away_handicap_-2.75_odd": 3.83,
                "home_handicap_2.75_odd": 1.22,
                "away_handicap_-2.25_odd": 2.85,
                "home_handicap_2.25_odd": 1.37,
                "away_handicap_-1.75_odd": 2.12,
                "home_handicap_1.75_odd": 1.64,
                "away_handicap_-1.25_odd": 1.67,
                "home_handicap_1.25_odd": 2.07,
                "away_handicap_-0.75_odd": 1.38,
                "home_handicap_0.75_odd": 2.8,
                "away_handicap_-0.25_odd": 1.21,
                "home_handicap_0.25_odd": 3.9,
                "away_handicap_-0.5_odd": 1.31,
                "home_handicap_0.5_odd": 3.15,
                "X2_odd": 1.09,
                "1X_odd": 3.19,
                "12_odd": 1.15,
                "under_4.5_odd": 1.18,
                "over_4.5_odd": 4.3,
                "over_4.0_odd": 3.75,
                "under_4.0_odd": 1.23,
                "over_3.5_odd": 2.5,
                "under_3.5_odd": 1.47,
                "over_3.0_odd": 1.97,
                "under_3.0_odd": 1.73,
                "over_2.0_odd": 1.27,
                "under_2.0_odd": 3.4,
                "home_handicap_0.0_odd": 5.55,
                "away_handicap_0.0_odd": 1.11,
                "home_handicap_3.5_odd": 1.1,
                "away_handicap_-3.5_odd": 5.85,
                "home_handicap_3.0_odd": 1.13,
                "away_handicap_-3.0_odd": 5.1,
                "home_handicap_2.5_odd": 1.3,
                "away_handicap_-2.5_odd": 3.2,
                "home_handicap_2.0_odd": 1.45,
                "away_handicap_-2.0_odd": 2.55,
                "home_handicap_1.0_odd": 2.5,
                "away_handicap_-1.0_odd": 1.47,
                "away_handicap_-1.5_odd": 1.9,
                "home_handicap_1.5_odd": 1.8,
                "under_2.5_odd": 2.17,
                "over_2.5_odd": 1.61,
                "2_odd": 1.31,
                "1_odd": 7.1,
                "draw_odd": 5.2,
                "over_1.5_odd": 1.19,
                "under_1.5_odd": 4.15,
                "over_0.5_odd": 1.023,
                "under_0.5_odd": 9.7,
                "over_1.0_odd": 1.03,
                "under_1.0_odd": 9.0,
                "home_handicap_-0.5_odd": 6.15,
                "away_handicap_0.5_odd": 1.09,
                "under_5.5_odd": 1.055,
                "over_5.5_odd": 7.5,
                "over_5.0_odd": 7.1,
                "under_5.0_odd": 1.065,
                "home_handicap_-0.75_odd": 7.85,
                "away_handicap_0.75_odd": 1.05,
                "home_handicap_4.0_odd": 1.027,
                "away_handicap_-4.0_odd": 9.3,
                "home_handicap_4.5_odd": 1.025,
                "away_handicap_-4.5_odd": 9.5,
                "home_handicap_-0.25_odd": 5.85,
                "away_handicap_0.25_odd": 1.1,
                "home_handicap_4.25_odd": 1.025,
                "away_handicap_-4.25_odd": 9.5,
                "home_handicap_3.75_odd": 1.065,
                "away_handicap_-3.75_odd": 7.1
            },
            {
                "match_id": 27553819,
                "date": "15/07/2025",
                "time": "19:45",
                "home_team": "Dumbarton FC",
                "away_team": "Stirling Albion FC",
                "both_noscore_odd": 2.33,
                "both_score_odd": 1.54,
                "home_handicap_1.75_odd": 1.12,
                "away_handicap_-1.75_odd": 5.35,
                "12_odd": 1.27,
                "X2_odd": 1.44,
                "1X_odd": 1.55,
                "away_handicap_-1.0_odd": 3.47,
                "home_handicap_1.0_odd": 1.26,
                "away_handicap_1.0_odd": 1.19,
                "home_handicap_-1.0_odd": 4.15,
                "away_handicap_0.25_odd": 1.56,
                "home_handicap_-0.25_odd": 2.27,
                "away_handicap_0.5_odd": 1.45,
                "home_handicap_-0.5_odd": 2.55,
                "away_handicap_1.5_odd": 1.15,
                "home_handicap_-1.5_odd": 4.75,
                "under_4.0_odd": 1.22,
                "over_4.0_odd": 3.83,
                "under_3.5_odd": 1.46,
                "over_3.5_odd": 2.52,
                "under_3.0_odd": 1.71,
                "over_3.0_odd": 2.01,
                "under_2.0_odd": 3.3,
                "over_2.0_odd": 1.28,
                "under_1.5_odd": 4.15,
                "over_1.5_odd": 1.19,
                "away_handicap_1.25_odd": 1.17,
                "home_handicap_-1.25_odd": 4.42,
                "away_handicap_0.75_odd": 1.32,
                "home_handicap_-0.75_odd": 3.1,
                "away_handicap_-1.25_odd": 3.9,
                "home_handicap_1.25_odd": 1.21,
                "away_handicap_-0.75_odd": 2.68,
                "home_handicap_0.75_odd": 1.41,
                "away_handicap_-0.25_odd": 2.0,
                "home_handicap_0.25_odd": 1.72,
                "home_handicap_1.5_odd": 1.18,
                "away_handicap_-1.5_odd": 4.3,
                "home_handicap_0.5_odd": 1.56,
                "away_handicap_-0.5_odd": 2.27,
                "home_handicap_0.0_odd": 1.94,
                "away_handicap_0.0_odd": 1.76,
                "over_2.5_odd": 1.61,
                "under_2.5_odd": 2.17,
                "draw_odd": 3.56,
                "2_odd": 2.29,
                "1_odd": 2.62,
                "home_handicap_2.0_odd": 1.06,
                "away_handicap_-2.0_odd": 7.3,
                "home_handicap_-2.5_odd": 8.7,
                "away_handicap_2.5_odd": 1.035,
                "home_handicap_-2.0_odd": 8.5,
                "away_handicap_2.0_odd": 1.04,
                "home_handicap_2.5_odd": 1.05,
                "away_handicap_-2.5_odd": 7.85,
                "home_handicap_-1.75_odd": 6.15,
                "away_handicap_1.75_odd": 1.09,
                "under_0.5_odd": 9.7,
                "over_0.5_odd": 1.023,
                "over_4.5_odd": 4.42,
                "under_4.5_odd": 1.17,
                "over_5.5_odd": 7.5,
                "under_5.5_odd": 1.055,
                "under_1.0_odd": 9.0,
                "over_1.0_odd": 1.03,
                "over_5.0_odd": 7.1,
                "under_5.0_odd": 1.065,
                "home_handicap_-2.75_odd": 10.3,
                "away_handicap_2.75_odd": 1.017,
                "home_handicap_-2.25_odd": 8.7,
                "away_handicap_2.25_odd": 1.035,
                "home_handicap_2.75_odd": 1.027,
                "away_handicap_-2.75_odd": 9.3,
                "home_handicap_2.25_odd": 1.055,
                "away_handicap_-2.25_odd": 7.5
            },
            {
                "match_id": 27553820,
                "date": "15/07/2025",
                "time": "19:45",
                "home_team": "Forfar Athletic FC",
                "away_team": "St Mirren FC",
                "away_handicap_-1.5_odd": 1.78,
                "home_handicap_1.5_odd": 1.92,
                "2_odd": 1.27,
                "1_odd": 8.4,
                "draw_odd": 5.2,
                "both_noscore_odd": 1.73,
                "both_score_odd": 1.97,
                "home_handicap_3.25_odd": 1.14,
                "away_handicap_-3.25_odd": 4.9,
                "X2_odd": 1.07,
                "12_odd": 1.14,
                "1X_odd": 3.37,
                "away_handicap_0.0_odd": 1.085,
                "home_handicap_0.0_odd": 6.3,
                "under_2.5_odd": 2.3,
                "over_2.5_odd": 1.55,
                "under_4.5_odd": 1.2,
                "over_4.5_odd": 4.05,
                "over_4.0_odd": 3.4,
                "under_4.0_odd": 1.27,
                "over_3.5_odd": 2.39,
                "under_3.5_odd": 1.51,
                "over_2.0_odd": 1.24,
                "under_2.0_odd": 3.65,
                "home_handicap_2.75_odd": 1.26,
                "away_handicap_-2.75_odd": 3.47,
                "home_handicap_2.25_odd": 1.43,
                "away_handicap_-2.25_odd": 2.62,
                "home_handicap_1.75_odd": 1.74,
                "away_handicap_-1.75_odd": 1.96,
                "home_handicap_1.25_odd": 2.23,
                "away_handicap_-1.25_odd": 1.58,
                "home_handicap_0.75_odd": 3.1,
                "away_handicap_-0.75_odd": 1.32,
                "home_handicap_0.25_odd": 4.3,
                "away_handicap_-0.25_odd": 1.18,
                "home_handicap_3.5_odd": 1.13,
                "away_handicap_-3.5_odd": 5.1,
                "home_handicap_3.0_odd": 1.16,
                "away_handicap_-3.0_odd": 4.57,
                "home_handicap_2.5_odd": 1.36,
                "away_handicap_-2.5_odd": 2.87,
                "home_handicap_2.0_odd": 1.54,
                "away_handicap_-2.0_odd": 2.33,
                "home_handicap_1.0_odd": 2.7,
                "away_handicap_-1.0_odd": 1.4,
                "home_handicap_0.5_odd": 3.4,
                "away_handicap_-0.5_odd": 1.27,
                "over_3.0_odd": 1.89,
                "under_3.0_odd": 1.81,
                "under_5.5_odd": 1.07,
                "over_5.5_odd": 6.9,
                "under_0.5_odd": 10.0,
                "over_0.5_odd": 1.02,
                "under_1.5_odd": 4.42,
                "over_1.5_odd": 1.17,
                "home_handicap_-0.5_odd": 7.1,
                "away_handicap_0.5_odd": 1.065,
                "under_1.0_odd": 9.5,
                "over_1.0_odd": 1.025,
                "home_handicap_3.75_odd": 1.085,
                "away_handicap_-3.75_odd": 6.3,
                "over_5.0_odd": 6.5,
                "under_5.0_odd": 1.08,
                "home_handicap_-0.25_odd": 6.7,
                "away_handicap_0.25_odd": 1.075,
                "home_handicap_4.5_odd": 1.035,
                "away_handicap_-4.5_odd": 8.7,
                "over_6.0_odd": 10.3,
                "under_6.0_odd": 1.017,
                "home_handicap_-0.75_odd": 8.7,
                "away_handicap_0.75_odd": 1.035,
                "home_handicap_4.75_odd": 1.02,
                "away_handicap_-4.75_odd": 10.0,
                "home_handicap_4.25_odd": 1.035,
                "away_handicap_-4.25_odd": 8.7,
                "away_handicap_-4.0_odd": 8.5,
                "home_handicap_4.0_odd": 1.04
            },
            {
                "match_id": 27553821,
                "date": "15/07/2025",
                "time": "19:45",
                "home_team": "Annan Athletic FC",
                "away_team": "Ayr United FC",
                "home_handicap_3.25_odd": 1.11,
                "away_handicap_-3.25_odd": 5.55,
                "over_5.0_odd": 6.7,
                "under_5.0_odd": 1.075,
                "both_score_odd": 1.89,
                "both_noscore_odd": 1.81,
                "over_4.0_odd": 3.57,
                "under_4.0_odd": 1.25,
                "over_3.0_odd": 1.93,
                "under_3.0_odd": 1.77,
                "over_2.0_odd": 1.25,
                "under_2.0_odd": 3.57,
                "home_handicap_-0.25_odd": 6.0,
                "away_handicap_0.25_odd": 1.095,
                "home_handicap_-0.5_odd": 6.5,
                "away_handicap_0.5_odd": 1.08,
                "away_handicap_-2.75_odd": 3.9,
                "home_handicap_2.75_odd": 1.21,
                "home_handicap_2.25_odd": 1.35,
                "away_handicap_-2.25_odd": 2.95,
                "home_handicap_1.75_odd": 1.61,
                "away_handicap_-1.75_odd": 2.17,
                "away_handicap_-1.25_odd": 1.69,
                "home_handicap_1.25_odd": 2.04,
                "home_handicap_0.75_odd": 2.7,
                "away_handicap_-0.75_odd": 1.4,
                "home_handicap_0.25_odd": 3.83,
                "away_handicap_-0.25_odd": 1.22,
                "home_handicap_2.5_odd": 1.3,
                "away_handicap_-2.5_odd": 3.2,
                "home_handicap_2.0_odd": 1.44,
                "away_handicap_-2.0_odd": 2.59,
                "away_handicap_-1.5_odd": 1.91,
                "home_handicap_1.5_odd": 1.79,
                "home_handicap_0.5_odd": 3.05,
                "away_handicap_-0.5_odd": 1.33,
                "away_handicap_0.0_odd": 1.11,
                "home_handicap_0.0_odd": 5.55,
                "X2_odd": 1.09,
                "1X_odd": 3.08,
                "12_odd": 1.16,
                "under_3.5_odd": 1.49,
                "over_3.5_odd": 2.44,
                "over_1.5_odd": 1.17,
                "under_1.5_odd": 4.42,
                "over_2.5_odd": 1.58,
                "under_2.5_odd": 2.23,
                "draw_odd": 4.7,
                "2_odd": 1.33,
                "1_odd": 7.5,
                "away_handicap_-1.0_odd": 1.5,
                "home_handicap_1.0_odd": 2.4,
                "away_handicap_-3.0_odd": 5.35,
                "home_handicap_3.0_odd": 1.12,
                "away_handicap_-3.5_odd": 5.85,
                "home_handicap_3.5_odd": 1.1,
                "under_1.0_odd": 9.3,
                "over_1.0_odd": 1.027,
                "under_0.5_odd": 10.0,
                "over_0.5_odd": 1.02,
                "under_4.5_odd": 1.19,
                "over_4.5_odd": 4.15,
                "under_5.5_odd": 1.065,
                "over_5.5_odd": 7.1,
                "home_handicap_-0.75_odd": 8.2,
                "away_handicap_0.75_odd": 1.045,
                "away_handicap_-3.75_odd": 7.1,
                "home_handicap_3.75_odd": 1.065,
                "away_handicap_-4.0_odd": 9.0,
                "home_handicap_4.0_odd": 1.03,
                "home_handicap_4.25_odd": 1.03,
                "away_handicap_-4.25_odd": 9.0,
                "home_handicap_4.5_odd": 1.027,
                "away_handicap_-4.5_odd": 9.3,
                "over_6.0_odd": 10.3,
                "under_6.0_odd": 1.017
            },
            {
                "match_id": 27553822,
                "date": "15/07/2025",
                "time": "19:45",
                "home_team": "Alloa Athletic FC",
                "away_team": "Montrose FC",
                "home_handicap_1.75_odd": 1.055,
                "away_handicap_-1.75_odd": 7.5,
                "home_handicap_1.25_odd": 1.11,
                "away_handicap_-1.25_odd": 5.55,
                "both_score_odd": 1.65,
                "both_noscore_odd": 2.1,
                "over_3.5_odd": 3.0,
                "under_3.5_odd": 1.34,
                "over_3.0_odd": 2.37,
                "under_3.0_odd": 1.52,
                "over_2.0_odd": 1.38,
                "under_2.0_odd": 2.8,
                "over_1.5_odd": 1.26,
                "under_1.5_odd": 3.47,
                "home_handicap_-1.75_odd": 4.9,
                "away_handicap_1.75_odd": 1.14,
                "home_handicap_-1.25_odd": 3.57,
                "away_handicap_1.25_odd": 1.25,
                "home_handicap_-0.75_odd": 2.52,
                "away_handicap_0.75_odd": 1.46,
                "home_handicap_-0.25_odd": 1.8,
                "away_handicap_0.25_odd": 1.9,
                "home_handicap_-1.5_odd": 3.9,
                "away_handicap_1.5_odd": 1.21,
                "home_handicap_-1.0_odd": 3.2,
                "away_handicap_1.0_odd": 1.3,
                "home_handicap_0.75_odd": 1.24,
                "away_handicap_-0.75_odd": 3.65,
                "home_handicap_0.25_odd": 1.45,
                "away_handicap_-0.25_odd": 2.55,
                "home_handicap_0.5_odd": 1.36,
                "away_handicap_-0.5_odd": 2.87,
                "home_handicap_0.0_odd": 1.59,
                "away_handicap_0.0_odd": 2.21,
                "12_odd": 1.3,
                "X2_odd": 1.61,
                "1X_odd": 1.35,
                "away_handicap_0.5_odd": 1.62,
                "home_handicap_-0.5_odd": 2.15,
                "under_2.5_odd": 1.9,
                "over_2.5_odd": 1.8,
                "2_odd": 2.97,
                "1_odd": 2.17,
                "draw_odd": 3.31,
                "away_handicap_-1.0_odd": 5.35,
                "home_handicap_1.0_odd": 1.12,
                "away_handicap_2.5_odd": 1.065,
                "home_handicap_-2.5_odd": 7.1,
                "away_handicap_2.0_odd": 1.07,
                "home_handicap_-2.0_odd": 6.9,
                "away_handicap_-1.5_odd": 6.15,
                "home_handicap_1.5_odd": 1.09,
                "under_4.0_odd": 1.15,
                "over_4.0_odd": 4.75,
                "under_1.0_odd": 7.85,
                "over_1.0_odd": 1.05,
                "under_4.5_odd": 1.12,
                "over_4.5_odd": 5.35,
                "under_0.5_odd": 8.7,
                "over_0.5_odd": 1.035,
                "under_5.5_odd": 1.035,
                "over_5.5_odd": 9.0,
                "over_5.0_odd": 8.7,
                "under_5.0_odd": 1.035,
                "home_handicap_-2.75_odd": 8.7,
                "away_handicap_2.75_odd": 1.035,
                "home_handicap_-2.25_odd": 7.1,
                "away_handicap_2.25_odd": 1.065,
                "home_handicap_2.0_odd": 1.017,
                "away_handicap_-2.0_odd": 10.3,
                "home_handicap_2.25_odd": 1.017,
                "away_handicap_-2.25_odd": 10.3
            },
            {
                "match_id": 27553823,
                "date": "15/07/2025",
                "time": "19:45",
                "home_team": "Airdrieonians FC",
                "away_team": "Bonnyrigg Rose FC",
                "both_noscore_odd": 1.88,
                "both_score_odd": 1.82,
                "over_4.5_odd": 3.25,
                "under_4.5_odd": 1.29,
                "under_4.0_odd": 1.39,
                "over_4.0_odd": 2.75,
                "over_3.5_odd": 2.04,
                "under_3.5_odd": 1.69,
                "over_3.0_odd": 1.63,
                "under_3.0_odd": 2.13,
                "over_2.0_odd": 1.16,
                "under_2.0_odd": 4.57,
                "home_handicap_-3.25_odd": 4.3,
                "away_handicap_3.25_odd": 1.18,
                "home_handicap_-2.75_odd": 3.1,
                "away_handicap_2.75_odd": 1.32,
                "home_handicap_-2.25_odd": 2.39,
                "away_handicap_2.25_odd": 1.51,
                "home_handicap_-1.75_odd": 1.85,
                "away_handicap_1.75_odd": 1.85,
                "home_handicap_-1.25_odd": 1.52,
                "away_handicap_1.25_odd": 2.37,
                "home_handicap_-0.75_odd": 1.3,
                "away_handicap_0.75_odd": 3.2,
                "home_handicap_-0.25_odd": 1.17,
                "away_handicap_0.25_odd": 4.42,
                "home_handicap_-3.5_odd": 4.57,
                "away_handicap_3.5_odd": 1.16,
                "away_handicap_3.0_odd": 1.21,
                "home_handicap_-3.0_odd": 3.9,
                "away_handicap_2.5_odd": 1.43,
                "home_handicap_-2.5_odd": 2.62,
                "away_handicap_2.0_odd": 1.64,
                "home_handicap_-2.0_odd": 2.12,
                "home_handicap_-1.0_odd": 1.36,
                "away_handicap_1.0_odd": 2.87,
                "home_handicap_-0.5_odd": 1.25,
                "away_handicap_0.5_odd": 3.57,
                "12_odd": 1.13,
                "X2_odd": 3.64,
                "1X_odd": 1.07,
                "2_odd": 8.4,
                "1_odd": 1.25,
                "draw_odd": 5.6,
                "home_handicap_-1.5_odd": 1.68,
                "away_handicap_1.5_odd": 2.05,
                "under_2.5_odd": 2.65,
                "over_2.5_odd": 1.42,
                "away_handicap_0.0_odd": 6.3,
                "home_handicap_0.0_odd": 1.085,
                "under_1.5_odd": 5.35,
                "over_1.5_odd": 1.12,
                "over_5.5_odd": 5.55,
                "under_5.5_odd": 1.11,
                "over_6.5_odd": 9.0,
                "under_6.5_odd": 1.03,
                "home_handicap_-4.0_odd": 7.3,
                "away_handicap_4.0_odd": 1.06,
                "home_handicap_-4.5_odd": 7.85,
                "away_handicap_4.5_odd": 1.05,
                "home_handicap_0.5_odd": 1.065,
                "away_handicap_-0.5_odd": 7.1,
                "over_5.0_odd": 5.1,
                "under_5.0_odd": 1.13,
                "away_handicap_3.75_odd": 1.11,
                "home_handicap_-3.75_odd": 5.55,
                "over_6.0_odd": 8.7,
                "under_6.0_odd": 1.035,
                "home_handicap_-4.75_odd": 9.0,
                "away_handicap_4.75_odd": 1.03,
                "home_handicap_-4.25_odd": 7.5,
                "away_handicap_4.25_odd": 1.055,
                "home_handicap_0.75_odd": 1.035,
                "away_handicap_-0.75_odd": 8.7,
                "home_handicap_0.25_odd": 1.075,
                "away_handicap_-0.25_odd": 6.7
            },
            {
                "match_id": 27553824,
                "date": "15/07/2025",
                "time": "19:45",
                "home_team": "Queen Of The South",
                "away_team": "Edinburgh City FC",
                "under_1.0_odd": 8.5,
                "over_1.0_odd": 1.04,
                "over_5.0_odd": 8.2,
                "under_5.0_odd": 1.045,
                "both_noscore_odd": 1.96,
                "both_score_odd": 1.74,
                "home_handicap_-2.75_odd": 6.15,
                "away_handicap_2.75_odd": 1.09,
                "home_handicap_-2.25_odd": 4.57,
                "away_handicap_2.25_odd": 1.16,
                "12_odd": 1.25,
                "X2_odd": 2.14,
                "1X_odd": 1.17,
                "away_handicap_1.75_odd": 1.3,
                "home_handicap_-1.75_odd": 3.2,
                "away_handicap_1.25_odd": 1.51,
                "home_handicap_-1.25_odd": 2.39,
                "home_handicap_-0.75_odd": 1.76,
                "away_handicap_0.75_odd": 1.94,
                "home_handicap_-0.25_odd": 1.45,
                "away_handicap_0.25_odd": 2.55,
                "home_handicap_-2.5_odd": 4.9,
                "away_handicap_2.5_odd": 1.14,
                "away_handicap_1.5_odd": 1.41,
                "home_handicap_-1.5_odd": 2.68,
                "home_handicap_-0.5_odd": 1.62,
                "away_handicap_0.5_odd": 2.15,
                "home_handicap_0.25_odd": 1.22,
                "away_handicap_-0.25_odd": 3.83,
                "home_handicap_-3.5_odd": 8.7,
                "away_handicap_3.5_odd": 1.035,
                "home_handicap_0.75_odd": 1.11,
                "away_handicap_-0.75_odd": 5.55,
                "home_handicap_-3.0_odd": 8.5,
                "away_handicap_3.0_odd": 1.04,
                "home_handicap_1.5_odd": 1.035,
                "away_handicap_-1.5_odd": 8.7,
                "over_3.5_odd": 2.8,
                "under_3.5_odd": 1.38,
                "under_3.0_odd": 1.58,
                "over_3.0_odd": 2.23,
                "under_2.5_odd": 2.0,
                "over_2.5_odd": 1.72,
                "under_2.0_odd": 3.0,
                "over_2.0_odd": 1.34,
                "under_1.5_odd": 3.75,
                "over_1.5_odd": 1.23,
                "home_handicap_-2.0_odd": 4.15,
                "away_handicap_2.0_odd": 1.19,
                "away_handicap_0.0_odd": 3.4,
                "home_handicap_0.0_odd": 1.27,
                "away_handicap_-0.5_odd": 4.3,
                "home_handicap_0.5_odd": 1.18,
                "away_handicap_1.0_odd": 1.66,
                "home_handicap_-1.0_odd": 2.08,
                "2_odd": 4.6,
                "1_odd": 1.63,
                "draw_odd": 3.73,
                "under_0.5_odd": 9.0,
                "over_0.5_odd": 1.03,
                "under_5.5_odd": 1.04,
                "over_5.5_odd": 8.5,
                "under_4.5_odd": 1.14,
                "over_4.5_odd": 4.9,
                "under_4.0_odd": 1.18,
                "over_4.0_odd": 4.3,
                "home_handicap_1.0_odd": 1.045,
                "away_handicap_-1.0_odd": 8.2,
                "away_handicap_3.75_odd": 1.017,
                "home_handicap_-3.75_odd": 10.3,
                "away_handicap_3.25_odd": 1.04,
                "home_handicap_-3.25_odd": 8.5,
                "home_handicap_1.75_odd": 1.017,
                "away_handicap_-1.75_odd": 10.3,
                "away_handicap_-1.25_odd": 8.5,
                "home_handicap_1.25_odd": 1.04
            },
            {
                "match_id": 27553825,
                "date": "15/07/2025",
                "time": "19:45",
                "home_team": "Partick Thistle FC",
                "away_team": "Stranraer FC",
                "both_noscore_odd": 1.9,
                "both_score_odd": 1.8,
                "away_handicap_3.25_odd": 1.22,
                "home_handicap_-3.25_odd": 3.83,
                "X2_odd": 4.1,
                "1X_odd": 1.05,
                "12_odd": 1.11,
                "home_handicap_-0.75_odd": 1.23,
                "away_handicap_0.75_odd": 3.75,
                "home_handicap_-1.25_odd": 1.43,
                "away_handicap_1.25_odd": 2.62,
                "home_handicap_-1.75_odd": 1.74,
                "away_handicap_1.75_odd": 1.96,
                "home_handicap_-2.25_odd": 2.21,
                "away_handicap_2.25_odd": 1.59,
                "home_handicap_-2.75_odd": 2.85,
                "away_handicap_2.75_odd": 1.37,
                "home_handicap_-3.5_odd": 4.05,
                "away_handicap_3.5_odd": 1.2,
                "home_handicap_-3.0_odd": 3.47,
                "away_handicap_3.0_odd": 1.26,
                "away_handicap_2.5_odd": 1.49,
                "home_handicap_-2.5_odd": 2.44,
                "home_handicap_-2.0_odd": 1.94,
                "away_handicap_2.0_odd": 1.76,
                "home_handicap_-1.0_odd": 1.28,
                "away_handicap_1.0_odd": 3.3,
                "away_handicap_1.5_odd": 2.21,
                "home_handicap_-1.5_odd": 1.59,
                "under_4.5_odd": 1.3,
                "over_4.5_odd": 3.2,
                "under_4.0_odd": 1.45,
                "over_4.0_odd": 2.55,
                "over_3.5_odd": 1.89,
                "under_3.5_odd": 1.81,
                "over_3.0_odd": 1.52,
                "under_3.0_odd": 2.37,
                "under_2.5_odd": 2.95,
                "over_2.5_odd": 1.35,
                "away_handicap_0.25_odd": 4.9,
                "home_handicap_-0.25_odd": 1.14,
                "away_handicap_0.5_odd": 4.05,
                "home_handicap_-0.5_odd": 1.2,
                "2_odd": 9.7,
                "1_odd": 1.2,
                "draw_odd": 6.0,
                "away_handicap_0.0_odd": 7.3,
                "home_handicap_0.0_odd": 1.06,
                "over_5.5_odd": 5.35,
                "under_5.5_odd": 1.12,
                "under_2.0_odd": 5.1,
                "over_2.0_odd": 1.13,
                "under_5.0_odd": 1.15,
                "over_5.0_odd": 4.75,
                "under_1.5_odd": 5.85,
                "over_1.5_odd": 1.1,
                "away_handicap_-0.5_odd": 7.85,
                "home_handicap_0.5_odd": 1.05,
                "away_handicap_4.5_odd": 1.06,
                "home_handicap_-4.5_odd": 7.3,
                "away_handicap_4.0_odd": 1.07,
                "home_handicap_-4.0_odd": 6.9,
                "over_6.5_odd": 8.5,
                "under_6.5_odd": 1.04,
                "over_6.0_odd": 8.2,
                "under_6.0_odd": 1.045,
                "home_handicap_-3.75_odd": 5.1,
                "away_handicap_3.75_odd": 1.13,
                "home_handicap_-4.75_odd": 8.7,
                "away_handicap_4.75_odd": 1.035,
                "home_handicap_-4.25_odd": 7.1,
                "away_handicap_4.25_odd": 1.065,
                "home_handicap_0.75_odd": 1.027,
                "away_handicap_-0.75_odd": 9.3,
                "home_handicap_0.25_odd": 1.055,
                "away_handicap_-0.25_odd": 7.5
            },
            {
                "match_id": 27553826,
                "date": "15/07/2025",
                "time": "19:45",
                "home_team": "Queens Park FC",
                "away_team": "Brechin City FC",
                "both_noscore_odd": 1.6,
                "both_score_odd": 2.2,
                "home_handicap_-3.75_odd": 5.1,
                "away_handicap_3.75_odd": 1.13,
                "away_handicap_0.25_odd": 5.55,
                "home_handicap_-0.25_odd": 1.11,
                "X2_odd": 4.7,
                "12_odd": 1.095,
                "1X_odd": 1.04,
                "home_handicap_-2.25_odd": 2.15,
                "away_handicap_2.25_odd": 1.62,
                "home_handicap_-3.25_odd": 3.83,
                "away_handicap_3.25_odd": 1.22,
                "home_handicap_-2.75_odd": 2.8,
                "away_handicap_2.75_odd": 1.38,
                "home_handicap_-1.25_odd": 1.39,
                "away_handicap_1.25_odd": 2.75,
                "away_handicap_0.75_odd": 4.05,
                "home_handicap_-0.75_odd": 1.2,
                "away_handicap_3.5_odd": 1.2,
                "home_handicap_-3.5_odd": 4.05,
                "away_handicap_3.0_odd": 1.26,
                "home_handicap_-3.0_odd": 3.47,
                "away_handicap_2.5_odd": 1.51,
                "home_handicap_-2.5_odd": 2.39,
                "away_handicap_2.0_odd": 1.79,
                "home_handicap_-2.0_odd": 1.91,
                "away_handicap_1.5_odd": 2.33,
                "home_handicap_-1.5_odd": 1.54,
                "away_handicap_1.0_odd": 3.65,
                "home_handicap_-1.0_odd": 1.24,
                "away_handicap_1.75_odd": 2.07,
                "home_handicap_-1.75_odd": 1.67,
                "under_4.5_odd": 1.24,
                "over_4.5_odd": 3.65,
                "under_4.0_odd": 1.32,
                "over_4.0_odd": 3.1,
                "over_3.5_odd": 2.21,
                "under_3.5_odd": 1.59,
                "over_2.5_odd": 1.49,
                "under_2.5_odd": 2.44,
                "over_2.0_odd": 1.2,
                "under_2.0_odd": 4.05,
                "home_handicap_-0.5_odd": 1.17,
                "away_handicap_0.5_odd": 4.42,
                "under_3.0_odd": 1.94,
                "over_3.0_odd": 1.76,
                "2_odd": 12.0,
                "1_odd": 1.17,
                "draw_odd": 6.4,
                "home_handicap_0.0_odd": 1.045,
                "away_handicap_0.0_odd": 8.2,
                "home_handicap_0.5_odd": 1.04,
                "away_handicap_-0.5_odd": 8.5,
                "over_1.5_odd": 1.15,
                "under_1.5_odd": 4.75,
                "over_5.5_odd": 6.3,
                "under_5.5_odd": 1.085,
                "over_6.5_odd": 10.0,
                "under_6.5_odd": 1.02,
                "over_5.0_odd": 5.85,
                "under_5.0_odd": 1.1,
                "away_handicap_4.0_odd": 1.075,
                "home_handicap_-4.0_odd": 6.7,
                "away_handicap_4.5_odd": 1.06,
                "home_handicap_-4.5_odd": 7.3,
                "under_1.0_odd": 10.0,
                "over_1.0_odd": 1.02,
                "over_6.0_odd": 9.5,
                "under_6.0_odd": 1.025,
                "home_handicap_-4.75_odd": 8.7,
                "away_handicap_4.75_odd": 1.035,
                "home_handicap_-4.25_odd": 7.1,
                "away_handicap_4.25_odd": 1.065,
                "home_handicap_0.75_odd": 1.02,
                "away_handicap_-0.75_odd": 10.0,
                "home_handicap_0.25_odd": 1.04,
                "away_handicap_-0.25_odd": 8.5
            },
            {
                "match_id": 27553827,
                "date": "15/07/2025",
                "time": "19:45",
                "home_team": "Cove Rangers FC",
                "away_team": "Spartans FC",
                "away_handicap_0.75_odd": 1.91,
                "home_handicap_-0.75_odd": 1.79,
                "2_odd": 4.0,
                "1_odd": 1.65,
                "draw_odd": 4.1,
                "both_noscore_odd": 2.52,
                "both_score_odd": 1.46,
                "away_handicap_2.25_odd": 1.18,
                "home_handicap_-2.25_odd": 4.3,
                "X2_odd": 2.11,
                "1X_odd": 1.22,
                "12_odd": 1.21,
                "home_handicap_0.25_odd": 1.26,
                "away_handicap_-0.25_odd": 3.47,
                "home_handicap_0.0_odd": 1.32,
                "away_handicap_0.0_odd": 3.1,
                "home_handicap_-0.25_odd": 1.48,
                "away_handicap_0.25_odd": 2.45,
                "home_handicap_-1.25_odd": 2.35,
                "away_handicap_1.25_odd": 1.53,
                "over_3.5_odd": 2.04,
                "under_3.5_odd": 1.69,
                "over_3.0_odd": 1.63,
                "under_3.0_odd": 2.13,
                "over_2.5_odd": 1.42,
                "under_2.5_odd": 2.65,
                "over_2.0_odd": 1.16,
                "under_2.0_odd": 4.57,
                "home_handicap_-1.75_odd": 3.1,
                "away_handicap_1.75_odd": 1.32,
                "home_handicap_-2.5_odd": 4.57,
                "away_handicap_2.5_odd": 1.16,
                "home_handicap_-2.0_odd": 3.9,
                "away_handicap_2.0_odd": 1.21,
                "home_handicap_-1.5_odd": 2.59,
                "away_handicap_1.5_odd": 1.44,
                "home_handicap_-1.0_odd": 2.05,
                "away_handicap_1.0_odd": 1.68,
                "home_handicap_0.75_odd": 1.15,
                "away_handicap_-0.75_odd": 4.75,
                "home_handicap_-0.5_odd": 1.64,
                "away_handicap_0.5_odd": 2.12,
                "over_4.0_odd": 2.75,
                "under_4.0_odd": 1.39,
                "over_1.5_odd": 1.12,
                "under_1.5_odd": 5.35,
                "home_handicap_0.5_odd": 1.22,
                "away_handicap_-0.5_odd": 3.83,
                "over_6.5_odd": 9.0,
                "under_6.5_odd": 1.03,
                "over_5.5_odd": 5.55,
                "under_5.5_odd": 1.11,
                "over_4.5_odd": 3.25,
                "under_4.5_odd": 1.29,
                "home_handicap_1.5_odd": 1.06,
                "away_handicap_-1.5_odd": 7.3,
                "home_handicap_1.0_odd": 1.075,
                "away_handicap_-1.0_odd": 6.7,
                "home_handicap_-3.5_odd": 8.2,
                "away_handicap_3.5_odd": 1.045,
                "home_handicap_-3.0_odd": 7.5,
                "away_handicap_3.0_odd": 1.055,
                "home_handicap_-2.75_odd": 5.55,
                "away_handicap_2.75_odd": 1.11,
                "under_5.0_odd": 1.13,
                "over_5.0_odd": 5.1,
                "over_6.0_odd": 8.7,
                "under_6.0_odd": 1.035,
                "home_handicap_-3.75_odd": 9.5,
                "away_handicap_3.75_odd": 1.025,
                "home_handicap_-3.25_odd": 7.85,
                "away_handicap_3.25_odd": 1.05,
                "home_handicap_1.75_odd": 1.035,
                "away_handicap_-1.75_odd": 8.7,
                "home_handicap_1.25_odd": 1.065,
                "away_handicap_-1.25_odd": 7.1
            }
        ]
    }
]