[
    {
        "tournament_name": "Copa America - Women",
        "tournament_id": "9274",
        "matches": [
            {
                "match_id": 27556752,
                "date": "15/07/2025",
                "time": "22:00",
                "home_team": "Uruguay (Wom)",
                "away_team": "Argentina (Wom)",
                "both_noscore_odd": 1.87,
                "both_score_odd": 1.83,
                "over_3.5_odd": 3.57,
                "under_3.5_odd": 1.25,
                "under_3.0_odd": 1.36,
                "over_3.0_odd": 2.87,
                "over_2.0_odd": 1.54,
                "under_2.0_odd": 2.33,
                "over_1.5_odd": 1.33,
                "under_1.5_odd": 3.05,
                "home_handicap_-0.25_odd": 2.8,
                "away_handicap_0.25_odd": 1.38,
                "home_handicap_-0.5_odd": 3.2,
                "away_handicap_0.5_odd": 1.3,
                "away_handicap_-0.75_odd": 2.39,
                "home_handicap_0.75_odd": 1.51,
                "home_handicap_1.0_odd": 1.32,
                "away_handicap_-1.0_odd": 3.1,
                "home_handicap_0.5_odd": 1.69,
                "away_handicap_-0.5_odd": 2.04,
                "12_odd": 1.32,
                "X2_odd": 1.3,
                "1X_odd": 1.68,
                "away_handicap_0.0_odd": 1.51,
                "home_handicap_0.0_odd": 2.39,
                "away_handicap_-0.25_odd": 1.75,
                "home_handicap_0.25_odd": 1.95,
                "under_2.5_odd": 1.7,
                "over_2.5_odd": 2.02,
                "2_odd": 2.05,
                "draw_odd": 3.21,
                "1_odd": 3.33,
                "home_handicap_1.25_odd": 1.26,
                "away_handicap_-1.25_odd": 3.47
            },
            {
                "match_id": 27557556,
                "date": "16/07/2025",
                "time": "01:00",
                "home_team": "Peru (Wom)",
                "away_team": "Ecuador (Wom)",
                "away_handicap_-3.25_odd": 3.57,
                "home_handicap_3.25_odd": 1.25,
                "both_noscore_odd": 1.52,
                "both_score_odd": 2.37,
                "home_handicap_1.75_odd": 2.17,
                "away_handicap_-1.75_odd": 1.61,
                "home_handicap_1.25_odd": 2.95,
                "away_handicap_-1.25_odd": 1.35,
                "12_odd": 1.09,
                "X2_odd": 1.025,
                "1X_odd": 5.0,
                "under_3.5_odd": 1.57,
                "over_3.5_odd": 2.25,
                "under_3.0_odd": 1.91,
                "over_3.0_odd": 1.79,
                "under_2.5_odd": 2.4,
                "over_2.5_odd": 1.5,
                "away_handicap_-1.5_odd": 1.49,
                "home_handicap_1.5_odd": 2.44,
                "draw_odd": 6.7,
                "2_odd": 1.14,
                "1_odd": 14.0,
                "away_handicap_-2.5_odd": 2.3,
                "home_handicap_2.5_odd": 1.55,
                "away_handicap_-3.0_odd": 3.25,
                "home_handicap_3.0_odd": 1.29,
                "away_handicap_-2.0_odd": 1.81,
                "home_handicap_2.0_odd": 1.89,
                "under_4.0_odd": 1.31,
                "over_4.0_odd": 3.15,
                "home_handicap_2.25_odd": 1.69,
                "away_handicap_-2.25_odd": 2.04,
                "away_handicap_-2.75_odd": 2.65,
                "home_handicap_2.75_odd": 1.42
            }
        ]
    },
    {
        "tournament_name": "Copa Sudamericana",
        "tournament_id": "2985",
        "matches": [
            {
                "match_id": 27378547,
                "date": "16/07/2025",
                "time": "01:30",
                "home_team": "EC Bahia",
                "away_team": "America de Cali",
                "both_noscore_odd": 1.72,
                "both_score_odd": 2.0,
                "X2_odd": 2.39,
                "1X_odd": 1.12,
                "12_odd": 1.23,
                "home_handicap_-0.5_odd": 1.51,
                "away_handicap_0.5_odd": 2.39,
                "away_handicap_-0.5_odd": 5.1,
                "home_handicap_0.5_odd": 1.13,
                "away_handicap_1.75_odd": 1.34,
                "home_handicap_-1.75_odd": 3.0,
                "away_handicap_1.25_odd": 1.6,
                "home_handicap_-1.25_odd": 2.2,
                "away_handicap_0.25_odd": 2.95,
                "home_handicap_-0.25_odd": 1.35,
                "away_handicap_1.5_odd": 1.47,
                "home_handicap_-1.5_odd": 2.5,
                "away_handicap_1.0_odd": 1.81,
                "home_handicap_-1.0_odd": 1.89,
                "away_handicap_0.75_odd": 2.08,
                "home_handicap_-0.75_odd": 1.66,
                "home_handicap_-2.5_odd": 4.75,
                "away_handicap_2.5_odd": 1.15,
                "home_handicap_-2.25_odd": 4.3,
                "away_handicap_2.25_odd": 1.18,
                "home_handicap_-2.0_odd": 3.9,
                "away_handicap_2.0_odd": 1.21,
                "home_handicap_0.25_odd": 1.16,
                "away_handicap_-0.25_odd": 4.57,
                "home_handicap_0.0_odd": 1.19,
                "away_handicap_0.0_odd": 4.15,
                "under_3.5_odd": 1.29,
                "over_3.5_odd": 3.25,
                "under_3.0_odd": 1.43,
                "over_3.0_odd": 2.62,
                "under_2.0_odd": 2.52,
                "over_2.0_odd": 1.46,
                "under_1.5_odd": 3.25,
                "over_1.5_odd": 1.29,
                "under_2.5_odd": 1.8,
                "over_2.5_odd": 1.9,
                "2_odd": 5.6,
                "1_odd": 1.51,
                "draw_odd": 3.88,
                "home_handicap_-3.75_odd": 10.0,
                "away_handicap_3.75_odd": 1.02,
                "home_handicap_-3.25_odd": 8.5,
                "away_handicap_3.25_odd": 1.04,
                "over_5.5_odd": 9.7,
                "under_5.5_odd": 1.023,
                "over_5.0_odd": 9.3,
                "under_5.0_odd": 1.027,
                "over_4.5_odd": 6.0,
                "under_4.5_odd": 1.095,
                "over_4.0_odd": 5.35,
                "under_4.0_odd": 1.12,
                "over_1.0_odd": 1.06,
                "under_1.0_odd": 7.3,
                "over_0.5_odd": 1.045,
                "under_0.5_odd": 8.2,
                "home_handicap_-2.75_odd": 5.85,
                "away_handicap_2.75_odd": 1.1,
                "home_handicap_-3.5_odd": 8.5,
                "away_handicap_3.5_odd": 1.04,
                "home_handicap_-3.0_odd": 8.2,
                "away_handicap_3.0_odd": 1.045,
                "home_handicap_1.25_odd": 1.023,
                "away_handicap_-1.25_odd": 9.7,
                "home_handicap_0.75_odd": 1.08,
                "away_handicap_-0.75_odd": 6.5,
                "home_handicap_1.5_odd": 1.023,
                "away_handicap_-1.5_odd": 9.7,
                "home_handicap_1.0_odd": 1.025,
                "away_handicap_-1.0_odd": 9.5
            },
            {
                "match_id": 27378550,
                "date": "16/07/2025",
                "time": "01:30",
                "home_team": "Independiente del Valle",
                "away_team": "CR Vasco da Gama",
                "both_noscore_odd": 1.75,
                "both_score_odd": 1.95,
                "X2_odd": 2.15,
                "1X_odd": 1.15,
                "12_odd": 1.27,
                "home_handicap_-1.25_odd": 2.45,
                "away_handicap_1.25_odd": 1.48,
                "away_handicap_0.75_odd": 1.9,
                "home_handicap_-0.75_odd": 1.8,
                "away_handicap_0.25_odd": 2.59,
                "home_handicap_-0.25_odd": 1.44,
                "away_handicap_1.5_odd": 1.38,
                "home_handicap_-1.5_odd": 2.8,
                "away_handicap_1.0_odd": 1.63,
                "home_handicap_-1.0_odd": 2.13,
                "home_handicap_0.25_odd": 1.19,
                "away_handicap_-0.25_odd": 4.15,
                "away_handicap_0.5_odd": 2.13,
                "home_handicap_-0.5_odd": 1.63,
                "away_handicap_-0.5_odd": 4.57,
                "home_handicap_0.5_odd": 1.16,
                "away_handicap_2.5_odd": 1.12,
                "home_handicap_-2.5_odd": 5.35,
                "under_3.5_odd": 1.26,
                "over_3.5_odd": 3.47,
                "under_3.0_odd": 1.38,
                "over_3.0_odd": 2.8,
                "under_2.5_odd": 1.72,
                "over_2.5_odd": 2.0,
                "under_2.0_odd": 2.37,
                "over_2.0_odd": 1.52,
                "under_1.5_odd": 3.1,
                "over_1.5_odd": 1.32,
                "away_handicap_0.0_odd": 3.65,
                "home_handicap_0.0_odd": 1.24,
                "away_handicap_2.0_odd": 1.16,
                "home_handicap_-2.0_odd": 4.57,
                "2_odd": 5.0,
                "1_odd": 1.62,
                "draw_odd": 3.52,
                "home_handicap_-1.75_odd": 3.4,
                "away_handicap_1.75_odd": 1.27,
                "away_handicap_2.25_odd": 1.14,
                "home_handicap_-2.25_odd": 4.9,
                "home_handicap_-3.25_odd": 9.5,
                "away_handicap_3.25_odd": 1.025,
                "over_5.5_odd": 10.0,
                "under_5.5_odd": 1.02,
                "over_5.0_odd": 10.0,
                "under_5.0_odd": 1.02,
                "over_4.5_odd": 6.3,
                "under_4.5_odd": 1.085,
                "over_4.0_odd": 5.85,
                "under_4.0_odd": 1.1,
                "over_1.0_odd": 1.075,
                "under_1.0_odd": 6.7,
                "over_0.5_odd": 1.05,
                "under_0.5_odd": 7.85,
                "home_handicap_-2.75_odd": 6.9,
                "away_handicap_2.75_odd": 1.07,
                "home_handicap_-3.5_odd": 9.7,
                "away_handicap_3.5_odd": 1.023,
                "home_handicap_-3.0_odd": 9.3,
                "away_handicap_3.0_odd": 1.027,
                "home_handicap_1.25_odd": 1.035,
                "away_handicap_-1.25_odd": 8.7,
                "home_handicap_0.75_odd": 1.095,
                "away_handicap_-0.75_odd": 6.0,
                "home_handicap_1.5_odd": 1.03,
                "away_handicap_-1.5_odd": 9.0,
                "home_handicap_1.0_odd": 1.03,
                "away_handicap_-1.0_odd": 9.0
            },
            {
                "match_id": 27378552,
                "date": "15/07/2025",
                "time": "23:00",
                "home_team": "Central Cordoba SdE",
                "away_team": "Cerro Largo FC",
                "both_noscore_odd": 1.65,
                "both_score_odd": 2.1,
                "12_odd": 1.24,
                "X2_odd": 2.34,
                "1X_odd": 1.13,
                "away_handicap_1.25_odd": 1.59,
                "home_handicap_-1.25_odd": 2.21,
                "away_handicap_0.25_odd": 2.95,
                "home_handicap_-0.25_odd": 1.35,
                "away_handicap_0.5_odd": 2.39,
                "home_handicap_-0.5_odd": 1.51,
                "home_handicap_0.0_odd": 1.19,
                "away_handicap_0.0_odd": 4.15,
                "away_handicap_-0.5_odd": 5.1,
                "home_handicap_0.5_odd": 1.13,
                "away_handicap_2.25_odd": 1.17,
                "home_handicap_-2.25_odd": 4.42,
                "away_handicap_1.75_odd": 1.33,
                "home_handicap_-1.75_odd": 3.05,
                "home_handicap_-2.5_odd": 4.9,
                "away_handicap_2.5_odd": 1.14,
                "under_3.5_odd": 1.26,
                "over_3.5_odd": 3.47,
                "under_3.0_odd": 1.37,
                "over_3.0_odd": 2.85,
                "under_2.0_odd": 2.35,
                "over_2.0_odd": 1.53,
                "under_1.5_odd": 3.05,
                "over_1.5_odd": 1.33,
                "away_handicap_1.5_odd": 1.46,
                "home_handicap_-1.5_odd": 2.52,
                "away_handicap_1.0_odd": 1.8,
                "home_handicap_-1.0_odd": 1.9,
                "home_handicap_-0.75_odd": 1.67,
                "away_handicap_0.75_odd": 2.07,
                "away_handicap_2.0_odd": 1.2,
                "home_handicap_-2.0_odd": 4.05,
                "away_handicap_-0.25_odd": 4.75,
                "home_handicap_0.25_odd": 1.15,
                "under_2.5_odd": 1.71,
                "over_2.5_odd": 2.01,
                "draw_odd": 3.81,
                "2_odd": 5.7,
                "1_odd": 1.51,
                "home_handicap_-3.75_odd": 10.3,
                "away_handicap_3.75_odd": 1.017,
                "home_handicap_-3.25_odd": 8.7,
                "away_handicap_3.25_odd": 1.035,
                "over_5.5_odd": 10.3,
                "under_5.5_odd": 1.017,
                "over_5.0_odd": 10.0,
                "under_5.0_odd": 1.02,
                "over_4.5_odd": 6.5,
                "under_4.5_odd": 1.08,
                "over_4.0_odd": 5.85,
                "under_4.0_odd": 1.1,
                "over_1.0_odd": 1.075,
                "under_1.0_odd": 6.7,
                "over_0.5_odd": 1.055,
                "under_0.5_odd": 7.5,
                "home_handicap_-2.75_odd": 6.15,
                "away_handicap_2.75_odd": 1.09,
                "home_handicap_-3.5_odd": 8.7,
                "away_handicap_3.5_odd": 1.035,
                "home_handicap_-3.0_odd": 8.5,
                "away_handicap_3.0_odd": 1.04,
                "home_handicap_1.25_odd": 1.023,
                "away_handicap_-1.25_odd": 9.7,
                "home_handicap_0.75_odd": 1.075,
                "away_handicap_-0.75_odd": 6.7,
                "home_handicap_1.5_odd": 1.02,
                "away_handicap_-1.5_odd": 10.0,
                "home_handicap_1.0_odd": 1.023,
                "away_handicap_-1.0_odd": 9.7
            },
            {
                "match_id": 27378557,
                "date": "18/07/2025",
                "time": "01:30",
                "home_team": "Atletico Bucaramanga",
                "away_team": "Atletico MG",
                "both_score_odd": 1.92,
                "both_noscore_odd": 1.78,
                "12_odd": 1.36,
                "X2_odd": 1.23,
                "1X_odd": 1.7,
                "home_handicap_-0.5_odd": 3.65,
                "away_handicap_0.5_odd": 1.24,
                "home_handicap_-0.25_odd": 3.15,
                "away_handicap_0.25_odd": 1.31,
                "away_handicap_-1.25_odd": 3.75,
                "home_handicap_1.25_odd": 1.23,
                "home_handicap_0.75_odd": 1.51,
                "away_handicap_-0.75_odd": 2.39,
                "home_handicap_0.25_odd": 2.0,
                "away_handicap_-0.25_odd": 1.72,
                "away_handicap_-1.0_odd": 3.25,
                "home_handicap_1.0_odd": 1.29,
                "away_handicap_-0.5_odd": 2.01,
                "home_handicap_0.5_odd": 1.71,
                "away_handicap_-1.5_odd": 4.15,
                "home_handicap_1.5_odd": 1.19,
                "under_3.0_odd": 1.27,
                "over_3.0_odd": 3.4,
                "under_2.0_odd": 2.01,
                "over_2.0_odd": 1.71,
                "over_1.5_odd": 1.41,
                "under_1.5_odd": 2.68,
                "away_handicap_0.0_odd": 1.43,
                "home_handicap_0.0_odd": 2.62,
                "home_handicap_-0.75_odd": 4.57,
                "away_handicap_0.75_odd": 1.16,
                "home_handicap_1.75_odd": 1.12,
                "away_handicap_-1.75_odd": 5.35,
                "over_2.5_odd": 2.27,
                "under_2.5_odd": 1.56,
                "draw_odd": 2.85,
                "2_odd": 2.0,
                "1_odd": 3.71
            },
            {
                "match_id": 27378559,
                "date": "16/07/2025",
                "time": "23:00",
                "home_team": "Club Bolivar",
                "away_team": "CD Palestino",
                "both_noscore_odd": 1.85,
                "both_score_odd": 1.85,
                "12_odd": 1.12,
                "X2_odd": 3.58,
                "1X_odd": 1.07,
                "home_handicap_-2.75_odd": 3.2,
                "away_handicap_2.75_odd": 1.3,
                "away_handicap_2.0_odd": 1.61,
                "home_handicap_-2.0_odd": 2.17,
                "home_handicap_-3.5_odd": 4.75,
                "away_handicap_3.5_odd": 1.15,
                "home_handicap_-2.25_odd": 2.44,
                "away_handicap_2.25_odd": 1.49,
                "home_handicap_-1.25_odd": 1.53,
                "away_handicap_1.25_odd": 2.35,
                "home_handicap_-0.75_odd": 1.29,
                "away_handicap_0.75_odd": 3.25,
                "home_handicap_-2.5_odd": 2.7,
                "away_handicap_2.5_odd": 1.4,
                "home_handicap_-1.0_odd": 1.36,
                "away_handicap_1.0_odd": 2.87,
                "home_handicap_-0.5_odd": 1.25,
                "away_handicap_0.5_odd": 3.57,
                "home_handicap_-1.5_odd": 1.73,
                "away_handicap_1.5_odd": 1.97,
                "home_handicap_-3.25_odd": 4.42,
                "away_handicap_3.25_odd": 1.17,
                "home_handicap_-3.0_odd": 4.15,
                "away_handicap_3.0_odd": 1.19,
                "home_handicap_-1.75_odd": 1.88,
                "away_handicap_1.75_odd": 1.82,
                "home_handicap_-0.25_odd": 1.16,
                "away_handicap_0.25_odd": 4.57,
                "over_4.0_odd": 2.85,
                "under_4.0_odd": 1.37,
                "over_3.5_odd": 2.1,
                "under_3.5_odd": 1.65,
                "over_2.5_odd": 1.44,
                "under_2.5_odd": 2.59,
                "over_3.0_odd": 1.67,
                "under_3.0_odd": 2.07,
                "draw_odd": 5.5,
                "2_odd": 7.9,
                "1_odd": 1.23,
                "over_4.5_odd": 3.4,
                "under_4.5_odd": 1.27
            },
            {
                "match_id": 27378560,
                "date": "17/07/2025",
                "time": "01:30",
                "home_team": "CD San Antonio Bulo Bulo",
                "away_team": "Once Caldas",
                "under_1.5_odd": 3.47,
                "over_1.5_odd": 1.26,
                "both_noscore_odd": 1.87,
                "both_score_odd": 1.83,
                "12_odd": 1.25,
                "X2_odd": 1.16,
                "1X_odd": 2.17,
                "away_handicap_0.0_odd": 1.25,
                "home_handicap_0.0_odd": 3.57,
                "home_handicap_1.25_odd": 1.5,
                "away_handicap_-1.25_odd": 2.4,
                "away_handicap_-0.25_odd": 1.43,
                "home_handicap_0.25_odd": 2.62,
                "home_handicap_1.5_odd": 1.4,
                "away_handicap_-1.5_odd": 2.7,
                "home_handicap_1.0_odd": 1.66,
                "away_handicap_-1.0_odd": 2.08,
                "away_handicap_-0.5_odd": 1.61,
                "home_handicap_0.5_odd": 2.17,
                "away_handicap_-2.5_odd": 5.1,
                "home_handicap_2.5_odd": 1.13,
                "away_handicap_-2.25_odd": 4.75,
                "home_handicap_2.25_odd": 1.15,
                "away_handicap_-1.75_odd": 3.25,
                "home_handicap_1.75_odd": 1.29,
                "home_handicap_-0.25_odd": 4.05,
                "away_handicap_0.25_odd": 1.2,
                "under_3.5_odd": 1.34,
                "over_3.5_odd": 3.0,
                "under_2.5_odd": 1.89,
                "over_2.5_odd": 1.81,
                "under_2.0_odd": 2.7,
                "over_2.0_odd": 1.4,
                "away_handicap_-0.75_odd": 1.78,
                "home_handicap_0.75_odd": 1.92,
                "under_3.0_odd": 1.51,
                "over_3.0_odd": 2.39,
                "2_odd": 1.59,
                "1_odd": 4.6,
                "draw_odd": 3.63,
                "away_handicap_0.5_odd": 1.17,
                "home_handicap_-0.5_odd": 4.42,
                "home_handicap_2.0_odd": 1.17,
                "away_handicap_-2.0_odd": 4.42
            },
            {
                "match_id": 27378561,
                "date": "17/07/2025",
                "time": "01:30",
                "home_team": "Alianza Lima",
                "away_team": "Gremio FB Porto Alegrense",
                "both_noscore_odd": 1.68,
                "both_score_odd": 2.05,
                "X2_odd": 1.52,
                "1X_odd": 1.33,
                "12_odd": 1.38,
                "away_handicap_0.0_odd": 2.12,
                "home_handicap_0.0_odd": 1.64,
                "away_handicap_-0.5_odd": 3.0,
                "home_handicap_0.5_odd": 1.34,
                "under_3.0_odd": 1.2,
                "over_3.0_odd": 4.05,
                "under_2.5_odd": 1.47,
                "over_2.5_odd": 2.5,
                "under_1.5_odd": 2.44,
                "over_1.5_odd": 1.49,
                "away_handicap_0.75_odd": 1.37,
                "home_handicap_-0.75_odd": 2.85,
                "away_handicap_0.5_odd": 1.53,
                "home_handicap_-0.5_odd": 2.35,
                "away_handicap_-0.75_odd": 3.83,
                "home_handicap_0.75_odd": 1.22,
                "away_handicap_-0.25_odd": 2.55,
                "home_handicap_0.25_odd": 1.45,
                "away_handicap_0.25_odd": 1.73,
                "home_handicap_-0.25_odd": 1.97,
                "away_handicap_1.5_odd": 1.13,
                "home_handicap_-1.5_odd": 5.1,
                "away_handicap_1.0_odd": 1.2,
                "home_handicap_-1.0_odd": 4.05,
                "away_handicap_1.25_odd": 1.16,
                "home_handicap_-1.25_odd": 4.57,
                "over_2.0_odd": 1.88,
                "under_2.0_odd": 1.82,
                "draw_odd": 2.85,
                "2_odd": 3.07,
                "1_odd": 2.36
            },
            {
                "match_id": 27378562,
                "date": "17/07/2025",
                "time": "23:00",
                "home_team": "Universidad de Chile",
                "away_team": "Club Guarani Asuncion",
                "both_noscore_odd": 1.96,
                "both_score_odd": 1.74,
                "12_odd": 1.25,
                "X2_odd": 2.03,
                "1X_odd": 1.21,
                "away_handicap_1.75_odd": 1.27,
                "home_handicap_-1.75_odd": 3.4,
                "away_handicap_1.25_odd": 1.47,
                "home_handicap_-1.25_odd": 2.5,
                "away_handicap_1.5_odd": 1.38,
                "home_handicap_-1.5_odd": 2.8,
                "away_handicap_1.0_odd": 1.59,
                "home_handicap_-1.0_odd": 2.21,
                "away_handicap_0.5_odd": 2.07,
                "home_handicap_-0.5_odd": 1.67,
                "home_handicap_0.5_odd": 1.21,
                "away_handicap_-0.5_odd": 3.9,
                "away_handicap_2.0_odd": 1.16,
                "home_handicap_-2.0_odd": 4.57,
                "away_handicap_0.75_odd": 1.82,
                "home_handicap_-0.75_odd": 1.88,
                "over_3.5_odd": 2.8,
                "under_3.5_odd": 1.38,
                "under_3.0_odd": 1.56,
                "over_3.0_odd": 2.27,
                "under_2.5_odd": 1.96,
                "over_2.5_odd": 1.74,
                "under_2.0_odd": 2.95,
                "over_2.0_odd": 1.35,
                "under_1.5_odd": 3.75,
                "over_1.5_odd": 1.23,
                "away_handicap_2.25_odd": 1.14,
                "home_handicap_-2.25_odd": 4.9,
                "away_handicap_0.25_odd": 2.4,
                "home_handicap_-0.25_odd": 1.5,
                "2_odd": 4.1,
                "1_odd": 1.67,
                "draw_odd": 3.62,
                "away_handicap_2.5_odd": 1.13,
                "home_handicap_-2.5_odd": 5.1,
                "away_handicap_-0.75_odd": 5.1,
                "home_handicap_0.75_odd": 1.13,
                "home_handicap_0.0_odd": 1.31,
                "away_handicap_0.0_odd": 3.15,
                "away_handicap_-0.25_odd": 3.57,
                "home_handicap_0.25_odd": 1.25
            }
        ]
    },
    {
        "tournament_name": "Copa Sudamericana. Outright",
        "tournament_id": "18281763",
        "matches": []
    },
    {
        "tournament_name": "Copa Libertadores. Outright",
        "tournament_id": "21758",
        "matches": []
    }
]