[
    {
        "tournament_name": "K League 2",
        "tournament_id": "1932",
        "matches": [
            {
                "match_id": 27558276,
                "date": "20/07/2025",
                "time": "11:00",
                "home_team": "Gyeongnam FC",
                "away_team": "Incheon United FC",
                "both_score_odd": 1.83,
                "both_noscore_odd": 1.87,
                "12_odd": 1.19,
                "X2_odd": 1.13,
                "1X_odd": 2.61,
                "under_3.5_odd": 1.44,
                "over_3.5_odd": 2.59,
                "under_3.0_odd": 1.67,
                "over_3.0_odd": 2.07,
                "away_handicap_-1.75_odd": 2.55,
                "home_handicap_1.75_odd": 1.45,
                "away_handicap_-1.25_odd": 1.95,
                "home_handicap_1.25_odd": 1.75,
                "away_handicap_-0.75_odd": 1.54,
                "home_handicap_0.75_odd": 2.33,
                "away_handicap_-2.0_odd": 3.25,
                "home_handicap_2.0_odd": 1.29,
                "away_handicap_-1.5_odd": 2.2,
                "home_handicap_1.5_odd": 1.6,
                "away_handicap_-1.0_odd": 1.71,
                "home_handicap_1.0_odd": 2.01,
                "under_2.0_odd": 3.25,
                "over_2.0_odd": 1.29,
                "under_2.5_odd": 2.1,
                "over_2.5_odd": 1.65,
                "away_handicap_-0.25_odd": 1.31,
                "home_handicap_0.25_odd": 3.15,
                "away_handicap_-0.5_odd": 1.44,
                "home_handicap_0.5_odd": 2.59,
                "2_odd": 1.42,
                "1_odd": 5.5,
                "draw_odd": 4.3,
                "away_handicap_-2.25_odd": 3.57,
                "home_handicap_2.25_odd": 1.25
            },
            {
                "match_id": 27558277,
                "date": "20/07/2025",
                "time": "11:00",
                "home_team": "Chungbuk Cheongju FC",
                "away_team": "Cheonan City FC",
                "both_noscore_odd": 1.91,
                "both_score_odd": 1.79,
                "X2_odd": 1.59,
                "1X_odd": 1.36,
                "12_odd": 1.32,
                "over_3.5_odd": 3.47,
                "under_3.5_odd": 1.26,
                "over_2.5_odd": 2.0,
                "under_2.5_odd": 1.72,
                "over_2.0_odd": 1.52,
                "under_2.0_odd": 2.37,
                "over_1.5_odd": 1.32,
                "under_1.5_odd": 3.1,
                "home_handicap_-1.0_odd": 3.47,
                "away_handicap_1.0_odd": 1.26,
                "home_handicap_0.0_odd": 1.62,
                "away_handicap_0.0_odd": 2.15,
                "over_3.0_odd": 2.8,
                "under_3.0_odd": 1.38,
                "home_handicap_-0.75_odd": 2.62,
                "away_handicap_0.75_odd": 1.43,
                "home_handicap_-0.5_odd": 2.2,
                "away_handicap_0.5_odd": 1.6,
                "away_handicap_-0.75_odd": 3.57,
                "home_handicap_0.75_odd": 1.25,
                "away_handicap_-0.25_odd": 2.52,
                "home_handicap_0.25_odd": 1.46,
                "away_handicap_-0.5_odd": 2.87,
                "home_handicap_0.5_odd": 1.36,
                "draw_odd": 3.15,
                "2_odd": 2.91,
                "1_odd": 2.18,
                "away_handicap_0.25_odd": 1.79,
                "home_handicap_-0.25_odd": 1.91
            },
            {
                "match_id": 27558278,
                "date": "20/07/2025",
                "time": "11:00",
                "home_team": "Bucheon FC 1995",
                "away_team": "Chungnam Asan FC",
                "both_noscore_odd": 1.97,
                "both_score_odd": 1.73,
                "X2_odd": 1.56,
                "1X_odd": 1.39,
                "12_odd": 1.31,
                "away_handicap_1.0_odd": 1.24,
                "home_handicap_-1.0_odd": 3.65,
                "under_3.0_odd": 1.43,
                "over_3.0_odd": 2.62,
                "under_2.0_odd": 2.52,
                "over_2.0_odd": 1.46,
                "home_handicap_-0.75_odd": 2.68,
                "away_handicap_0.75_odd": 1.41,
                "home_handicap_-0.25_odd": 1.96,
                "away_handicap_0.25_odd": 1.74,
                "home_handicap_0.75_odd": 1.27,
                "away_handicap_-0.75_odd": 3.4,
                "home_handicap_0.0_odd": 1.67,
                "away_handicap_0.0_odd": 2.07,
                "over_3.5_odd": 3.25,
                "under_3.5_odd": 1.29,
                "over_1.5_odd": 1.29,
                "under_1.5_odd": 3.25,
                "over_2.5_odd": 1.91,
                "under_2.5_odd": 1.79,
                "home_handicap_-0.5_odd": 2.25,
                "away_handicap_0.5_odd": 1.57,
                "home_handicap_0.25_odd": 1.49,
                "away_handicap_-0.25_odd": 2.44,
                "home_handicap_0.5_odd": 1.39,
                "away_handicap_-0.5_odd": 2.75,
                "draw_odd": 3.19,
                "2_odd": 2.78,
                "1_odd": 2.23
            },
            {
                "match_id": 27552153,
                "date": "19/07/2025",
                "time": "11:00",
                "home_team": "Seoul E-Land FC",
                "away_team": "Seongnam FC",
                "both_noscore_odd": 2.07,
                "both_score_odd": 1.67,
                "12_odd": 1.3,
                "X2_odd": 1.72,
                "1X_odd": 1.29,
                "home_handicap_-1.0_odd": 3.0,
                "away_handicap_1.0_odd": 1.34,
                "home_handicap_0.0_odd": 1.47,
                "away_handicap_0.0_odd": 2.5,
                "under_3.5_odd": 1.33,
                "over_3.5_odd": 3.05,
                "over_3.0_odd": 2.4,
                "under_3.0_odd": 1.5,
                "over_2.0_odd": 1.4,
                "under_2.0_odd": 2.7,
                "under_1.5_odd": 3.47,
                "over_1.5_odd": 1.26,
                "under_2.5_odd": 1.89,
                "over_2.5_odd": 1.81,
                "away_handicap_1.25_odd": 1.28,
                "home_handicap_-1.25_odd": 3.3,
                "home_handicap_-0.75_odd": 2.33,
                "away_handicap_0.75_odd": 1.54,
                "away_handicap_0.25_odd": 1.97,
                "home_handicap_-0.25_odd": 1.73,
                "away_handicap_-0.25_odd": 2.87,
                "home_handicap_0.25_odd": 1.36,
                "2_odd": 3.34,
                "1_odd": 1.96,
                "draw_odd": 3.21,
                "away_handicap_0.5_odd": 1.74,
                "home_handicap_-0.5_odd": 1.96,
                "away_handicap_-0.5_odd": 3.25,
                "home_handicap_0.5_odd": 1.29
            },
            {
                "match_id": 27552154,
                "date": "19/07/2025",
                "time": "11:00",
                "home_team": "Jeonnam Dragons",
                "away_team": "Suwon Bluewings",
                "both_noscore_odd": 2.17,
                "both_score_odd": 1.61,
                "away_handicap_0.25_odd": 1.33,
                "home_handicap_-0.25_odd": 3.05,
                "away_handicap_0.5_odd": 1.26,
                "home_handicap_-0.5_odd": 3.47,
                "away_handicap_-1.25_odd": 2.95,
                "home_handicap_1.25_odd": 1.35,
                "away_handicap_-0.75_odd": 2.1,
                "home_handicap_0.75_odd": 1.65,
                "away_handicap_-0.25_odd": 1.62,
                "home_handicap_0.25_odd": 2.15,
                "away_handicap_-0.5_odd": 1.84,
                "home_handicap_0.5_odd": 1.86,
                "X2_odd": 1.26,
                "1X_odd": 1.85,
                "12_odd": 1.27,
                "under_3.5_odd": 1.42,
                "over_3.5_odd": 2.65,
                "under_3.0_odd": 1.64,
                "over_3.0_odd": 2.12,
                "under_2.0_odd": 3.15,
                "over_2.0_odd": 1.31,
                "away_handicap_-1.5_odd": 3.25,
                "home_handicap_1.5_odd": 1.29,
                "away_handicap_-1.0_odd": 2.55,
                "home_handicap_1.0_odd": 1.45,
                "home_handicap_0.0_odd": 2.7,
                "away_handicap_0.0_odd": 1.4,
                "under_2.5_odd": 2.08,
                "over_2.5_odd": 1.66,
                "2_odd": 1.82,
                "1_odd": 3.53,
                "draw_odd": 3.47
            },
            {
                "match_id": 27552155,
                "date": "19/07/2025",
                "time": "11:00",
                "home_team": "Hwaseong FC",
                "away_team": "Busan I Park",
                "both_noscore_odd": 1.66,
                "both_score_odd": 2.08,
                "away_handicap_0.25_odd": 1.35,
                "home_handicap_-0.25_odd": 2.95,
                "away_handicap_0.5_odd": 1.28,
                "home_handicap_-0.5_odd": 3.3,
                "away_handicap_-1.25_odd": 3.25,
                "home_handicap_1.25_odd": 1.29,
                "away_handicap_-0.75_odd": 2.25,
                "home_handicap_0.75_odd": 1.57,
                "home_handicap_0.25_odd": 2.01,
                "away_handicap_-0.25_odd": 1.71,
                "home_handicap_0.5_odd": 1.76,
                "away_handicap_-0.5_odd": 1.94,
                "12_odd": 1.29,
                "X2_odd": 1.28,
                "1X_odd": 1.76,
                "over_3.0_odd": 3.47,
                "under_3.0_odd": 1.26,
                "over_2.0_odd": 1.72,
                "under_2.0_odd": 2.0,
                "over_1.5_odd": 1.42,
                "under_1.5_odd": 2.65,
                "home_handicap_1.0_odd": 1.36,
                "away_handicap_-1.0_odd": 2.87,
                "home_handicap_0.0_odd": 2.52,
                "away_handicap_0.0_odd": 1.46,
                "2_odd": 1.92,
                "1_odd": 3.39,
                "draw_odd": 3.29,
                "over_2.5_odd": 2.27,
                "under_2.5_odd": 1.56
            },
            {
                "match_id": 27552156,
                "date": "19/07/2025",
                "time": "11:00",
                "home_team": "Gimpo Citizen FC",
                "away_team": "Ansan Greeners FC",
                "both_score_odd": 2.17,
                "both_noscore_odd": 1.61,
                "12_odd": 1.3,
                "X2_odd": 1.93,
                "1X_odd": 1.2,
                "under_2.5_odd": 1.53,
                "over_2.5_odd": 2.35,
                "under_2.0_odd": 1.94,
                "over_2.0_odd": 1.76,
                "under_1.5_odd": 2.59,
                "over_1.5_odd": 1.44,
                "away_handicap_1.5_odd": 1.29,
                "home_handicap_-1.5_odd": 3.25,
                "away_handicap_1.0_odd": 1.47,
                "home_handicap_-1.0_odd": 2.5,
                "away_handicap_0.0_odd": 3.1,
                "home_handicap_0.0_odd": 1.32,
                "over_3.0_odd": 3.65,
                "under_3.0_odd": 1.24,
                "home_handicap_-1.25_odd": 2.87,
                "away_handicap_1.25_odd": 1.36,
                "home_handicap_-0.75_odd": 2.02,
                "away_handicap_0.75_odd": 1.7,
                "home_handicap_-0.25_odd": 1.55,
                "away_handicap_0.25_odd": 2.3,
                "home_handicap_0.25_odd": 1.24,
                "away_handicap_-0.25_odd": 3.65,
                "draw_odd": 3.2,
                "2_odd": 4.2,
                "1_odd": 1.75,
                "away_handicap_0.5_odd": 1.94,
                "home_handicap_-0.5_odd": 1.76
            }
        ]
    },
    {
        "tournament_name": "K League 1",
        "tournament_id": "1933",
        "matches": [
            {
                "match_id": 27540561,
                "date": "18/07/2025",
                "time": "11:30",
                "home_team": "Suwon FC",
                "away_team": "Gwangju FC",
                "both_score_odd": 1.75,
                "both_noscore_odd": 1.95,
                "under_3.0_odd": 1.39,
                "over_3.0_odd": 2.75,
                "away_handicap_1.25_odd": 1.13,
                "home_handicap_-1.25_odd": 5.1,
                "away_handicap_-1.25_odd": 4.42,
                "home_handicap_1.25_odd": 1.17,
                "away_handicap_-1.5_odd": 4.9,
                "home_handicap_1.5_odd": 1.14,
                "X2_odd": 1.4,
                "1X_odd": 1.49,
                "12_odd": 1.33,
                "home_handicap_-1.0_odd": 4.75,
                "away_handicap_1.0_odd": 1.15,
                "home_handicap_-0.5_odd": 2.68,
                "away_handicap_0.5_odd": 1.41,
                "home_handicap_0.25_odd": 1.66,
                "away_handicap_-0.25_odd": 2.08,
                "over_3.5_odd": 3.4,
                "under_3.5_odd": 1.27,
                "over_2.5_odd": 1.96,
                "under_2.5_odd": 1.74,
                "over_2.0_odd": 1.51,
                "under_2.0_odd": 2.39,
                "over_1.5_odd": 1.32,
                "under_1.5_odd": 3.1,
                "home_handicap_-0.75_odd": 3.25,
                "away_handicap_0.75_odd": 1.29,
                "home_handicap_-0.25_odd": 2.33,
                "away_handicap_0.25_odd": 1.54,
                "home_handicap_0.75_odd": 1.35,
                "away_handicap_-0.75_odd": 2.95,
                "home_handicap_1.0_odd": 1.2,
                "away_handicap_-1.0_odd": 4.05,
                "home_handicap_0.5_odd": 1.51,
                "away_handicap_-0.5_odd": 2.39,
                "home_handicap_0.0_odd": 1.94,
                "away_handicap_0.0_odd": 1.76,
                "home_handicap_-1.5_odd": 5.55,
                "away_handicap_1.5_odd": 1.11,
                "2_odd": 2.4,
                "draw_odd": 3.04,
                "1_odd": 2.67
            },
            {
                "match_id": 27540562,
                "date": "18/07/2025",
                "time": "11:30",
                "home_team": "Daegu FC",
                "away_team": "Gimcheon Sangmu FC",
                "both_score_odd": 1.55,
                "both_noscore_odd": 2.3,
                "home_handicap_-0.75_odd": 3.9,
                "away_handicap_0.75_odd": 1.21,
                "home_handicap_-0.25_odd": 2.85,
                "away_handicap_0.25_odd": 1.37,
                "home_handicap_-0.5_odd": 3.2,
                "away_handicap_0.5_odd": 1.3,
                "home_handicap_1.75_odd": 1.17,
                "away_handicap_-1.75_odd": 4.42,
                "home_handicap_1.25_odd": 1.3,
                "away_handicap_-1.25_odd": 3.2,
                "home_handicap_0.75_odd": 1.56,
                "away_handicap_-0.75_odd": 2.27,
                "home_handicap_0.25_odd": 2.0,
                "away_handicap_-0.25_odd": 1.72,
                "away_handicap_-0.5_odd": 1.94,
                "home_handicap_0.5_odd": 1.76,
                "X2_odd": 1.29,
                "1X_odd": 1.75,
                "12_odd": 1.28,
                "under_3.5_odd": 1.44,
                "over_3.5_odd": 2.59,
                "under_3.0_odd": 1.68,
                "over_3.0_odd": 2.05,
                "over_2.0_odd": 1.29,
                "under_2.0_odd": 3.25,
                "over_1.5_odd": 1.2,
                "under_1.5_odd": 4.05,
                "home_handicap_0.0_odd": 2.45,
                "away_handicap_0.0_odd": 1.48,
                "away_handicap_-1.5_odd": 3.57,
                "home_handicap_1.5_odd": 1.25,
                "under_2.5_odd": 2.12,
                "over_2.5_odd": 1.64,
                "away_handicap_1.0_odd": 1.11,
                "home_handicap_-1.0_odd": 5.55,
                "under_4.0_odd": 1.21,
                "over_4.0_odd": 3.9,
                "away_handicap_-1.0_odd": 2.85,
                "home_handicap_1.0_odd": 1.37,
                "2_odd": 1.94,
                "1_odd": 3.25,
                "draw_odd": 3.37
            },
            {
                "match_id": 27546045,
                "date": "19/07/2025",
                "time": "11:00",
                "home_team": "Pohang Steelers",
                "away_team": "Jeonbuk Motors",
                "both_noscore_odd": 1.81,
                "both_score_odd": 1.89,
                "over_3.0_odd": 3.3,
                "under_3.0_odd": 1.28,
                "away_handicap_-1.25_odd": 4.57,
                "home_handicap_1.25_odd": 1.16,
                "away_handicap_-1.5_odd": 4.9,
                "home_handicap_1.5_odd": 1.14,
                "X2_odd": 1.36,
                "12_odd": 1.35,
                "1X_odd": 1.51,
                "under_3.5_odd": 1.2,
                "over_3.5_odd": 4.05,
                "under_2.5_odd": 1.59,
                "over_2.5_odd": 2.21,
                "under_2.0_odd": 2.07,
                "over_2.0_odd": 1.67,
                "over_1.5_odd": 1.4,
                "under_1.5_odd": 2.7,
                "home_handicap_-0.75_odd": 3.47,
                "away_handicap_0.75_odd": 1.26,
                "home_handicap_-0.25_odd": 2.44,
                "away_handicap_0.25_odd": 1.49,
                "away_handicap_1.0_odd": 1.13,
                "home_handicap_-1.0_odd": 5.1,
                "home_handicap_-0.5_odd": 2.8,
                "away_handicap_0.5_odd": 1.38,
                "away_handicap_-0.75_odd": 2.85,
                "home_handicap_0.75_odd": 1.37,
                "home_handicap_0.25_odd": 1.71,
                "away_handicap_-0.25_odd": 2.01,
                "home_handicap_1.0_odd": 1.2,
                "away_handicap_-1.0_odd": 4.05,
                "away_handicap_-0.5_odd": 2.37,
                "home_handicap_0.5_odd": 1.52,
                "draw_odd": 2.92,
                "2_odd": 2.34,
                "1_odd": 2.85,
                "home_handicap_0.0_odd": 2.04,
                "away_handicap_0.0_odd": 1.69
            },
            {
                "match_id": 27546046,
                "date": "19/07/2025",
                "time": "11:00",
                "home_team": "Jeju United FC",
                "away_team": "FC Anyang",
                "both_score_odd": 1.81,
                "both_noscore_odd": 1.89,
                "over_3.0_odd": 2.95,
                "under_3.0_odd": 1.35,
                "home_handicap_-1.5_odd": 4.57,
                "away_handicap_1.5_odd": 1.16,
                "12_odd": 1.33,
                "X2_odd": 1.57,
                "1X_odd": 1.34,
                "over_3.5_odd": 3.65,
                "under_3.5_odd": 1.24,
                "over_2.5_odd": 2.05,
                "under_2.5_odd": 1.68,
                "over_2.0_odd": 1.56,
                "under_2.0_odd": 2.27,
                "over_1.5_odd": 1.35,
                "under_1.5_odd": 2.95,
                "home_handicap_-1.25_odd": 4.15,
                "away_handicap_1.25_odd": 1.19,
                "home_handicap_-0.75_odd": 2.68,
                "away_handicap_0.75_odd": 1.41,
                "home_handicap_-1.0_odd": 3.65,
                "away_handicap_1.0_odd": 1.24,
                "home_handicap_-0.5_odd": 2.21,
                "away_handicap_0.5_odd": 1.59,
                "away_handicap_-0.75_odd": 3.65,
                "home_handicap_0.75_odd": 1.24,
                "away_handicap_-0.25_odd": 2.52,
                "home_handicap_0.25_odd": 1.46,
                "away_handicap_-0.5_odd": 2.95,
                "home_handicap_0.5_odd": 1.35,
                "away_handicap_0.0_odd": 2.17,
                "home_handicap_0.0_odd": 1.61,
                "draw_odd": 3.05,
                "2_odd": 2.95,
                "1_odd": 2.21,
                "home_handicap_-0.25_odd": 1.93,
                "away_handicap_0.25_odd": 1.77,
                "away_handicap_-1.0_odd": 5.35,
                "home_handicap_1.0_odd": 1.12
            },
            {
                "match_id": 27546047,
                "date": "19/07/2025",
                "time": "11:00",
                "home_team": "Gangwon FC",
                "away_team": "Daejeon Citizen FC",
                "both_noscore_odd": 1.92,
                "both_score_odd": 1.78,
                "over_3.0_odd": 2.85,
                "under_3.0_odd": 1.37,
                "away_handicap_1.5_odd": 1.16,
                "home_handicap_-1.5_odd": 4.57,
                "home_handicap_1.0_odd": 1.14,
                "away_handicap_-1.0_odd": 4.9,
                "12_odd": 1.33,
                "X2_odd": 1.53,
                "1X_odd": 1.38,
                "under_3.5_odd": 1.26,
                "over_3.5_odd": 3.47,
                "under_2.5_odd": 1.71,
                "over_2.5_odd": 2.01,
                "under_2.0_odd": 2.35,
                "over_2.0_odd": 1.53,
                "under_1.5_odd": 3.05,
                "over_1.5_odd": 1.33,
                "away_handicap_1.25_odd": 1.18,
                "home_handicap_-1.25_odd": 4.3,
                "away_handicap_0.75_odd": 1.38,
                "home_handicap_-0.75_odd": 2.8,
                "away_handicap_1.0_odd": 1.22,
                "home_handicap_-1.0_odd": 3.83,
                "away_handicap_0.5_odd": 1.54,
                "home_handicap_-0.5_odd": 2.33,
                "away_handicap_-0.75_odd": 3.4,
                "home_handicap_0.75_odd": 1.27,
                "home_handicap_0.25_odd": 1.51,
                "away_handicap_-0.25_odd": 2.39,
                "home_handicap_0.5_odd": 1.39,
                "away_handicap_-0.5_odd": 2.75,
                "home_handicap_0.0_odd": 1.7,
                "away_handicap_0.0_odd": 2.02,
                "draw_odd": 3.08,
                "2_odd": 2.77,
                "1_odd": 2.31,
                "away_handicap_0.25_odd": 1.7,
                "home_handicap_-0.25_odd": 2.02,
                "away_handicap_-1.25_odd": 5.35,
                "home_handicap_1.25_odd": 1.12,
                "home_handicap_1.5_odd": 1.11,
                "away_handicap_-1.5_odd": 5.55
            },
            {
                "match_id": 27552157,
                "date": "20/07/2025",
                "time": "11:00",
                "home_team": "FC Seoul",
                "away_team": "Ulsan Hyundai FC",
                "both_score_odd": 1.88,
                "both_noscore_odd": 1.82,
                "over_3.0_odd": 3.15,
                "under_3.0_odd": 1.31,
                "home_handicap_-1.5_odd": 4.57,
                "away_handicap_1.5_odd": 1.16,
                "12_odd": 1.32,
                "X2_odd": 1.58,
                "1X_odd": 1.36,
                "under_3.5_odd": 1.22,
                "over_3.5_odd": 3.83,
                "away_handicap_1.25_odd": 1.2,
                "home_handicap_-1.25_odd": 4.05,
                "away_handicap_0.75_odd": 1.41,
                "home_handicap_-0.75_odd": 2.68,
                "away_handicap_1.0_odd": 1.24,
                "home_handicap_-1.0_odd": 3.65,
                "away_handicap_0.5_odd": 1.59,
                "home_handicap_-0.5_odd": 2.21,
                "away_handicap_-0.75_odd": 3.65,
                "home_handicap_0.75_odd": 1.24,
                "away_handicap_0.25_odd": 1.77,
                "home_handicap_-0.25_odd": 1.93,
                "under_2.5_odd": 1.63,
                "over_2.5_odd": 2.13,
                "under_2.0_odd": 2.17,
                "over_2.0_odd": 1.61,
                "under_1.5_odd": 2.87,
                "over_1.5_odd": 1.36,
                "away_handicap_0.0_odd": 2.15,
                "home_handicap_0.0_odd": 1.62,
                "away_handicap_-0.25_odd": 2.52,
                "home_handicap_0.25_odd": 1.46,
                "away_handicap_-0.5_odd": 2.87,
                "home_handicap_0.5_odd": 1.36,
                "draw_odd": 3.12,
                "2_odd": 2.91,
                "1_odd": 2.19,
                "away_handicap_-1.0_odd": 5.1,
                "home_handicap_1.0_odd": 1.13
            }
        ]
    }
]