[
    {
        "tournament_name": "Damallsvenskan. Outright",
        "tournament_id": "18292590",
        "matches": []
    },
    {
        "tournament_name": "Allsvenskan",
        "tournament_id": "3000",
        "matches": [
            {
                "match_id": 27538503,
                "date": "20/07/2025",
                "time": "15:30",
                "home_team": "Halmstads BK",
                "away_team": "BK Hacken",
                "both_noscore_odd": 2.14,
                "both_score_odd": 1.66,
                "12_odd": 1.28,
                "X2_odd": 1.31,
                "1X_odd": 1.71,
                "under_3.5_odd": 1.38,
                "over_3.5_odd": 2.9,
                "under_3.0_odd": 1.58,
                "over_3.0_odd": 2.28,
                "under_2.0_odd": 2.97,
                "over_2.0_odd": 1.36,
                "away_handicap_0.25_odd": 1.4,
                "home_handicap_-0.25_odd": 2.8,
                "away_handicap_0.5_odd": 1.33,
                "home_handicap_-0.5_odd": 3.1,
                "away_handicap_0.0_odd": 1.52,
                "home_handicap_0.0_odd": 2.42,
                "away_handicap_-1.25_odd": 3.3,
                "home_handicap_1.25_odd": 1.3,
                "away_handicap_-0.75_odd": 2.33,
                "home_handicap_0.75_odd": 1.56,
                "away_handicap_-0.25_odd": 1.77,
                "home_handicap_0.25_odd": 1.97,
                "away_handicap_-1.5_odd": 3.7,
                "home_handicap_1.5_odd": 1.25,
                "away_handicap_-1.0_odd": 2.95,
                "home_handicap_1.0_odd": 1.37,
                "away_handicap_-0.5_odd": 2.0,
                "home_handicap_0.5_odd": 1.75,
                "over_2.5_odd": 1.76,
                "under_2.5_odd": 1.99,
                "2_odd": 2.02,
                "1_odd": 3.26,
                "draw_odd": 3.53
            },
            {
                "match_id": 27538504,
                "date": "20/07/2025",
                "time": "13:00",
                "home_team": "IK Sirius FK",
                "away_team": "IFK Goteborg",
                "both_noscore_odd": 2.3,
                "both_score_odd": 1.57,
                "12_odd": 1.29,
                "X2_odd": 1.46,
                "1X_odd": 1.49,
                "under_3.5_odd": 1.42,
                "over_3.5_odd": 2.73,
                "under_3.0_odd": 1.65,
                "over_3.0_odd": 2.15,
                "under_2.0_odd": 3.15,
                "over_2.0_odd": 1.32,
                "away_handicap_0.75_odd": 1.35,
                "home_handicap_-0.75_odd": 3.0,
                "away_handicap_0.25_odd": 1.61,
                "home_handicap_-0.25_odd": 2.23,
                "away_handicap_0.5_odd": 1.48,
                "home_handicap_-0.5_odd": 2.52,
                "away_handicap_-0.75_odd": 2.95,
                "home_handicap_0.75_odd": 1.37,
                "away_handicap_-0.25_odd": 2.14,
                "home_handicap_0.25_odd": 1.66,
                "away_handicap_-0.5_odd": 2.42,
                "home_handicap_0.5_odd": 1.52,
                "away_handicap_0.0_odd": 1.85,
                "home_handicap_0.0_odd": 1.89,
                "under_2.5_odd": 2.08,
                "over_2.5_odd": 1.69,
                "2_odd": 2.48,
                "1_odd": 2.58,
                "draw_odd": 3.41
            },
            {
                "match_id": 27538506,
                "date": "20/07/2025",
                "time": "15:30",
                "home_team": "Hammarby IF",
                "away_team": "IF Brommapojkarna",
                "over_2.5_odd": 1.52,
                "under_2.5_odd": 2.42,
                "over_3.5_odd": 2.28,
                "under_3.5_odd": 1.58,
                "over_3.0_odd": 1.81,
                "under_3.0_odd": 1.93,
                "draw_odd": 4.2,
                "2_odd": 4.8,
                "1_odd": 1.56,
                "both_score_odd": 1.59,
                "both_noscore_odd": 2.26,
                "12_odd": 1.21,
                "X2_odd": 2.25,
                "1X_odd": 1.18,
                "home_handicap_-1.75_odd": 2.95,
                "away_handicap_1.75_odd": 1.37,
                "home_handicap_-1.25_odd": 2.21,
                "away_handicap_1.25_odd": 1.62,
                "home_handicap_-0.75_odd": 1.71,
                "away_handicap_0.75_odd": 2.06,
                "home_handicap_-0.25_odd": 1.41,
                "away_handicap_0.25_odd": 2.77,
                "home_handicap_-0.5_odd": 1.57,
                "away_handicap_0.5_odd": 2.3,
                "home_handicap_-1.5_odd": 2.47,
                "away_handicap_1.5_odd": 1.5,
                "home_handicap_-1.0_odd": 1.93,
                "away_handicap_1.0_odd": 1.81,
                "under_4.0_odd": 1.32,
                "over_4.0_odd": 3.15,
                "away_handicap_0.0_odd": 3.7,
                "home_handicap_0.0_odd": 1.25
            },
            {
                "match_id": 27543892,
                "date": "21/07/2025",
                "time": "18:00",
                "home_team": "IFK Norrkoping",
                "away_team": "IFK Varnamo",
                "away_handicap_0.5_odd": 1.7,
                "home_handicap_-0.5_odd": 2.07,
                "2_odd": 2.98,
                "1_odd": 2.09,
                "draw_odd": 3.69,
                "both_noscore_odd": 2.28,
                "both_score_odd": 1.58,
                "12_odd": 1.26,
                "X2_odd": 1.68,
                "1X_odd": 1.37,
                "over_2.5_odd": 1.65,
                "under_2.5_odd": 2.15,
                "over_3.5_odd": 2.6,
                "under_3.5_odd": 1.46,
                "over_3.0_odd": 2.06,
                "under_3.0_odd": 1.71,
                "over_2.0_odd": 1.29,
                "under_2.0_odd": 3.35,
                "home_handicap_-1.25_odd": 3.4,
                "away_handicap_1.25_odd": 1.28,
                "away_handicap_0.75_odd": 1.52,
                "home_handicap_-0.75_odd": 2.42,
                "away_handicap_0.25_odd": 1.89,
                "home_handicap_-0.25_odd": 1.85,
                "home_handicap_-1.0_odd": 3.0,
                "away_handicap_1.0_odd": 1.35,
                "home_handicap_0.25_odd": 1.46,
                "away_handicap_-0.25_odd": 2.6,
                "home_handicap_0.5_odd": 1.38,
                "away_handicap_-0.5_odd": 2.9,
                "home_handicap_0.0_odd": 1.59,
                "away_handicap_0.0_odd": 2.26,
                "home_handicap_0.75_odd": 1.26,
                "away_handicap_-0.75_odd": 3.6
            },
            {
                "match_id": 27532739,
                "date": "19/07/2025",
                "time": "16:30",
                "home_team": "Degerfors IF",
                "away_team": "GAIS",
                "under_1.5_odd": 3.6,
                "over_1.5_odd": 1.26,
                "under_2.0_odd": 2.8,
                "over_2.0_odd": 1.4,
                "under_3.5_odd": 1.35,
                "over_3.5_odd": 3.0,
                "under_2.5_odd": 1.92,
                "over_2.5_odd": 1.82,
                "under_3.0_odd": 1.52,
                "over_3.0_odd": 2.42,
                "2_odd": 1.94,
                "1_odd": 3.51,
                "draw_odd": 3.51,
                "both_noscore_odd": 2.05,
                "both_score_odd": 1.72,
                "X2_odd": 1.28,
                "1X_odd": 1.77,
                "12_odd": 1.28,
                "away_handicap_0.25_odd": 1.36,
                "home_handicap_-0.25_odd": 2.97,
                "away_handicap_0.0_odd": 1.46,
                "home_handicap_0.0_odd": 2.6,
                "away_handicap_-1.25_odd": 3.15,
                "home_handicap_1.25_odd": 1.32,
                "away_handicap_-0.75_odd": 2.23,
                "home_handicap_0.75_odd": 1.61,
                "away_handicap_-0.25_odd": 1.7,
                "home_handicap_0.25_odd": 2.07,
                "away_handicap_-1.0_odd": 2.77,
                "home_handicap_1.0_odd": 1.41,
                "away_handicap_0.5_odd": 1.29,
                "home_handicap_-0.5_odd": 3.35,
                "away_handicap_-0.5_odd": 1.92,
                "home_handicap_0.5_odd": 1.82,
                "away_handicap_-1.5_odd": 3.55,
                "home_handicap_1.5_odd": 1.27
            },
            {
                "match_id": 27532740,
                "date": "19/07/2025",
                "time": "14:00",
                "home_team": "Osters IF",
                "away_team": "Malmo FF",
                "under_3.5_odd": 1.45,
                "over_3.5_odd": 2.62,
                "under_2.5_odd": 2.15,
                "over_2.5_odd": 1.65,
                "over_3.0_odd": 2.07,
                "under_3.0_odd": 1.7,
                "2_odd": 1.42,
                "1_odd": 6.5,
                "draw_odd": 4.5,
                "both_noscore_odd": 1.89,
                "both_score_odd": 1.85,
                "X2_odd": 1.11,
                "1X_odd": 2.75,
                "12_odd": 1.19,
                "home_handicap_2.25_odd": 1.27,
                "away_handicap_-2.25_odd": 3.55,
                "home_handicap_1.75_odd": 1.48,
                "away_handicap_-1.75_odd": 2.52,
                "home_handicap_0.75_odd": 2.42,
                "away_handicap_-0.75_odd": 1.52,
                "home_handicap_2.0_odd": 1.32,
                "away_handicap_-2.0_odd": 3.15,
                "home_handicap_1.5_odd": 1.63,
                "away_handicap_-1.5_odd": 2.18,
                "home_handicap_1.0_odd": 2.1,
                "away_handicap_-1.0_odd": 1.68,
                "home_handicap_1.25_odd": 1.8,
                "away_handicap_-1.25_odd": 1.94,
                "over_2.0_odd": 1.29,
                "under_2.0_odd": 3.35,
                "home_handicap_0.25_odd": 3.35,
                "away_handicap_-0.25_odd": 1.29,
                "home_handicap_0.5_odd": 2.73,
                "away_handicap_-0.5_odd": 1.42
            },
            {
                "match_id": 27532741,
                "date": "19/07/2025",
                "time": "14:00",
                "home_team": "Djurgardens IF",
                "away_team": "IF Elfsborg",
                "over_2.5_odd": 1.78,
                "under_2.5_odd": 1.96,
                "over_3.0_odd": 2.33,
                "under_3.0_odd": 1.56,
                "over_2.0_odd": 1.37,
                "under_2.0_odd": 2.95,
                "over_3.5_odd": 2.95,
                "under_3.5_odd": 1.37,
                "2_odd": 3.29,
                "1_odd": 2.04,
                "draw_odd": 3.45,
                "both_score_odd": 1.66,
                "both_noscore_odd": 2.14,
                "X2_odd": 1.72,
                "1X_odd": 1.31,
                "12_odd": 1.29,
                "home_handicap_-1.25_odd": 3.35,
                "away_handicap_1.25_odd": 1.29,
                "home_handicap_-0.5_odd": 2.03,
                "away_handicap_0.5_odd": 1.73,
                "home_handicap_0.25_odd": 1.4,
                "away_handicap_-0.25_odd": 2.8,
                "home_handicap_-0.75_odd": 2.38,
                "away_handicap_0.75_odd": 1.54,
                "home_handicap_-1.0_odd": 3.0,
                "away_handicap_1.0_odd": 1.35,
                "home_handicap_0.0_odd": 1.53,
                "away_handicap_0.0_odd": 2.4,
                "home_handicap_0.5_odd": 1.33,
                "away_handicap_-0.5_odd": 3.1,
                "home_handicap_-0.25_odd": 1.77,
                "away_handicap_0.25_odd": 1.97,
                "over_1.5_odd": 1.25,
                "under_1.5_odd": 3.7
            }
        ]
    },
    {
        "tournament_name": "Superettan. Outright",
        "tournament_id": "21795",
        "matches": []
    },
    {
        "tournament_name": "Superettan",
        "tournament_id": "3003",
        "matches": [
            {
                "match_id": 27538481,
                "date": "20/07/2025",
                "time": "14:00",
                "home_team": "Kalmar FF",
                "away_team": "IK Brage",
                "home_handicap_-2.75_odd": 4.05,
                "away_handicap_2.75_odd": 1.2,
                "both_score_odd": 1.91,
                "both_noscore_odd": 1.79,
                "home_handicap_-0.25_odd": 1.22,
                "away_handicap_0.25_odd": 3.83,
                "X2_odd": 3.01,
                "1X_odd": 1.08,
                "12_odd": 1.17,
                "home_handicap_-1.75_odd": 2.23,
                "away_handicap_1.75_odd": 1.58,
                "away_handicap_2.5_odd": 1.28,
                "home_handicap_-2.5_odd": 3.3,
                "away_handicap_1.5_odd": 1.75,
                "home_handicap_-1.5_odd": 1.95,
                "away_handicap_0.5_odd": 3.0,
                "home_handicap_-0.5_odd": 1.34,
                "over_3.5_odd": 2.5,
                "under_3.5_odd": 1.47,
                "over_3.0_odd": 2.0,
                "under_3.0_odd": 1.72,
                "over_2.5_odd": 1.61,
                "under_2.5_odd": 2.17,
                "over_2.0_odd": 1.27,
                "under_2.0_odd": 3.4,
                "home_handicap_-2.25_odd": 3.05,
                "away_handicap_2.25_odd": 1.33,
                "home_handicap_-0.75_odd": 1.41,
                "away_handicap_0.75_odd": 2.68,
                "home_handicap_-2.0_odd": 2.7,
                "away_handicap_2.0_odd": 1.4,
                "away_handicap_1.0_odd": 2.37,
                "home_handicap_-1.0_odd": 1.52,
                "away_handicap_1.25_odd": 1.96,
                "home_handicap_-1.25_odd": 1.74,
                "draw_odd": 4.5,
                "2_odd": 6.9,
                "1_odd": 1.33,
                "over_4.0_odd": 3.75,
                "under_4.0_odd": 1.23
            },
            {
                "match_id": 27538482,
                "date": "20/07/2025",
                "time": "12:00",
                "home_team": "Varbergs BoIS FC",
                "away_team": "GIF Sundsvall",
                "both_noscore_odd": 1.76,
                "both_score_odd": 1.94,
                "away_handicap_1.75_odd": 1.28,
                "home_handicap_-1.75_odd": 3.3,
                "away_handicap_0.0_odd": 3.4,
                "home_handicap_0.0_odd": 1.27,
                "X2_odd": 2.13,
                "1X_odd": 1.18,
                "12_odd": 1.25,
                "home_handicap_0.25_odd": 1.22,
                "away_handicap_-0.25_odd": 3.83,
                "under_3.5_odd": 1.28,
                "over_3.5_odd": 3.3,
                "away_handicap_1.25_odd": 1.48,
                "home_handicap_-1.25_odd": 2.45,
                "away_handicap_1.5_odd": 1.39,
                "home_handicap_-1.5_odd": 2.75,
                "away_handicap_1.0_odd": 1.63,
                "home_handicap_-1.0_odd": 2.13,
                "away_handicap_0.5_odd": 2.13,
                "home_handicap_-0.5_odd": 1.63,
                "away_handicap_0.75_odd": 1.88,
                "home_handicap_-0.75_odd": 1.82,
                "under_3.0_odd": 1.41,
                "over_3.0_odd": 2.68,
                "under_2.0_odd": 2.45,
                "over_2.0_odd": 1.48,
                "under_1.5_odd": 3.15,
                "over_1.5_odd": 1.31,
                "away_handicap_0.25_odd": 2.52,
                "home_handicap_-0.25_odd": 1.46,
                "under_2.5_odd": 1.77,
                "over_2.5_odd": 1.93,
                "draw_odd": 3.64,
                "2_odd": 4.4,
                "1_odd": 1.61
            },
            {
                "match_id": 27543884,
                "date": "21/07/2025",
                "time": "18:00",
                "home_team": "Utsiktens BK",
                "away_team": "Helsingborgs IF",
                "both_score_odd": 1.55,
                "both_noscore_odd": 2.3,
                "home_handicap_0.0_odd": 1.92,
                "away_handicap_0.0_odd": 1.78,
                "12_odd": 1.29,
                "X2_odd": 1.44,
                "1X_odd": 1.52,
                "away_handicap_0.75_odd": 1.32,
                "home_handicap_-0.75_odd": 3.1,
                "away_handicap_-0.75_odd": 2.8,
                "home_handicap_0.75_odd": 1.38,
                "away_handicap_-0.25_odd": 2.07,
                "home_handicap_0.25_odd": 1.67,
                "away_handicap_-1.0_odd": 3.75,
                "home_handicap_1.0_odd": 1.23,
                "away_handicap_-0.5_odd": 2.37,
                "home_handicap_0.5_odd": 1.52,
                "under_4.0_odd": 1.2,
                "over_4.0_odd": 4.05,
                "under_3.5_odd": 1.43,
                "over_3.5_odd": 2.62,
                "under_2.5_odd": 2.08,
                "over_2.5_odd": 1.66,
                "under_2.0_odd": 3.2,
                "over_2.0_odd": 1.3,
                "away_handicap_0.25_odd": 1.57,
                "home_handicap_-0.25_odd": 2.25,
                "away_handicap_0.5_odd": 1.46,
                "home_handicap_-0.5_odd": 2.52,
                "away_handicap_-1.25_odd": 4.15,
                "home_handicap_1.25_odd": 1.19,
                "under_3.0_odd": 1.65,
                "over_3.0_odd": 2.1,
                "2_odd": 2.33,
                "1_odd": 2.56,
                "draw_odd": 3.34,
                "under_1.5_odd": 3.9,
                "over_1.5_odd": 1.21
            },
            {
                "match_id": 27543885,
                "date": "21/07/2025",
                "time": "18:00",
                "home_team": "Landskrona BoIS",
                "away_team": "Trelleborgs FF",
                "both_noscore_odd": 2.05,
                "both_score_odd": 1.68,
                "away_handicap_1.75_odd": 1.22,
                "home_handicap_-1.75_odd": 3.83,
                "away_handicap_0.0_odd": 2.8,
                "home_handicap_0.0_odd": 1.38,
                "X2_odd": 1.91,
                "1X_odd": 1.25,
                "12_odd": 1.26,
                "home_handicap_0.25_odd": 1.3,
                "away_handicap_-0.25_odd": 3.2,
                "home_handicap_-0.25_odd": 1.59,
                "away_handicap_0.25_odd": 2.21,
                "under_3.0_odd": 1.57,
                "over_3.0_odd": 2.25,
                "under_3.5_odd": 1.38,
                "over_3.5_odd": 2.8,
                "over_2.0_odd": 1.35,
                "under_2.0_odd": 2.95,
                "away_handicap_-0.5_odd": 3.57,
                "home_handicap_0.5_odd": 1.25,
                "home_handicap_-1.25_odd": 2.75,
                "away_handicap_1.25_odd": 1.39,
                "away_handicap_1.5_odd": 1.32,
                "home_handicap_-1.5_odd": 3.1,
                "away_handicap_1.0_odd": 1.49,
                "home_handicap_-1.0_odd": 2.44,
                "home_handicap_-0.5_odd": 1.79,
                "away_handicap_0.5_odd": 1.91,
                "home_handicap_-0.75_odd": 2.02,
                "away_handicap_0.75_odd": 1.7,
                "over_1.5_odd": 1.23,
                "under_1.5_odd": 3.75,
                "2_odd": 3.65,
                "1_odd": 1.77,
                "draw_odd": 3.56,
                "over_2.5_odd": 1.73,
                "under_2.5_odd": 1.97
            },
            {
                "match_id": 27532721,
                "date": "19/07/2025",
                "time": "16:00",
                "home_team": "Sandvikens IF",
                "away_team": "Vasteras SK",
                "under_2.0_odd": 3.25,
                "over_2.0_odd": 1.29,
                "both_score_odd": 1.52,
                "both_noscore_odd": 2.37,
                "home_handicap_-0.75_odd": 3.2,
                "away_handicap_0.75_odd": 1.3,
                "away_handicap_0.0_odd": 1.72,
                "home_handicap_0.0_odd": 2.0,
                "X2_odd": 1.41,
                "1X_odd": 1.54,
                "12_odd": 1.29,
                "home_handicap_1.25_odd": 1.21,
                "away_handicap_-1.25_odd": 3.9,
                "home_handicap_0.75_odd": 1.4,
                "away_handicap_-0.75_odd": 2.7,
                "home_handicap_0.25_odd": 1.72,
                "away_handicap_-0.25_odd": 2.0,
                "away_handicap_-1.0_odd": 3.57,
                "home_handicap_1.0_odd": 1.25,
                "away_handicap_-0.5_odd": 2.3,
                "home_handicap_0.5_odd": 1.55,
                "away_handicap_0.25_odd": 1.53,
                "home_handicap_-0.25_odd": 2.35,
                "under_4.0_odd": 1.22,
                "over_4.0_odd": 3.83,
                "under_3.5_odd": 1.45,
                "over_3.5_odd": 2.55,
                "under_3.0_odd": 1.7,
                "over_3.0_odd": 2.02,
                "under_2.5_odd": 2.15,
                "over_2.5_odd": 1.62,
                "away_handicap_0.5_odd": 1.42,
                "home_handicap_-0.5_odd": 2.65,
                "draw_odd": 3.31,
                "2_odd": 2.27,
                "1_odd": 2.65,
                "under_1.5_odd": 4.05,
                "over_1.5_odd": 1.2
            },
            {
                "match_id": 27532722,
                "date": "19/07/2025",
                "time": "14:00",
                "home_team": "Umea FC",
                "away_team": "Orebro SK",
                "both_score_odd": 1.55,
                "both_noscore_odd": 2.3,
                "home_handicap_-0.75_odd": 3.25,
                "away_handicap_0.75_odd": 1.29,
                "home_handicap_0.0_odd": 2.05,
                "away_handicap_0.0_odd": 1.68,
                "12_odd": 1.29,
                "X2_odd": 1.39,
                "1X_odd": 1.57,
                "over_3.0_odd": 2.1,
                "under_3.0_odd": 1.65,
                "over_2.5_odd": 1.66,
                "under_2.5_odd": 2.08,
                "home_handicap_-0.5_odd": 2.7,
                "away_handicap_0.5_odd": 1.4,
                "under_4.0_odd": 1.2,
                "over_4.0_odd": 4.05,
                "over_1.5_odd": 1.21,
                "under_1.5_odd": 3.9,
                "home_handicap_1.25_odd": 1.21,
                "away_handicap_-1.25_odd": 3.9,
                "home_handicap_0.75_odd": 1.42,
                "away_handicap_-0.75_odd": 2.65,
                "home_handicap_1.0_odd": 1.26,
                "away_handicap_-1.0_odd": 3.47,
                "home_handicap_0.5_odd": 1.58,
                "away_handicap_-0.5_odd": 2.23,
                "home_handicap_0.25_odd": 1.75,
                "away_handicap_-0.25_odd": 1.95,
                "away_handicap_0.25_odd": 1.51,
                "home_handicap_-0.25_odd": 2.39,
                "under_3.5_odd": 1.43,
                "over_3.5_odd": 2.62,
                "under_2.0_odd": 3.2,
                "over_2.0_odd": 1.3,
                "2_odd": 2.23,
                "1_odd": 2.73,
                "draw_odd": 3.29
            },
            {
                "match_id": 27532723,
                "date": "19/07/2025",
                "time": "14:00",
                "home_team": "Ostersunds FK",
                "away_team": "Falkenbergs FF",
                "both_score_odd": 1.64,
                "both_noscore_odd": 2.12,
                "home_handicap_0.0_odd": 1.74,
                "away_handicap_0.0_odd": 1.96,
                "12_odd": 1.31,
                "X2_odd": 1.52,
                "1X_odd": 1.42,
                "home_handicap_-0.75_odd": 2.8,
                "away_handicap_0.75_odd": 1.38,
                "away_handicap_0.25_odd": 1.69,
                "home_handicap_-0.25_odd": 2.04,
                "home_handicap_-1.0_odd": 3.83,
                "away_handicap_1.0_odd": 1.22,
                "away_handicap_0.5_odd": 1.53,
                "home_handicap_-0.5_odd": 2.35,
                "away_handicap_-0.75_odd": 3.25,
                "home_handicap_0.75_odd": 1.29,
                "away_handicap_-0.5_odd": 2.65,
                "home_handicap_0.5_odd": 1.42,
                "over_3.5_odd": 3.05,
                "under_3.5_odd": 1.33,
                "over_3.0_odd": 2.4,
                "under_3.0_odd": 1.5,
                "under_2.0_odd": 2.7,
                "over_2.0_odd": 1.4,
                "over_1.5_odd": 1.26,
                "under_1.5_odd": 3.47,
                "home_handicap_0.25_odd": 1.54,
                "away_handicap_-0.25_odd": 2.33,
                "over_2.5_odd": 1.82,
                "under_2.5_odd": 1.88,
                "2_odd": 2.66,
                "1_odd": 2.34,
                "draw_odd": 3.17
            },
            {
                "match_id": 27532724,
                "date": "19/07/2025",
                "time": "14:00",
                "home_team": "IK Oddevold",
                "away_team": "Orgryte IS",
                "both_score_odd": 1.53,
                "both_noscore_odd": 2.35,
                "home_handicap_0.0_odd": 1.94,
                "away_handicap_0.0_odd": 1.76,
                "12_odd": 1.29,
                "X2_odd": 1.43,
                "1X_odd": 1.52,
                "away_handicap_0.75_odd": 1.31,
                "home_handicap_-0.75_odd": 3.15,
                "away_handicap_0.5_odd": 1.45,
                "home_handicap_-0.5_odd": 2.55,
                "away_handicap_-1.25_odd": 4.05,
                "home_handicap_1.25_odd": 1.2,
                "away_handicap_-1.0_odd": 3.65,
                "home_handicap_1.0_odd": 1.24,
                "away_handicap_-0.5_odd": 2.35,
                "home_handicap_0.5_odd": 1.53,
                "under_4.0_odd": 1.21,
                "over_4.0_odd": 3.9,
                "over_3.5_odd": 2.59,
                "under_3.5_odd": 1.44,
                "over_2.5_odd": 1.64,
                "under_2.5_odd": 2.12,
                "under_2.0_odd": 3.25,
                "over_2.0_odd": 1.29,
                "home_handicap_-0.25_odd": 2.27,
                "away_handicap_0.25_odd": 1.56,
                "home_handicap_0.75_odd": 1.38,
                "away_handicap_-0.75_odd": 2.8,
                "home_handicap_0.25_odd": 1.68,
                "away_handicap_-0.25_odd": 2.05,
                "over_3.0_odd": 2.07,
                "under_3.0_odd": 1.67,
                "draw_odd": 3.3,
                "2_odd": 2.33,
                "1_odd": 2.58,
                "under_1.5_odd": 4.05,
                "over_1.5_odd": 1.2
            }
        ]
    }
]