[
    {
        "tournament_name": "Super Lig. Outright",
        "tournament_id": "20693",
        "matches": []
    },
    {
        "tournament_name": "Super Lig",
        "tournament_id": "3013",
        "matches": [
            {
                "match_id": 27557413,
                "date": "10/08/2025",
                "time": "16:00",
                "home_team": "Caykur Rizespor",
                "away_team": "Goztepe SK",
                "both_score_odd": 1.59,
                "both_noscore_odd": 2.26,
                "12_odd": 1.29,
                "X2_odd": 1.68,
                "1X_odd": 1.33,
                "home_handicap_-0.75_odd": 2.42,
                "away_handicap_0.75_odd": 1.52,
                "home_handicap_0.75_odd": 1.24,
                "away_handicap_-0.75_odd": 3.75,
                "home_handicap_-0.25_odd": 1.82,
                "away_handicap_0.25_odd": 1.92,
                "away_handicap_-0.5_odd": 3.0,
                "home_handicap_0.5_odd": 1.35,
                "away_handicap_1.25_odd": 1.27,
                "home_handicap_-1.25_odd": 3.55,
                "away_handicap_-0.25_odd": 2.7,
                "home_handicap_0.25_odd": 1.43,
                "home_handicap_1.25_odd": 1.11,
                "away_handicap_-1.25_odd": 6.0,
                "over_4.0_odd": 4.25,
                "under_4.0_odd": 1.2,
                "over_3.5_odd": 2.73,
                "under_3.5_odd": 1.42,
                "over_3.0_odd": 2.15,
                "under_3.0_odd": 1.65,
                "over_2.0_odd": 1.32,
                "under_2.0_odd": 3.15,
                "over_1.5_odd": 1.22,
                "under_1.5_odd": 4.0,
                "away_handicap_1.75_odd": 1.16,
                "home_handicap_-1.75_odd": 4.75,
                "away_handicap_1.5_odd": 1.23,
                "home_handicap_-1.5_odd": 3.85,
                "home_handicap_-1.0_odd": 3.05,
                "away_handicap_1.0_odd": 1.34,
                "home_handicap_0.0_odd": 1.56,
                "away_handicap_0.0_odd": 2.33,
                "home_handicap_-0.5_odd": 2.07,
                "away_handicap_0.5_odd": 1.7,
                "home_handicap_1.0_odd": 1.13,
                "away_handicap_-1.0_odd": 5.3,
                "under_2.5_odd": 2.08,
                "over_2.5_odd": 1.69,
                "draw_odd": 3.47,
                "2_odd": 3.13,
                "1_odd": 2.09
            },
            {
                "match_id": 27557414,
                "date": "10/08/2025",
                "time": "16:00",
                "home_team": "Gaziantep FK",
                "away_team": "Galatasaray",
                "both_score_odd": 1.74,
                "both_noscore_odd": 2.02,
                "12_odd": 1.17,
                "X2_odd": 1.14,
                "1X_odd": 2.61,
                "away_handicap_0.5_odd": 1.14,
                "home_handicap_-0.5_odd": 5.1,
                "away_handicap_-2.75_odd": 4.4,
                "home_handicap_2.75_odd": 1.18,
                "away_handicap_-2.25_odd": 3.2,
                "home_handicap_2.25_odd": 1.31,
                "away_handicap_-1.75_odd": 2.4,
                "home_handicap_1.75_odd": 1.53,
                "away_handicap_-0.75_odd": 1.52,
                "home_handicap_0.75_odd": 2.42,
                "away_handicap_-0.5_odd": 1.43,
                "home_handicap_0.5_odd": 2.7,
                "home_handicap_0.0_odd": 4.4,
                "away_handicap_0.0_odd": 1.18,
                "home_handicap_1.25_odd": 1.85,
                "away_handicap_-1.25_odd": 1.89,
                "home_handicap_2.5_odd": 1.26,
                "away_handicap_-2.5_odd": 3.6,
                "home_handicap_2.0_odd": 1.36,
                "away_handicap_-2.0_odd": 2.97,
                "home_handicap_1.0_odd": 2.15,
                "away_handicap_-1.0_odd": 1.65,
                "away_handicap_-1.5_odd": 2.1,
                "home_handicap_1.5_odd": 1.68,
                "over_4.5_odd": 3.85,
                "under_4.5_odd": 1.23,
                "over_4.0_odd": 3.3,
                "under_4.0_odd": 1.3,
                "over_3.5_odd": 2.33,
                "under_3.5_odd": 1.56,
                "over_2.5_odd": 1.53,
                "under_2.5_odd": 2.4,
                "under_2.0_odd": 4.0,
                "over_2.0_odd": 1.22,
                "away_handicap_0.25_odd": 1.16,
                "home_handicap_-0.25_odd": 4.75,
                "home_handicap_0.25_odd": 3.2,
                "away_handicap_-0.25_odd": 1.31,
                "over_3.0_odd": 1.85,
                "under_3.0_odd": 1.89,
                "draw_odd": 4.8,
                "2_odd": 1.43,
                "1_odd": 5.6
            },
            {
                "match_id": 27557415,
                "date": "10/08/2025",
                "time": "16:00",
                "home_team": "Eyupspor",
                "away_team": "Konyaspor",
                "both_score_odd": 1.65,
                "both_noscore_odd": 2.15,
                "12_odd": 1.31,
                "X2_odd": 1.56,
                "1X_odd": 1.4,
                "home_handicap_-1.75_odd": 6.0,
                "away_handicap_1.75_odd": 1.11,
                "home_handicap_-0.75_odd": 2.73,
                "away_handicap_0.75_odd": 1.42,
                "home_handicap_-1.5_odd": 4.4,
                "away_handicap_1.5_odd": 1.18,
                "home_handicap_-1.0_odd": 3.7,
                "away_handicap_1.0_odd": 1.25,
                "home_handicap_-0.5_odd": 2.28,
                "away_handicap_0.5_odd": 1.58,
                "home_handicap_0.0_odd": 1.68,
                "away_handicap_0.0_odd": 2.1,
                "home_handicap_1.25_odd": 1.13,
                "away_handicap_-1.25_odd": 5.3,
                "home_handicap_0.75_odd": 1.27,
                "away_handicap_-0.75_odd": 3.55,
                "home_handicap_1.5_odd": 1.12,
                "away_handicap_-1.5_odd": 5.55,
                "home_handicap_1.0_odd": 1.16,
                "away_handicap_-1.0_odd": 4.75,
                "home_handicap_0.5_odd": 1.4,
                "away_handicap_-0.5_odd": 2.8,
                "under_3.5_odd": 1.35,
                "over_3.5_odd": 3.0,
                "under_3.0_odd": 1.53,
                "over_3.0_odd": 2.4,
                "under_2.5_odd": 1.93,
                "over_2.5_odd": 1.81,
                "under_2.0_odd": 2.8,
                "over_2.0_odd": 1.4,
                "under_1.5_odd": 3.6,
                "over_1.5_odd": 1.26,
                "away_handicap_1.25_odd": 1.21,
                "home_handicap_-1.25_odd": 4.1,
                "away_handicap_-0.25_odd": 2.47,
                "home_handicap_0.25_odd": 1.5,
                "away_handicap_0.25_odd": 1.77,
                "home_handicap_-0.25_odd": 1.97,
                "2_odd": 2.89,
                "1_odd": 2.3,
                "draw_odd": 3.28
            },
            {
                "match_id": 27557417,
                "date": "10/08/2025",
                "time": "16:00",
                "home_team": "Kayserispor",
                "away_team": "Besiktas",
                "both_score_odd": 1.66,
                "both_noscore_odd": 2.14,
                "12_odd": 1.26,
                "X2_odd": 1.23,
                "1X_odd": 1.98,
                "home_handicap_-0.75_odd": 4.75,
                "away_handicap_0.75_odd": 1.16,
                "home_handicap_-0.25_odd": 3.4,
                "away_handicap_0.25_odd": 1.28,
                "home_handicap_-0.5_odd": 3.85,
                "away_handicap_0.5_odd": 1.23,
                "away_handicap_0.0_odd": 1.35,
                "home_handicap_0.0_odd": 3.0,
                "away_handicap_-2.25_odd": 5.3,
                "home_handicap_2.25_odd": 1.13,
                "away_handicap_-1.25_odd": 2.73,
                "home_handicap_1.25_odd": 1.42,
                "away_handicap_-0.75_odd": 1.97,
                "home_handicap_0.75_odd": 1.77,
                "away_handicap_-0.25_odd": 1.56,
                "home_handicap_0.25_odd": 2.33,
                "away_handicap_-2.0_odd": 5.1,
                "home_handicap_2.0_odd": 1.14,
                "away_handicap_-1.0_odd": 2.4,
                "home_handicap_1.0_odd": 1.53,
                "over_3.5_odd": 2.73,
                "under_3.5_odd": 1.42,
                "over_3.0_odd": 2.15,
                "under_3.0_odd": 1.65,
                "over_2.0_odd": 1.32,
                "under_2.0_odd": 3.15,
                "over_1.5_odd": 1.22,
                "under_1.5_odd": 4.0,
                "home_handicap_1.75_odd": 1.24,
                "away_handicap_-1.75_odd": 3.75,
                "home_handicap_1.5_odd": 1.34,
                "away_handicap_-1.5_odd": 3.05,
                "away_handicap_-0.5_odd": 1.76,
                "home_handicap_0.5_odd": 1.99,
                "under_2.5_odd": 2.08,
                "over_2.5_odd": 1.69,
                "2_odd": 1.76,
                "1_odd": 4.0,
                "draw_odd": 3.72,
                "over_4.0_odd": 4.25,
                "under_4.0_odd": 1.2
            },
            {
                "match_id": 27557418,
                "date": "10/08/2025",
                "time": "16:00",
                "home_team": "Trabzonspor",
                "away_team": "Kocaelispor",
                "both_noscore_odd": 1.92,
                "both_score_odd": 1.82,
                "12_odd": 1.22,
                "X2_odd": 2.31,
                "1X_odd": 1.16,
                "away_handicap_1.25_odd": 1.61,
                "home_handicap_-1.25_odd": 2.23,
                "away_handicap_0.75_odd": 2.06,
                "home_handicap_-0.75_odd": 1.71,
                "away_handicap_0.25_odd": 2.77,
                "home_handicap_-0.25_odd": 1.41,
                "away_handicap_0.0_odd": 3.75,
                "home_handicap_0.0_odd": 1.24,
                "away_handicap_-0.25_odd": 4.25,
                "home_handicap_0.25_odd": 1.2,
                "away_handicap_-0.5_odd": 4.55,
                "home_handicap_0.5_odd": 1.17,
                "over_3.5_odd": 2.85,
                "under_3.5_odd": 1.39,
                "over_3.0_odd": 2.26,
                "under_3.0_odd": 1.59,
                "over_2.0_odd": 1.36,
                "under_2.0_odd": 2.97,
                "under_1.5_odd": 3.75,
                "over_1.5_odd": 1.24,
                "home_handicap_-2.25_odd": 4.3,
                "away_handicap_2.25_odd": 1.19,
                "home_handicap_-1.75_odd": 2.97,
                "away_handicap_1.75_odd": 1.36,
                "home_handicap_-2.5_odd": 4.55,
                "away_handicap_2.5_odd": 1.17,
                "home_handicap_-2.0_odd": 4.0,
                "away_handicap_2.0_odd": 1.22,
                "home_handicap_-1.5_odd": 2.5,
                "away_handicap_1.5_odd": 1.49,
                "home_handicap_-0.5_odd": 1.56,
                "away_handicap_0.5_odd": 2.33,
                "home_handicap_-1.0_odd": 1.92,
                "away_handicap_1.0_odd": 1.82,
                "over_2.5_odd": 1.75,
                "under_2.5_odd": 2.0,
                "draw_odd": 4.1,
                "2_odd": 5.0,
                "1_odd": 1.57
            },
            {
                "match_id": 27557419,
                "date": "10/08/2025",
                "time": "16:00",
                "home_team": "Antalyaspor",
                "away_team": "Kasimpasa",
                "both_score_odd": 1.58,
                "both_noscore_odd": 2.28,
                "X2_odd": 1.5,
                "1X_odd": 1.44,
                "12_odd": 1.31,
                "away_handicap_1.25_odd": 1.18,
                "home_handicap_-1.25_odd": 4.4,
                "away_handicap_0.75_odd": 1.37,
                "home_handicap_-0.75_odd": 2.95,
                "away_handicap_1.5_odd": 1.16,
                "home_handicap_-1.5_odd": 4.75,
                "home_handicap_-1.0_odd": 4.0,
                "away_handicap_1.0_odd": 1.22,
                "away_handicap_0.5_odd": 1.51,
                "home_handicap_-0.5_odd": 2.45,
                "away_handicap_-1.25_odd": 4.75,
                "home_handicap_1.25_odd": 1.16,
                "home_handicap_0.75_odd": 1.33,
                "away_handicap_-0.75_odd": 3.1,
                "home_handicap_0.25_odd": 1.59,
                "away_handicap_-0.25_odd": 2.26,
                "home_handicap_1.0_odd": 1.19,
                "away_handicap_-1.0_odd": 4.3,
                "home_handicap_0.5_odd": 1.46,
                "away_handicap_-0.5_odd": 2.6,
                "home_handicap_-0.25_odd": 2.14,
                "away_handicap_0.25_odd": 1.66,
                "home_handicap_1.5_odd": 1.14,
                "away_handicap_-1.5_odd": 5.1,
                "away_handicap_0.0_odd": 1.92,
                "home_handicap_0.0_odd": 1.82,
                "under_3.5_odd": 1.41,
                "over_3.5_odd": 2.77,
                "under_3.0_odd": 1.61,
                "over_3.0_odd": 2.23,
                "over_2.0_odd": 1.34,
                "under_2.0_odd": 3.05,
                "over_1.5_odd": 1.23,
                "under_1.5_odd": 3.85,
                "over_2.5_odd": 1.72,
                "under_2.5_odd": 2.05,
                "draw_odd": 3.3,
                "2_odd": 2.64,
                "1_odd": 2.48
            },
            {
                "match_id": 27557420,
                "date": "10/08/2025",
                "time": "16:00",
                "home_team": "Samsunspor",
                "away_team": "Genclerbirligi SK",
                "both_score_odd": 1.81,
                "both_noscore_odd": 1.93,
                "X2_odd": 2.18,
                "1X_odd": 1.15,
                "12_odd": 1.25,
                "away_handicap_2.0_odd": 1.19,
                "home_handicap_-2.0_odd": 4.3,
                "away_handicap_1.5_odd": 1.43,
                "home_handicap_-1.5_odd": 2.7,
                "away_handicap_-0.5_odd": 4.55,
                "home_handicap_0.5_odd": 1.17,
                "over_3.5_odd": 2.97,
                "under_3.5_odd": 1.36,
                "over_3.0_odd": 2.38,
                "under_3.0_odd": 1.54,
                "over_2.0_odd": 1.39,
                "under_2.0_odd": 2.85,
                "over_1.5_odd": 1.25,
                "under_1.5_odd": 3.7,
                "home_handicap_-2.25_odd": 4.55,
                "away_handicap_2.25_odd": 1.17,
                "away_handicap_1.75_odd": 1.32,
                "home_handicap_-1.75_odd": 3.15,
                "home_handicap_-0.75_odd": 1.77,
                "away_handicap_0.75_odd": 1.97,
                "home_handicap_-0.25_odd": 1.42,
                "away_handicap_0.25_odd": 2.73,
                "home_handicap_-2.5_odd": 4.9,
                "away_handicap_2.5_odd": 1.15,
                "home_handicap_-1.0_odd": 2.05,
                "away_handicap_1.0_odd": 1.72,
                "home_handicap_-0.5_odd": 1.59,
                "away_handicap_0.5_odd": 2.26,
                "home_handicap_0.0_odd": 1.24,
                "away_handicap_0.0_odd": 3.75,
                "away_handicap_-0.25_odd": 4.25,
                "home_handicap_0.25_odd": 1.2,
                "home_handicap_-1.25_odd": 2.38,
                "away_handicap_1.25_odd": 1.54,
                "under_2.5_odd": 1.94,
                "over_2.5_odd": 1.8,
                "2_odd": 5.0,
                "1_odd": 1.6,
                "draw_odd": 3.8
            },
            {
                "match_id": 27557423,
                "date": "10/08/2025",
                "time": "16:00",
                "home_team": "Fatih Karagumruk SK",
                "away_team": "Istanbul Basaksehir",
                "both_score_odd": 1.67,
                "both_noscore_odd": 2.12,
                "12_odd": 1.27,
                "X2_odd": 1.29,
                "1X_odd": 1.81,
                "away_handicap_0.75_odd": 1.21,
                "home_handicap_-0.75_odd": 4.1,
                "home_handicap_-0.25_odd": 2.95,
                "away_handicap_0.25_odd": 1.37,
                "away_handicap_-0.25_odd": 1.69,
                "home_handicap_0.25_odd": 2.08,
                "home_handicap_1.5_odd": 1.28,
                "away_handicap_-1.5_odd": 3.4,
                "home_handicap_1.0_odd": 1.43,
                "away_handicap_-1.0_odd": 2.7,
                "home_handicap_0.5_odd": 1.82,
                "away_handicap_-0.5_odd": 1.92,
                "over_3.5_odd": 2.85,
                "under_3.5_odd": 1.39,
                "over_3.0_odd": 2.26,
                "under_3.0_odd": 1.59,
                "over_2.0_odd": 1.36,
                "under_2.0_odd": 2.97,
                "over_1.5_odd": 1.24,
                "under_1.5_odd": 3.75,
                "home_handicap_-0.5_odd": 3.3,
                "away_handicap_0.5_odd": 1.3,
                "away_handicap_0.0_odd": 1.47,
                "home_handicap_0.0_odd": 2.57,
                "home_handicap_1.75_odd": 1.2,
                "away_handicap_-1.75_odd": 4.25,
                "away_handicap_-1.25_odd": 3.05,
                "home_handicap_1.25_odd": 1.34,
                "away_handicap_-0.75_odd": 2.18,
                "home_handicap_0.75_odd": 1.63,
                "under_2.5_odd": 2.02,
                "over_2.5_odd": 1.74,
                "2_odd": 1.92,
                "1_odd": 3.45,
                "draw_odd": 3.65
            },
            {
                "match_id": 27557433,
                "date": "10/08/2025",
                "time": "16:00",
                "home_team": "Fenerbahce",
                "away_team": "Alanyaspor",
                "both_score_odd": 1.81,
                "both_noscore_odd": 1.93,
                "X2_odd": 3.34,
                "1X_odd": 1.085,
                "12_odd": 1.14,
                "away_handicap_3.25_odd": 1.14,
                "home_handicap_-3.25_odd": 5.1,
                "away_handicap_2.75_odd": 1.25,
                "home_handicap_-2.75_odd": 3.7,
                "away_handicap_2.25_odd": 1.42,
                "home_handicap_-2.25_odd": 2.73,
                "home_handicap_-1.25_odd": 1.64,
                "away_handicap_1.25_odd": 2.17,
                "away_handicap_0.75_odd": 2.97,
                "home_handicap_-0.75_odd": 1.36,
                "home_handicap_-0.25_odd": 1.2,
                "away_handicap_0.25_odd": 4.25,
                "home_handicap_-3.5_odd": 5.3,
                "away_handicap_3.5_odd": 1.13,
                "home_handicap_-3.0_odd": 4.75,
                "away_handicap_3.0_odd": 1.16,
                "home_handicap_-2.5_odd": 3.0,
                "away_handicap_2.5_odd": 1.35,
                "home_handicap_-2.0_odd": 2.42,
                "away_handicap_2.0_odd": 1.52,
                "away_handicap_1.5_odd": 1.89,
                "home_handicap_-1.5_odd": 1.85,
                "home_handicap_-1.0_odd": 1.44,
                "away_handicap_1.0_odd": 2.65,
                "home_handicap_-0.5_odd": 1.3,
                "away_handicap_0.5_odd": 3.3,
                "over_4.5_odd": 3.6,
                "under_4.5_odd": 1.26,
                "over_4.0_odd": 3.0,
                "under_4.0_odd": 1.35,
                "over_3.0_odd": 1.73,
                "under_3.0_odd": 2.03,
                "over_2.5_odd": 1.47,
                "under_2.5_odd": 2.57,
                "away_handicap_1.75_odd": 1.72,
                "home_handicap_-1.75_odd": 2.05,
                "under_3.5_odd": 1.64,
                "over_3.5_odd": 2.17,
                "2_odd": 7.6,
                "1_odd": 1.3,
                "draw_odd": 5.4
            }
        ]
    }
]