[
    {
        "tournament_name": "VBET Premier League. Outright",
        "tournament_id": "21652",
        "matches": []
    },
    {
        "tournament_name": "VBET Premier League",
        "tournament_id": "3020",
        "matches": [
            {
                "match_id": 27571746,
                "date": "02/08/2025",
                "time": "13:30",
                "home_team": "FC Veres Rivne",
                "away_team": "Dynamo Kyiv",
                "both_noscore_odd": 1.65,
                "both_score_odd": 2.1,
                "away_handicap_-0.5_odd": 1.3,
                "home_handicap_0.5_odd": 3.2,
                "X2_odd": 1.07,
                "1X_odd": 3.29,
                "12_odd": 1.17,
                "under_2.5_odd": 2.04,
                "over_2.5_odd": 1.69,
                "home_handicap_2.75_odd": 1.21,
                "away_handicap_-2.75_odd": 3.9,
                "home_handicap_2.25_odd": 1.35,
                "away_handicap_-2.25_odd": 2.95,
                "home_handicap_1.75_odd": 1.62,
                "away_handicap_-1.75_odd": 2.15,
                "home_handicap_1.25_odd": 2.04,
                "away_handicap_-1.25_odd": 1.69,
                "away_handicap_-0.75_odd": 1.37,
                "home_handicap_0.75_odd": 2.85,
                "away_handicap_-2.5_odd": 3.25,
                "home_handicap_2.5_odd": 1.29,
                "away_handicap_-2.0_odd": 2.62,
                "home_handicap_2.0_odd": 1.43,
                "away_handicap_-1.0_odd": 1.47,
                "home_handicap_1.0_odd": 2.5,
                "away_handicap_-1.5_odd": 1.89,
                "home_handicap_1.5_odd": 1.81,
                "over_3.5_odd": 2.7,
                "under_3.5_odd": 1.4,
                "over_3.0_odd": 2.17,
                "under_3.0_odd": 1.61,
                "over_2.0_odd": 1.32,
                "under_2.0_odd": 3.1,
                "over_1.5_odd": 1.22,
                "under_1.5_odd": 3.83,
                "draw_odd": 4.5,
                "2_odd": 1.28,
                "1_odd": 8.5
            },
            {
                "match_id": 27571747,
                "date": "11/08/2025",
                "time": "16:00",
                "home_team": "Karpaty Lviv",
                "away_team": "Shakhtar Donetsk",
                "both_noscore_odd": 1.76,
                "both_score_odd": 1.94,
                "home_handicap_0.75_odd": 2.23,
                "away_handicap_-0.75_odd": 1.58,
                "home_handicap_0.25_odd": 3.15,
                "away_handicap_-0.25_odd": 1.31,
                "away_handicap_-0.5_odd": 1.47,
                "home_handicap_0.5_odd": 2.5,
                "12_odd": 1.22,
                "X2_odd": 1.12,
                "1X_odd": 2.47,
                "home_handicap_1.5_odd": 1.54,
                "away_handicap_-1.5_odd": 2.33,
                "over_3.5_odd": 3.0,
                "under_3.5_odd": 1.34,
                "under_3.0_odd": 1.51,
                "over_3.0_odd": 2.39,
                "under_2.0_odd": 2.75,
                "over_2.0_odd": 1.39,
                "over_1.5_odd": 1.26,
                "under_1.5_odd": 3.47,
                "home_handicap_2.25_odd": 1.22,
                "away_handicap_-2.25_odd": 3.83,
                "home_handicap_2.0_odd": 1.26,
                "away_handicap_-2.0_odd": 3.47,
                "over_2.5_odd": 1.8,
                "under_2.5_odd": 1.9,
                "away_handicap_-1.75_odd": 2.7,
                "home_handicap_1.75_odd": 1.4,
                "away_handicap_-1.25_odd": 2.05,
                "home_handicap_1.25_odd": 1.68,
                "away_handicap_-1.0_odd": 1.74,
                "home_handicap_1.0_odd": 1.96,
                "draw_odd": 3.85,
                "2_odd": 1.44,
                "1_odd": 6.0
            },
            {
                "match_id": 27571748,
                "date": "11/08/2025",
                "time": "16:00",
                "home_team": "FC LNZ Cherkasy",
                "away_team": "Epicentr Kamianets-Podilskyi",
                "both_noscore_odd": 1.8,
                "both_score_odd": 1.9,
                "home_handicap_-0.75_odd": 1.79,
                "away_handicap_0.75_odd": 1.91,
                "away_handicap_0.25_odd": 2.62,
                "home_handicap_-0.25_odd": 1.43,
                "home_handicap_-0.5_odd": 1.61,
                "away_handicap_0.5_odd": 2.17,
                "home_handicap_0.25_odd": 1.2,
                "away_handicap_-0.25_odd": 4.05,
                "12_odd": 1.26,
                "X2_odd": 2.14,
                "1X_odd": 1.16,
                "over_3.0_odd": 2.62,
                "under_3.0_odd": 1.43,
                "over_2.0_odd": 1.46,
                "under_2.0_odd": 2.52,
                "over_1.5_odd": 1.29,
                "under_1.5_odd": 3.25,
                "under_3.5_odd": 1.29,
                "over_3.5_odd": 3.25,
                "home_handicap_-1.75_odd": 3.25,
                "away_handicap_1.75_odd": 1.29,
                "away_handicap_1.25_odd": 1.5,
                "home_handicap_-1.25_odd": 2.4,
                "away_handicap_1.5_odd": 1.4,
                "home_handicap_-1.5_odd": 2.7,
                "away_handicap_0.0_odd": 3.65,
                "home_handicap_0.0_odd": 1.24,
                "2_odd": 4.8,
                "1_odd": 1.59,
                "draw_odd": 3.53,
                "away_handicap_1.0_odd": 1.69,
                "home_handicap_-1.0_odd": 2.04,
                "under_2.5_odd": 1.8,
                "over_2.5_odd": 1.9
            },
            {
                "match_id": 27571749,
                "date": "01/08/2025",
                "time": "16:00",
                "home_team": "FC Rukh Lviv",
                "away_team": "SC Poltava",
                "both_score_odd": 2.17,
                "both_noscore_odd": 1.61,
                "away_handicap_0.5_odd": 1.9,
                "home_handicap_-0.5_odd": 1.8,
                "X2_odd": 1.89,
                "1X_odd": 1.18,
                "12_odd": 1.32,
                "home_handicap_-1.0_odd": 2.68,
                "away_handicap_1.0_odd": 1.41,
                "under_3.0_odd": 1.23,
                "over_3.0_odd": 3.75,
                "over_2.5_odd": 2.39,
                "under_2.5_odd": 1.51,
                "over_1.5_odd": 1.46,
                "under_1.5_odd": 2.52,
                "home_handicap_-1.25_odd": 3.1,
                "away_handicap_1.25_odd": 1.32,
                "home_handicap_-0.25_odd": 1.56,
                "away_handicap_0.25_odd": 2.27,
                "home_handicap_-1.5_odd": 3.47,
                "away_handicap_1.5_odd": 1.26,
                "home_handicap_0.25_odd": 1.24,
                "away_handicap_-0.25_odd": 3.65,
                "home_handicap_0.0_odd": 1.32,
                "away_handicap_0.0_odd": 3.1,
                "draw_odd": 3.07,
                "2_odd": 4.3,
                "1_odd": 1.78,
                "under_2.0_odd": 1.89,
                "over_2.0_odd": 1.81,
                "away_handicap_0.75_odd": 1.66,
                "home_handicap_-0.75_odd": 2.08,
                "home_handicap_0.5_odd": 1.2,
                "away_handicap_-0.5_odd": 4.05
            },
            {
                "match_id": 27571750,
                "date": "11/08/2025",
                "time": "16:00",
                "home_team": "FC Obolon Kyiv",
                "away_team": "FC Oleksandriya",
                "both_score_odd": 2.07,
                "both_noscore_odd": 1.67,
                "home_handicap_-0.25_odd": 2.85,
                "away_handicap_0.25_odd": 1.37,
                "away_handicap_0.5_odd": 1.29,
                "home_handicap_-0.5_odd": 3.25,
                "home_handicap_0.75_odd": 1.49,
                "away_handicap_-0.75_odd": 2.44,
                "home_handicap_0.25_odd": 1.92,
                "away_handicap_-0.25_odd": 1.78,
                "home_handicap_0.5_odd": 1.68,
                "away_handicap_-0.5_odd": 2.05,
                "12_odd": 1.34,
                "X2_odd": 1.27,
                "1X_odd": 1.67,
                "home_handicap_1.25_odd": 1.24,
                "away_handicap_-1.25_odd": 3.65,
                "away_handicap_-1.5_odd": 4.05,
                "home_handicap_1.5_odd": 1.2,
                "away_handicap_-1.0_odd": 3.25,
                "home_handicap_1.0_odd": 1.29,
                "home_handicap_0.0_odd": 2.45,
                "away_handicap_0.0_odd": 1.48,
                "over_2.5_odd": 2.39,
                "under_2.5_odd": 1.51,
                "under_1.5_odd": 2.52,
                "over_1.5_odd": 1.46,
                "under_3.0_odd": 1.23,
                "over_3.0_odd": 3.75,
                "under_2.0_odd": 1.9,
                "over_2.0_odd": 1.8,
                "2_odd": 2.04,
                "1_odd": 3.36,
                "draw_odd": 3.0
            },
            {
                "match_id": 27571751,
                "date": "01/08/2025",
                "time": "13:30",
                "home_team": "FC Kolos Kovalivka",
                "away_team": "Kryvbas Kryvyi Rih",
                "both_noscore_odd": 1.58,
                "both_score_odd": 2.23,
                "home_handicap_-0.5_odd": 2.39,
                "away_handicap_0.5_odd": 1.51,
                "away_handicap_-0.5_odd": 2.85,
                "home_handicap_0.5_odd": 1.37,
                "X2_odd": 1.5,
                "1X_odd": 1.35,
                "12_odd": 1.38,
                "over_2.5_odd": 2.7,
                "under_2.5_odd": 1.4,
                "over_1.5_odd": 1.57,
                "under_1.5_odd": 2.25,
                "over_2.0_odd": 2.04,
                "under_2.0_odd": 1.69,
                "away_handicap_0.75_odd": 1.35,
                "home_handicap_-0.75_odd": 2.95,
                "away_handicap_0.25_odd": 1.69,
                "home_handicap_-0.25_odd": 2.04,
                "away_handicap_-0.75_odd": 3.65,
                "home_handicap_0.75_odd": 1.24,
                "away_handicap_-0.25_odd": 2.45,
                "home_handicap_0.25_odd": 1.48,
                "2_odd": 2.9,
                "1_odd": 2.38,
                "draw_odd": 2.82,
                "home_handicap_0.0_odd": 1.69,
                "away_handicap_0.0_odd": 2.04
            },
            {
                "match_id": 27571752,
                "date": "11/08/2025",
                "time": "16:00",
                "home_team": "FC Polissya Zhytomyr",
                "away_team": "FC Kolos Kovalivka",
                "both_score_odd": 2.33,
                "both_noscore_odd": 1.54,
                "away_handicap_0.75_odd": 1.72,
                "home_handicap_-0.75_odd": 2.0,
                "away_handicap_0.25_odd": 2.39,
                "home_handicap_-0.25_odd": 1.51,
                "home_handicap_-0.5_odd": 1.74,
                "away_handicap_0.5_odd": 1.96,
                "away_handicap_-0.25_odd": 3.9,
                "home_handicap_0.25_odd": 1.21,
                "12_odd": 1.32,
                "X2_odd": 1.94,
                "1X_odd": 1.17,
                "under_1.5_odd": 2.39,
                "over_1.5_odd": 1.51,
                "under_3.0_odd": 1.2,
                "over_3.0_odd": 4.05,
                "under_2.5_odd": 1.46,
                "over_2.5_odd": 2.52,
                "away_handicap_1.25_odd": 1.36,
                "home_handicap_-1.25_odd": 2.87,
                "away_handicap_1.5_odd": 1.29,
                "home_handicap_-1.5_odd": 3.25,
                "home_handicap_0.0_odd": 1.28,
                "away_handicap_0.0_odd": 3.3,
                "under_2.0_odd": 1.8,
                "over_2.0_odd": 1.9,
                "away_handicap_1.0_odd": 1.5,
                "home_handicap_-1.0_odd": 2.4,
                "draw_odd": 3.07,
                "2_odd": 4.7,
                "1_odd": 1.72
            },
            {
                "match_id": 27571753,
                "date": "03/08/2025",
                "time": "13:30",
                "home_team": "Epicentr Kamianets-Podilskyi",
                "away_team": "Shakhtar Donetsk",
                "both_noscore_odd": 1.64,
                "both_score_odd": 2.12,
                "12_odd": 1.11,
                "X2_odd": 1.04,
                "1X_odd": 4.5,
                "home_handicap_1.25_odd": 2.7,
                "away_handicap_-1.25_odd": 1.4,
                "home_handicap_3.0_odd": 1.27,
                "away_handicap_-3.0_odd": 3.4,
                "over_3.5_odd": 2.15,
                "under_3.5_odd": 1.62,
                "away_handicap_-3.25_odd": 3.75,
                "home_handicap_3.25_odd": 1.23,
                "away_handicap_-2.25_odd": 2.13,
                "home_handicap_2.25_odd": 1.63,
                "away_handicap_-1.75_odd": 1.68,
                "home_handicap_1.75_odd": 2.05,
                "home_handicap_1.5_odd": 2.3,
                "away_handicap_-1.5_odd": 1.55,
                "over_4.5_odd": 3.57,
                "under_4.5_odd": 1.25,
                "over_4.0_odd": 3.0,
                "under_4.0_odd": 1.34,
                "over_3.0_odd": 1.71,
                "under_3.0_odd": 2.01,
                "over_2.5_odd": 1.46,
                "under_2.5_odd": 2.52,
                "home_handicap_2.75_odd": 1.39,
                "away_handicap_-2.75_odd": 2.75,
                "home_handicap_3.5_odd": 1.2,
                "away_handicap_-3.5_odd": 4.05,
                "home_handicap_1.0_odd": 3.57,
                "away_handicap_-1.0_odd": 1.25,
                "away_handicap_-0.75_odd": 1.21,
                "home_handicap_0.75_odd": 3.9,
                "away_handicap_-2.5_odd": 2.37,
                "home_handicap_2.5_odd": 1.52,
                "2_odd": 1.16,
                "draw_odd": 5.8,
                "1_odd": 12.0,
                "away_handicap_-2.0_odd": 1.88,
                "home_handicap_2.0_odd": 1.82
            },
            {
                "match_id": 27571754,
                "date": "11/08/2025",
                "time": "16:00",
                "home_team": "Kryvbas Kryvyi Rih",
                "away_team": "Metalist 1925 Kharkiv",
                "both_noscore_odd": 1.75,
                "both_score_odd": 1.95,
                "home_handicap_-0.75_odd": 2.95,
                "away_handicap_0.75_odd": 1.35,
                "home_handicap_-0.25_odd": 2.1,
                "away_handicap_0.25_odd": 1.65,
                "away_handicap_0.5_odd": 1.5,
                "home_handicap_-0.5_odd": 2.4,
                "away_handicap_-0.75_odd": 3.25,
                "home_handicap_0.75_odd": 1.29,
                "away_handicap_-0.25_odd": 2.3,
                "home_handicap_0.25_odd": 1.55,
                "away_handicap_-0.5_odd": 2.62,
                "home_handicap_0.5_odd": 1.43,
                "X2_odd": 1.5,
                "1X_odd": 1.42,
                "12_odd": 1.33,
                "away_handicap_1.0_odd": 1.19,
                "home_handicap_-1.0_odd": 4.15,
                "under_2.0_odd": 2.02,
                "over_2.0_odd": 1.7,
                "under_3.0_odd": 1.27,
                "over_3.0_odd": 3.4,
                "under_1.5_odd": 2.68,
                "over_1.5_odd": 1.41,
                "2_odd": 2.63,
                "draw_odd": 3.09,
                "1_odd": 2.41,
                "home_handicap_0.0_odd": 1.77,
                "away_handicap_0.0_odd": 1.93,
                "over_2.5_odd": 2.25,
                "under_2.5_odd": 1.57
            },
            {
                "match_id": 27571755,
                "date": "03/08/2025",
                "time": "11:00",
                "home_team": "FK Kudrivka",
                "away_team": "FC Oleksandriya",
                "both_score_odd": 2.35,
                "both_noscore_odd": 1.53,
                "away_handicap_-0.5_odd": 1.68,
                "home_handicap_0.5_odd": 2.05,
                "X2_odd": 1.14,
                "12_odd": 1.3,
                "1X_odd": 2.06,
                "over_1.5_odd": 1.49,
                "under_1.5_odd": 2.44,
                "home_handicap_1.5_odd": 1.31,
                "away_handicap_-1.5_odd": 3.15,
                "over_3.0_odd": 3.9,
                "under_3.0_odd": 1.21,
                "over_2.5_odd": 2.5,
                "under_2.5_odd": 1.47,
                "over_2.0_odd": 1.87,
                "under_2.0_odd": 1.83,
                "home_handicap_1.25_odd": 1.4,
                "away_handicap_-1.25_odd": 2.7,
                "away_handicap_0.0_odd": 1.24,
                "home_handicap_0.0_odd": 3.65,
                "away_handicap_-1.75_odd": 3.9,
                "home_handicap_1.75_odd": 1.21,
                "away_handicap_-0.25_odd": 1.47,
                "home_handicap_0.25_odd": 2.5,
                "away_handicap_-1.0_odd": 2.35,
                "home_handicap_1.0_odd": 1.53,
                "away_handicap_0.25_odd": 1.19,
                "home_handicap_-0.25_odd": 4.15,
                "draw_odd": 3.18,
                "2_odd": 1.66,
                "1_odd": 5.0,
                "away_handicap_-0.75_odd": 1.92,
                "home_handicap_0.75_odd": 1.78
            },
            {
                "match_id": 27571756,
                "date": "02/08/2025",
                "time": "16:00",
                "home_team": "Zorya Luhansk",
                "away_team": "FC LNZ Cherkasy",
                "both_score_odd": 1.8,
                "both_noscore_odd": 1.9,
                "away_handicap_0.5_odd": 1.5,
                "home_handicap_-0.5_odd": 2.4,
                "away_handicap_-0.5_odd": 2.62,
                "home_handicap_0.5_odd": 1.43,
                "X2_odd": 1.48,
                "1X_odd": 1.42,
                "12_odd": 1.33,
                "over_1.5_odd": 1.34,
                "under_1.5_odd": 3.0,
                "home_handicap_-1.0_odd": 4.05,
                "away_handicap_1.0_odd": 1.2,
                "under_3.0_odd": 1.35,
                "over_3.0_odd": 2.95,
                "under_2.0_odd": 2.3,
                "over_2.0_odd": 1.55,
                "over_3.5_odd": 3.57,
                "under_3.5_odd": 1.25,
                "over_2.5_odd": 2.04,
                "under_2.5_odd": 1.69,
                "away_handicap_0.75_odd": 1.35,
                "home_handicap_-0.75_odd": 2.95,
                "away_handicap_0.25_odd": 1.65,
                "home_handicap_-0.25_odd": 2.1,
                "away_handicap_-0.75_odd": 3.25,
                "home_handicap_0.75_odd": 1.29,
                "away_handicap_0.0_odd": 1.93,
                "home_handicap_0.0_odd": 1.77,
                "home_handicap_0.25_odd": 1.56,
                "away_handicap_-0.25_odd": 2.27,
                "draw_odd": 3.08,
                "2_odd": 2.62,
                "1_odd": 2.42
            },
            {
                "match_id": 27571757,
                "date": "11/08/2025",
                "time": "16:00",
                "home_team": "Zorya Luhansk",
                "away_team": "FK Kudrivka",
                "both_noscore_odd": 1.65,
                "both_score_odd": 2.1,
                "home_handicap_-0.75_odd": 1.59,
                "away_handicap_0.75_odd": 2.21,
                "home_handicap_-0.25_odd": 1.31,
                "away_handicap_0.25_odd": 3.15,
                "away_handicap_0.5_odd": 2.5,
                "home_handicap_-0.5_odd": 1.47,
                "X2_odd": 2.47,
                "1X_odd": 1.12,
                "12_odd": 1.22,
                "home_handicap_-1.5_odd": 2.37,
                "away_handicap_1.5_odd": 1.52,
                "home_handicap_-2.0_odd": 3.75,
                "away_handicap_2.0_odd": 1.23,
                "over_2.0_odd": 1.48,
                "under_2.0_odd": 2.45,
                "away_handicap_2.25_odd": 1.2,
                "home_handicap_-2.25_odd": 4.05,
                "away_handicap_1.25_odd": 1.66,
                "home_handicap_-1.25_odd": 2.08,
                "home_handicap_-1.0_odd": 1.8,
                "away_handicap_1.0_odd": 1.9,
                "under_3.0_odd": 1.4,
                "over_3.0_odd": 2.7,
                "under_1.5_odd": 3.15,
                "over_1.5_odd": 1.31,
                "away_handicap_1.75_odd": 1.38,
                "home_handicap_-1.75_odd": 2.8,
                "under_3.5_odd": 1.28,
                "over_3.5_odd": 3.3,
                "under_2.5_odd": 1.76,
                "over_2.5_odd": 1.94,
                "draw_odd": 3.85,
                "2_odd": 6.0,
                "1_odd": 1.44
            },
            {
                "match_id": 27571758,
                "date": "03/08/2025",
                "time": "16:00",
                "home_team": "Karpaty Lviv",
                "away_team": "FC Polissya Zhytomyr",
                "both_score_odd": 1.84,
                "both_noscore_odd": 1.86,
                "home_handicap_-0.5_odd": 2.85,
                "away_handicap_0.5_odd": 1.37,
                "away_handicap_-0.5_odd": 2.27,
                "home_handicap_0.5_odd": 1.56,
                "12_odd": 1.34,
                "X2_odd": 1.35,
                "1X_odd": 1.55,
                "over_1.5_odd": 1.36,
                "under_1.5_odd": 2.87,
                "over_2.0_odd": 1.59,
                "under_2.0_odd": 2.21,
                "home_handicap_-0.75_odd": 3.65,
                "away_handicap_0.75_odd": 1.24,
                "home_handicap_0.75_odd": 1.4,
                "away_handicap_-0.75_odd": 2.7,
                "home_handicap_0.25_odd": 1.75,
                "away_handicap_-0.25_odd": 1.95,
                "away_handicap_-1.0_odd": 3.75,
                "home_handicap_1.0_odd": 1.23,
                "away_handicap_0.0_odd": 1.64,
                "home_handicap_0.0_odd": 2.12,
                "under_3.5_odd": 1.23,
                "over_3.5_odd": 3.75,
                "over_2.5_odd": 2.1,
                "under_2.5_odd": 1.65,
                "over_3.0_odd": 3.1,
                "under_3.0_odd": 1.32,
                "home_handicap_-0.25_odd": 2.5,
                "away_handicap_0.25_odd": 1.47,
                "2_odd": 2.25,
                "1_odd": 2.9,
                "draw_odd": 3.02
            },
            {
                "match_id": 27571759,
                "date": "11/08/2025",
                "time": "16:00",
                "home_team": "FC Rukh Lviv",
                "away_team": "Dynamo Kyiv",
                "both_noscore_odd": 1.48,
                "both_score_odd": 2.45,
                "away_handicap_-0.75_odd": 1.34,
                "home_handicap_0.75_odd": 3.0,
                "away_handicap_-0.5_odd": 1.28,
                "home_handicap_0.5_odd": 3.3,
                "12_odd": 1.16,
                "X2_odd": 1.06,
                "1X_odd": 3.33,
                "under_1.5_odd": 3.4,
                "over_1.5_odd": 1.27,
                "away_handicap_-1.0_odd": 1.43,
                "home_handicap_1.0_odd": 2.62,
                "under_3.0_odd": 1.47,
                "over_3.0_odd": 2.5,
                "under_3.5_odd": 1.32,
                "over_3.5_odd": 3.1,
                "away_handicap_-2.75_odd": 3.9,
                "home_handicap_2.75_odd": 1.21,
                "under_2.0_odd": 2.65,
                "over_2.0_odd": 1.42,
                "home_handicap_1.75_odd": 1.65,
                "away_handicap_-1.75_odd": 2.1,
                "under_2.5_odd": 1.85,
                "over_2.5_odd": 1.85,
                "away_handicap_-2.25_odd": 2.85,
                "home_handicap_2.25_odd": 1.37,
                "away_handicap_-1.25_odd": 1.64,
                "home_handicap_1.25_odd": 2.12,
                "home_handicap_2.5_odd": 1.3,
                "away_handicap_-2.5_odd": 3.2,
                "away_handicap_-2.0_odd": 2.52,
                "home_handicap_2.0_odd": 1.46,
                "draw_odd": 4.6,
                "2_odd": 1.26,
                "1_odd": 9.2,
                "away_handicap_-1.5_odd": 1.85,
                "home_handicap_1.5_odd": 1.85
            },
            {
                "match_id": 27571760,
                "date": "11/08/2025",
                "time": "16:00",
                "home_team": "SC Poltava",
                "away_team": "FC Veres Rivne",
                "both_noscore_odd": 1.83,
                "both_score_odd": 1.87,
                "away_handicap_0.75_odd": 1.23,
                "home_handicap_-0.75_odd": 3.75,
                "away_handicap_0.25_odd": 1.46,
                "home_handicap_-0.25_odd": 2.52,
                "away_handicap_0.5_odd": 1.35,
                "home_handicap_-0.5_odd": 2.95,
                "home_handicap_0.75_odd": 1.41,
                "away_handicap_-0.75_odd": 2.68,
                "home_handicap_0.25_odd": 1.77,
                "away_handicap_-0.25_odd": 1.93,
                "home_handicap_0.5_odd": 1.57,
                "away_handicap_-0.5_odd": 2.25,
                "X2_odd": 1.35,
                "1X_odd": 1.56,
                "12_odd": 1.34,
                "under_2.5_odd": 1.62,
                "over_2.5_odd": 2.15,
                "away_handicap_-1.25_odd": 4.05,
                "home_handicap_1.25_odd": 1.2,
                "under_3.5_odd": 1.22,
                "over_3.5_odd": 3.83,
                "over_3.0_odd": 3.15,
                "under_3.0_odd": 1.31,
                "over_2.0_odd": 1.62,
                "under_2.0_odd": 2.15,
                "over_1.5_odd": 1.38,
                "under_1.5_odd": 2.8,
                "home_handicap_1.0_odd": 1.24,
                "away_handicap_-1.0_odd": 3.65,
                "draw_odd": 3.0,
                "2_odd": 2.23,
                "1_odd": 2.96,
                "away_handicap_0.0_odd": 1.61,
                "home_handicap_0.0_odd": 2.17
            },
            {
                "match_id": 27571761,
                "date": "04/08/2025",
                "time": "16:00",
                "home_team": "Metalist 1925 Kharkiv",
                "away_team": "FC Obolon Kyiv",
                "both_noscore_odd": 1.75,
                "both_score_odd": 1.95,
                "home_handicap_-0.5_odd": 1.67,
                "away_handicap_0.5_odd": 2.07,
                "12_odd": 1.27,
                "X2_odd": 2.04,
                "1X_odd": 1.18,
                "under_2.5_odd": 1.71,
                "over_2.5_odd": 2.01,
                "away_handicap_1.5_odd": 1.34,
                "home_handicap_-1.5_odd": 3.0,
                "under_2.0_odd": 2.35,
                "over_2.0_odd": 1.53,
                "under_1.5_odd": 3.05,
                "over_1.5_odd": 1.33,
                "under_3.5_odd": 1.25,
                "over_3.5_odd": 3.57,
                "under_3.0_odd": 1.36,
                "over_3.0_odd": 2.87,
                "away_handicap_1.75_odd": 1.24,
                "home_handicap_-1.75_odd": 3.65,
                "home_handicap_-1.25_odd": 2.62,
                "away_handicap_1.25_odd": 1.43,
                "home_handicap_-0.25_odd": 1.48,
                "away_handicap_0.25_odd": 2.45,
                "home_handicap_-1.0_odd": 2.27,
                "away_handicap_1.0_odd": 1.56,
                "home_handicap_0.25_odd": 1.22,
                "away_handicap_-0.25_odd": 3.83,
                "home_handicap_0.0_odd": 1.28,
                "away_handicap_0.0_odd": 3.3,
                "draw_odd": 3.45,
                "2_odd": 4.5,
                "1_odd": 1.65,
                "away_handicap_0.75_odd": 1.8,
                "home_handicap_-0.75_odd": 1.9
            }
        ]
    }
]