[
    {
        "tournament_name": "MLS Cup. Outright",
        "tournament_id": "23690",
        "matches": []
    },
    {
        "tournament_name": "MLS",
        "tournament_id": "3025",
        "matches": [
            {
                "match_id": 27513730,
                "date": "17/07/2025",
                "time": "00:30",
                "home_team": "Philadelphia Union",
                "away_team": "Montreal Impact",
                "both_noscore_odd": 2.06,
                "both_score_odd": 1.71,
                "away_handicap_2.75_odd": 1.15,
                "home_handicap_-2.75_odd": 4.9,
                "away_handicap_-0.25_odd": 5.1,
                "home_handicap_0.25_odd": 1.14,
                "away_handicap_-0.5_odd": 5.55,
                "home_handicap_0.5_odd": 1.12,
                "X2_odd": 2.68,
                "1X_odd": 1.11,
                "12_odd": 1.2,
                "under_4.5_odd": 1.2,
                "over_4.5_odd": 4.25,
                "away_handicap_1.5_odd": 1.59,
                "home_handicap_-1.5_odd": 2.26,
                "away_handicap_2.0_odd": 1.3,
                "home_handicap_-2.0_odd": 3.3,
                "under_4.0_odd": 1.27,
                "over_4.0_odd": 3.55,
                "under_3.5_odd": 1.53,
                "over_3.5_odd": 2.4,
                "under_2.5_odd": 2.3,
                "over_2.5_odd": 1.57,
                "under_2.0_odd": 3.7,
                "over_2.0_odd": 1.25,
                "away_handicap_2.25_odd": 1.25,
                "home_handicap_-2.25_odd": 3.7,
                "away_handicap_1.75_odd": 1.44,
                "home_handicap_-1.75_odd": 2.65,
                "away_handicap_0.75_odd": 2.35,
                "home_handicap_-0.75_odd": 1.55,
                "away_handicap_0.25_odd": 3.3,
                "home_handicap_-0.25_odd": 1.3,
                "away_handicap_2.5_odd": 1.23,
                "home_handicap_-2.5_odd": 3.85,
                "away_handicap_1.0_odd": 2.05,
                "home_handicap_-1.0_odd": 1.72,
                "away_handicap_0.5_odd": 2.65,
                "home_handicap_-0.5_odd": 1.44,
                "away_handicap_0.0_odd": 4.55,
                "home_handicap_0.0_odd": 1.17,
                "2_odd": 6.3,
                "1_odd": 1.43,
                "draw_odd": 4.4,
                "over_3.0_odd": 1.91,
                "under_3.0_odd": 1.83,
                "away_handicap_1.25_odd": 1.75,
                "home_handicap_-1.25_odd": 2.0
            },
            {
                "match_id": 27513731,
                "date": "17/07/2025",
                "time": "00:30",
                "home_team": "Orlando City SC",
                "away_team": "New York City FC",
                "both_noscore_odd": 2.26,
                "both_score_odd": 1.59,
                "home_handicap_-2.25_odd": 4.75,
                "away_handicap_2.25_odd": 1.16,
                "home_handicap_-1.75_odd": 3.4,
                "away_handicap_1.75_odd": 1.28,
                "home_handicap_0.75_odd": 1.13,
                "away_handicap_-0.75_odd": 5.3,
                "12_odd": 1.25,
                "X2_odd": 2.13,
                "1X_odd": 1.18,
                "home_handicap_-1.5_odd": 2.85,
                "away_handicap_1.5_odd": 1.39,
                "under_3.5_odd": 1.5,
                "over_3.5_odd": 2.47,
                "home_handicap_-1.0_odd": 2.17,
                "away_handicap_1.0_odd": 1.64,
                "over_3.0_odd": 1.95,
                "under_3.0_odd": 1.79,
                "under_4.0_odd": 1.25,
                "over_4.0_odd": 3.7,
                "under_2.5_odd": 2.26,
                "over_2.5_odd": 1.59,
                "under_2.0_odd": 3.6,
                "over_2.0_odd": 1.26,
                "away_handicap_1.25_odd": 1.49,
                "home_handicap_-1.25_odd": 2.5,
                "away_handicap_0.75_odd": 1.89,
                "home_handicap_-0.75_odd": 1.85,
                "away_handicap_0.25_odd": 2.57,
                "home_handicap_-0.25_odd": 1.47,
                "away_handicap_2.0_odd": 1.18,
                "home_handicap_-2.0_odd": 4.4,
                "away_handicap_-0.25_odd": 3.85,
                "home_handicap_0.25_odd": 1.23,
                "away_handicap_-0.5_odd": 4.3,
                "home_handicap_0.5_odd": 1.19,
                "away_handicap_0.0_odd": 3.4,
                "home_handicap_0.0_odd": 1.28,
                "2_odd": 4.7,
                "1_odd": 1.68,
                "draw_odd": 3.84,
                "home_handicap_-0.5_odd": 1.66,
                "away_handicap_0.5_odd": 2.14,
                "home_handicap_-2.5_odd": 5.1,
                "away_handicap_2.5_odd": 1.14
            },
            {
                "match_id": 27513732,
                "date": "17/07/2025",
                "time": "00:30",
                "home_team": "New York Red Bulls",
                "away_team": "New England Revolution",
                "under_1.5_odd": 3.85,
                "over_1.5_odd": 1.23,
                "over_3.0_odd": 2.26,
                "under_3.0_odd": 1.59,
                "over_3.5_odd": 2.85,
                "under_3.5_odd": 1.39,
                "over_2.5_odd": 1.74,
                "under_2.5_odd": 2.02,
                "2_odd": 3.84,
                "1_odd": 1.85,
                "draw_odd": 3.74,
                "both_score_odd": 1.69,
                "both_noscore_odd": 2.08,
                "away_handicap_1.75_odd": 1.23,
                "home_handicap_-1.75_odd": 3.85,
                "away_handicap_-0.75_odd": 4.55,
                "home_handicap_0.75_odd": 1.17,
                "X2_odd": 1.9,
                "1X_odd": 1.25,
                "12_odd": 1.26,
                "home_handicap_-1.25_odd": 2.85,
                "away_handicap_1.25_odd": 1.39,
                "home_handicap_-0.75_odd": 2.06,
                "away_handicap_0.75_odd": 1.71,
                "home_handicap_-0.25_odd": 1.61,
                "away_handicap_0.25_odd": 2.23,
                "home_handicap_0.25_odd": 1.32,
                "away_handicap_-0.25_odd": 3.15,
                "over_2.0_odd": 1.35,
                "under_2.0_odd": 3.0,
                "home_handicap_-2.0_odd": 5.3,
                "away_handicap_2.0_odd": 1.13,
                "home_handicap_-1.5_odd": 3.15,
                "away_handicap_1.5_odd": 1.32,
                "home_handicap_-1.0_odd": 2.5,
                "away_handicap_1.0_odd": 1.49,
                "home_handicap_0.0_odd": 1.4,
                "away_handicap_0.0_odd": 2.8,
                "home_handicap_0.5_odd": 1.26,
                "away_handicap_-0.5_odd": 3.6,
                "home_handicap_-0.5_odd": 1.81,
                "away_handicap_0.5_odd": 1.93
            },
            {
                "match_id": 27513733,
                "date": "17/07/2025",
                "time": "00:30",
                "home_team": "FC Cincinnati",
                "away_team": "Inter Miami CF",
                "under_3.0_odd": 2.47,
                "over_3.0_odd": 1.5,
                "under_2.5_odd": 3.0,
                "over_2.5_odd": 1.35,
                "under_4.5_odd": 1.33,
                "over_4.5_odd": 3.1,
                "2_odd": 2.78,
                "1_odd": 2.18,
                "draw_odd": 3.88,
                "over_3.5_odd": 1.88,
                "under_3.5_odd": 1.86,
                "both_score_odd": 1.35,
                "both_noscore_odd": 3.0,
                "home_handicap_-1.75_odd": 4.55,
                "away_handicap_1.75_odd": 1.17,
                "home_handicap_1.25_odd": 1.19,
                "away_handicap_-1.25_odd": 4.3,
                "12_odd": 1.25,
                "X2_odd": 1.63,
                "1X_odd": 1.42,
                "home_handicap_-0.5_odd": 2.17,
                "away_handicap_0.5_odd": 1.64,
                "home_handicap_-1.25_odd": 3.4,
                "away_handicap_1.25_odd": 1.28,
                "home_handicap_0.5_odd": 1.43,
                "away_handicap_-0.5_odd": 2.7,
                "home_handicap_0.0_odd": 1.68,
                "away_handicap_0.0_odd": 2.1,
                "home_handicap_-1.0_odd": 3.1,
                "away_handicap_1.0_odd": 1.33,
                "away_handicap_0.75_odd": 1.49,
                "home_handicap_-0.75_odd": 2.5,
                "home_handicap_-1.5_odd": 3.75,
                "away_handicap_1.5_odd": 1.24,
                "home_handicap_0.75_odd": 1.32,
                "away_handicap_-0.75_odd": 3.15,
                "home_handicap_1.5_odd": 1.17,
                "away_handicap_-1.5_odd": 4.55,
                "home_handicap_1.0_odd": 1.21,
                "away_handicap_-1.0_odd": 4.1,
                "home_handicap_-0.25_odd": 1.94,
                "away_handicap_0.25_odd": 1.8,
                "over_4.0_odd": 2.52,
                "under_4.0_odd": 1.48,
                "home_handicap_0.25_odd": 1.53,
                "away_handicap_-0.25_odd": 2.4
            },
            {
                "match_id": 27513734,
                "date": "17/07/2025",
                "time": "00:30",
                "home_team": "Charlotte FC",
                "away_team": "DC United",
                "over_3.0_odd": 1.93,
                "under_3.0_odd": 1.81,
                "over_3.5_odd": 2.45,
                "under_3.5_odd": 1.51,
                "over_2.5_odd": 1.58,
                "under_2.5_odd": 2.28,
                "draw_odd": 4.0,
                "2_odd": 4.6,
                "1_odd": 1.62,
                "both_score_odd": 1.63,
                "both_noscore_odd": 2.18,
                "home_handicap_-2.25_odd": 4.3,
                "away_handicap_2.25_odd": 1.19,
                "away_handicap_-0.75_odd": 5.55,
                "home_handicap_0.75_odd": 1.12,
                "away_handicap_-0.5_odd": 4.3,
                "home_handicap_0.5_odd": 1.19,
                "X2_odd": 2.21,
                "1X_odd": 1.18,
                "12_odd": 1.23,
                "home_handicap_-1.75_odd": 3.05,
                "away_handicap_1.75_odd": 1.34,
                "home_handicap_-1.25_odd": 2.33,
                "away_handicap_1.25_odd": 1.56,
                "home_handicap_-0.5_odd": 1.61,
                "away_handicap_0.5_odd": 2.23,
                "home_handicap_0.25_odd": 1.23,
                "away_handicap_-0.25_odd": 3.85,
                "home_handicap_-0.25_odd": 1.44,
                "away_handicap_0.25_odd": 2.65,
                "home_handicap_-2.5_odd": 4.55,
                "away_handicap_2.5_odd": 1.17,
                "home_handicap_-2.0_odd": 4.1,
                "away_handicap_2.0_odd": 1.21,
                "home_handicap_-1.5_odd": 2.6,
                "away_handicap_1.5_odd": 1.46,
                "home_handicap_-1.0_odd": 2.05,
                "away_handicap_1.0_odd": 1.72,
                "home_handicap_0.0_odd": 1.27,
                "away_handicap_0.0_odd": 3.55,
                "away_handicap_0.75_odd": 1.99,
                "home_handicap_-0.75_odd": 1.76,
                "over_4.5_odd": 4.25,
                "under_4.5_odd": 1.2,
                "over_4.0_odd": 3.6,
                "under_4.0_odd": 1.26,
                "under_2.0_odd": 3.7,
                "over_2.0_odd": 1.25
            },
            {
                "match_id": 27513735,
                "date": "17/07/2025",
                "time": "00:30",
                "home_team": "Atlanta United FC",
                "away_team": "Chicago Fire",
                "under_3.0_odd": 2.28,
                "over_3.0_odd": 1.58,
                "over_3.5_odd": 1.97,
                "under_3.5_odd": 1.77,
                "over_4.5_odd": 3.15,
                "under_4.5_odd": 1.32,
                "over_2.5_odd": 1.4,
                "under_2.5_odd": 2.8,
                "draw_odd": 3.89,
                "2_odd": 2.82,
                "1_odd": 2.11,
                "both_score_odd": 1.38,
                "both_noscore_odd": 2.9,
                "away_handicap_1.75_odd": 1.18,
                "home_handicap_-1.75_odd": 4.4,
                "away_handicap_-1.25_odd": 4.55,
                "home_handicap_1.25_odd": 1.17,
                "X2_odd": 1.65,
                "1X_odd": 1.39,
                "12_odd": 1.24,
                "away_handicap_1.25_odd": 1.29,
                "home_handicap_-1.25_odd": 3.35,
                "home_handicap_-0.75_odd": 2.42,
                "away_handicap_0.75_odd": 1.52,
                "away_handicap_0.5_odd": 1.69,
                "home_handicap_-0.5_odd": 2.08,
                "home_handicap_0.25_odd": 1.5,
                "away_handicap_-0.25_odd": 2.47,
                "under_4.0_odd": 1.46,
                "over_4.0_odd": 2.6,
                "home_handicap_-1.5_odd": 3.7,
                "away_handicap_1.5_odd": 1.25,
                "away_handicap_1.0_odd": 1.36,
                "home_handicap_-1.0_odd": 2.97,
                "away_handicap_-0.75_odd": 3.3,
                "home_handicap_0.75_odd": 1.3,
                "away_handicap_-1.5_odd": 5.1,
                "home_handicap_1.5_odd": 1.14,
                "away_handicap_-1.0_odd": 4.3,
                "home_handicap_1.0_odd": 1.19,
                "home_handicap_0.5_odd": 1.41,
                "away_handicap_-0.5_odd": 2.77,
                "home_handicap_0.0_odd": 1.64,
                "away_handicap_0.0_odd": 2.17,
                "away_handicap_0.25_odd": 1.87,
                "home_handicap_-0.25_odd": 1.87
            },
            {
                "match_id": 27519506,
                "date": "17/07/2025",
                "time": "03:30",
                "home_team": "San Jose Earthquakes",
                "away_team": "FC Dallas",
                "under_2.5_odd": 3.0,
                "over_2.5_odd": 1.35,
                "under_3.0_odd": 2.45,
                "over_3.0_odd": 1.51,
                "under_3.5_odd": 1.85,
                "over_3.5_odd": 1.89,
                "under_4.5_odd": 1.33,
                "over_4.5_odd": 3.1,
                "2_odd": 4.4,
                "1_odd": 1.59,
                "draw_odd": 4.33,
                "both_noscore_odd": 2.7,
                "both_score_odd": 1.43,
                "home_handicap_-2.75_odd": 5.3,
                "away_handicap_2.75_odd": 1.13,
                "away_handicap_2.25_odd": 1.22,
                "home_handicap_-2.25_odd": 4.0,
                "away_handicap_-0.75_odd": 5.1,
                "home_handicap_0.75_odd": 1.14,
                "home_handicap_0.5_odd": 1.2,
                "away_handicap_-0.5_odd": 4.25,
                "12_odd": 1.2,
                "X2_odd": 2.2,
                "1X_odd": 1.2,
                "away_handicap_1.75_odd": 1.38,
                "home_handicap_-1.75_odd": 2.9,
                "home_handicap_-1.25_odd": 2.21,
                "away_handicap_1.25_odd": 1.62,
                "home_handicap_-0.75_odd": 1.73,
                "away_handicap_0.75_odd": 2.03,
                "home_handicap_-0.25_odd": 1.44,
                "away_handicap_0.25_odd": 2.65,
                "home_handicap_-2.0_odd": 3.7,
                "away_handicap_2.0_odd": 1.25,
                "away_handicap_1.5_odd": 1.51,
                "home_handicap_-1.5_odd": 2.45,
                "home_handicap_-0.5_odd": 1.59,
                "away_handicap_0.5_odd": 2.26,
                "home_handicap_-2.5_odd": 4.3,
                "away_handicap_2.5_odd": 1.19,
                "away_handicap_0.0_odd": 3.4,
                "home_handicap_0.0_odd": 1.28,
                "home_handicap_-1.0_odd": 1.94,
                "away_handicap_1.0_odd": 1.8,
                "over_4.0_odd": 2.52,
                "under_4.0_odd": 1.48,
                "home_handicap_0.25_odd": 1.23,
                "away_handicap_-0.25_odd": 3.85
            },
            {
                "match_id": 27519507,
                "date": "17/07/2025",
                "time": "03:30",
                "home_team": "San Diego FC",
                "away_team": "Toronto FC",
                "over_3.5_odd": 2.21,
                "under_3.5_odd": 1.62,
                "over_2.5_odd": 1.48,
                "under_2.5_odd": 2.52,
                "over_3.0_odd": 1.75,
                "under_3.0_odd": 2.0,
                "over_4.5_odd": 3.7,
                "under_4.5_odd": 1.25,
                "draw_odd": 5.2,
                "2_odd": 7.8,
                "1_odd": 1.31,
                "both_score_odd": 1.79,
                "both_noscore_odd": 1.95,
                "away_handicap_3.25_odd": 1.14,
                "home_handicap_-3.25_odd": 5.1,
                "away_handicap_2.75_odd": 1.25,
                "home_handicap_-2.75_odd": 3.7,
                "home_handicap_-0.25_odd": 1.21,
                "away_handicap_0.25_odd": 4.1,
                "12_odd": 1.15,
                "X2_odd": 3.15,
                "1X_odd": 1.08,
                "home_handicap_-2.25_odd": 2.77,
                "away_handicap_2.25_odd": 1.41,
                "home_handicap_-1.75_odd": 2.08,
                "away_handicap_1.75_odd": 1.69,
                "home_handicap_-1.25_odd": 1.67,
                "away_handicap_1.25_odd": 2.12,
                "home_handicap_-0.75_odd": 1.37,
                "away_handicap_0.75_odd": 2.95,
                "home_handicap_-2.5_odd": 3.05,
                "away_handicap_2.5_odd": 1.34,
                "home_handicap_-2.0_odd": 2.47,
                "away_handicap_2.0_odd": 1.5,
                "home_handicap_-0.5_odd": 1.31,
                "away_handicap_0.5_odd": 3.2,
                "home_handicap_-3.5_odd": 5.55,
                "away_handicap_3.5_odd": 1.12,
                "home_handicap_-3.0_odd": 4.75,
                "away_handicap_3.0_odd": 1.16,
                "home_handicap_-1.0_odd": 1.47,
                "away_handicap_1.0_odd": 2.57,
                "home_handicap_-1.5_odd": 1.89,
                "away_handicap_1.5_odd": 1.85,
                "over_4.0_odd": 3.05,
                "under_4.0_odd": 1.34
            },
            {
                "match_id": 27519508,
                "date": "17/07/2025",
                "time": "03:30",
                "home_team": "Portland Timbers",
                "away_team": "Real Salt Lake",
                "both_score_odd": 1.55,
                "both_noscore_odd": 2.35,
                "12_odd": 1.28,
                "X2_odd": 1.73,
                "1X_odd": 1.31,
                "away_handicap_1.25_odd": 1.29,
                "home_handicap_-1.25_odd": 3.35,
                "away_handicap_-0.75_odd": 3.85,
                "home_handicap_0.75_odd": 1.23,
                "away_handicap_0.75_odd": 1.55,
                "home_handicap_-0.75_odd": 2.35,
                "away_handicap_1.5_odd": 1.24,
                "home_handicap_-1.5_odd": 3.75,
                "away_handicap_-1.0_odd": 5.3,
                "home_handicap_1.0_odd": 1.13,
                "under_4.0_odd": 1.23,
                "over_4.0_odd": 3.85,
                "under_3.5_odd": 1.47,
                "over_3.5_odd": 2.57,
                "under_3.0_odd": 1.73,
                "over_3.0_odd": 2.03,
                "under_2.0_odd": 3.4,
                "over_2.0_odd": 1.28,
                "away_handicap_1.75_odd": 1.17,
                "home_handicap_-1.75_odd": 4.55,
                "away_handicap_1.0_odd": 1.36,
                "home_handicap_-1.0_odd": 2.97,
                "away_handicap_0.5_odd": 1.74,
                "home_handicap_-0.5_odd": 2.02,
                "away_handicap_0.0_odd": 2.4,
                "home_handicap_0.0_odd": 1.53,
                "away_handicap_-0.25_odd": 2.77,
                "home_handicap_0.25_odd": 1.41,
                "away_handicap_-0.5_odd": 3.1,
                "home_handicap_0.5_odd": 1.33,
                "away_handicap_0.25_odd": 1.94,
                "home_handicap_-0.25_odd": 1.8,
                "under_2.5_odd": 2.18,
                "over_2.5_odd": 1.63,
                "2_odd": 3.25,
                "1_odd": 2.02,
                "draw_odd": 3.53,
                "home_handicap_1.25_odd": 1.12,
                "away_handicap_-1.25_odd": 5.55
            },
            {
                "match_id": 27519509,
                "date": "17/07/2025",
                "time": "03:30",
                "home_team": "Los Angeles Galaxy",
                "away_team": "Austin FC",
                "over_2.5_odd": 1.72,
                "under_2.5_odd": 2.03,
                "over_1.5_odd": 1.23,
                "under_1.5_odd": 3.85,
                "over_3.0_odd": 2.25,
                "under_3.0_odd": 1.6,
                "over_3.5_odd": 2.8,
                "under_3.5_odd": 1.4,
                "draw_odd": 3.58,
                "2_odd": 3.45,
                "1_odd": 1.94,
                "both_score_odd": 1.65,
                "both_noscore_odd": 2.15,
                "home_handicap_-1.75_odd": 4.3,
                "away_handicap_1.75_odd": 1.19,
                "home_handicap_0.75_odd": 1.2,
                "away_handicap_-0.75_odd": 4.25,
                "X2_odd": 1.8,
                "1X_odd": 1.28,
                "12_odd": 1.27,
                "home_handicap_-1.25_odd": 3.1,
                "away_handicap_1.25_odd": 1.33,
                "home_handicap_-0.25_odd": 1.7,
                "away_handicap_0.25_odd": 2.07,
                "over_2.0_odd": 1.35,
                "under_2.0_odd": 3.0,
                "home_handicap_-0.75_odd": 2.23,
                "away_handicap_0.75_odd": 1.61,
                "home_handicap_-1.5_odd": 3.55,
                "away_handicap_1.5_odd": 1.27,
                "home_handicap_-1.0_odd": 2.77,
                "away_handicap_1.0_odd": 1.41,
                "away_handicap_0.0_odd": 2.57,
                "home_handicap_0.0_odd": 1.47,
                "home_handicap_0.25_odd": 1.37,
                "away_handicap_-0.25_odd": 2.95,
                "home_handicap_0.5_odd": 1.3,
                "away_handicap_-0.5_odd": 3.3,
                "home_handicap_-0.5_odd": 1.92,
                "away_handicap_0.5_odd": 1.82
            },
            {
                "match_id": 27519510,
                "date": "17/07/2025",
                "time": "03:00",
                "home_team": "Seattle Sounders",
                "away_team": "Colorado Rapids",
                "over_3.0_odd": 1.85,
                "under_3.0_odd": 1.89,
                "under_3.5_odd": 1.56,
                "over_3.5_odd": 2.33,
                "over_2.5_odd": 1.54,
                "under_2.5_odd": 2.38,
                "2_odd": 5.6,
                "1_odd": 1.47,
                "draw_odd": 4.4,
                "both_score_odd": 1.66,
                "both_noscore_odd": 2.14,
                "home_handicap_-2.75_odd": 4.9,
                "away_handicap_2.75_odd": 1.15,
                "home_handicap_-2.25_odd": 3.7,
                "away_handicap_2.25_odd": 1.25,
                "home_handicap_0.25_odd": 1.16,
                "away_handicap_-0.25_odd": 4.75,
                "home_handicap_0.5_odd": 1.14,
                "away_handicap_-0.5_odd": 5.1,
                "12_odd": 1.2,
                "X2_odd": 2.47,
                "1X_odd": 1.13,
                "away_handicap_1.25_odd": 1.74,
                "home_handicap_-1.25_odd": 2.02,
                "away_handicap_0.75_odd": 2.26,
                "home_handicap_-0.75_odd": 1.59,
                "away_handicap_1.5_odd": 1.58,
                "home_handicap_-1.5_odd": 2.28,
                "away_handicap_0.0_odd": 4.3,
                "home_handicap_0.0_odd": 1.19,
                "away_handicap_1.75_odd": 1.44,
                "home_handicap_-1.75_odd": 2.65,
                "away_handicap_0.25_odd": 3.1,
                "home_handicap_-0.25_odd": 1.33,
                "away_handicap_2.5_odd": 1.22,
                "home_handicap_-2.5_odd": 4.0,
                "away_handicap_2.0_odd": 1.3,
                "home_handicap_-2.0_odd": 3.3,
                "away_handicap_0.5_odd": 2.57,
                "home_handicap_-0.5_odd": 1.47,
                "away_handicap_1.0_odd": 1.97,
                "home_handicap_-1.0_odd": 1.77,
                "over_4.0_odd": 3.3,
                "under_4.0_odd": 1.3,
                "over_2.0_odd": 1.23,
                "under_2.0_odd": 3.85,
                "over_4.5_odd": 3.85,
                "under_4.5_odd": 1.23
            },
            {
                "match_id": 27519511,
                "date": "17/07/2025",
                "time": "01:30",
                "home_team": "Nashville SC",
                "away_team": "Columbus Crew",
                "under_3.5_odd": 1.47,
                "over_3.5_odd": 2.57,
                "2_odd": 3.45,
                "1_odd": 1.94,
                "draw_odd": 3.57,
                "over_2.5_odd": 1.64,
                "under_2.5_odd": 2.17,
                "over_3.0_odd": 2.05,
                "under_3.0_odd": 1.72,
                "both_score_odd": 1.56,
                "both_noscore_odd": 2.33,
                "away_handicap_1.75_odd": 1.19,
                "home_handicap_-1.75_odd": 4.3,
                "X2_odd": 1.79,
                "1X_odd": 1.29,
                "12_odd": 1.27,
                "away_handicap_1.25_odd": 1.33,
                "home_handicap_-1.25_odd": 3.1,
                "away_handicap_-0.5_odd": 3.3,
                "home_handicap_0.5_odd": 1.3,
                "under_4.0_odd": 1.23,
                "over_4.0_odd": 3.85,
                "under_2.0_odd": 3.4,
                "over_2.0_odd": 1.28,
                "away_handicap_0.75_odd": 1.6,
                "home_handicap_-0.75_odd": 2.25,
                "away_handicap_1.5_odd": 1.27,
                "home_handicap_-1.5_odd": 3.55,
                "away_handicap_0.0_odd": 2.57,
                "home_handicap_0.0_odd": 1.47,
                "away_handicap_1.0_odd": 1.4,
                "home_handicap_-1.0_odd": 2.8,
                "away_handicap_0.5_odd": 1.8,
                "home_handicap_-0.5_odd": 1.94,
                "away_handicap_-0.75_odd": 4.1,
                "home_handicap_0.75_odd": 1.21,
                "away_handicap_0.25_odd": 2.06,
                "home_handicap_-0.25_odd": 1.71,
                "away_handicap_-0.25_odd": 2.95,
                "home_handicap_0.25_odd": 1.37,
                "home_handicap_1.0_odd": 1.11,
                "away_handicap_-1.0_odd": 6.0
            },
            {
                "match_id": 27519512,
                "date": "17/07/2025",
                "time": "01:30",
                "home_team": "Minnesota United FC",
                "away_team": "Los Angeles FC",
                "over_3.0_odd": 2.26,
                "under_3.0_odd": 1.59,
                "over_1.5_odd": 1.23,
                "under_1.5_odd": 3.85,
                "under_2.5_odd": 2.02,
                "over_2.5_odd": 1.74,
                "under_3.5_odd": 1.4,
                "over_3.5_odd": 2.8,
                "2_odd": 2.48,
                "1_odd": 2.61,
                "draw_odd": 3.52,
                "both_noscore_odd": 2.21,
                "both_score_odd": 1.62,
                "home_handicap_-1.25_odd": 4.4,
                "away_handicap_1.25_odd": 1.18,
                "home_handicap_1.25_odd": 1.18,
                "away_handicap_-1.25_odd": 4.4,
                "12_odd": 1.29,
                "X2_odd": 1.46,
                "1X_odd": 1.51,
                "home_handicap_-0.75_odd": 3.05,
                "away_handicap_0.75_odd": 1.34,
                "home_handicap_-0.25_odd": 2.23,
                "away_handicap_0.25_odd": 1.61,
                "home_handicap_-1.0_odd": 4.1,
                "away_handicap_1.0_odd": 1.21,
                "home_handicap_-0.5_odd": 2.52,
                "away_handicap_0.5_odd": 1.48,
                "home_handicap_0.75_odd": 1.37,
                "away_handicap_-0.75_odd": 2.95,
                "home_handicap_0.25_odd": 1.67,
                "away_handicap_-0.25_odd": 2.12,
                "home_handicap_1.0_odd": 1.23,
                "away_handicap_-1.0_odd": 3.85,
                "home_handicap_0.5_odd": 1.52,
                "away_handicap_-0.5_odd": 2.42,
                "over_2.0_odd": 1.35,
                "under_2.0_odd": 3.0,
                "home_handicap_-1.5_odd": 4.9,
                "away_handicap_1.5_odd": 1.15,
                "home_handicap_1.5_odd": 1.16,
                "away_handicap_-1.5_odd": 4.75,
                "home_handicap_0.0_odd": 1.9,
                "away_handicap_0.0_odd": 1.84
            },
            {
                "match_id": 27519513,
                "date": "17/07/2025",
                "time": "01:30",
                "home_team": "Houston Dynamo",
                "away_team": "Vancouver Whitecaps FC",
                "over_2.5_odd": 1.81,
                "under_2.5_odd": 1.93,
                "over_1.5_odd": 1.26,
                "under_1.5_odd": 3.6,
                "over_3.5_odd": 3.0,
                "under_3.5_odd": 1.35,
                "2_odd": 2.98,
                "draw_odd": 3.38,
                "1_odd": 2.21,
                "over_2.0_odd": 1.4,
                "under_2.0_odd": 2.8,
                "over_3.0_odd": 2.4,
                "under_3.0_odd": 1.53,
                "both_score_odd": 1.67,
                "both_noscore_odd": 2.12,
                "home_handicap_-1.75_odd": 5.3,
                "away_handicap_1.75_odd": 1.13,
                "home_handicap_1.25_odd": 1.12,
                "away_handicap_-1.25_odd": 5.55,
                "12_odd": 1.3,
                "X2_odd": 1.62,
                "1X_odd": 1.36,
                "away_handicap_1.25_odd": 1.24,
                "home_handicap_-1.25_odd": 3.75,
                "away_handicap_0.75_odd": 1.46,
                "home_handicap_-0.75_odd": 2.6,
                "away_handicap_1.5_odd": 1.2,
                "home_handicap_-1.5_odd": 4.25,
                "away_handicap_1.0_odd": 1.29,
                "home_handicap_-1.0_odd": 3.35,
                "away_handicap_-0.75_odd": 3.7,
                "home_handicap_0.75_odd": 1.25,
                "away_handicap_-1.0_odd": 5.1,
                "home_handicap_1.0_odd": 1.14,
                "away_handicap_0.0_odd": 2.18,
                "home_handicap_0.0_odd": 1.63,
                "away_handicap_0.25_odd": 1.83,
                "home_handicap_-0.25_odd": 1.91,
                "away_handicap_0.5_odd": 1.63,
                "home_handicap_-0.5_odd": 2.18,
                "away_handicap_-0.25_odd": 2.57,
                "home_handicap_0.25_odd": 1.47,
                "away_handicap_-0.5_odd": 2.95,
                "home_handicap_0.5_odd": 1.37
            },
            {
                "match_id": 27532745,
                "date": "20/07/2025",
                "time": "00:30",
                "home_team": "New York Red Bulls",
                "away_team": "Inter Miami CF",
                "home_handicap_-0.25_odd": 2.6,
                "away_handicap_0.25_odd": 1.46,
                "home_handicap_1.5_odd": 1.18,
                "away_handicap_-1.5_odd": 4.4,
                "home_handicap_0.0_odd": 2.21,
                "away_handicap_0.0_odd": 1.62,
                "home_handicap_1.25_odd": 1.22,
                "away_handicap_-1.25_odd": 4.0,
                "home_handicap_1.75_odd": 1.13,
                "away_handicap_-1.75_odd": 5.3,
                "over_3.0_odd": 1.85,
                "under_3.0_odd": 1.89,
                "home_handicap_-0.5_odd": 2.97,
                "away_handicap_0.5_odd": 1.36,
                "home_handicap_-0.75_odd": 3.7,
                "away_handicap_0.75_odd": 1.25,
                "home_handicap_1.0_odd": 1.26,
                "away_handicap_-1.0_odd": 3.6,
                "home_handicap_-1.5_odd": 5.55,
                "away_handicap_1.5_odd": 1.12,
                "both_score_odd": 1.43,
                "both_noscore_odd": 2.7,
                "1X_odd": 1.59,
                "12_odd": 1.33,
                "X2_odd": 1.34,
                "over_4.5_odd": 3.85,
                "under_4.5_odd": 1.22,
                "over_4.0_odd": 3.3,
                "under_4.0_odd": 1.3,
                "over_3.5_odd": 2.33,
                "under_3.5_odd": 1.56,
                "over_2.5_odd": 1.54,
                "under_2.5_odd": 2.38,
                "over_2.0_odd": 1.23,
                "under_2.0_odd": 3.85,
                "home_handicap_0.75_odd": 1.44,
                "away_handicap_-0.75_odd": 2.65,
                "home_handicap_0.5_odd": 1.61,
                "away_handicap_-0.5_odd": 2.23,
                "home_handicap_-1.25_odd": 5.3,
                "away_handicap_1.25_odd": 1.13,
                "home_handicap_-1.0_odd": 4.9,
                "away_handicap_1.0_odd": 1.15,
                "home_handicap_0.25_odd": 1.8,
                "away_handicap_-0.25_odd": 1.94,
                "1_odd": 3.08,
                "draw_odd": 3.18,
                "2_odd": 2.24
            },
            {
                "match_id": 27532749,
                "date": "20/07/2025",
                "time": "00:30",
                "home_team": "Atlanta United FC",
                "away_team": "Charlotte FC",
                "home_handicap_0.0_odd": 1.58,
                "away_handicap_0.0_odd": 2.28,
                "home_handicap_0.75_odd": 1.24,
                "away_handicap_-0.75_odd": 3.75,
                "home_handicap_0.5_odd": 1.34,
                "away_handicap_-0.5_odd": 3.05,
                "1_odd": 2.17,
                "draw_odd": 3.23,
                "2_odd": 3.19,
                "both_score_odd": 1.37,
                "both_noscore_odd": 2.95,
                "1X_odd": 1.33,
                "12_odd": 1.32,
                "X2_odd": 1.62,
                "home_handicap_-1.25_odd": 3.7,
                "away_handicap_1.25_odd": 1.25,
                "home_handicap_-0.75_odd": 2.52,
                "away_handicap_0.75_odd": 1.48,
                "home_handicap_-0.5_odd": 2.15,
                "away_handicap_0.5_odd": 1.65,
                "over_4.5_odd": 3.4,
                "under_4.5_odd": 1.28,
                "over_4.0_odd": 2.9,
                "under_4.0_odd": 1.38,
                "over_3.5_odd": 2.1,
                "under_3.5_odd": 1.68,
                "over_3.0_odd": 1.67,
                "under_3.0_odd": 2.12,
                "over_2.5_odd": 1.44,
                "under_2.5_odd": 2.65,
                "home_handicap_-1.75_odd": 4.9,
                "away_handicap_1.75_odd": 1.15,
                "home_handicap_-1.5_odd": 4.1,
                "away_handicap_1.5_odd": 1.21,
                "home_handicap_-1.0_odd": 3.3,
                "away_handicap_1.0_odd": 1.3,
                "home_handicap_1.25_odd": 1.13,
                "away_handicap_-1.25_odd": 5.3,
                "home_handicap_1.5_odd": 1.11,
                "away_handicap_-1.5_odd": 6.0,
                "home_handicap_1.0_odd": 1.14,
                "away_handicap_-1.0_odd": 5.1,
                "home_handicap_-0.25_odd": 1.87,
                "away_handicap_0.25_odd": 1.87,
                "home_handicap_0.25_odd": 1.43,
                "away_handicap_-0.25_odd": 2.7
            },
            {
                "match_id": 27532748,
                "date": "20/07/2025",
                "time": "00:30",
                "home_team": "Columbus Crew",
                "away_team": "DC United",
                "home_handicap_0.0_odd": 1.17,
                "away_handicap_0.0_odd": 4.55,
                "home_handicap_-1.5_odd": 2.38,
                "away_handicap_1.5_odd": 1.54,
                "home_handicap_-0.5_odd": 1.49,
                "away_handicap_0.5_odd": 2.5,
                "over_3.5_odd": 2.17,
                "under_3.5_odd": 1.64,
                "over_4.0_odd": 3.05,
                "under_4.0_odd": 1.34,
                "over_3.0_odd": 1.73,
                "under_3.0_odd": 2.03,
                "over_4.5_odd": 3.7,
                "under_4.5_odd": 1.25,
                "over_2.5_odd": 1.48,
                "under_2.5_odd": 2.52,
                "both_score_odd": 1.56,
                "both_noscore_odd": 2.33,
                "1X_odd": 1.12,
                "12_odd": 1.23,
                "X2_odd": 2.45,
                "home_handicap_-2.75_odd": 4.9,
                "away_handicap_2.75_odd": 1.15,
                "home_handicap_-2.25_odd": 3.7,
                "away_handicap_2.25_odd": 1.25,
                "home_handicap_-1.75_odd": 2.77,
                "away_handicap_1.75_odd": 1.41,
                "home_handicap_-1.25_odd": 2.1,
                "away_handicap_1.25_odd": 1.68,
                "home_handicap_-0.75_odd": 1.61,
                "away_handicap_0.75_odd": 2.23,
                "home_handicap_-0.25_odd": 1.33,
                "away_handicap_0.25_odd": 3.1,
                "home_handicap_-2.5_odd": 4.0,
                "away_handicap_2.5_odd": 1.22,
                "home_handicap_-2.0_odd": 3.4,
                "away_handicap_2.0_odd": 1.28,
                "home_handicap_0.25_odd": 1.14,
                "away_handicap_-0.25_odd": 5.1,
                "home_handicap_0.5_odd": 1.12,
                "away_handicap_-0.5_odd": 5.55,
                "home_handicap_-1.0_odd": 1.78,
                "away_handicap_1.0_odd": 1.96,
                "1_odd": 1.48,
                "draw_odd": 3.98,
                "2_odd": 6.3
            },
            {
                "match_id": 27532746,
                "date": "20/07/2025",
                "time": "00:30",
                "home_team": "New England Revolution",
                "away_team": "Orlando City SC",
                "home_handicap_-1.5_odd": 4.9,
                "away_handicap_1.5_odd": 1.15,
                "over_2.0_odd": 1.34,
                "under_2.0_odd": 3.05,
                "home_handicap_-1.25_odd": 4.55,
                "away_handicap_1.25_odd": 1.17,
                "home_handicap_1.0_odd": 1.18,
                "away_handicap_-1.0_odd": 4.4,
                "home_handicap_-1.0_odd": 4.1,
                "away_handicap_1.0_odd": 1.21,
                "home_handicap_0.0_odd": 1.82,
                "away_handicap_0.0_odd": 1.92,
                "home_handicap_0.75_odd": 1.32,
                "away_handicap_-0.75_odd": 3.15,
                "home_handicap_-0.25_odd": 2.17,
                "away_handicap_0.25_odd": 1.64,
                "home_handicap_-0.75_odd": 3.0,
                "away_handicap_0.75_odd": 1.35,
                "home_handicap_0.25_odd": 1.59,
                "away_handicap_-0.25_odd": 2.26,
                "home_handicap_1.25_odd": 1.15,
                "away_handicap_-1.25_odd": 4.9,
                "home_handicap_1.5_odd": 1.13,
                "away_handicap_-1.5_odd": 5.3,
                "home_handicap_-0.5_odd": 2.5,
                "away_handicap_0.5_odd": 1.49,
                "home_handicap_0.5_odd": 1.46,
                "away_handicap_-0.5_odd": 2.6,
                "over_3.5_odd": 2.8,
                "under_3.5_odd": 1.4,
                "over_3.0_odd": 2.23,
                "under_3.0_odd": 1.61,
                "over_2.5_odd": 1.71,
                "under_2.5_odd": 2.01,
                "both_score_odd": 1.55,
                "both_noscore_odd": 2.3,
                "1X_odd": 1.44,
                "12_odd": 1.33,
                "X2_odd": 1.49,
                "1_odd": 2.55,
                "draw_odd": 3.18,
                "2_odd": 2.65,
                "over_1.5_odd": 1.23,
                "under_1.5_odd": 3.85
            },
            {
                "match_id": 27532747,
                "date": "20/07/2025",
                "time": "00:30",
                "home_team": "Montreal Impact",
                "away_team": "Chicago Fire",
                "both_score_odd": 1.4,
                "both_noscore_odd": 2.8,
                "1X_odd": 1.49,
                "12_odd": 1.32,
                "X2_odd": 1.43,
                "home_handicap_-1.25_odd": 4.75,
                "away_handicap_1.25_odd": 1.16,
                "home_handicap_-0.75_odd": 3.2,
                "away_handicap_0.75_odd": 1.31,
                "home_handicap_-0.25_odd": 2.3,
                "away_handicap_0.25_odd": 1.57,
                "home_handicap_-1.5_odd": 5.3,
                "away_handicap_1.5_odd": 1.13,
                "home_handicap_-1.0_odd": 4.4,
                "away_handicap_1.0_odd": 1.18,
                "home_handicap_-0.5_odd": 2.65,
                "away_handicap_0.5_odd": 1.44,
                "home_handicap_1.75_odd": 1.12,
                "away_handicap_-1.75_odd": 5.55,
                "home_handicap_1.25_odd": 1.2,
                "away_handicap_-1.25_odd": 4.25,
                "home_handicap_0.75_odd": 1.37,
                "away_handicap_-0.75_odd": 2.95,
                "home_handicap_0.25_odd": 1.67,
                "away_handicap_-0.25_odd": 2.12,
                "home_handicap_1.5_odd": 1.17,
                "away_handicap_-1.5_odd": 4.55,
                "home_handicap_1.0_odd": 1.23,
                "away_handicap_-1.0_odd": 3.85,
                "home_handicap_0.5_odd": 1.52,
                "away_handicap_-0.5_odd": 2.42,
                "over_4.5_odd": 3.75,
                "under_4.5_odd": 1.24,
                "over_4.0_odd": 3.1,
                "under_4.0_odd": 1.33,
                "over_3.5_odd": 2.25,
                "under_3.5_odd": 1.6,
                "over_2.5_odd": 1.49,
                "under_2.5_odd": 2.44,
                "over_2.0_odd": 1.2,
                "under_2.0_odd": 4.1,
                "home_handicap_0.0_odd": 1.96,
                "away_handicap_0.0_odd": 1.78,
                "over_3.0_odd": 1.78,
                "under_3.0_odd": 1.96,
                "1_odd": 2.72,
                "draw_odd": 3.21,
                "2_odd": 2.47
            },
            {
                "match_id": 27538517,
                "date": "20/07/2025",
                "time": "01:30",
                "home_team": "Sporting Kansas City",
                "away_team": "New York City FC",
                "over_3.0_odd": 1.65,
                "under_3.0_odd": 2.15,
                "over_3.5_odd": 2.07,
                "under_3.5_odd": 1.7,
                "over_4.0_odd": 2.8,
                "under_4.0_odd": 1.4,
                "over_4.5_odd": 3.35,
                "under_4.5_odd": 1.29,
                "home_handicap_-1.25_odd": 4.75,
                "away_handicap_1.25_odd": 1.16,
                "over_2.5_odd": 1.42,
                "under_2.5_odd": 2.7,
                "home_handicap_-0.5_odd": 2.65,
                "away_handicap_0.5_odd": 1.44,
                "home_handicap_1.5_odd": 1.18,
                "away_handicap_-1.5_odd": 4.4,
                "home_handicap_0.5_odd": 1.52,
                "away_handicap_-0.5_odd": 2.42,
                "home_handicap_0.0_odd": 1.96,
                "away_handicap_0.0_odd": 1.78,
                "both_score_odd": 1.35,
                "both_noscore_odd": 3.0,
                "1X_odd": 1.51,
                "12_odd": 1.34,
                "X2_odd": 1.42,
                "home_handicap_-0.75_odd": 3.2,
                "away_handicap_0.75_odd": 1.31,
                "home_handicap_-0.25_odd": 2.3,
                "away_handicap_0.25_odd": 1.57,
                "home_handicap_-1.5_odd": 5.1,
                "away_handicap_1.5_odd": 1.14,
                "home_handicap_-1.0_odd": 4.4,
                "away_handicap_1.0_odd": 1.18,
                "home_handicap_1.75_odd": 1.12,
                "away_handicap_-1.75_odd": 5.55,
                "home_handicap_1.25_odd": 1.2,
                "away_handicap_-1.25_odd": 4.25,
                "home_handicap_0.75_odd": 1.38,
                "away_handicap_-0.75_odd": 2.9,
                "home_handicap_1.0_odd": 1.24,
                "away_handicap_-1.0_odd": 3.75,
                "1_odd": 2.72,
                "draw_odd": 3.21,
                "2_odd": 2.47,
                "home_handicap_0.25_odd": 1.67,
                "away_handicap_-0.25_odd": 2.12
            },
            {
                "match_id": 27538516,
                "date": "20/07/2025",
                "time": "01:30",
                "home_team": "Nashville SC",
                "away_team": "Toronto FC",
                "over_2.0_odd": 1.34,
                "under_2.0_odd": 3.05,
                "home_handicap_0.0_odd": 1.23,
                "away_handicap_0.0_odd": 3.85,
                "both_score_odd": 1.79,
                "both_noscore_odd": 1.95,
                "1X_odd": 1.16,
                "12_odd": 1.23,
                "X2_odd": 2.25,
                "home_handicap_0.5_odd": 1.16,
                "away_handicap_-0.5_odd": 4.75,
                "home_handicap_-0.75_odd": 1.72,
                "away_handicap_0.75_odd": 2.05,
                "home_handicap_-0.25_odd": 1.4,
                "away_handicap_0.25_odd": 2.8,
                "home_handicap_-1.25_odd": 2.28,
                "away_handicap_1.25_odd": 1.58,
                "home_handicap_-2.25_odd": 4.4,
                "away_handicap_2.25_odd": 1.18,
                "home_handicap_-1.75_odd": 3.05,
                "away_handicap_1.75_odd": 1.34,
                "home_handicap_-2.5_odd": 4.75,
                "away_handicap_2.5_odd": 1.16,
                "home_handicap_-2.0_odd": 4.1,
                "away_handicap_2.0_odd": 1.21,
                "home_handicap_-1.5_odd": 2.57,
                "away_handicap_1.5_odd": 1.47,
                "home_handicap_-1.0_odd": 1.96,
                "away_handicap_1.0_odd": 1.78,
                "home_handicap_-0.5_odd": 1.56,
                "away_handicap_0.5_odd": 2.33,
                "home_handicap_0.25_odd": 1.19,
                "away_handicap_-0.25_odd": 4.3,
                "over_3.5_odd": 2.8,
                "under_3.5_odd": 1.4,
                "over_3.0_odd": 2.23,
                "under_3.0_odd": 1.61,
                "over_2.5_odd": 1.71,
                "under_2.5_odd": 2.01,
                "over_1.5_odd": 1.23,
                "under_1.5_odd": 3.85,
                "1_odd": 1.56,
                "draw_odd": 3.96,
                "2_odd": 5.2
            },
            {
                "match_id": 27538519,
                "date": "20/07/2025",
                "time": "01:30",
                "home_team": "FC Dallas",
                "away_team": "St Louis City SC",
                "home_handicap_0.0_odd": 1.62,
                "away_handicap_0.0_odd": 2.21,
                "over_2.5_odd": 1.61,
                "under_2.5_odd": 2.17,
                "both_score_odd": 1.51,
                "both_noscore_odd": 2.45,
                "1X_odd": 1.35,
                "12_odd": 1.31,
                "X2_odd": 1.6,
                "over_4.0_odd": 3.75,
                "under_4.0_odd": 1.24,
                "over_3.5_odd": 2.52,
                "under_3.5_odd": 1.48,
                "over_3.0_odd": 2.0,
                "under_3.0_odd": 1.72,
                "over_2.0_odd": 1.28,
                "under_2.0_odd": 3.4,
                "home_handicap_-1.75_odd": 5.55,
                "away_handicap_1.75_odd": 1.12,
                "home_handicap_-1.25_odd": 4.1,
                "away_handicap_1.25_odd": 1.21,
                "home_handicap_-0.75_odd": 2.62,
                "away_handicap_0.75_odd": 1.45,
                "home_handicap_-1.5_odd": 4.4,
                "away_handicap_1.5_odd": 1.18,
                "home_handicap_-1.0_odd": 3.6,
                "away_handicap_1.0_odd": 1.26,
                "home_handicap_-0.5_odd": 2.18,
                "away_handicap_0.5_odd": 1.63,
                "home_handicap_1.25_odd": 1.14,
                "away_handicap_-1.25_odd": 5.1,
                "home_handicap_0.75_odd": 1.26,
                "away_handicap_-0.75_odd": 3.6,
                "home_handicap_0.25_odd": 1.46,
                "away_handicap_-0.25_odd": 2.6,
                "home_handicap_1.5_odd": 1.13,
                "away_handicap_-1.5_odd": 5.3,
                "home_handicap_1.0_odd": 1.17,
                "away_handicap_-1.0_odd": 4.55,
                "home_handicap_0.5_odd": 1.37,
                "away_handicap_-0.5_odd": 2.95,
                "1_odd": 2.21,
                "draw_odd": 3.32,
                "2_odd": 3.03,
                "home_handicap_-0.25_odd": 1.99,
                "away_handicap_0.25_odd": 1.76
            },
            {
                "match_id": 27538515,
                "date": "20/07/2025",
                "time": "01:30",
                "home_team": "Seattle Sounders",
                "away_team": "San Jose Earthquakes",
                "both_score_odd": 1.48,
                "both_noscore_odd": 2.52,
                "1X_odd": 1.16,
                "12_odd": 1.24,
                "X2_odd": 2.19,
                "over_4.5_odd": 3.4,
                "under_4.5_odd": 1.27,
                "over_4.0_odd": 2.95,
                "under_4.0_odd": 1.37,
                "over_3.5_odd": 2.14,
                "under_3.5_odd": 1.66,
                "over_3.0_odd": 1.68,
                "under_3.0_odd": 2.05,
                "over_2.5_odd": 1.46,
                "under_2.5_odd": 2.6,
                "home_handicap_-2.75_odd": 5.55,
                "away_handicap_2.75_odd": 1.12,
                "home_handicap_-2.25_odd": 4.25,
                "away_handicap_2.25_odd": 1.2,
                "home_handicap_-1.75_odd": 3.05,
                "away_handicap_1.75_odd": 1.34,
                "home_handicap_-1.25_odd": 2.35,
                "away_handicap_1.25_odd": 1.55,
                "home_handicap_-2.5_odd": 4.4,
                "away_handicap_2.5_odd": 1.18,
                "home_handicap_-2.0_odd": 4.0,
                "away_handicap_2.0_odd": 1.22,
                "home_handicap_-0.75_odd": 1.76,
                "away_handicap_0.75_odd": 1.99,
                "home_handicap_-0.25_odd": 1.42,
                "away_handicap_0.25_odd": 2.73,
                "home_handicap_-1.5_odd": 2.65,
                "away_handicap_1.5_odd": 1.44,
                "home_handicap_-0.5_odd": 1.59,
                "away_handicap_0.5_odd": 2.26,
                "home_handicap_0.25_odd": 1.19,
                "away_handicap_-0.25_odd": 4.3,
                "home_handicap_0.5_odd": 1.16,
                "away_handicap_-0.5_odd": 4.75,
                "home_handicap_0.0_odd": 1.24,
                "away_handicap_0.0_odd": 3.75,
                "1_odd": 1.6,
                "draw_odd": 3.81,
                "2_odd": 5.1,
                "home_handicap_-1.0_odd": 1.96,
                "away_handicap_1.0_odd": 1.78
            },
            {
                "match_id": 27538518,
                "date": "20/07/2025",
                "time": "01:30",
                "home_team": "Houston Dynamo",
                "away_team": "Philadelphia Union",
                "both_score_odd": 1.53,
                "both_noscore_odd": 2.4,
                "1X_odd": 1.4,
                "12_odd": 1.33,
                "X2_odd": 1.52,
                "over_4.0_odd": 4.1,
                "under_4.0_odd": 1.21,
                "over_3.5_odd": 2.65,
                "under_3.5_odd": 1.44,
                "over_3.0_odd": 2.12,
                "under_3.0_odd": 1.67,
                "over_2.5_odd": 1.67,
                "under_2.5_odd": 2.12,
                "over_2.0_odd": 1.31,
                "under_2.0_odd": 3.2,
                "over_1.5_odd": 1.21,
                "under_1.5_odd": 4.1,
                "home_handicap_-1.75_odd": 6.0,
                "away_handicap_1.75_odd": 1.11,
                "home_handicap_-1.25_odd": 4.25,
                "away_handicap_1.25_odd": 1.2,
                "home_handicap_-0.75_odd": 2.85,
                "away_handicap_0.75_odd": 1.39,
                "home_handicap_-1.5_odd": 4.55,
                "away_handicap_1.5_odd": 1.17,
                "home_handicap_-1.0_odd": 3.85,
                "away_handicap_1.0_odd": 1.23,
                "home_handicap_1.25_odd": 1.14,
                "away_handicap_-1.25_odd": 5.1,
                "home_handicap_0.75_odd": 1.28,
                "away_handicap_-0.75_odd": 3.4,
                "home_handicap_1.5_odd": 1.12,
                "away_handicap_-1.5_odd": 5.55,
                "home_handicap_1.0_odd": 1.16,
                "away_handicap_-1.0_odd": 4.75,
                "home_handicap_-0.25_odd": 2.06,
                "away_handicap_0.25_odd": 1.71,
                "home_handicap_-0.5_odd": 2.38,
                "away_handicap_0.5_odd": 1.54,
                "home_handicap_0.25_odd": 1.53,
                "away_handicap_-0.25_odd": 2.4,
                "home_handicap_0.5_odd": 1.41,
                "away_handicap_-0.5_odd": 2.77,
                "1_odd": 2.41,
                "draw_odd": 3.18,
                "2_odd": 2.82,
                "home_handicap_0.0_odd": 1.73,
                "away_handicap_0.0_odd": 2.03
            },
            {
                "match_id": 27538514,
                "date": "20/07/2025",
                "time": "02:30",
                "home_team": "Real Salt Lake",
                "away_team": "FC Cincinnati",
                "home_handicap_-1.25_odd": 4.3,
                "away_handicap_1.25_odd": 1.19,
                "both_score_odd": 1.52,
                "both_noscore_odd": 2.42,
                "1X_odd": 1.42,
                "12_odd": 1.32,
                "X2_odd": 1.49,
                "over_2.5_odd": 1.66,
                "under_2.5_odd": 2.14,
                "over_4.0_odd": 4.0,
                "under_4.0_odd": 1.22,
                "over_3.5_odd": 2.62,
                "under_3.5_odd": 1.45,
                "over_2.0_odd": 1.3,
                "under_2.0_odd": 3.3,
                "over_1.5_odd": 1.21,
                "under_1.5_odd": 4.1,
                "home_handicap_-1.5_odd": 4.75,
                "away_handicap_1.5_odd": 1.16,
                "home_handicap_-1.0_odd": 3.85,
                "away_handicap_1.0_odd": 1.23,
                "home_handicap_-0.5_odd": 2.42,
                "away_handicap_0.5_odd": 1.52,
                "home_handicap_1.25_odd": 1.15,
                "away_handicap_-1.25_odd": 4.9,
                "home_handicap_0.75_odd": 1.31,
                "away_handicap_-0.75_odd": 3.2,
                "home_handicap_0.25_odd": 1.57,
                "away_handicap_-0.25_odd": 2.3,
                "home_handicap_1.5_odd": 1.13,
                "away_handicap_-1.5_odd": 5.3,
                "home_handicap_1.0_odd": 1.18,
                "away_handicap_-1.0_odd": 4.4,
                "home_handicap_0.5_odd": 1.44,
                "away_handicap_-0.5_odd": 2.65,
                "1_odd": 2.47,
                "draw_odd": 3.21,
                "2_odd": 2.72,
                "over_3.0_odd": 2.08,
                "under_3.0_odd": 1.69,
                "home_handicap_0.0_odd": 1.78,
                "away_handicap_0.0_odd": 1.96,
                "home_handicap_-0.75_odd": 2.95,
                "away_handicap_0.75_odd": 1.37,
                "home_handicap_-0.25_odd": 2.12,
                "away_handicap_0.25_odd": 1.67
            }
        ]
    }
]