[
  {
    "match_info": {
      "home_team": "Singapore (Women)",
      "away_team": "Iran (Women)",
      "date": "10/07/2025",
      "time": "14:00",
      "sources": [
        "1xbet",
        "Asbet",
        "Tounesbet"
      ],
      "country": "AFC Asian Cup",
      "tournament_1xbet": null,
      "tournament_Asbet": null,
      "tournament_Tounesbet": null
    },
    "complementary_set": "under_4.5_vs_over_4.5",
    "best_odds": {
      "under_4.5_odd": {
        "value": 1.859,
        "source": "Tounesbet"
      },
      "over_4.5_odd": {
        "value": 2.35,
        "source": "Asbet"
      }
    },
    "arbitrage_percentage": 0.9635
  }
]