[
    {
        "tournament_name": "Kakkonen",
        "tournament_id": 1866,
        "matches": [
            {
                "match_id": 27499192,
                "date": "01/07/2025",
                "time": "17:00",
                "home_team": "TP-47",
                "away_team": "SJK Akatemia III",
                "match_url": "https://www.asbet.org/en/sports/live/event-view/Soccer/Finland/1866/kakkonen/27499192/tp--sjk-akatemia-iii",
                "away_handicap_0.0_odd": 1.89,
                "home_handicap_0.0_odd": 1.81,
                "away_handicap_-0.5_odd": 2.27,
                "home_handicap_0.5_odd": 1.56,
                "away_handicap_0.5_odd": 1.61,
                "home_handicap_-0.5_odd": 2.17,
                "under_5.5_odd": 1.47,
                "over_5.5_odd": 2.5,
                "under_4.5_odd": 2.07,
                "over_4.5_odd": 1.67,
                "under_4.0_odd": 2.7,
                "over_4.0_odd": 1.4,
                "under_5.0_odd": 1.69,
                "over_5.0_odd": 2.04,
                "away_handicap_0.75_odd": 1.48,
                "home_handicap_-0.75_odd": 2.45,
                "away_handicap_-0.25_odd": 2.08,
                "home_handicap_0.25_odd": 1.66,
                "away_handicap_1.25_odd": 1.31,
                "home_handicap_-1.25_odd": 3.15,
                "away_handicap_1.0_odd": 1.36,
                "home_handicap_-1.0_odd": 2.87,
                "away_handicap_0.25_odd": 1.73,
                "home_handicap_-0.25_odd": 1.97,
                "away_handicap_-1.0_odd": 3.15,
                "home_handicap_1.0_odd": 1.31,
                "away_handicap_-0.75_odd": 2.59,
                "home_handicap_0.75_odd": 1.44,
                "away_handicap_-1.25_odd": 3.4,
                "home_handicap_1.25_odd": 1.27,
                "X2_odd": 1.6,
                "1X_odd": 1.54,
                "12_odd": 1.17,
                "draw_odd": 4.8,
                "2_odd": 2.3,
                "1_odd": 2.19,
                "over_6.0_odd": 3.3,
                "under_6.0_odd": 1.28,
                "home_handicap_-1.5_odd": 3.4,
                "away_handicap_1.5_odd": 1.27
            },
            {
                "match_id": 27499193,
                "date": "01/07/2025",
                "time": "17:00",
                "home_team": "Oulunsalon Pallo",
                "away_team": "Jakobstads BK",
                "match_url": "https://www.asbet.org/en/sports/live/event-view/Soccer/Finland/1866/kakkonen/27499193/oulunsalon-pallo-jakobstads-bk",
                "both_score_odd": 1.25,
                "both_noscore_odd": 3.57,
                "12_odd": 1.22,
                "X2_odd": 1.6,
                "1X_odd": 1.47,
                "away_handicap_1.0_odd": 1.33,
                "home_handicap_-1.0_odd": 3.05,
                "under_5.0_odd": 1.29,
                "over_5.0_odd": 3.25,
                "under_4.5_odd": 1.54,
                "over_4.5_odd": 2.33,
                "under_3.5_odd": 2.2,
                "over_3.5_odd": 1.6,
                "under_3.0_odd": 3.15,
                "over_3.0_odd": 1.31,
                "away_handicap_0.75_odd": 1.47,
                "home_handicap_-0.75_odd": 2.5,
                "away_handicap_0.25_odd": 1.76,
                "home_handicap_-0.25_odd": 1.94,
                "away_handicap_0.5_odd": 1.62,
                "home_handicap_-0.5_odd": 2.15,
                "away_handicap_-0.75_odd": 2.87,
                "home_handicap_0.75_odd": 1.36,
                "away_handicap_-0.25_odd": 2.23,
                "home_handicap_0.25_odd": 1.58,
                "away_handicap_-0.5_odd": 2.45,
                "home_handicap_0.5_odd": 1.48,
                "home_handicap_0.0_odd": 1.76,
                "away_handicap_0.0_odd": 1.94,
                "under_4.0_odd": 1.78,
                "over_4.0_odd": 1.92,
                "2_odd": 2.51,
                "1_odd": 2.18,
                "draw_odd": 4.1,
                "home_handicap_-1.25_odd": 3.3,
                "away_handicap_1.25_odd": 1.28,
                "home_handicap_1.0_odd": 1.25,
                "away_handicap_-1.0_odd": 3.57
            }
        ]
    },
    {
        "tournament_name": "Ykkonen",
        "tournament_id": 1867,
        "matches": [
            {
                "match_id": 27504748,
                "date": "02/07/2025",
                "time": "16:00",
                "home_team": "PK Keski-Uusimaa",
                "away_team": "Rovaniemen PS",
                "match_url": "https://www.asbet.org/en/sports/live/event-view/Soccer/Finland/1867/ykkonen/27504748/pk-keski-uusimaa-rovaniemen-ps",
                "home_handicap_-1.0_odd": 1.89,
                "away_handicap_1.0_odd": 1.81,
                "draw_odd": 4.7,
                "2_odd": 3.93,
                "1_odd": 1.58,
                "over_2.5_odd": 1.29,
                "under_2.5_odd": 3.25,
                "both_noscore_odd": 2.75,
                "both_score_odd": 1.39,
                "X2_odd": 2.19,
                "1X_odd": 1.23,
                "12_odd": 1.18,
                "home_handicap_-1.75_odd": 2.68,
                "away_handicap_1.75_odd": 1.41,
                "home_handicap_-1.25_odd": 2.1,
                "away_handicap_1.25_odd": 1.65,
                "home_handicap_-2.0_odd": 3.3,
                "away_handicap_2.0_odd": 1.28,
                "home_handicap_-1.5_odd": 2.3,
                "away_handicap_1.5_odd": 1.55,
                "home_handicap_-0.75_odd": 1.7,
                "away_handicap_0.75_odd": 2.02,
                "over_4.5_odd": 2.8,
                "under_4.5_odd": 1.38,
                "over_4.0_odd": 2.27,
                "under_4.0_odd": 1.56,
                "over_3.5_odd": 1.75,
                "under_3.5_odd": 1.95,
                "over_3.0_odd": 1.41,
                "under_3.0_odd": 2.68,
                "home_handicap_-0.25_odd": 1.45,
                "away_handicap_0.25_odd": 2.55,
                "home_handicap_-0.5_odd": 1.58,
                "away_handicap_0.5_odd": 2.23,
                "home_handicap_0.0_odd": 1.31,
                "away_handicap_0.0_odd": 3.15,
                "home_handicap_0.25_odd": 1.26,
                "away_handicap_-0.25_odd": 3.47
            },
            {
                "match_id": 27504787,
                "date": "02/07/2025",
                "time": "16:30",
                "home_team": "Oulun Luistinseura",
                "away_team": "KPV Kokkola",
                "match_url": "https://www.asbet.org/en/sports/live/event-view/Soccer/Finland/1867/ykkonen/27504787/oulun-luistinseura-kpv-kokkola",
                "2_odd": 4.3,
                "1_odd": 1.6,
                "draw_odd": 4.1,
                "both_noscore_odd": 2.52,
                "both_score_odd": 1.46,
                "X2_odd": 2.2,
                "1X_odd": 1.2,
                "12_odd": 1.21,
                "away_handicap_1.75_odd": 1.35,
                "home_handicap_-1.75_odd": 2.95,
                "away_handicap_1.25_odd": 1.57,
                "home_handicap_-1.25_odd": 2.25,
                "away_handicap_0.25_odd": 2.55,
                "home_handicap_-0.25_odd": 1.45,
                "away_handicap_1.5_odd": 1.47,
                "home_handicap_-1.5_odd": 2.5,
                "away_handicap_0.5_odd": 2.2,
                "home_handicap_-0.5_odd": 1.6,
                "away_handicap_0.75_odd": 1.95,
                "home_handicap_-0.75_odd": 1.75,
                "under_4.0_odd": 1.41,
                "over_4.0_odd": 2.68,
                "under_4.5_odd": 1.3,
                "over_4.5_odd": 3.2,
                "under_3.5_odd": 1.72,
                "over_3.5_odd": 2.0,
                "under_3.0_odd": 2.2,
                "over_3.0_odd": 1.6,
                "under_2.5_odd": 2.7,
                "over_2.5_odd": 1.4,
                "away_handicap_0.0_odd": 3.3,
                "home_handicap_0.0_odd": 1.28
            },
            {
                "match_id": 27504788,
                "date": "02/07/2025",
                "time": "16:30",
                "home_team": "Mikkelin Palloilijat",
                "away_team": "Inter Turku II",
                "match_url": "https://www.asbet.org/en/sports/live/event-view/Soccer/Finland/1867/ykkonen/27504788/mikkelin-palloilijat-inter-turku-ii",
                "home_handicap_0.5_odd": 1.56,
                "away_handicap_-0.5_odd": 2.27,
                "draw_odd": 4.0,
                "2_odd": 2.3,
                "1_odd": 2.4,
                "both_noscore_odd": 3.3,
                "both_score_odd": 1.28,
                "X2_odd": 1.5,
                "1X_odd": 1.54,
                "12_odd": 1.23,
                "home_handicap_-0.25_odd": 2.13,
                "away_handicap_0.25_odd": 1.63,
                "home_handicap_1.25_odd": 1.26,
                "away_handicap_-1.25_odd": 3.47,
                "home_handicap_0.75_odd": 1.43,
                "away_handicap_-0.75_odd": 2.62,
                "home_handicap_1.0_odd": 1.3,
                "away_handicap_-1.0_odd": 3.2,
                "home_handicap_-0.75_odd": 2.8,
                "away_handicap_0.75_odd": 1.38,
                "home_handicap_0.0_odd": 1.93,
                "away_handicap_0.0_odd": 1.77,
                "home_handicap_0.25_odd": 1.69,
                "away_handicap_-0.25_odd": 2.04,
                "over_3.0_odd": 1.38,
                "under_3.0_odd": 2.8,
                "home_handicap_-0.5_odd": 2.39,
                "away_handicap_0.5_odd": 1.51,
                "over_4.5_odd": 2.52,
                "under_4.5_odd": 1.46,
                "over_4.0_odd": 2.08,
                "under_4.0_odd": 1.66,
                "over_3.5_odd": 1.7,
                "under_3.5_odd": 2.02,
                "over_2.5_odd": 1.27,
                "under_2.5_odd": 3.4,
                "home_handicap_-1.0_odd": 3.57,
                "away_handicap_1.0_odd": 1.25
            },
            {
                "match_id": 27504860,
                "date": "02/07/2025",
                "time": "17:00",
                "home_team": "Atlantis FC Helsinki",
                "away_team": "Tampere United",
                "match_url": "https://www.asbet.org/en/sports/live/event-view/Soccer/Finland/1867/ykkonen/27504860/atlantis-fc-helsinki-tampere-united",
                "both_score_odd": 1.46,
                "both_noscore_odd": 2.52,
                "12_odd": 1.28,
                "X2_odd": 1.46,
                "1X_odd": 1.51,
                "under_4.0_odd": 1.28,
                "over_4.0_odd": 3.3,
                "under_3.5_odd": 1.53,
                "over_3.5_odd": 2.35,
                "under_3.0_odd": 1.85,
                "over_3.0_odd": 1.85,
                "away_handicap_0.75_odd": 1.34,
                "home_handicap_-0.75_odd": 3.0,
                "away_handicap_0.25_odd": 1.59,
                "home_handicap_-0.25_odd": 2.21,
                "away_handicap_0.5_odd": 1.47,
                "home_handicap_-0.5_odd": 2.5,
                "away_handicap_-0.75_odd": 2.8,
                "home_handicap_0.75_odd": 1.38,
                "away_handicap_-0.25_odd": 2.07,
                "home_handicap_0.25_odd": 1.67,
                "away_handicap_-1.0_odd": 3.65,
                "home_handicap_1.0_odd": 1.24,
                "away_handicap_-0.5_odd": 2.37,
                "home_handicap_0.5_odd": 1.52,
                "away_handicap_0.0_odd": 1.79,
                "home_handicap_0.0_odd": 1.91,
                "under_2.5_odd": 2.35,
                "over_2.5_odd": 1.53,
                "2_odd": 2.38,
                "1_odd": 2.55,
                "draw_odd": 3.5
            },
            {
                "match_id": 27499152,
                "date": "01/07/2025",
                "time": "16:30",
                "home_team": "FC Jazz Pori",
                "away_team": "EPS",
                "match_url": "https://www.asbet.org/en/sports/live/event-view/Soccer/Finland/1867/ykkonen/27499152/fc-jazz-pori-eps",
                "over_4.5_odd": 1.85,
                "under_4.5_odd": 1.85,
                "over_3.5_odd": 1.28,
                "under_3.5_odd": 3.3,
                "over_5.5_odd": 3.1,
                "under_5.5_odd": 1.32,
                "home_handicap_-1.5_odd": 1.36,
                "away_handicap_1.5_odd": 2.87,
                "home_handicap_-0.5_odd": 1.095,
                "away_handicap_0.5_odd": 6.0,
                "home_handicap_-2.0_odd": 1.57,
                "away_handicap_2.0_odd": 2.25,
                "home_handicap_-2.5_odd": 2.05,
                "away_handicap_2.5_odd": 1.68,
                "home_handicap_-1.25_odd": 1.24,
                "away_handicap_1.25_odd": 3.65,
                "home_handicap_-2.25_odd": 1.82,
                "away_handicap_2.25_odd": 1.88,
                "both_score_odd": 1.37,
                "both_noscore_odd": 2.85,
                "1X_odd": 1.01,
                "12_odd": 1.05,
                "X2_odd": 6.6,
                "home_handicap_-1.75_odd": 1.44,
                "away_handicap_1.75_odd": 2.59,
                "home_handicap_-0.75_odd": 1.11,
                "away_handicap_0.75_odd": 5.55,
                "home_handicap_-1.0_odd": 1.12,
                "away_handicap_1.0_odd": 5.35,
                "over_4.0_odd": 1.42,
                "under_4.0_odd": 2.65,
                "over_2.5_odd": 1.04,
                "under_2.5_odd": 8.5,
                "1_odd": 1.08,
                "draw_odd": 8.2,
                "2_odd": 17.0,
                "home_handicap_-2.75_odd": 2.4,
                "away_handicap_2.75_odd": 1.5,
                "over_6.0_odd": 4.9,
                "under_6.0_odd": 1.14,
                "over_5.0_odd": 2.5,
                "under_5.0_odd": 1.47,
                "home_handicap_-3.0_odd": 3.1,
                "away_handicap_3.0_odd": 1.32,
                "over_7.0_odd": 9.0,
                "under_7.0_odd": 1.03,
                "home_handicap_-3.25_odd": 3.47,
                "away_handicap_3.25_odd": 1.26,
                "home_handicap_-3.5_odd": 3.83,
                "away_handicap_3.5_odd": 1.22,
                "home_handicap_-3.75_odd": 4.75,
                "away_handicap_3.75_odd": 1.15
            }
        ]
    },
    {
        "tournament_name": "Veikkausliiga",
        "tournament_id": 1870,
        "matches": [
            {
                "match_id": 27449840,
                "date": "01/07/2025",
                "time": "16:00",
                "home_team": "KuPS Kuopio",
                "away_team": "IF Gnistan",
                "match_url": "https://www.asbet.org/en/sports/live/event-view/Soccer/Finland/1870/veikkausliiga/27449840/kups-kuopio-if-gnistan",
                "home_handicap_-1.25_odd": 1.13,
                "away_handicap_1.25_odd": 5.1,
                "home_handicap_-1.75_odd": 1.29,
                "away_handicap_1.75_odd": 3.25,
                "over_4.5_odd": 1.14,
                "under_4.5_odd": 4.9,
                "1_odd": 1.03,
                "draw_odd": 11.0,
                "2_odd": 29.0,
                "home_handicap_-1.5_odd": 1.22,
                "away_handicap_1.5_odd": 3.83,
                "home_handicap_-2.5_odd": 1.96,
                "away_handicap_2.5_odd": 1.74,
                "home_handicap_-2.0_odd": 1.39,
                "away_handicap_2.0_odd": 2.75,
                "home_handicap_-2.75_odd": 2.37,
                "away_handicap_2.75_odd": 1.52,
                "home_handicap_-3.5_odd": 4.05,
                "away_handicap_3.5_odd": 1.2,
                "home_handicap_-3.0_odd": 3.15,
                "away_handicap_3.0_odd": 1.31,
                "home_handicap_-2.25_odd": 1.69,
                "away_handicap_2.25_odd": 2.04,
                "over_6.0_odd": 2.39,
                "under_6.0_odd": 1.51,
                "over_5.0_odd": 1.24,
                "under_5.0_odd": 3.65,
                "over_5.5_odd": 1.71,
                "under_5.5_odd": 2.01,
                "over_6.5_odd": 3.15,
                "under_6.5_odd": 1.31,
                "over_7.0_odd": 5.55,
                "under_7.0_odd": 1.11,
                "home_handicap_-3.75_odd": 5.35,
                "away_handicap_3.75_odd": 1.12,
                "home_handicap_-3.25_odd": 3.65,
                "away_handicap_3.25_odd": 1.24,
                "over_8.0_odd": 9.7,
                "under_8.0_odd": 1.023
            },
            {
                "match_id": 27468002,
                "date": "04/07/2025",
                "time": "16:00",
                "home_team": "AC Oulu",
                "away_team": "KuPS Kuopio",
                "match_url": "https://www.asbet.org/en/sports/live/event-view/Soccer/Finland/1870/veikkausliiga/27468002/ac-oulu-kups-kuopio",
                "12_odd": 1.26,
                "X2_odd": 1.21,
                "1X_odd": 2.0,
                "under_3.0_odd": 1.56,
                "over_3.0_odd": 2.27,
                "away_handicap_-0.75_odd": 1.9,
                "home_handicap_0.75_odd": 1.8,
                "away_handicap_-0.25_odd": 1.51,
                "home_handicap_0.25_odd": 2.39,
                "away_handicap_-1.0_odd": 2.27,
                "home_handicap_1.0_odd": 1.56,
                "away_handicap_-0.5_odd": 1.7,
                "home_handicap_0.5_odd": 2.02,
                "under_2.5_odd": 1.95,
                "over_2.5_odd": 1.75,
                "2_odd": 1.68,
                "1_odd": 4.1,
                "draw_odd": 3.57,
                "home_handicap_1.25_odd": 1.44,
                "away_handicap_-1.25_odd": 2.59
            },
            {
                "match_id": 27487872,
                "date": "07/07/2025",
                "time": "16:00",
                "home_team": "Kotkan Tyovaen Palloilijat",
                "away_team": "IF Gnistan",
                "match_url": "https://www.asbet.org/en/sports/live/event-view/Soccer/Finland/1870/veikkausliiga/27487872/kotkan-tyovaen-palloilijat-if-gnistan",
                "12_odd": 1.28,
                "X2_odd": 1.32,
                "1X_odd": 1.69,
                "under_3.0_odd": 1.63,
                "over_3.0_odd": 2.13,
                "away_handicap_0.0_odd": 1.53,
                "home_handicap_0.0_odd": 2.35,
                "away_handicap_-0.75_odd": 2.35,
                "home_handicap_0.75_odd": 1.53,
                "away_handicap_-0.5_odd": 2.01,
                "home_handicap_0.5_odd": 1.71,
                "home_handicap_0.25_odd": 1.94,
                "away_handicap_-0.25_odd": 1.76,
                "draw_odd": 3.39,
                "2_odd": 2.0,
                "1_odd": 3.09,
                "under_2.5_odd": 2.05,
                "over_2.5_odd": 1.68
            },
            {
                "match_id": 27455502,
                "date": "02/07/2025",
                "time": "16:00",
                "home_team": "VPS",
                "away_team": "FC Haka Valkeakoski",
                "match_url": "https://www.asbet.org/en/sports/live/event-view/Soccer/Finland/1870/veikkausliiga/27455502/vps-fc-haka-valkeakoski",
                "X2_odd": 1.74,
                "1X_odd": 1.32,
                "12_odd": 1.26,
                "home_handicap_0.0_odd": 1.5,
                "away_handicap_0.0_odd": 2.4,
                "over_3.0_odd": 2.02,
                "under_3.0_odd": 1.7,
                "over_2.5_odd": 1.62,
                "under_2.5_odd": 2.15,
                "home_handicap_-0.75_odd": 2.25,
                "away_handicap_0.75_odd": 1.57,
                "home_handicap_-0.5_odd": 1.94,
                "away_handicap_0.5_odd": 1.76,
                "draw_odd": 3.61,
                "2_odd": 3.19,
                "1_odd": 1.96,
                "away_handicap_0.25_odd": 2.02,
                "home_handicap_-0.25_odd": 1.7,
                "over_3.5_odd": 2.52,
                "under_3.5_odd": 1.46,
                "both_score_odd": 1.57,
                "both_noscore_odd": 2.25,
                "over_2.0_odd": 1.28,
                "under_2.0_odd": 3.3,
                "home_handicap_-1.25_odd": 3.1,
                "away_handicap_1.25_odd": 1.32,
                "home_handicap_-1.5_odd": 3.4,
                "away_handicap_1.5_odd": 1.27,
                "home_handicap_-1.0_odd": 2.75,
                "away_handicap_1.0_odd": 1.39,
                "home_handicap_0.25_odd": 1.39,
                "away_handicap_-0.25_odd": 2.75,
                "home_handicap_0.5_odd": 1.32,
                "away_handicap_-0.5_odd": 3.1
            },
            {
                "match_id": 27455503,
                "date": "02/07/2025",
                "time": "16:00",
                "home_team": "FC Ilves",
                "away_team": "Kotkan Tyovaen Palloilijat",
                "match_url": "https://www.asbet.org/en/sports/live/event-view/Soccer/Finland/1870/veikkausliiga/27455503/fc-ilves-kotkan-tyovaen-palloilijat",
                "12_odd": 1.11,
                "X2_odd": 4.0,
                "1X_odd": 1.06,
                "away_handicap_1.75_odd": 1.95,
                "home_handicap_-1.75_odd": 1.75,
                "away_handicap_2.5_odd": 1.5,
                "home_handicap_-2.5_odd": 2.4,
                "home_handicap_-2.25_odd": 2.2,
                "away_handicap_2.25_odd": 1.6,
                "home_handicap_-1.5_odd": 1.61,
                "away_handicap_1.5_odd": 2.17,
                "home_handicap_-2.0_odd": 1.95,
                "away_handicap_2.0_odd": 1.75,
                "over_4.0_odd": 2.3,
                "under_4.0_odd": 1.55,
                "over_3.5_odd": 1.8,
                "under_3.5_odd": 1.9,
                "2_odd": 9.2,
                "draw_odd": 6.2,
                "1_odd": 1.21,
                "over_3.0_odd": 1.46,
                "under_3.0_odd": 2.52,
                "home_handicap_-1.25_odd": 1.46,
                "away_handicap_1.25_odd": 2.52,
                "both_score_odd": 1.7,
                "both_noscore_odd": 2.02,
                "over_4.5_odd": 2.75,
                "under_4.5_odd": 1.39,
                "over_2.5_odd": 1.32,
                "under_2.5_odd": 3.1,
                "home_handicap_-2.75_odd": 2.8,
                "away_handicap_2.75_odd": 1.38,
                "home_handicap_-3.0_odd": 3.47,
                "away_handicap_3.0_odd": 1.26,
                "home_handicap_-1.0_odd": 1.3,
                "away_handicap_1.0_odd": 3.2,
                "home_handicap_-0.75_odd": 1.25,
                "away_handicap_0.75_odd": 3.57
            },
            {
                "match_id": 27455504,
                "date": "02/07/2025",
                "time": "16:00",
                "home_team": "HJK Helsinki",
                "away_team": "FF Jaro",
                "match_url": "https://www.asbet.org/en/sports/live/event-view/Soccer/Finland/1870/veikkausliiga/27455504/hjk-helsinki-ff-jaro",
                "X2_odd": 3.63,
                "1X_odd": 1.06,
                "12_odd": 1.13,
                "home_handicap_-2.25_odd": 2.45,
                "away_handicap_2.25_odd": 1.48,
                "home_handicap_-1.25_odd": 1.53,
                "away_handicap_1.25_odd": 2.35,
                "home_handicap_-2.0_odd": 2.17,
                "away_handicap_2.0_odd": 1.61,
                "home_handicap_-1.5_odd": 1.7,
                "away_handicap_1.5_odd": 2.02,
                "home_handicap_-1.75_odd": 1.89,
                "away_handicap_1.75_odd": 1.81,
                "over_3.5_odd": 2.21,
                "under_3.5_odd": 1.59,
                "under_2.5_odd": 2.44,
                "over_2.5_odd": 1.49,
                "under_3.0_odd": 1.94,
                "over_3.0_odd": 1.76,
                "2_odd": 9.1,
                "1_odd": 1.23,
                "draw_odd": 5.5,
                "both_score_odd": 1.92,
                "both_noscore_odd": 1.78,
                "over_4.5_odd": 3.65,
                "under_4.5_odd": 1.24,
                "over_4.0_odd": 3.05,
                "under_4.0_odd": 1.33,
                "home_handicap_-2.75_odd": 3.25,
                "away_handicap_2.75_odd": 1.29,
                "home_handicap_-0.75_odd": 1.28,
                "away_handicap_0.75_odd": 3.3,
                "home_handicap_-2.5_odd": 2.7,
                "away_handicap_2.5_odd": 1.4,
                "home_handicap_-1.0_odd": 1.35,
                "away_handicap_1.0_odd": 2.95,
                "home_handicap_-0.5_odd": 1.24,
                "away_handicap_0.5_odd": 3.65
            },
            {
                "match_id": 27455505,
                "date": "02/07/2025",
                "time": "16:00",
                "home_team": "Inter Turku",
                "away_team": "IFK Mariehamn",
                "match_url": "https://www.asbet.org/en/sports/live/event-view/Soccer/Finland/1870/veikkausliiga/27455505/inter-turku-ifk-mariehamn",
                "12_odd": 1.1,
                "X2_odd": 4.4,
                "1X_odd": 1.04,
                "away_handicap_2.5_odd": 1.5,
                "home_handicap_-2.5_odd": 2.4,
                "over_2.5_odd": 1.46,
                "under_2.5_odd": 2.52,
                "over_3.5_odd": 2.13,
                "under_3.5_odd": 1.63,
                "over_3.0_odd": 1.7,
                "under_3.0_odd": 2.02,
                "home_handicap_-1.5_odd": 1.55,
                "away_handicap_1.5_odd": 2.3,
                "home_handicap_-2.25_odd": 2.17,
                "away_handicap_2.25_odd": 1.61,
                "home_handicap_-2.0_odd": 1.92,
                "away_handicap_2.0_odd": 1.78,
                "draw_odd": 6.2,
                "2_odd": 12.0,
                "1_odd": 1.17,
                "away_handicap_1.75_odd": 2.04,
                "home_handicap_-1.75_odd": 1.69,
                "both_score_odd": 2.08,
                "both_noscore_odd": 1.66,
                "over_4.5_odd": 3.47,
                "under_4.5_odd": 1.26,
                "over_4.0_odd": 2.95,
                "under_4.0_odd": 1.35,
                "home_handicap_-2.75_odd": 2.8,
                "away_handicap_2.75_odd": 1.38,
                "home_handicap_-1.25_odd": 1.4,
                "away_handicap_1.25_odd": 2.7,
                "home_handicap_-3.0_odd": 3.47,
                "away_handicap_3.0_odd": 1.26,
                "home_handicap_-1.0_odd": 1.24,
                "away_handicap_1.0_odd": 3.65
            },
            {
                "match_id": 27474118,
                "date": "05/07/2025",
                "time": "15:00",
                "home_team": "SJK",
                "away_team": "FC Ilves",
                "match_url": "https://www.asbet.org/en/sports/live/event-view/Soccer/Finland/1870/veikkausliiga/27474118/sjk-fc-ilves",
                "home_handicap_0.5_odd": 1.74,
                "away_handicap_-0.5_odd": 1.96,
                "draw_odd": 3.4,
                "2_odd": 1.95,
                "1_odd": 3.2,
                "X2_odd": 1.31,
                "1X_odd": 1.72,
                "12_odd": 1.28,
                "over_2.5_odd": 1.49,
                "under_2.5_odd": 2.44,
                "over_3.5_odd": 2.21,
                "under_3.5_odd": 1.59,
                "home_handicap_0.75_odd": 1.55,
                "away_handicap_-0.75_odd": 2.3,
                "home_handicap_0.25_odd": 1.97,
                "away_handicap_-0.25_odd": 1.73,
                "home_handicap_0.0_odd": 2.44,
                "away_handicap_0.0_odd": 1.49,
                "over_3.0_odd": 1.76,
                "under_3.0_odd": 1.94
            },
            {
                "match_id": 27474421,
                "date": "05/07/2025",
                "time": "17:00",
                "home_team": "VPS",
                "away_team": "HJK Helsinki",
                "match_url": "https://www.asbet.org/en/sports/live/event-view/Soccer/Finland/1870/veikkausliiga/27474421/vps-hjk-helsinki",
                "away_handicap_-0.5_odd": 1.78,
                "home_handicap_0.5_odd": 1.92,
                "2_odd": 1.79,
                "1_odd": 3.77,
                "draw_odd": 3.37,
                "12_odd": 1.28,
                "X2_odd": 1.24,
                "1X_odd": 1.86,
                "under_3.5_odd": 1.48,
                "over_3.5_odd": 2.45,
                "over_3.0_odd": 1.95,
                "under_3.0_odd": 1.75,
                "over_2.5_odd": 1.59,
                "under_2.5_odd": 2.21,
                "home_handicap_1.0_odd": 1.47,
                "away_handicap_-1.0_odd": 2.5,
                "home_handicap_0.75_odd": 1.68,
                "away_handicap_-0.75_odd": 2.05,
                "home_handicap_0.25_odd": 2.21,
                "away_handicap_-0.25_odd": 1.59
            },
            {
                "match_id": 27480744,
                "date": "06/07/2025",
                "time": "14:00",
                "home_team": "FF Jaro",
                "away_team": "IFK Mariehamn",
                "match_url": "https://www.asbet.org/en/sports/live/event-view/Soccer/Finland/1870/veikkausliiga/27480744/ff-jaro-ifk-mariehamn",
                "12_odd": 1.28,
                "X2_odd": 1.58,
                "1X_odd": 1.4,
                "under_3.0_odd": 1.5,
                "over_3.0_odd": 2.4,
                "away_handicap_0.25_odd": 1.76,
                "home_handicap_-0.25_odd": 1.94,
                "away_handicap_0.5_odd": 1.59,
                "home_handicap_-0.5_odd": 2.21,
                "home_handicap_0.25_odd": 1.51,
                "away_handicap_-0.25_odd": 2.39,
                "away_handicap_0.0_odd": 2.05,
                "home_handicap_0.0_odd": 1.68,
                "2_odd": 2.7,
                "1_odd": 2.2,
                "draw_odd": 3.4,
                "over_2.5_odd": 1.81,
                "under_2.5_odd": 1.89,
                "away_handicap_0.75_odd": 1.43,
                "home_handicap_-0.75_odd": 2.62
            },
            {
                "match_id": 27481285,
                "date": "06/07/2025",
                "time": "16:30",
                "home_team": "FC Haka Valkeakoski",
                "away_team": "Inter Turku",
                "match_url": "https://www.asbet.org/en/sports/live/event-view/Soccer/Finland/1870/veikkausliiga/27481285/fc-haka-valkeakoski-inter-turku",
                "X2_odd": 1.18,
                "1X_odd": 2.09,
                "12_odd": 1.25,
                "under_3.0_odd": 1.55,
                "over_3.0_odd": 2.3,
                "away_handicap_-0.75_odd": 1.78,
                "home_handicap_0.75_odd": 1.92,
                "away_handicap_-0.25_odd": 1.46,
                "home_handicap_0.25_odd": 2.52,
                "away_handicap_-1.0_odd": 2.12,
                "home_handicap_1.0_odd": 1.64,
                "away_handicap_-0.5_odd": 1.63,
                "home_handicap_0.5_odd": 2.13,
                "2_odd": 1.61,
                "1_odd": 4.5,
                "draw_odd": 3.6,
                "over_2.5_odd": 1.76,
                "under_2.5_odd": 1.94,
                "home_handicap_1.25_odd": 1.49,
                "away_handicap_-1.25_odd": 2.44
            }
        ]
    }
]