[
    {
        "tournament_name": "Super Cup",
        "tournament_id": 3108,
        "matches": [
            {
                "match_id": 27491848,
                "date": "02/07/2025",
                "time": "17:00",
                "home_team": "FC Dila Gori",
                "away_team": "FC Spaeri",
                "match_url": "https://www.asbet.org/en/sports/live/event-view/Soccer/Georgia/3108/super-cup/27491848/fc-dila-gori-fc-spaeri",
                "away_handicap_0.75_odd": 1.61,
                "home_handicap_-0.75_odd": 2.17,
                "X2_odd": 1.85,
                "1X_odd": 1.15,
                "12_odd": 1.4,
                "over_2.5_odd": 2.05,
                "under_2.5_odd": 1.68,
                "draw_odd": 2.74,
                "2_odd": 5.3,
                "1_odd": 1.83,
                "over_2.0_odd": 1.56,
                "under_2.0_odd": 2.27,
                "home_handicap_-0.5_odd": 1.79,
                "away_handicap_0.5_odd": 1.91,
                "home_handicap_-0.25_odd": 1.55,
                "away_handicap_0.25_odd": 2.3
            },
            {
                "match_id": 27491849,
                "date": "01/07/2025",
                "time": "17:00",
                "home_team": "Iberia 1999",
                "away_team": "Torpedo Kutaisi",
                "match_url": "https://www.asbet.org/en/sports/live/event-view/Soccer/Georgia/3108/super-cup/27491849/iberia--torpedo-kutaisi",
                "both_noscore_odd": 1.69,
                "both_score_odd": 2.04,
                "away_handicap_-0.5_odd": 4.3,
                "home_handicap_0.5_odd": 1.18,
                "under_3.0_odd": 1.26,
                "over_3.0_odd": 3.47,
                "away_handicap_1.0_odd": 1.44,
                "home_handicap_-1.0_odd": 2.59,
                "away_handicap_-0.25_odd": 3.83,
                "home_handicap_0.25_odd": 1.22,
                "away_handicap_1.5_odd": 1.26,
                "home_handicap_-1.5_odd": 3.47,
                "away_handicap_1.75_odd": 1.18,
                "home_handicap_-1.75_odd": 4.3,
                "away_handicap_1.25_odd": 1.33,
                "home_handicap_-1.25_odd": 3.05,
                "away_handicap_0.5_odd": 1.93,
                "home_handicap_-0.5_odd": 1.77,
                "X2_odd": 1.92,
                "1X_odd": 1.18,
                "12_odd": 1.33,
                "over_2.0_odd": 1.72,
                "under_2.0_odd": 2.0,
                "over_1.5_odd": 1.42,
                "under_1.5_odd": 2.65,
                "home_handicap_0.0_odd": 1.29,
                "away_handicap_0.0_odd": 3.25,
                "home_handicap_-0.25_odd": 1.54,
                "away_handicap_0.25_odd": 2.33,
                "over_2.5_odd": 2.27,
                "under_2.5_odd": 1.56,
                "draw_odd": 3.08,
                "2_odd": 4.7,
                "1_odd": 1.78,
                "away_handicap_0.75_odd": 1.68,
                "home_handicap_-0.75_odd": 2.05,
                "home_handicap_0.75_odd": 1.11,
                "away_handicap_-0.75_odd": 5.55
            }
        ]
    }
]