[
    {
        "tournament_name": "Virsliga",
        "tournament_id": 1939,
        "matches": [
            {
                "match_id": 27420147,
                "date": "01/07/2025",
                "time": "18:00",
                "home_team": "Riga FC",
                "away_team": "FS Jelgava",
                "match_url": "https://www.asbet.org/en/sports/live/event-view/Soccer/Latvia/1939/virsliga/27420147/riga-fc-fs-jelgava",
                "both_score_odd": 2.37,
                "both_noscore_odd": 1.52,
                "12_odd": 1.04,
                "X2_odd": 7.3,
                "1X_odd": 1.012,
                "over_4.5_odd": 2.85,
                "under_4.5_odd": 1.37,
                "under_4.0_odd": 1.55,
                "over_4.0_odd": 2.3,
                "under_3.5_odd": 1.94,
                "over_3.5_odd": 1.76,
                "over_3.0_odd": 1.42,
                "under_3.0_odd": 2.65,
                "home_handicap_-3.25_odd": 2.5,
                "away_handicap_3.25_odd": 1.47,
                "away_handicap_2.75_odd": 1.74,
                "home_handicap_-2.75_odd": 1.96,
                "home_handicap_-1.75_odd": 1.33,
                "away_handicap_1.75_odd": 3.05,
                "away_handicap_1.25_odd": 4.15,
                "home_handicap_-1.25_odd": 1.19,
                "home_handicap_-3.5_odd": 2.7,
                "away_handicap_3.5_odd": 1.4,
                "home_handicap_-3.0_odd": 2.27,
                "away_handicap_3.0_odd": 1.56,
                "home_handicap_-2.5_odd": 1.78,
                "away_handicap_2.5_odd": 1.92,
                "home_handicap_-2.0_odd": 1.41,
                "away_handicap_2.0_odd": 2.68,
                "home_handicap_-1.5_odd": 1.29,
                "away_handicap_1.5_odd": 3.25,
                "over_2.5_odd": 1.29,
                "under_2.5_odd": 3.25,
                "home_handicap_-2.25_odd": 1.6,
                "away_handicap_2.25_odd": 2.2,
                "draw_odd": 9.3,
                "2_odd": 17.0,
                "1_odd": 1.07,
                "home_handicap_-3.75_odd": 3.25,
                "away_handicap_3.75_odd": 1.29,
                "away_handicap_4.25_odd": 1.16,
                "home_handicap_-4.25_odd": 4.57,
                "away_handicap_4.5_odd": 1.14,
                "home_handicap_-4.5_odd": 4.9,
                "away_handicap_4.0_odd": 1.19,
                "home_handicap_-4.0_odd": 4.15
            },
            {
                "match_id": 27426676,
                "date": "02/07/2025",
                "time": "17:00",
                "home_team": "FK Metta",
                "away_team": "FK Tukums 2000/Telms",
                "match_url": "https://www.asbet.org/en/sports/live/event-view/Soccer/Latvia/1939/virsliga/27426676/fk-metta-fk-tukums-telms",
                "both_noscore_odd": 2.13,
                "both_score_odd": 1.63,
                "X2_odd": 1.47,
                "1X_odd": 1.45,
                "12_odd": 1.31,
                "under_3.5_odd": 1.34,
                "over_3.5_odd": 3.0,
                "under_3.0_odd": 1.51,
                "over_3.0_odd": 2.39,
                "under_2.0_odd": 2.75,
                "over_2.0_odd": 1.39,
                "away_handicap_0.75_odd": 1.34,
                "home_handicap_-0.75_odd": 3.0,
                "away_handicap_0.5_odd": 1.48,
                "home_handicap_-0.5_odd": 2.45,
                "away_handicap_0.0_odd": 1.87,
                "home_handicap_0.0_odd": 1.83,
                "away_handicap_-0.75_odd": 3.1,
                "home_handicap_0.75_odd": 1.32,
                "away_handicap_-0.25_odd": 2.21,
                "home_handicap_0.25_odd": 1.59,
                "away_handicap_-0.5_odd": 2.52,
                "home_handicap_0.5_odd": 1.46,
                "away_handicap_0.25_odd": 1.62,
                "home_handicap_-0.25_odd": 2.15,
                "under_2.5_odd": 1.9,
                "over_2.5_odd": 1.8,
                "2_odd": 2.57,
                "1_odd": 2.5,
                "draw_odd": 3.23,
                "under_1.5_odd": 3.47,
                "over_1.5_odd": 1.26
            },
            {
                "match_id": 27446884,
                "date": "05/07/2025",
                "time": "16:00",
                "home_team": "FK Auda",
                "away_team": "FS Jelgava",
                "match_url": "https://www.asbet.org/en/sports/live/event-view/Soccer/Latvia/1939/virsliga/27446884/fk-auda-fs-jelgava",
                "both_score_odd": 2.0,
                "both_noscore_odd": 1.72,
                "over_3.5_odd": 2.87,
                "under_3.5_odd": 1.36,
                "over_3.0_odd": 2.3,
                "under_3.0_odd": 1.55,
                "over_2.0_odd": 1.36,
                "under_2.0_odd": 2.87,
                "over_1.5_odd": 1.24,
                "under_1.5_odd": 3.65,
                "home_handicap_-2.25_odd": 3.57,
                "away_handicap_2.25_odd": 1.25,
                "home_handicap_-1.75_odd": 2.5,
                "away_handicap_1.75_odd": 1.47,
                "home_handicap_-0.75_odd": 1.54,
                "away_handicap_0.75_odd": 2.33,
                "home_handicap_-0.25_odd": 1.31,
                "away_handicap_0.25_odd": 3.15,
                "home_handicap_-2.0_odd": 3.2,
                "away_handicap_2.0_odd": 1.3,
                "home_handicap_-1.5_odd": 2.15,
                "away_handicap_1.5_odd": 1.62,
                "home_handicap_-1.0_odd": 1.69,
                "away_handicap_1.0_odd": 2.04,
                "home_handicap_-0.5_odd": 1.44,
                "away_handicap_0.5_odd": 2.59,
                "1X_odd": 1.14,
                "12_odd": 1.18,
                "X2_odd": 2.54,
                "over_2.5_odd": 1.76,
                "under_2.5_odd": 1.94,
                "home_handicap_-1.25_odd": 1.94,
                "away_handicap_1.25_odd": 1.76,
                "1_odd": 1.42,
                "draw_odd": 4.4,
                "2_odd": 5.3
            },
            {
                "match_id": 27440563,
                "date": "04/07/2025",
                "time": "17:00",
                "home_team": "Rigas FS",
                "away_team": "FK Liepaja",
                "match_url": "https://www.asbet.org/en/sports/live/event-view/Soccer/Latvia/1939/virsliga/27440563/rigas-fs-fk-liepaja",
                "1_odd": 1.27,
                "draw_odd": 5.2,
                "2_odd": 7.1,
                "home_handicap_-1.5_odd": 1.76,
                "away_handicap_1.5_odd": 1.94,
                "both_score_odd": 1.78,
                "both_noscore_odd": 1.92,
                "over_4.5_odd": 3.3,
                "under_4.5_odd": 1.28,
                "over_4.0_odd": 2.85,
                "under_4.0_odd": 1.37,
                "over_3.5_odd": 2.08,
                "under_3.5_odd": 1.66,
                "over_3.0_odd": 1.66,
                "under_3.0_odd": 2.08,
                "over_2.5_odd": 1.44,
                "under_2.5_odd": 2.59,
                "home_handicap_-2.75_odd": 3.3,
                "away_handicap_2.75_odd": 1.28,
                "home_handicap_-2.25_odd": 2.52,
                "away_handicap_2.25_odd": 1.46,
                "home_handicap_-1.75_odd": 1.93,
                "away_handicap_1.75_odd": 1.77,
                "home_handicap_-1.25_odd": 1.58,
                "away_handicap_1.25_odd": 2.23,
                "home_handicap_-0.75_odd": 1.34,
                "away_handicap_0.75_odd": 3.0,
                "home_handicap_-2.5_odd": 2.8,
                "away_handicap_2.5_odd": 1.38,
                "home_handicap_-2.0_odd": 2.25,
                "away_handicap_2.0_odd": 1.57,
                "home_handicap_-1.0_odd": 1.41,
                "away_handicap_1.0_odd": 2.68,
                "home_handicap_-0.5_odd": 1.29,
                "away_handicap_0.5_odd": 3.25,
                "1X_odd": 1.09,
                "12_odd": 1.13,
                "X2_odd": 3.27
            },
            {
                "match_id": 27452741,
                "date": "06/07/2025",
                "time": "16:00",
                "home_team": "SK Super Nova Salaspils",
                "away_team": "FK Tukums 2000/Telms",
                "match_url": "https://www.asbet.org/en/sports/live/event-view/Soccer/Latvia/1939/virsliga/27452741/sk-super-nova-salaspils-fk-tukums-telms",
                "both_score_odd": 1.7,
                "both_noscore_odd": 2.02,
                "over_3.5_odd": 2.87,
                "under_3.5_odd": 1.36,
                "over_3.0_odd": 2.3,
                "under_3.0_odd": 1.55,
                "over_2.0_odd": 1.36,
                "under_2.0_odd": 2.87,
                "over_1.5_odd": 1.24,
                "under_1.5_odd": 3.65,
                "home_handicap_-1.25_odd": 2.7,
                "away_handicap_1.25_odd": 1.4,
                "home_handicap_-0.25_odd": 1.51,
                "away_handicap_0.25_odd": 2.39,
                "home_handicap_-1.5_odd": 3.05,
                "away_handicap_1.5_odd": 1.33,
                "home_handicap_-1.0_odd": 2.37,
                "away_handicap_1.0_odd": 1.52,
                "home_handicap_-0.5_odd": 1.72,
                "away_handicap_0.5_odd": 2.0,
                "home_handicap_0.25_odd": 1.24,
                "away_handicap_-0.25_odd": 3.65,
                "1X_odd": 1.2,
                "12_odd": 1.28,
                "X2_odd": 1.97,
                "1_odd": 1.7,
                "draw_odd": 3.39,
                "2_odd": 4.3,
                "over_2.5_odd": 1.76,
                "under_2.5_odd": 1.94,
                "home_handicap_-0.75_odd": 1.92,
                "away_handicap_0.75_odd": 1.78,
                "home_handicap_0.0_odd": 1.3,
                "away_handicap_0.0_odd": 3.2
            },
            {
                "match_id": 27452740,
                "date": "06/07/2025",
                "time": "17:00",
                "home_team": "Riga FC",
                "away_team": "BFC Daugavpils",
                "match_url": "https://www.asbet.org/en/sports/live/event-view/Soccer/Latvia/1939/virsliga/27452740/riga-fc-bfc-daugavpils",
                "home_handicap_-2.25_odd": 1.92,
                "away_handicap_2.25_odd": 1.78,
                "1_odd": 1.13,
                "draw_odd": 6.3,
                "2_odd": 13.0,
                "both_score_odd": 2.2,
                "both_noscore_odd": 1.6,
                "over_4.5_odd": 3.25,
                "under_4.5_odd": 1.29,
                "over_4.0_odd": 2.7,
                "under_4.0_odd": 1.4,
                "over_3.5_odd": 2.02,
                "under_3.5_odd": 1.7,
                "over_3.0_odd": 1.61,
                "under_3.0_odd": 2.17,
                "over_2.5_odd": 1.41,
                "under_2.5_odd": 2.68,
                "home_handicap_-3.25_odd": 3.25,
                "away_handicap_3.25_odd": 1.29,
                "home_handicap_-2.75_odd": 2.44,
                "away_handicap_2.75_odd": 1.49,
                "home_handicap_-1.75_odd": 1.55,
                "away_handicap_1.75_odd": 2.3,
                "home_handicap_-1.25_odd": 1.32,
                "away_handicap_1.25_odd": 3.1,
                "home_handicap_-3.5_odd": 3.57,
                "away_handicap_3.5_odd": 1.25,
                "home_handicap_-3.0_odd": 3.0,
                "away_handicap_3.0_odd": 1.34,
                "home_handicap_-2.5_odd": 2.13,
                "away_handicap_2.5_odd": 1.63,
                "home_handicap_-2.0_odd": 1.7,
                "away_handicap_2.0_odd": 2.02,
                "home_handicap_-1.5_odd": 1.46,
                "away_handicap_1.5_odd": 2.52,
                "1X_odd": 1.025,
                "12_odd": 1.09,
                "X2_odd": 5.1
            },
            {
                "match_id": 27420148,
                "date": "01/07/2025",
                "time": "16:00",
                "home_team": "SK Super Nova Salaspils",
                "away_team": "FK Auda",
                "match_url": "https://www.asbet.org/en/sports/live/event-view/Soccer/Latvia/1939/virsliga/27420148/sk-super-nova-salaspils-fk-auda",
                "both_score_odd": 3.1,
                "both_noscore_odd": 1.32,
                "1X_odd": 1.73,
                "12_odd": 1.4,
                "X2_odd": 1.2,
                "over_3.0_odd": 6.9,
                "under_3.0_odd": 1.07,
                "over_2.0_odd": 2.87,
                "under_2.0_odd": 1.36,
                "over_1.5_odd": 1.85,
                "under_1.5_odd": 1.85,
                "home_handicap_-0.25_odd": 3.47,
                "away_handicap_0.25_odd": 1.26,
                "home_handicap_-0.5_odd": 4.05,
                "away_handicap_0.5_odd": 1.2,
                "home_handicap_0.0_odd": 2.87,
                "away_handicap_0.0_odd": 1.36,
                "home_handicap_1.25_odd": 1.24,
                "away_handicap_-1.25_odd": 3.65,
                "home_handicap_0.25_odd": 2.07,
                "away_handicap_-0.25_odd": 1.67,
                "home_handicap_1.5_odd": 1.2,
                "away_handicap_-1.5_odd": 4.05,
                "home_handicap_1.0_odd": 1.31,
                "away_handicap_-1.0_odd": 3.15,
                "home_handicap_0.5_odd": 1.74,
                "away_handicap_-0.5_odd": 1.96,
                "home_handicap_0.75_odd": 1.53,
                "away_handicap_-0.75_odd": 2.35,
                "over_2.5_odd": 3.83,
                "under_2.5_odd": 1.22,
                "1_odd": 4.35,
                "draw_odd": 2.75,
                "2_odd": 1.97,
                "home_handicap_1.75_odd": 1.12,
                "away_handicap_-1.75_odd": 5.35,
                "home_handicap_-0.75_odd": 5.35,
                "away_handicap_0.75_odd": 1.12,
                "over_1.0_odd": 1.3,
                "under_1.0_odd": 3.2,
                "over_0.5_odd": 1.18,
                "under_0.5_odd": 4.3
            }
        ]
    }
]