[
    {
        "tournament_name": "U20 COSAFA Championship - Women",
        "tournament_id": 18266434,
        "matches": [
            {
                "match_id": 27546038,
                "date": "09/07/2025",
                "time": "11:00",
                "home_team": "South Africa U20 (Wom)",
                "away_team": "Angola U20 (Wom)",
                "match_url": "https://www.asbet.org/en/sports/pre-match/event-view/Soccer/Africa/18266434/u-cosafa-championship---women/27546038/south-africa-u-wom-angola-u-wom",
                "over_4.5_odd": 2.2,
                "under_4.5_odd": 1.6,
                "over_3.5_odd": 1.54,
                "under_3.5_odd": 2.33,
                "home_handicap_-2.75_odd": 2.59,
                "away_handicap_2.75_odd": 1.44,
                "home_handicap_-2.25_odd": 2.05,
                "away_handicap_2.25_odd": 1.68,
                "home_handicap_-1.75_odd": 1.7,
                "away_handicap_1.75_odd": 2.02,
                "home_handicap_-1.25_odd": 1.47,
                "away_handicap_1.25_odd": 2.5,
                "home_handicap_-2.5_odd": 2.25,
                "away_handicap_2.5_odd": 1.57,
                "home_handicap_-1.5_odd": 1.58,
                "away_handicap_1.5_odd": 2.23,
                "1X_odd": 1.09,
                "12_odd": 1.11,
                "X2_odd": 3.45,
                "home_handicap_-2.0_odd": 1.83,
                "away_handicap_2.0_odd": 1.87,
                "over_4.0_odd": 1.8,
                "under_4.0_odd": 1.9,
                "1_odd": 1.26,
                "draw_odd": 6.2,
                "2_odd": 7.1
            }
        ]
    },
    {
        "tournament_name": "Africa Cup of Nations - Women",
        "tournament_id": 15834,
        "matches": [
            {
                "match_id": 27553459,
                "date": "10/07/2025",
                "time": "17:00",
                "home_team": "Tunisia (Wom)",
                "away_team": "Algeria (Wom)",
                "match_url": "https://www.asbet.org/en/sports/pre-match/event-view/Soccer/Africa/15834/africa-cup-of-nations---women/27553459/tunisia-wom-algeria-wom",
                "both_score_odd": 1.87,
                "both_noscore_odd": 1.83,
                "1X_odd": 2.15,
                "12_odd": 1.25,
                "X2_odd": 1.17,
                "over_1.5_odd": 1.28,
                "under_1.5_odd": 3.3,
                "over_3.5_odd": 3.15,
                "under_3.5_odd": 1.31,
                "home_handicap_1.75_odd": 1.29,
                "away_handicap_-1.75_odd": 3.25,
                "home_handicap_0.5_odd": 2.17,
                "away_handicap_-0.5_odd": 1.61,
                "home_handicap_1.25_odd": 1.51,
                "away_handicap_-1.25_odd": 2.39,
                "home_handicap_0.25_odd": 2.62,
                "away_handicap_-0.25_odd": 1.43,
                "home_handicap_1.5_odd": 1.41,
                "away_handicap_-1.5_odd": 2.68,
                "home_handicap_1.0_odd": 1.67,
                "away_handicap_-1.0_odd": 2.07,
                "home_handicap_0.75_odd": 1.94,
                "away_handicap_-0.75_odd": 1.76,
                "home_handicap_0.0_odd": 3.57,
                "away_handicap_0.0_odd": 1.25,
                "over_3.0_odd": 2.5,
                "under_3.0_odd": 1.47,
                "over_2.0_odd": 1.43,
                "under_2.0_odd": 2.62,
                "1_odd": 4.8,
                "draw_odd": 3.7,
                "2_odd": 1.6,
                "over_2.5_odd": 1.86,
                "under_2.5_odd": 1.84
            },
            {
                "match_id": 27553864,
                "date": "10/07/2025",
                "time": "20:00",
                "home_team": "Botswana (Wom)",
                "away_team": "Nigeria (Wom)",
                "match_url": "https://www.asbet.org/en/sports/pre-match/event-view/Soccer/Africa/15834/africa-cup-of-nations---women/27553864/botswana-wom-nigeria-wom",
                "both_score_odd": 2.4,
                "both_noscore_odd": 1.5,
                "1X_odd": 5.6,
                "12_odd": 1.1,
                "home_handicap_2.25_odd": 2.01,
                "away_handicap_-2.25_odd": 1.71,
                "home_handicap_1.75_odd": 2.55,
                "away_handicap_-1.75_odd": 1.45,
                "home_handicap_1.25_odd": 3.4,
                "away_handicap_-1.25_odd": 1.27,
                "home_handicap_1.5_odd": 2.8,
                "away_handicap_-1.5_odd": 1.38,
                "over_4.0_odd": 2.65,
                "under_4.0_odd": 1.42,
                "over_3.5_odd": 1.93,
                "under_3.5_odd": 1.77,
                "over_3.0_odd": 1.55,
                "under_3.0_odd": 2.3,
                "home_handicap_2.0_odd": 2.33,
                "away_handicap_-2.0_odd": 1.54,
                "1_odd": 29.0,
                "draw_odd": 6.0,
                "2_odd": 1.11,
                "over_2.5_odd": 1.37,
                "under_2.5_odd": 2.85,
                "home_handicap_2.75_odd": 1.65,
                "away_handicap_-2.75_odd": 2.1,
                "home_handicap_3.0_odd": 1.49,
                "away_handicap_-3.0_odd": 2.44,
                "home_handicap_2.5_odd": 1.86,
                "away_handicap_-2.5_odd": 1.84,
                "over_4.5_odd": 3.25,
                "under_4.5_odd": 1.29,
                "home_handicap_3.25_odd": 1.4,
                "away_handicap_-3.25_odd": 2.7,
                "home_handicap_3.75_odd": 1.24,
                "away_handicap_-3.75_odd": 3.65,
                "home_handicap_3.5_odd": 1.35,
                "away_handicap_-3.5_odd": 2.95
            }
        ]
    },
    {
        "tournament_name": "Africa Cup of Nations. Outright",
        "tournament_id": 20915,
        "matches": []
    }
]