[
    {
        "tournament_name": "U23 Victoria Premier League 1",
        "tournament_id": 18288654,
        "matches": [
            {
                "match_id": 27552870,
                "date": "11/07/2025",
                "time": "09:30",
                "home_team": "Caroline Springs George Cross U23",
                "away_team": "FC Bulleen Lions U23",
                "match_url": "https://www.asbet.org/en/sports/pre-match/event-view/Soccer/Australia/18288654/u-victoria-premier-league/27552870/caroline-springs-george-cross-u-fc-bulleen-lions-u",
                "over_4.5_odd": 2.08,
                "under_4.5_odd": 1.66,
                "over_4.0_odd": 1.71,
                "under_4.0_odd": 2.01,
                "over_3.5_odd": 1.49,
                "under_3.5_odd": 2.44,
                "home_handicap_2.75_odd": 1.48,
                "away_handicap_-2.75_odd": 2.45,
                "home_handicap_2.25_odd": 1.73,
                "away_handicap_-2.25_odd": 1.97,
                "home_handicap_1.75_odd": 2.1,
                "away_handicap_-1.75_odd": 1.65,
                "home_handicap_2.5_odd": 1.61,
                "away_handicap_-2.5_odd": 2.17,
                "home_handicap_1.5_odd": 2.3,
                "away_handicap_-1.5_odd": 1.55,
                "1X_odd": 3.91,
                "12_odd": 1.11,
                "X2_odd": 1.06,
                "home_handicap_2.0_odd": 1.94,
                "away_handicap_-2.0_odd": 1.76,
                "1_odd": 8.8,
                "draw_odd": 5.9,
                "2_odd": 1.2
            }
        ]
    },
    {
        "tournament_name": "NPL NSW - Women",
        "tournament_id": 31967,
        "matches": [
            {
                "match_id": 27540132,
                "date": "09/07/2025",
                "time": "10:30",
                "home_team": "Sydney University SFC (Wom)",
                "away_team": "Northern Tigers FC (Wom)",
                "match_url": "https://www.asbet.org/en/sports/pre-match/event-view/Soccer/Australia/31967/npl-nsw---women/27540132/sydney-university-sfc-wom-northern-tigers-fc-wom",
                "1_odd": 3.21,
                "draw_odd": 4.0,
                "2_odd": 1.85,
                "home_handicap_0.25_odd": 2.08,
                "away_handicap_-0.25_odd": 1.66,
                "over_3.5_odd": 1.64,
                "under_3.5_odd": 2.12,
                "home_handicap_1.0_odd": 1.5,
                "away_handicap_-1.0_odd": 2.4,
                "home_handicap_0.75_odd": 1.73,
                "away_handicap_-0.75_odd": 1.97,
                "home_handicap_0.5_odd": 1.85,
                "away_handicap_-0.5_odd": 1.85,
                "1X_odd": 1.83,
                "12_odd": 1.22,
                "X2_odd": 1.31,
                "over_4.0_odd": 1.96,
                "under_4.0_odd": 1.74,
                "over_4.5_odd": 2.4,
                "under_4.5_odd": 1.5,
                "home_handicap_0.0_odd": 2.5,
                "away_handicap_0.0_odd": 1.47
            }
        ]
    },
    {
        "tournament_name": "NPL Tasmania",
        "tournament_id": 5045,
        "matches": [
            {
                "match_id": 27533071,
                "date": "12/07/2025",
                "time": "05:00",
                "home_team": "South Hobart FC",
                "away_team": "Riverside Olympic SC",
                "match_url": "https://www.asbet.org/en/sports/pre-match/event-view/Soccer/Australia/5045/npl-tasmania/27533071/south-hobart-fc-riverside-olympic-sc",
                "away_handicap_3.5_odd": 1.51,
                "home_handicap_-3.5_odd": 2.39,
                "over_5.5_odd": 1.85,
                "under_5.5_odd": 1.85,
                "draw_odd": 8.1,
                "2_odd": 8.1,
                "1_odd": 1.15,
                "both_score_odd": 1.28,
                "both_noscore_odd": 3.3,
                "over_6.5_odd": 2.8,
                "under_6.5_odd": 1.38,
                "over_6.0_odd": 2.35,
                "under_6.0_odd": 1.53,
                "over_5.0_odd": 1.56,
                "under_5.0_odd": 2.27,
                "over_4.5_odd": 1.41,
                "under_4.5_odd": 2.68,
                "home_handicap_-4.25_odd": 3.4,
                "away_handicap_4.25_odd": 1.27,
                "home_handicap_-3.75_odd": 2.7,
                "away_handicap_3.75_odd": 1.4,
                "home_handicap_-2.75_odd": 1.83,
                "away_handicap_2.75_odd": 1.87,
                "home_handicap_-2.25_odd": 1.58,
                "away_handicap_2.25_odd": 2.23,
                "home_handicap_-1.75_odd": 1.38,
                "away_handicap_1.75_odd": 2.8,
                "home_handicap_-4.0_odd": 3.2,
                "away_handicap_4.0_odd": 1.3,
                "home_handicap_-2.5_odd": 1.72,
                "away_handicap_2.5_odd": 2.0,
                "home_handicap_-2.0_odd": 1.45,
                "away_handicap_2.0_odd": 2.55,
                "1X_odd": 1.06,
                "12_odd": 1.06,
                "X2_odd": 4.7,
                "home_handicap_-3.25_odd": 2.21,
                "away_handicap_3.25_odd": 1.59,
                "home_handicap_-3.0_odd": 2.02,
                "away_handicap_3.0_odd": 1.7,
                "home_handicap_-1.5_odd": 1.33,
                "away_handicap_1.5_odd": 3.05,
                "home_handicap_-1.25_odd": 1.26,
                "away_handicap_1.25_odd": 3.47
            },
            {
                "match_id": 27533157,
                "date": "12/07/2025",
                "time": "05:30",
                "home_team": "Devonport City FC",
                "away_team": "Clarence Zebras FC",
                "match_url": "https://www.asbet.org/en/sports/pre-match/event-view/Soccer/Australia/5045/npl-tasmania/27533157/devonport-city-fc-clarence-zebras-fc",
                "both_noscore_odd": 2.4,
                "both_score_odd": 1.5,
                "under_6.5_odd": 1.26,
                "over_6.5_odd": 3.47,
                "under_6.0_odd": 1.34,
                "over_6.0_odd": 3.0,
                "under_5.5_odd": 1.59,
                "over_5.5_odd": 2.21,
                "under_4.5_odd": 2.21,
                "over_4.5_odd": 1.59,
                "under_4.0_odd": 3.0,
                "over_4.0_odd": 1.34,
                "under_3.5_odd": 3.47,
                "over_3.5_odd": 1.26,
                "away_handicap_4.25_odd": 1.32,
                "home_handicap_-4.25_odd": 3.1,
                "away_handicap_3.75_odd": 1.49,
                "home_handicap_-3.75_odd": 2.44,
                "away_handicap_3.25_odd": 1.72,
                "home_handicap_-3.25_odd": 2.0,
                "away_handicap_2.75_odd": 2.05,
                "home_handicap_-2.75_odd": 1.68,
                "away_handicap_2.25_odd": 2.52,
                "home_handicap_-2.25_odd": 1.46,
                "away_handicap_1.75_odd": 3.25,
                "home_handicap_-1.75_odd": 1.29,
                "away_handicap_4.5_odd": 1.28,
                "home_handicap_-4.5_odd": 3.3,
                "away_handicap_4.0_odd": 1.37,
                "home_handicap_-4.0_odd": 2.85,
                "away_handicap_3.5_odd": 1.61,
                "home_handicap_-3.5_odd": 2.17,
                "away_handicap_2.5_odd": 2.23,
                "home_handicap_-2.5_odd": 1.58,
                "away_handicap_2.0_odd": 3.05,
                "home_handicap_-2.0_odd": 1.33,
                "away_handicap_1.5_odd": 3.47,
                "home_handicap_-1.5_odd": 1.26,
                "X2_odd": 6.3,
                "1X_odd": 1.02,
                "12_odd": 1.05,
                "home_handicap_-3.0_odd": 1.8,
                "away_handicap_3.0_odd": 1.9,
                "over_5.0_odd": 1.85,
                "under_5.0_odd": 1.85,
                "draw_odd": 8.0,
                "2_odd": 13.0,
                "1_odd": 1.09
            },
            {
                "match_id": 27533765,
                "date": "12/07/2025",
                "time": "07:30",
                "home_team": "Kingborough Lions United FC",
                "away_team": "Launceston United SC",
                "match_url": "https://www.asbet.org/en/sports/pre-match/event-view/Soccer/Australia/5045/npl-tasmania/27533765/kingborough-lions-united-fc-launceston-united-sc",
                "both_score_odd": 1.46,
                "both_noscore_odd": 2.52,
                "over_6.5_odd": 3.65,
                "under_6.5_odd": 1.24,
                "under_6.0_odd": 1.32,
                "over_6.0_odd": 3.1,
                "under_5.5_odd": 1.56,
                "over_5.5_odd": 2.27,
                "under_4.5_odd": 2.15,
                "over_4.5_odd": 1.62,
                "under_4.0_odd": 2.87,
                "over_4.0_odd": 1.36,
                "under_3.5_odd": 3.4,
                "over_3.5_odd": 1.27,
                "away_handicap_4.25_odd": 1.28,
                "home_handicap_-4.25_odd": 3.3,
                "away_handicap_3.75_odd": 1.42,
                "home_handicap_-3.75_odd": 2.65,
                "away_handicap_3.25_odd": 1.62,
                "home_handicap_-3.25_odd": 2.15,
                "away_handicap_2.75_odd": 1.92,
                "home_handicap_-2.75_odd": 1.78,
                "away_handicap_2.25_odd": 2.35,
                "home_handicap_-2.25_odd": 1.53,
                "home_handicap_-1.75_odd": 1.34,
                "away_handicap_1.75_odd": 3.0,
                "away_handicap_4.5_odd": 1.24,
                "home_handicap_-4.5_odd": 3.65,
                "home_handicap_-4.0_odd": 3.15,
                "away_handicap_4.0_odd": 1.31,
                "away_handicap_3.5_odd": 1.53,
                "home_handicap_-3.5_odd": 2.35,
                "away_handicap_2.5_odd": 2.08,
                "home_handicap_-2.5_odd": 1.66,
                "away_handicap_2.0_odd": 2.7,
                "home_handicap_-2.0_odd": 1.4,
                "home_handicap_-1.5_odd": 1.3,
                "away_handicap_1.5_odd": 3.2,
                "12_odd": 1.07,
                "X2_odd": 5.4,
                "1X_odd": 1.03,
                "away_handicap_3.0_odd": 1.78,
                "home_handicap_-3.0_odd": 1.92,
                "under_5.0_odd": 1.8,
                "over_5.0_odd": 1.9,
                "2_odd": 12.0,
                "1_odd": 1.11,
                "draw_odd": 7.3
            },
            {
                "match_id": 27533811,
                "date": "12/07/2025",
                "time": "07:45",
                "home_team": "Glenorchy Knights FC",
                "away_team": "Launceston City FC",
                "match_url": "https://www.asbet.org/en/sports/pre-match/event-view/Soccer/Australia/5045/npl-tasmania/27533811/glenorchy-knights-fc-launceston-city-fc",
                "both_noscore_odd": 3.4,
                "both_score_odd": 1.27,
                "under_5.0_odd": 1.29,
                "over_5.0_odd": 3.25,
                "under_4.5_odd": 1.54,
                "over_4.5_odd": 2.33,
                "under_3.5_odd": 2.21,
                "over_3.5_odd": 1.59,
                "under_3.0_odd": 3.15,
                "over_3.0_odd": 1.31,
                "away_handicap_-1.25_odd": 3.1,
                "home_handicap_1.25_odd": 1.32,
                "away_handicap_-0.75_odd": 2.37,
                "home_handicap_0.75_odd": 1.52,
                "away_handicap_-0.25_odd": 1.9,
                "home_handicap_0.25_odd": 1.8,
                "away_handicap_-1.0_odd": 2.8,
                "home_handicap_1.0_odd": 1.38,
                "away_handicap_-0.5_odd": 2.07,
                "home_handicap_0.5_odd": 1.67,
                "X2_odd": 1.47,
                "1X_odd": 1.65,
                "12_odd": 1.19,
                "draw_odd": 4.5,
                "2_odd": 2.05,
                "1_odd": 2.45,
                "under_4.0_odd": 1.8,
                "over_4.0_odd": 1.9,
                "away_handicap_-1.5_odd": 3.3,
                "home_handicap_1.5_odd": 1.28,
                "away_handicap_0.0_odd": 1.7,
                "home_handicap_0.0_odd": 2.02,
                "home_handicap_-0.25_odd": 2.25,
                "away_handicap_0.25_odd": 1.57,
                "away_handicap_0.75_odd": 1.36,
                "home_handicap_-0.75_odd": 2.87,
                "away_handicap_0.5_odd": 1.48,
                "home_handicap_-0.5_odd": 2.45,
                "away_handicap_1.0_odd": 1.24,
                "home_handicap_-1.0_odd": 3.65
            }
        ]
    },
    {
        "tournament_name": "Queensland Premier League 1",
        "tournament_id": 28038,
        "matches": [
            {
                "match_id": 27545629,
                "date": "09/07/2025",
                "time": "10:15",
                "home_team": "Brisbane Strikers FC",
                "away_team": "Broadbeach United",
                "match_url": "https://www.asbet.org/en/sports/pre-match/event-view/Soccer/Australia/28038/queensland-premier-league/27545629/brisbane-strikers-fc-broadbeach-united",
                "over_4.5_odd": 2.39,
                "under_4.5_odd": 1.51,
                "over_3.5_odd": 1.62,
                "under_3.5_odd": 2.15,
                "over_2.5_odd": 1.24,
                "under_2.5_odd": 3.65,
                "1_odd": 1.85,
                "draw_odd": 4.5,
                "2_odd": 2.96,
                "both_score_odd": 1.28,
                "both_noscore_odd": 3.3,
                "1X_odd": 1.36,
                "12_odd": 1.19,
                "X2_odd": 1.82,
                "over_4.0_odd": 1.94,
                "under_4.0_odd": 1.76,
                "over_3.0_odd": 1.33,
                "under_3.0_odd": 3.05,
                "home_handicap_-1.25_odd": 2.62,
                "away_handicap_1.25_odd": 1.43,
                "home_handicap_-0.25_odd": 1.68,
                "away_handicap_0.25_odd": 2.05,
                "home_handicap_-1.5_odd": 2.87,
                "away_handicap_1.5_odd": 1.36,
                "home_handicap_-1.0_odd": 2.4,
                "away_handicap_1.0_odd": 1.5,
                "home_handicap_-0.5_odd": 1.84,
                "away_handicap_0.5_odd": 1.86,
                "home_handicap_0.0_odd": 1.51,
                "away_handicap_0.0_odd": 2.39,
                "home_handicap_0.25_odd": 1.43,
                "away_handicap_-0.25_odd": 2.62,
                "home_handicap_0.5_odd": 1.35,
                "away_handicap_-0.5_odd": 2.95,
                "home_handicap_-0.75_odd": 2.05,
                "away_handicap_0.75_odd": 1.68,
                "home_handicap_0.75_odd": 1.26,
                "away_handicap_-0.75_odd": 3.47,
                "home_handicap_-1.75_odd": 3.4,
                "away_handicap_1.75_odd": 1.27,
                "over_5.0_odd": 3.4,
                "under_5.0_odd": 1.27
            }
        ]
    },
    {
        "tournament_name": "Victoria Premier League 1",
        "tournament_id": 10505,
        "matches": [
            {
                "match_id": 27546041,
                "date": "09/07/2025",
                "time": "11:00",
                "home_team": "Western United FC (Youth)",
                "away_team": "FC Bulleen Lions",
                "match_url": "https://www.asbet.org/en/sports/pre-match/event-view/Soccer/Australia/10505/victoria-premier-league/27546041/western-united-fc-youth-fc-bulleen-lions",
                "both_noscore_odd": 2.87,
                "both_score_odd": 1.36,
                "over_4.5_odd": 3.1,
                "under_4.5_odd": 1.32,
                "over_4.0_odd": 2.45,
                "under_4.0_odd": 1.48,
                "over_3.0_odd": 1.49,
                "under_3.0_odd": 2.44,
                "home_handicap_-1.25_odd": 2.55,
                "away_handicap_1.25_odd": 1.45,
                "home_handicap_-0.25_odd": 1.58,
                "away_handicap_0.25_odd": 2.23,
                "home_handicap_-1.5_odd": 2.85,
                "away_handicap_1.5_odd": 1.37,
                "home_handicap_-1.0_odd": 2.3,
                "away_handicap_1.0_odd": 1.55,
                "home_handicap_0.25_odd": 1.32,
                "away_handicap_-0.25_odd": 3.1,
                "home_handicap_0.5_odd": 1.27,
                "away_handicap_-0.5_odd": 3.4,
                "12_odd": 1.23,
                "X2_odd": 1.92,
                "1X_odd": 1.27,
                "over_2.5_odd": 1.33,
                "under_2.5_odd": 3.05,
                "home_handicap_0.0_odd": 1.39,
                "away_handicap_0.0_odd": 2.75,
                "over_3.5_odd": 1.85,
                "under_3.5_odd": 1.85,
                "home_handicap_-0.5_odd": 1.76,
                "away_handicap_0.5_odd": 1.94,
                "draw_odd": 3.96,
                "2_odd": 3.55,
                "1_odd": 1.77,
                "home_handicap_-0.75_odd": 1.94,
                "away_handicap_0.75_odd": 1.76,
                "home_handicap_-1.75_odd": 3.4,
                "away_handicap_1.75_odd": 1.27
            }
        ]
    },
    {
        "tournament_name": "NPL Northern NSW",
        "tournament_id": 6129,
        "matches": [
            {
                "match_id": 27534558,
                "date": "09/07/2025",
                "time": "11:00",
                "home_team": "Weston Workers Bears FC",
                "away_team": "Lambton Jaffas FC",
                "match_url": "https://www.asbet.org/en/sports/pre-match/event-view/Soccer/Australia/6129/npl-northern-nsw/27534558/weston-workers-bears-fc-lambton-jaffas-fc",
                "1_odd": 1.55,
                "draw_odd": 4.5,
                "2_odd": 4.2,
                "both_score_odd": 1.53,
                "both_noscore_odd": 2.35,
                "home_handicap_-0.5_odd": 1.56,
                "away_handicap_0.5_odd": 2.27,
                "1X_odd": 1.21,
                "12_odd": 1.18,
                "X2_odd": 2.28,
                "over_4.0_odd": 2.75,
                "under_4.0_odd": 1.39,
                "over_3.5_odd": 2.05,
                "under_3.5_odd": 1.68,
                "over_2.5_odd": 1.41,
                "under_2.5_odd": 2.68,
                "home_handicap_-1.75_odd": 2.68,
                "away_handicap_1.75_odd": 1.41,
                "home_handicap_-0.75_odd": 1.68,
                "away_handicap_0.75_odd": 2.05,
                "home_handicap_-0.25_odd": 1.42,
                "away_handicap_0.25_odd": 2.65,
                "home_handicap_-1.25_odd": 2.08,
                "away_handicap_1.25_odd": 1.66,
                "over_3.0_odd": 1.64,
                "under_3.0_odd": 2.12,
                "home_handicap_-1.5_odd": 2.3,
                "away_handicap_1.5_odd": 1.55,
                "home_handicap_-1.0_odd": 1.84,
                "away_handicap_1.0_odd": 1.86,
                "over_4.5_odd": 3.3,
                "under_4.5_odd": 1.28,
                "home_handicap_-2.0_odd": 3.3,
                "away_handicap_2.0_odd": 1.28,
                "home_handicap_0.0_odd": 1.28,
                "away_handicap_0.0_odd": 3.3
            },
            {
                "match_id": 27527831,
                "date": "09/07/2025",
                "time": "11:00",
                "home_team": "Charlestown Azzurri FC",
                "away_team": "Edgeworth Eagles FC",
                "match_url": "https://www.asbet.org/en/sports/pre-match/event-view/Soccer/Australia/6129/npl-northern-nsw/27527831/charlestown-azzurri-fc-edgeworth-eagles-fc",
                "over_2.5_odd": 1.68,
                "under_2.5_odd": 2.05,
                "1_odd": 3.12,
                "draw_odd": 3.36,
                "2_odd": 2.08,
                "both_score_odd": 1.58,
                "both_noscore_odd": 2.23,
                "home_handicap_-0.25_odd": 2.65,
                "away_handicap_0.25_odd": 1.42,
                "home_handicap_-0.5_odd": 3.05,
                "away_handicap_0.5_odd": 1.33,
                "home_handicap_1.25_odd": 1.29,
                "away_handicap_-1.25_odd": 3.25,
                "home_handicap_0.25_odd": 1.89,
                "away_handicap_-0.25_odd": 1.81,
                "home_handicap_0.5_odd": 1.75,
                "away_handicap_-0.5_odd": 1.95,
                "1X_odd": 1.67,
                "12_odd": 1.29,
                "X2_odd": 1.33,
                "home_handicap_1.0_odd": 1.35,
                "away_handicap_-1.0_odd": 2.95,
                "home_handicap_0.0_odd": 2.3,
                "away_handicap_0.0_odd": 1.55,
                "home_handicap_0.75_odd": 1.52,
                "away_handicap_-0.75_odd": 2.37,
                "over_3.5_odd": 2.68,
                "under_3.5_odd": 1.41,
                "over_3.0_odd": 2.15,
                "under_3.0_odd": 1.62,
                "over_2.0_odd": 1.32,
                "under_2.0_odd": 3.1,
                "home_handicap_1.5_odd": 1.24,
                "away_handicap_-1.5_odd": 3.65
            }
        ]
    },
    {
        "tournament_name": "NPL Queensland",
        "tournament_id": 1704,
        "matches": [
            {
                "match_id": 27549563,
                "date": "09/07/2025",
                "time": "11:30",
                "home_team": "Eastern Suburbs FC",
                "away_team": "Queensland Lions FC",
                "match_url": "https://www.asbet.org/en/sports/pre-match/event-view/Soccer/Australia/1704/npl-queensland/27549563/eastern-suburbs-fc-queensland-lions-fc",
                "both_noscore_odd": 2.39,
                "both_score_odd": 1.51,
                "away_handicap_-2.25_odd": 3.1,
                "home_handicap_2.25_odd": 1.32,
                "away_handicap_-0.25_odd": 1.28,
                "home_handicap_0.25_odd": 3.3,
                "X2_odd": 1.13,
                "1X_odd": 2.73,
                "12_odd": 1.16,
                "home_handicap_2.5_odd": 1.27,
                "away_handicap_-2.5_odd": 3.4,
                "over_4.5_odd": 3.1,
                "under_4.5_odd": 1.32,
                "home_handicap_2.0_odd": 1.39,
                "away_handicap_-2.0_odd": 2.75,
                "home_handicap_1.0_odd": 2.23,
                "away_handicap_-1.0_odd": 1.58,
                "over_4.0_odd": 2.5,
                "under_4.0_odd": 1.47,
                "over_3.5_odd": 1.87,
                "under_3.5_odd": 1.83,
                "over_3.0_odd": 1.5,
                "under_3.0_odd": 2.4,
                "over_2.5_odd": 1.34,
                "under_2.5_odd": 3.0,
                "home_handicap_1.75_odd": 1.56,
                "away_handicap_-1.75_odd": 2.27,
                "home_handicap_0.75_odd": 2.5,
                "away_handicap_-0.75_odd": 1.47,
                "home_handicap_1.5_odd": 1.72,
                "away_handicap_-1.5_odd": 2.0,
                "home_handicap_0.5_odd": 2.75,
                "away_handicap_-0.5_odd": 1.39,
                "home_handicap_1.25_odd": 1.86,
                "away_handicap_-1.25_odd": 1.84,
                "2_odd": 1.38,
                "1_odd": 5.8,
                "draw_odd": 4.9
            },
            {
                "match_id": 27549564,
                "date": "09/07/2025",
                "time": "10:30",
                "home_team": "Gold Coast Knights SC",
                "away_team": "Brisbane Roar (Youth)",
                "match_url": "https://www.asbet.org/en/sports/pre-match/event-view/Soccer/Australia/1704/npl-queensland/27549564/gold-coast-knights-sc-brisbane-roar-youth",
                "both_score_odd": 1.52,
                "both_noscore_odd": 2.37,
                "X2_odd": 2.35,
                "1X_odd": 1.18,
                "12_odd": 1.19,
                "over_4.0_odd": 2.7,
                "under_4.0_odd": 1.4,
                "over_3.5_odd": 2.02,
                "under_3.5_odd": 1.7,
                "home_handicap_-1.5_odd": 2.27,
                "away_handicap_1.5_odd": 1.56,
                "home_handicap_-1.0_odd": 1.8,
                "away_handicap_1.0_odd": 1.9,
                "under_4.5_odd": 1.29,
                "over_4.5_odd": 3.25,
                "over_3.0_odd": 1.61,
                "under_3.0_odd": 2.17,
                "over_2.5_odd": 1.41,
                "under_2.5_odd": 2.68,
                "home_handicap_-1.75_odd": 2.59,
                "away_handicap_1.75_odd": 1.44,
                "home_handicap_-0.5_odd": 1.51,
                "away_handicap_0.5_odd": 2.39,
                "home_handicap_-1.25_odd": 2.02,
                "away_handicap_1.25_odd": 1.7,
                "home_handicap_-0.25_odd": 1.37,
                "away_handicap_0.25_odd": 2.85,
                "home_handicap_-0.75_odd": 1.62,
                "away_handicap_0.75_odd": 2.15,
                "away_handicap_2.0_odd": 1.29,
                "home_handicap_-2.0_odd": 3.25,
                "2_odd": 4.7,
                "1_odd": 1.51,
                "draw_odd": 4.5,
                "home_handicap_-2.25_odd": 3.57,
                "away_handicap_2.25_odd": 1.25
            },
            {
                "match_id": 27549672,
                "date": "09/07/2025",
                "time": "10:00",
                "home_team": "Peninsula Power FC",
                "away_team": "Olympic FC",
                "match_url": "https://www.asbet.org/en/sports/pre-match/event-view/Soccer/Australia/1704/npl-queensland/27549672/peninsula-power-fc-olympic-fc",
                "both_score_odd": 1.48,
                "both_noscore_odd": 2.45,
                "away_handicap_1.75_odd": 1.28,
                "home_handicap_-1.75_odd": 3.3,
                "away_handicap_-0.25_odd": 3.1,
                "home_handicap_0.25_odd": 1.32,
                "X2_odd": 1.95,
                "1X_odd": 1.27,
                "12_odd": 1.22,
                "home_handicap_-1.5_odd": 2.8,
                "away_handicap_1.5_odd": 1.38,
                "under_3.0_odd": 2.01,
                "over_3.0_odd": 1.71,
                "over_4.5_odd": 3.57,
                "under_4.5_odd": 1.25,
                "over_4.0_odd": 2.95,
                "under_4.0_odd": 1.35,
                "over_3.5_odd": 2.13,
                "under_3.5_odd": 1.63,
                "over_2.5_odd": 1.45,
                "under_2.5_odd": 2.55,
                "home_handicap_-1.25_odd": 2.52,
                "away_handicap_1.25_odd": 1.46,
                "home_handicap_-0.25_odd": 1.57,
                "away_handicap_0.25_odd": 2.25,
                "home_handicap_-1.0_odd": 2.3,
                "away_handicap_1.0_odd": 1.55,
                "home_handicap_-0.5_odd": 1.76,
                "away_handicap_0.5_odd": 1.94,
                "home_handicap_0.0_odd": 1.4,
                "away_handicap_0.0_odd": 2.7,
                "home_handicap_-0.75_odd": 1.93,
                "away_handicap_0.75_odd": 1.77,
                "2_odd": 3.53,
                "1_odd": 1.76,
                "draw_odd": 4.0,
                "home_handicap_0.5_odd": 1.27,
                "away_handicap_-0.5_odd": 3.4
            }
        ]
    },
    {
        "tournament_name": "U23 NPL Queensland",
        "tournament_id": 18277397,
        "matches": [
            {
                "match_id": 27539756,
                "date": "09/07/2025",
                "time": "09:30",
                "home_team": "Eastern Suburbs FC U23",
                "away_team": "Queensland Lions FC U23",
                "match_url": "https://www.asbet.org/en/sports/pre-match/event-view/Soccer/Australia/18277397/u-npl-queensland/27539756/eastern-suburbs-fc-u-queensland-lions-fc-u",
                "away_handicap_0.25_odd": 1.6,
                "home_handicap_-0.25_odd": 2.2,
                "away_handicap_0.5_odd": 1.48,
                "home_handicap_-0.5_odd": 2.45,
                "away_handicap_-0.25_odd": 2.01,
                "home_handicap_0.25_odd": 1.7,
                "away_handicap_-0.5_odd": 2.27,
                "home_handicap_0.5_odd": 1.56,
                "X2_odd": 1.47,
                "1X_odd": 1.55,
                "12_odd": 1.24,
                "over_3.0_odd": 1.52,
                "under_3.0_odd": 2.37,
                "draw_odd": 3.83,
                "2_odd": 2.29,
                "1_odd": 2.49,
                "away_handicap_0.0_odd": 1.76,
                "home_handicap_0.0_odd": 1.94,
                "over_4.0_odd": 2.55,
                "under_4.0_odd": 1.45,
                "home_handicap_0.75_odd": 1.43,
                "away_handicap_-0.75_odd": 2.62
            }
        ]
    },
    {
        "tournament_name": "Victoria State League 1",
        "tournament_id": 11281,
        "matches": [
            {
                "match_id": 27552871,
                "date": "11/07/2025",
                "time": "11:30",
                "home_team": "Collingwood City FC",
                "away_team": "Malvern City FC",
                "match_url": "https://www.asbet.org/en/sports/pre-match/event-view/Soccer/Australia/11281/victoria-state-league/27552871/collingwood-city-fc-malvern-city-fc",
                "both_score_odd": 1.74,
                "both_noscore_odd": 1.96,
                "over_4.5_odd": 2.85,
                "under_4.5_odd": 1.37,
                "over_4.0_odd": 2.3,
                "under_4.0_odd": 1.55,
                "over_3.0_odd": 1.42,
                "under_3.0_odd": 2.65,
                "home_handicap_3.25_odd": 1.26,
                "away_handicap_-3.25_odd": 3.47,
                "home_handicap_2.75_odd": 1.42,
                "away_handicap_-2.75_odd": 2.65,
                "home_handicap_2.25_odd": 1.66,
                "away_handicap_-2.25_odd": 2.08,
                "home_handicap_1.75_odd": 2.12,
                "away_handicap_-1.75_odd": 1.64,
                "home_handicap_1.25_odd": 2.7,
                "away_handicap_-1.25_odd": 1.4,
                "home_handicap_3.0_odd": 1.3,
                "away_handicap_-3.0_odd": 3.2,
                "home_handicap_2.5_odd": 1.54,
                "away_handicap_-2.5_odd": 2.33,
                "home_handicap_1.5_odd": 2.37,
                "away_handicap_-1.5_odd": 1.52,
                "home_handicap_1.0_odd": 3.47,
                "away_handicap_-1.0_odd": 1.26,
                "1X_odd": 4.2,
                "12_odd": 1.09,
                "X2_odd": 1.06,
                "over_2.5_odd": 1.3,
                "under_2.5_odd": 3.2,
                "1_odd": 8.8,
                "draw_odd": 6.4,
                "2_odd": 1.18,
                "home_handicap_2.0_odd": 1.85,
                "away_handicap_-2.0_odd": 1.85,
                "over_3.5_odd": 1.76,
                "under_3.5_odd": 1.94
            },
            {
                "match_id": 27552933,
                "date": "11/07/2025",
                "time": "11:30",
                "home_team": "Brandon Park FC",
                "away_team": "Bayside Argonauts FC",
                "match_url": "https://www.asbet.org/en/sports/pre-match/event-view/Soccer/Australia/11281/victoria-state-league/27552933/brandon-park-fc-bayside-argonauts-fc",
                "both_score_odd": 1.32,
                "both_noscore_odd": 3.1,
                "over_5.0_odd": 3.15,
                "under_5.0_odd": 1.31,
                "over_4.5_odd": 2.25,
                "under_4.5_odd": 1.57,
                "over_3.5_odd": 1.57,
                "under_3.5_odd": 2.25,
                "over_3.0_odd": 1.29,
                "under_3.0_odd": 3.25,
                "home_handicap_2.25_odd": 1.33,
                "away_handicap_-2.25_odd": 3.05,
                "home_handicap_1.75_odd": 1.51,
                "away_handicap_-1.75_odd": 2.39,
                "home_handicap_0.75_odd": 2.27,
                "away_handicap_-0.75_odd": 1.56,
                "home_handicap_0.25_odd": 3.05,
                "away_handicap_-0.25_odd": 1.33,
                "home_handicap_2.5_odd": 1.29,
                "away_handicap_-2.5_odd": 3.25,
                "home_handicap_2.0_odd": 1.38,
                "away_handicap_-2.0_odd": 2.8,
                "home_handicap_1.5_odd": 1.64,
                "away_handicap_-1.5_odd": 2.12,
                "home_handicap_1.0_odd": 2.02,
                "away_handicap_-1.0_odd": 1.7,
                "home_handicap_0.5_odd": 2.52,
                "away_handicap_-0.5_odd": 1.46,
                "1X_odd": 2.48,
                "12_odd": 1.18,
                "X2_odd": 1.16,
                "home_handicap_1.25_odd": 1.85,
                "away_handicap_-1.25_odd": 1.85,
                "over_4.0_odd": 1.85,
                "under_4.0_odd": 1.85,
                "1_odd": 5.0,
                "draw_odd": 4.5,
                "2_odd": 1.44
            }
        ]
    },
    {
        "tournament_name": "Queensland Premier League 2",
        "tournament_id": 18277512,
        "matches": [
            {
                "match_id": 27545726,
                "date": "09/07/2025",
                "time": "10:30",
                "home_team": "Robina City",
                "away_team": "North Star FC",
                "match_url": "https://www.asbet.org/en/sports/pre-match/event-view/Soccer/Australia/18277512/queensland-premier-league/27545726/robina-city-north-star-fc",
                "home_handicap_-2.0_odd": 1.94,
                "away_handicap_2.0_odd": 1.76,
                "1_odd": 1.3,
                "draw_odd": 5.7,
                "2_odd": 6.5,
                "over_4.5_odd": 2.0,
                "under_4.5_odd": 1.72,
                "over_4.0_odd": 1.64,
                "under_4.0_odd": 2.12,
                "over_3.5_odd": 1.45,
                "under_3.5_odd": 2.55,
                "home_handicap_-2.25_odd": 2.21,
                "away_handicap_2.25_odd": 1.59,
                "home_handicap_-1.75_odd": 1.81,
                "away_handicap_1.75_odd": 1.89,
                "home_handicap_-1.25_odd": 1.54,
                "away_handicap_1.25_odd": 2.33,
                "home_handicap_-2.5_odd": 2.39,
                "away_handicap_2.5_odd": 1.51,
                "home_handicap_-1.5_odd": 1.68,
                "away_handicap_1.5_odd": 2.05,
                "1X_odd": 1.11,
                "12_odd": 1.13,
                "X2_odd": 3.14
            },
            {
                "match_id": 27552357,
                "date": "09/07/2025",
                "time": "11:30",
                "home_team": "Grange Thistle SC",
                "away_team": "North Lakes United FC",
                "match_url": "https://www.asbet.org/en/sports/pre-match/event-view/Soccer/Australia/18277512/queensland-premier-league/27552357/grange-thistle-sc-north-lakes-united-fc",
                "over_4.5_odd": 1.78,
                "under_4.5_odd": 1.92,
                "home_handicap_-1.75_odd": 2.17,
                "away_handicap_1.75_odd": 1.61,
                "home_handicap_-0.75_odd": 1.54,
                "away_handicap_0.75_odd": 2.33,
                "home_handicap_-1.0_odd": 1.64,
                "away_handicap_1.0_odd": 2.12,
                "home_handicap_-0.5_odd": 1.46,
                "away_handicap_0.5_odd": 2.52,
                "1X_odd": 1.19,
                "12_odd": 1.14,
                "X2_odd": 2.48,
                "home_handicap_-1.25_odd": 1.79,
                "away_handicap_1.25_odd": 1.91,
                "1_odd": 1.46,
                "draw_odd": 5.4,
                "2_odd": 4.4,
                "home_handicap_-2.0_odd": 2.5,
                "away_handicap_2.0_odd": 1.47,
                "home_handicap_-1.5_odd": 1.92,
                "away_handicap_1.5_odd": 1.78,
                "over_5.0_odd": 2.25,
                "under_5.0_odd": 1.57,
                "over_4.0_odd": 1.48,
                "under_4.0_odd": 2.45
            }
        ]
    }
]