[
    {
        "tournament_name": "Efbet League. Outright",
        "tournament_id": 27762,
        "matches": []
    },
    {
        "tournament_name": "Efbet League",
        "tournament_id": 1805,
        "matches": [
            {
                "match_id": 27409389,
                "date": "21/07/2025",
                "time": "19:15",
                "home_team": "Spartak Varna",
                "away_team": "PFC Beroe Stara Zagora",
                "match_url": "https://www.asbet.org/en/sports/pre-match/event-view/Soccer/Bulgaria/1805/efbet-league/27409389/spartak-varna-pfc-beroe-stara-zagora",
                "both_noscore_odd": 1.77,
                "both_score_odd": 1.93,
                "away_handicap_1.75_odd": 1.13,
                "home_handicap_-1.75_odd": 5.1,
                "away_handicap_1.25_odd": 1.23,
                "home_handicap_-1.25_odd": 3.75,
                "home_handicap_0.75_odd": 1.2,
                "away_handicap_-0.75_odd": 4.05,
                "12_odd": 1.32,
                "X2_odd": 1.65,
                "1X_odd": 1.31,
                "under_1.5_odd": 2.75,
                "over_1.5_odd": 1.39,
                "home_handicap_0.0_odd": 1.52,
                "away_handicap_0.0_odd": 2.37,
                "under_3.5_odd": 1.21,
                "over_3.5_odd": 3.9,
                "over_3.0_odd": 3.25,
                "under_3.0_odd": 1.29,
                "under_2.5_odd": 1.6,
                "over_2.5_odd": 2.2,
                "over_2.0_odd": 1.65,
                "under_2.0_odd": 2.1,
                "away_handicap_1.5_odd": 1.2,
                "home_handicap_-1.5_odd": 4.05,
                "away_handicap_1.0_odd": 1.29,
                "home_handicap_-1.0_odd": 3.25,
                "away_handicap_0.75_odd": 1.48,
                "home_handicap_-0.75_odd": 2.45,
                "away_handicap_0.5_odd": 1.67,
                "home_handicap_-0.5_odd": 2.07,
                "away_handicap_-0.25_odd": 2.75,
                "home_handicap_0.25_odd": 1.39,
                "away_handicap_-0.5_odd": 3.15,
                "home_handicap_0.5_odd": 1.31,
                "2_odd": 3.21,
                "1_odd": 2.06,
                "draw_odd": 3.11,
                "away_handicap_0.25_odd": 1.9,
                "home_handicap_-0.25_odd": 1.8
            },
            {
                "match_id": 27409393,
                "date": "20/07/2025",
                "time": "19:15",
                "home_team": "PFK Levski Sofia",
                "away_team": "PFC Montana 1921",
                "match_url": "https://www.asbet.org/en/sports/pre-match/event-view/Soccer/Bulgaria/1805/efbet-league/27409393/pfk-levski-sofia-pfc-montana",
                "draw_odd": 6.0,
                "2_odd": 10.0,
                "1_odd": 1.17,
                "both_score_odd": 2.45,
                "both_noscore_odd": 1.48,
                "over_4.0_odd": 3.65,
                "under_4.0_odd": 1.24,
                "home_handicap_-3.75_odd": 5.35,
                "away_handicap_3.75_odd": 1.12,
                "home_handicap_-3.25_odd": 4.05,
                "away_handicap_3.25_odd": 1.2,
                "home_handicap_-2.75_odd": 2.95,
                "away_handicap_2.75_odd": 1.35,
                "away_handicap_0.75_odd": 3.9,
                "home_handicap_-0.75_odd": 1.21,
                "away_handicap_0.25_odd": 5.35,
                "home_handicap_-0.25_odd": 1.12,
                "home_handicap_-3.0_odd": 3.75,
                "away_handicap_3.0_odd": 1.23,
                "12_odd": 1.1,
                "X2_odd": 4.3,
                "1X_odd": 1.04,
                "under_3.5_odd": 1.47,
                "over_3.5_odd": 2.5,
                "under_3.0_odd": 1.75,
                "over_3.0_odd": 1.95,
                "under_2.0_odd": 3.4,
                "over_2.0_odd": 1.27,
                "away_handicap_2.25_odd": 1.59,
                "home_handicap_-2.25_odd": 2.21,
                "away_handicap_1.25_odd": 2.68,
                "home_handicap_-1.25_odd": 1.41,
                "away_handicap_3.5_odd": 1.17,
                "home_handicap_-3.5_odd": 4.42,
                "away_handicap_2.5_odd": 1.47,
                "home_handicap_-2.5_odd": 2.5,
                "away_handicap_2.0_odd": 1.74,
                "home_handicap_-2.0_odd": 1.96,
                "home_handicap_-1.5_odd": 1.56,
                "away_handicap_1.5_odd": 2.27,
                "home_handicap_-1.0_odd": 1.26,
                "away_handicap_1.0_odd": 3.47,
                "home_handicap_-0.5_odd": 1.18,
                "away_handicap_0.5_odd": 4.3,
                "home_handicap_-1.75_odd": 1.7,
                "away_handicap_1.75_odd": 2.02,
                "under_2.5_odd": 2.2,
                "over_2.5_odd": 1.6
            },
            {
                "match_id": 27409394,
                "date": "21/07/2025",
                "time": "17:00",
                "home_team": "Lokomotiv Plovdiv",
                "away_team": "PFC Dobrudzha 1919 Dobrich",
                "match_url": "https://www.asbet.org/en/sports/pre-match/event-view/Soccer/Bulgaria/1805/efbet-league/27409394/lokomotiv-plovdiv-pfc-dobrudzha-dobrich",
                "2_odd": 5.3,
                "1_odd": 1.55,
                "draw_odd": 3.5,
                "both_score_odd": 2.05,
                "both_noscore_odd": 1.68,
                "away_handicap_2.25_odd": 1.15,
                "home_handicap_-2.25_odd": 4.75,
                "home_handicap_-1.75_odd": 3.25,
                "away_handicap_1.75_odd": 1.29,
                "home_handicap_-2.0_odd": 4.3,
                "away_handicap_2.0_odd": 1.18,
                "home_handicap_0.25_odd": 1.17,
                "away_handicap_-0.25_odd": 4.42,
                "12_odd": 1.26,
                "X2_odd": 2.21,
                "1X_odd": 1.14,
                "over_3.5_odd": 3.57,
                "under_3.5_odd": 1.25,
                "over_3.0_odd": 2.87,
                "under_3.0_odd": 1.36,
                "over_2.0_odd": 1.54,
                "under_2.0_odd": 2.33,
                "over_1.5_odd": 1.33,
                "under_1.5_odd": 3.05,
                "home_handicap_-1.25_odd": 2.37,
                "away_handicap_1.25_odd": 1.52,
                "home_handicap_-0.75_odd": 1.72,
                "away_handicap_0.75_odd": 2.0,
                "away_handicap_0.25_odd": 2.75,
                "home_handicap_-0.25_odd": 1.39,
                "home_handicap_-2.5_odd": 5.1,
                "away_handicap_2.5_odd": 1.13,
                "home_handicap_-1.5_odd": 2.68,
                "away_handicap_1.5_odd": 1.41,
                "home_handicap_-0.5_odd": 1.57,
                "away_handicap_0.5_odd": 2.25,
                "home_handicap_0.0_odd": 1.21,
                "away_handicap_0.0_odd": 3.9,
                "home_handicap_0.5_odd": 1.14,
                "away_handicap_-0.5_odd": 4.9,
                "home_handicap_-1.0_odd": 2.02,
                "away_handicap_1.0_odd": 1.7,
                "over_2.5_odd": 2.01,
                "under_2.5_odd": 1.71
            },
            {
                "match_id": 27409396,
                "date": "18/07/2025",
                "time": "19:15",
                "home_team": "Lokomotiv Sofia",
                "away_team": "Cherno More Varna",
                "match_url": "https://www.asbet.org/en/sports/pre-match/event-view/Soccer/Bulgaria/1805/efbet-league/27409396/lokomotiv-sofia-cherno-more-varna",
                "2_odd": 2.25,
                "1_odd": 2.74,
                "draw_odd": 3.21,
                "both_score_odd": 2.02,
                "both_noscore_odd": 1.7,
                "over_3.0_odd": 3.47,
                "under_3.0_odd": 1.26,
                "home_handicap_-1.25_odd": 5.35,
                "away_handicap_1.25_odd": 1.12,
                "home_handicap_-0.75_odd": 3.4,
                "away_handicap_0.75_odd": 1.27,
                "home_handicap_-1.0_odd": 4.9,
                "away_handicap_1.0_odd": 1.14,
                "home_handicap_1.25_odd": 1.2,
                "away_handicap_-1.25_odd": 4.05,
                "12_odd": 1.31,
                "X2_odd": 1.39,
                "1X_odd": 1.55,
                "under_2.0_odd": 2.0,
                "over_2.0_odd": 1.72,
                "over_1.5_odd": 1.42,
                "under_1.5_odd": 2.65,
                "home_handicap_-0.25_odd": 2.39,
                "away_handicap_0.25_odd": 1.51,
                "home_handicap_-0.5_odd": 2.7,
                "away_handicap_0.5_odd": 1.4,
                "home_handicap_0.0_odd": 2.04,
                "away_handicap_0.0_odd": 1.69,
                "home_handicap_0.75_odd": 1.4,
                "away_handicap_-0.75_odd": 2.7,
                "home_handicap_1.5_odd": 1.17,
                "away_handicap_-1.5_odd": 4.42,
                "home_handicap_1.0_odd": 1.24,
                "away_handicap_-1.0_odd": 3.65,
                "home_handicap_0.5_odd": 1.56,
                "away_handicap_-0.5_odd": 2.27,
                "home_handicap_0.25_odd": 1.73,
                "away_handicap_-0.25_odd": 1.97,
                "over_2.5_odd": 2.3,
                "under_2.5_odd": 1.55
            },
            {
                "match_id": 27409399,
                "date": "19/07/2025",
                "time": "19:15",
                "home_team": "PFC Ludogorets Razgrad",
                "away_team": "FC Septemvri Sofia",
                "match_url": "https://www.asbet.org/en/sports/pre-match/event-view/Soccer/Bulgaria/1805/efbet-league/27409399/pfc-ludogorets-razgrad-fc-septemvri-sofia",
                "both_score_odd": 2.45,
                "both_noscore_odd": 1.49,
                "under_4.0_odd": 1.31,
                "over_4.0_odd": 3.15,
                "under_2.0_odd": 3.9,
                "over_2.0_odd": 1.21,
                "home_handicap_-3.75_odd": 4.57,
                "away_handicap_3.75_odd": 1.16,
                "away_handicap_3.25_odd": 1.26,
                "home_handicap_-3.25_odd": 3.47,
                "away_handicap_0.75_odd": 4.42,
                "home_handicap_-0.75_odd": 1.17,
                "home_handicap_-3.0_odd": 3.15,
                "away_handicap_3.0_odd": 1.31,
                "away_handicap_1.0_odd": 4.05,
                "home_handicap_-1.0_odd": 1.2,
                "X2_odd": 5.0,
                "12_odd": 1.08,
                "1X_odd": 1.03,
                "under_2.5_odd": 2.4,
                "over_2.5_odd": 1.5,
                "under_3.5_odd": 1.57,
                "over_3.5_odd": 2.25,
                "under_4.5_odd": 1.23,
                "over_4.5_odd": 3.75,
                "away_handicap_2.75_odd": 1.45,
                "home_handicap_-2.75_odd": 2.55,
                "away_handicap_2.25_odd": 1.73,
                "home_handicap_-2.25_odd": 1.97,
                "away_handicap_1.75_odd": 2.25,
                "home_handicap_-1.75_odd": 1.57,
                "away_handicap_1.25_odd": 3.05,
                "home_handicap_-1.25_odd": 1.33,
                "away_handicap_3.5_odd": 1.23,
                "home_handicap_-3.5_odd": 3.75,
                "away_handicap_2.5_odd": 1.58,
                "home_handicap_-2.5_odd": 2.23,
                "away_handicap_1.5_odd": 2.5,
                "home_handicap_-1.5_odd": 1.47,
                "away_handicap_0.5_odd": 4.75,
                "home_handicap_-0.5_odd": 1.15,
                "under_3.0_odd": 1.92,
                "over_3.0_odd": 1.78,
                "draw_odd": 6.5,
                "2_odd": 12.0,
                "1_odd": 1.13,
                "away_handicap_2.0_odd": 1.94,
                "home_handicap_-2.0_odd": 1.76
            },
            {
                "match_id": 27409402,
                "date": "19/07/2025",
                "time": "17:00",
                "home_team": "Botev Plovdiv",
                "away_team": "CSKA Sofia",
                "match_url": "https://www.asbet.org/en/sports/pre-match/event-view/Soccer/Bulgaria/1805/efbet-league/27409402/botev-plovdiv-cska-sofia",
                "both_score_odd": 2.02,
                "both_noscore_odd": 1.7,
                "away_handicap_0.25_odd": 1.16,
                "home_handicap_-0.25_odd": 4.57,
                "home_handicap_2.75_odd": 1.11,
                "away_handicap_-2.75_odd": 5.55,
                "home_handicap_2.25_odd": 1.2,
                "away_handicap_-2.25_odd": 4.05,
                "home_handicap_2.0_odd": 1.23,
                "away_handicap_-2.0_odd": 3.75,
                "X2_odd": 1.14,
                "1X_odd": 2.37,
                "12_odd": 1.22,
                "over_3.5_odd": 3.15,
                "under_3.5_odd": 1.31,
                "under_1.5_odd": 3.25,
                "over_1.5_odd": 1.29,
                "under_3.0_odd": 1.45,
                "over_3.0_odd": 2.55,
                "under_2.0_odd": 2.55,
                "over_2.0_odd": 1.45,
                "away_handicap_0.5_odd": 1.14,
                "home_handicap_-0.5_odd": 4.9,
                "away_handicap_-1.75_odd": 2.85,
                "home_handicap_1.75_odd": 1.37,
                "away_handicap_-1.25_odd": 2.12,
                "home_handicap_1.25_odd": 1.64,
                "away_handicap_-0.75_odd": 1.63,
                "home_handicap_0.75_odd": 2.13,
                "away_handicap_-0.25_odd": 1.35,
                "home_handicap_0.25_odd": 2.95,
                "away_handicap_-2.5_odd": 4.42,
                "home_handicap_2.5_odd": 1.17,
                "away_handicap_-1.5_odd": 2.39,
                "home_handicap_1.5_odd": 1.51,
                "away_handicap_-0.5_odd": 1.5,
                "home_handicap_0.5_odd": 2.4,
                "away_handicap_0.0_odd": 1.19,
                "home_handicap_0.0_odd": 4.15,
                "under_2.5_odd": 1.82,
                "over_2.5_odd": 1.88,
                "2_odd": 1.48,
                "1_odd": 5.3,
                "draw_odd": 3.89,
                "home_handicap_1.0_odd": 1.87,
                "away_handicap_-1.0_odd": 1.83
            },
            {
                "match_id": 27409405,
                "date": "20/07/2025",
                "time": "17:00",
                "home_team": "PFK Slavia Sofia",
                "away_team": "POFC Botev Vratsa",
                "match_url": "https://www.asbet.org/en/sports/pre-match/event-view/Soccer/Bulgaria/1805/efbet-league/27409405/pfk-slavia-sofia-pofc-botev-vratsa",
                "draw_odd": 3.3,
                "2_odd": 5.3,
                "1_odd": 1.59,
                "both_noscore_odd": 1.81,
                "both_score_odd": 1.89,
                "home_handicap_-2.25_odd": 4.9,
                "away_handicap_2.25_odd": 1.14,
                "away_handicap_1.75_odd": 1.26,
                "home_handicap_-1.75_odd": 3.47,
                "away_handicap_2.0_odd": 1.16,
                "home_handicap_-2.0_odd": 4.57,
                "home_handicap_0.25_odd": 1.17,
                "away_handicap_-0.25_odd": 4.42,
                "X2_odd": 2.14,
                "1X_odd": 1.14,
                "12_odd": 1.28,
                "under_3.5_odd": 1.28,
                "over_3.5_odd": 3.3,
                "under_3.0_odd": 1.4,
                "over_3.0_odd": 2.7,
                "under_2.0_odd": 2.44,
                "over_2.0_odd": 1.49,
                "under_1.5_odd": 3.15,
                "over_1.5_odd": 1.31,
                "away_handicap_1.25_odd": 1.46,
                "home_handicap_-1.25_odd": 2.52,
                "away_handicap_0.25_odd": 2.65,
                "home_handicap_-0.25_odd": 1.42,
                "away_handicap_2.5_odd": 1.12,
                "home_handicap_-2.5_odd": 5.35,
                "away_handicap_1.5_odd": 1.37,
                "home_handicap_-1.5_odd": 2.85,
                "away_handicap_1.0_odd": 1.61,
                "home_handicap_-1.0_odd": 2.17,
                "away_handicap_0.5_odd": 2.17,
                "home_handicap_-0.5_odd": 1.61,
                "home_handicap_0.0_odd": 1.21,
                "away_handicap_0.0_odd": 3.9,
                "home_handicap_0.5_odd": 1.14,
                "away_handicap_-0.5_odd": 4.9,
                "home_handicap_-0.75_odd": 1.78,
                "away_handicap_0.75_odd": 1.92,
                "over_2.5_odd": 1.94,
                "under_2.5_odd": 1.76
            },
            {
                "match_id": 27409411,
                "date": "18/07/2025",
                "time": "17:00",
                "home_team": "CSKA 1948 Sofia",
                "away_team": "FK Arda Kardzhali",
                "match_url": "https://www.asbet.org/en/sports/pre-match/event-view/Soccer/Bulgaria/1805/efbet-league/27409411/cska-sofia-fk-arda-kardzhali",
                "2_odd": 2.73,
                "1_odd": 2.32,
                "draw_odd": 3.11,
                "over_5.5_odd": 12.5,
                "under_5.5_odd": 1.008,
                "home_handicap_2.0_odd": 1.009,
                "away_handicap_-2.0_odd": 12.0,
                "over_4.0_odd": 7.85,
                "under_4.0_odd": 1.05,
                "home_handicap_-2.0_odd": 10.0,
                "away_handicap_2.0_odd": 1.02,
                "over_1.0_odd": 1.11,
                "under_1.0_odd": 5.55,
                "over_4.5_odd": 7.85,
                "under_4.5_odd": 1.05,
                "over_0.5_odd": 1.075,
                "under_0.5_odd": 6.7,
                "home_handicap_1.5_odd": 1.1,
                "away_handicap_-1.5_odd": 5.85,
                "home_handicap_-2.5_odd": 12.0,
                "away_handicap_2.5_odd": 1.009,
                "over_3.5_odd": 4.15,
                "under_3.5_odd": 1.19,
                "home_handicap_-1.75_odd": 6.3,
                "away_handicap_1.75_odd": 1.085,
                "both_score_odd": 2.0,
                "both_noscore_odd": 1.72,
                "under_3.0_odd": 1.26,
                "over_3.0_odd": 3.47,
                "home_handicap_-1.25_odd": 4.3,
                "away_handicap_1.25_odd": 1.18,
                "home_handicap_-1.0_odd": 3.9,
                "away_handicap_1.0_odd": 1.21,
                "home_handicap_1.25_odd": 1.12,
                "away_handicap_-1.25_odd": 5.35,
                "home_handicap_1.0_odd": 1.13,
                "away_handicap_-1.0_odd": 5.1,
                "12_odd": 1.35,
                "X2_odd": 1.5,
                "1X_odd": 1.38,
                "under_2.0_odd": 2.0,
                "over_2.0_odd": 1.72,
                "under_1.5_odd": 2.62,
                "over_1.5_odd": 1.43,
                "away_handicap_0.75_odd": 1.36,
                "home_handicap_-0.75_odd": 2.87,
                "away_handicap_0.25_odd": 1.69,
                "home_handicap_-0.25_odd": 2.04,
                "away_handicap_1.5_odd": 1.14,
                "home_handicap_-1.5_odd": 4.9,
                "away_handicap_0.5_odd": 1.53,
                "home_handicap_-0.5_odd": 2.35,
                "away_handicap_-0.75_odd": 3.47,
                "home_handicap_0.75_odd": 1.26,
                "away_handicap_-0.25_odd": 2.35,
                "home_handicap_0.25_odd": 1.53,
                "away_handicap_-0.5_odd": 2.68,
                "home_handicap_0.5_odd": 1.41,
                "away_handicap_0.0_odd": 2.01,
                "home_handicap_0.0_odd": 1.71,
                "under_2.5_odd": 1.54,
                "over_2.5_odd": 2.33,
                "home_handicap_1.75_odd": 1.03,
                "away_handicap_-1.75_odd": 9.0,
                "over_6.5_odd": 23.0,
                "under_6.5_odd": 1.001
            }
        ]
    }
]