[
    {
        "tournament_name": "Primera Division. Outright",
        "tournament_id": 18281252,
        "matches": []
    },
    {
        "tournament_name": "Primera Division",
        "tournament_id": 1809,
        "matches": [
            {
                "match_id": 27490860,
                "date": "12/07/2025",
                "time": "20:00",
                "home_team": "Universidad de Chile",
                "away_team": "CD Colo Colo",
                "match_url": "https://www.asbet.org/en/sports/pre-match/event-view/Soccer/Chile/1809/primera-division/27490860/universidad-de-chile-cd-colo-colo",
                "12_odd": 1.29,
                "X2_odd": 1.73,
                "1X_odd": 1.3,
                "away_handicap_0.0_odd": 2.45,
                "home_handicap_0.0_odd": 1.48,
                "away_handicap_0.75_odd": 1.56,
                "home_handicap_-0.75_odd": 2.27,
                "away_handicap_0.25_odd": 1.97,
                "home_handicap_-0.25_odd": 1.73,
                "under_2.5_odd": 1.76,
                "over_2.5_odd": 1.94,
                "2_odd": 3.26,
                "1_odd": 1.95,
                "draw_odd": 3.35,
                "home_handicap_-0.5_odd": 1.94,
                "away_handicap_0.5_odd": 1.76,
                "over_2.0_odd": 1.49,
                "under_2.0_odd": 2.44,
                "both_score_odd": 1.82,
                "both_noscore_odd": 1.88,
                "over_3.5_odd": 3.3,
                "under_3.5_odd": 1.28,
                "over_3.0_odd": 2.7,
                "under_3.0_odd": 1.4,
                "over_1.5_odd": 1.31,
                "under_1.5_odd": 3.15,
                "home_handicap_-1.25_odd": 3.25,
                "away_handicap_1.25_odd": 1.29,
                "home_handicap_-1.5_odd": 3.65,
                "away_handicap_1.5_odd": 1.24,
                "home_handicap_-1.0_odd": 2.85,
                "away_handicap_1.0_odd": 1.37,
                "home_handicap_0.25_odd": 1.37,
                "away_handicap_-0.25_odd": 2.85,
                "home_handicap_0.5_odd": 1.3,
                "away_handicap_-0.5_odd": 3.2
            }
        ]
    },
    {
        "tournament_name": "Copa Chile",
        "tournament_id": 1811,
        "matches": [
            {
                "match_id": 27528704,
                "date": "09/07/2025",
                "time": "20:00",
                "home_team": "Curico Unido",
                "away_team": "Audax Italiano",
                "match_url": "https://www.asbet.org/en/sports/pre-match/event-view/Soccer/Chile/1811/copa-chile/27528704/curico-unido-audax-italiano",
                "both_score_odd": 1.88,
                "both_noscore_odd": 1.82,
                "away_handicap_0.5_odd": 1.33,
                "home_handicap_-0.5_odd": 3.05,
                "away_handicap_-0.5_odd": 2.08,
                "home_handicap_0.5_odd": 1.66,
                "12_odd": 1.3,
                "X2_odd": 1.32,
                "1X_odd": 1.66,
                "under_3.5_odd": 1.24,
                "over_3.5_odd": 3.65,
                "under_3.0_odd": 1.34,
                "over_3.0_odd": 3.0,
                "under_2.0_odd": 2.25,
                "over_2.0_odd": 1.57,
                "under_1.5_odd": 2.95,
                "over_1.5_odd": 1.35,
                "away_handicap_0.75_odd": 1.22,
                "home_handicap_-0.75_odd": 3.83,
                "away_handicap_0.25_odd": 1.42,
                "home_handicap_-0.25_odd": 2.65,
                "away_handicap_0.0_odd": 1.55,
                "home_handicap_0.0_odd": 2.3,
                "away_handicap_-1.75_odd": 4.9,
                "home_handicap_1.75_odd": 1.14,
                "away_handicap_-1.25_odd": 3.57,
                "home_handicap_1.25_odd": 1.25,
                "away_handicap_-0.75_odd": 2.44,
                "home_handicap_0.75_odd": 1.49,
                "home_handicap_1.5_odd": 1.21,
                "away_handicap_-1.5_odd": 3.9,
                "home_handicap_1.0_odd": 1.31,
                "away_handicap_-1.0_odd": 3.15,
                "2_odd": 2.09,
                "1_odd": 3.11,
                "draw_odd": 3.32,
                "over_2.5_odd": 2.07,
                "under_2.5_odd": 1.67,
                "home_handicap_0.25_odd": 1.91,
                "away_handicap_-0.25_odd": 1.79
            },
            {
                "match_id": 27530150,
                "date": "10/07/2025",
                "time": "00:00",
                "home_team": "CD La Serena",
                "away_team": "CD Santiago Wanderers",
                "match_url": "https://www.asbet.org/en/sports/pre-match/event-view/Soccer/Chile/1811/copa-chile/27530150/cd-la-serena-cd-santiago-wanderers",
                "both_noscore_odd": 1.8,
                "both_score_odd": 1.9,
                "home_handicap_0.5_odd": 1.27,
                "away_handicap_-0.5_odd": 3.4,
                "12_odd": 1.3,
                "X2_odd": 1.77,
                "1X_odd": 1.26,
                "under_3.5_odd": 1.24,
                "over_3.5_odd": 3.65,
                "under_3.0_odd": 1.34,
                "over_3.0_odd": 3.0,
                "under_2.0_odd": 2.25,
                "over_2.0_odd": 1.57,
                "under_1.5_odd": 2.95,
                "over_1.5_odd": 1.35,
                "away_handicap_1.75_odd": 1.17,
                "home_handicap_-1.75_odd": 4.42,
                "away_handicap_1.25_odd": 1.31,
                "home_handicap_-1.25_odd": 3.15,
                "away_handicap_0.75_odd": 1.58,
                "home_handicap_-0.75_odd": 2.23,
                "away_handicap_0.25_odd": 2.04,
                "home_handicap_-0.25_odd": 1.69,
                "away_handicap_1.5_odd": 1.26,
                "home_handicap_-1.5_odd": 3.47,
                "away_handicap_1.0_odd": 1.38,
                "home_handicap_-1.0_odd": 2.8,
                "away_handicap_0.0_odd": 2.59,
                "home_handicap_0.0_odd": 1.44,
                "away_handicap_-0.75_odd": 4.42,
                "home_handicap_0.75_odd": 1.17,
                "away_handicap_-0.25_odd": 3.0,
                "home_handicap_0.25_odd": 1.34,
                "under_2.5_odd": 1.67,
                "over_2.5_odd": 2.07,
                "2_odd": 3.53,
                "1_odd": 1.94,
                "draw_odd": 3.32,
                "home_handicap_-0.5_odd": 1.88,
                "away_handicap_0.5_odd": 1.82
            },
            {
                "match_id": 27526199,
                "date": "10/07/2025",
                "time": "23:00",
                "home_team": "CD Huachipato",
                "away_team": "Deportes Concepcion",
                "match_url": "https://www.asbet.org/en/sports/pre-match/event-view/Soccer/Chile/1811/copa-chile/27526199/cd-huachipato-deportes-concepcion",
                "both_score_odd": 1.72,
                "both_noscore_odd": 2.0,
                "1X_odd": 1.21,
                "12_odd": 1.28,
                "X2_odd": 1.94,
                "over_3.0_odd": 2.39,
                "under_3.0_odd": 1.51,
                "home_handicap_-2.25_odd": 5.55,
                "away_handicap_2.25_odd": 1.11,
                "home_handicap_-1.75_odd": 3.83,
                "away_handicap_1.75_odd": 1.22,
                "home_handicap_-1.25_odd": 2.75,
                "away_handicap_1.25_odd": 1.39,
                "home_handicap_-0.25_odd": 1.53,
                "away_handicap_0.25_odd": 2.35,
                "home_handicap_-1.5_odd": 3.15,
                "away_handicap_1.5_odd": 1.31,
                "home_handicap_-1.0_odd": 2.4,
                "away_handicap_1.0_odd": 1.5,
                "home_handicap_-0.5_odd": 1.74,
                "away_handicap_0.5_odd": 1.96,
                "home_handicap_0.75_odd": 1.14,
                "away_handicap_-0.75_odd": 4.9,
                "home_handicap_0.25_odd": 1.26,
                "away_handicap_-0.25_odd": 3.47,
                "home_handicap_0.5_odd": 1.21,
                "away_handicap_-0.5_odd": 3.9,
                "1_odd": 1.72,
                "draw_odd": 3.4,
                "2_odd": 4.1,
                "over_2.5_odd": 1.79,
                "under_2.5_odd": 1.91,
                "home_handicap_-0.75_odd": 1.96,
                "away_handicap_0.75_odd": 1.74,
                "home_handicap_0.0_odd": 1.32,
                "away_handicap_0.0_odd": 3.1,
                "home_handicap_-2.0_odd": 5.1,
                "away_handicap_2.0_odd": 1.13,
                "over_3.5_odd": 2.95,
                "under_3.5_odd": 1.35,
                "over_1.5_odd": 1.25,
                "under_1.5_odd": 3.57,
                "over_2.0_odd": 1.39,
                "under_2.0_odd": 2.75
            },
            {
                "match_id": 27535974,
                "date": "11/07/2025",
                "time": "01:30",
                "home_team": "Deportes Limache",
                "away_team": "CD Coquimbo Unido",
                "match_url": "https://www.asbet.org/en/sports/pre-match/event-view/Soccer/Chile/1811/copa-chile/27535974/deportes-limache-cd-coquimbo-unido",
                "both_score_odd": 1.77,
                "both_noscore_odd": 1.93,
                "1X_odd": 1.56,
                "12_odd": 1.34,
                "X2_odd": 1.37,
                "over_2.0_odd": 1.53,
                "under_2.0_odd": 2.35,
                "over_1.5_odd": 1.33,
                "under_1.5_odd": 3.05,
                "home_handicap_-0.25_odd": 2.5,
                "away_handicap_0.25_odd": 1.47,
                "home_handicap_0.0_odd": 2.1,
                "away_handicap_0.0_odd": 1.65,
                "over_3.5_odd": 3.57,
                "under_3.5_odd": 1.25,
                "over_3.0_odd": 2.87,
                "under_3.0_odd": 1.36,
                "home_handicap_-1.25_odd": 5.55,
                "away_handicap_1.25_odd": 1.11,
                "home_handicap_-0.75_odd": 3.57,
                "away_handicap_0.75_odd": 1.25,
                "home_handicap_-1.0_odd": 5.1,
                "away_handicap_1.0_odd": 1.13,
                "home_handicap_-0.5_odd": 2.85,
                "away_handicap_0.5_odd": 1.37,
                "home_handicap_1.25_odd": 1.19,
                "away_handicap_-1.25_odd": 4.15,
                "home_handicap_0.75_odd": 1.39,
                "away_handicap_-0.75_odd": 2.75,
                "home_handicap_1.5_odd": 1.16,
                "away_handicap_-1.5_odd": 4.57,
                "home_handicap_1.0_odd": 1.23,
                "away_handicap_-1.0_odd": 3.75,
                "home_handicap_0.5_odd": 1.56,
                "away_handicap_-0.5_odd": 2.27,
                "1_odd": 2.95,
                "draw_odd": 3.06,
                "2_odd": 2.3,
                "over_2.5_odd": 2.01,
                "under_2.5_odd": 1.71,
                "home_handicap_0.25_odd": 1.76,
                "away_handicap_-0.25_odd": 1.94
            }
        ]
    }
]