[
    {
        "tournament_name": "1st Division. Outright",
        "tournament_id": 21801,
        "matches": []
    },
    {
        "tournament_name": "Superliga. Outright",
        "tournament_id": 23061,
        "matches": []
    },
    {
        "tournament_name": "Superliga",
        "tournament_id": 1833,
        "matches": [
            {
                "match_id": 27538465,
                "date": "20/07/2025",
                "time": "19:00",
                "home_team": "Brondby IF",
                "away_team": "Silkeborg IF",
                "match_url": "https://www.asbet.org/en/sports/pre-match/event-view/Soccer/Denmark/1833/superliga/27538465/brondby-if-silkeborg-if",
                "both_score_odd": 1.72,
                "both_noscore_odd": 2.05,
                "X2_odd": 2.17,
                "1X_odd": 1.17,
                "12_odd": 1.24,
                "under_3.5_odd": 1.42,
                "over_3.5_odd": 2.73,
                "under_3.0_odd": 1.65,
                "over_3.0_odd": 2.15,
                "under_2.0_odd": 3.15,
                "over_2.0_odd": 1.32,
                "away_handicap_1.75_odd": 1.31,
                "home_handicap_-1.75_odd": 3.2,
                "away_handicap_0.25_odd": 2.7,
                "home_handicap_-0.25_odd": 1.43,
                "away_handicap_1.5_odd": 1.43,
                "home_handicap_-1.5_odd": 2.7,
                "under_2.5_odd": 2.08,
                "over_2.5_odd": 1.69,
                "away_handicap_1.25_odd": 1.53,
                "home_handicap_-1.25_odd": 2.4,
                "away_handicap_1.0_odd": 1.7,
                "home_handicap_-1.0_odd": 2.07,
                "away_handicap_0.5_odd": 2.23,
                "home_handicap_-0.5_odd": 1.61,
                "home_handicap_0.0_odd": 1.25,
                "away_handicap_0.0_odd": 3.7,
                "home_handicap_-0.75_odd": 1.78,
                "away_handicap_0.75_odd": 1.96,
                "draw_odd": 3.85,
                "2_odd": 4.9,
                "1_odd": 1.61
            },
            {
                "match_id": 27538466,
                "date": "20/07/2025",
                "time": "17:00",
                "home_team": "FC Midtjylland",
                "away_team": "Odense BK",
                "match_url": "https://www.asbet.org/en/sports/pre-match/event-view/Soccer/Denmark/1833/superliga/27538466/fc-midtjylland-odense-bk",
                "both_noscore_odd": 2.17,
                "both_score_odd": 1.64,
                "away_handicap_0.5_odd": 2.47,
                "home_handicap_-0.5_odd": 1.5,
                "X2_odd": 2.49,
                "1X_odd": 1.15,
                "12_odd": 1.2,
                "under_4.0_odd": 1.31,
                "over_4.0_odd": 3.2,
                "under_3.5_odd": 1.58,
                "over_3.5_odd": 2.28,
                "under_3.0_odd": 1.92,
                "over_3.0_odd": 1.82,
                "under_2.5_odd": 2.42,
                "over_2.5_odd": 1.52,
                "home_handicap_-1.75_odd": 2.73,
                "away_handicap_1.75_odd": 1.42,
                "home_handicap_-1.25_odd": 2.07,
                "away_handicap_1.25_odd": 1.7,
                "home_handicap_-0.75_odd": 1.62,
                "away_handicap_0.75_odd": 2.21,
                "away_handicap_0.25_odd": 3.0,
                "home_handicap_-0.25_odd": 1.35,
                "away_handicap_2.0_odd": 1.28,
                "home_handicap_-2.0_odd": 3.4,
                "away_handicap_1.5_odd": 1.56,
                "home_handicap_-1.5_odd": 2.33,
                "draw_odd": 4.4,
                "2_odd": 5.3,
                "1_odd": 1.49,
                "away_handicap_1.0_odd": 1.93,
                "home_handicap_-1.0_odd": 1.81
            },
            {
                "match_id": 27538467,
                "date": "20/07/2025",
                "time": "15:00",
                "home_team": "SonderjyskE",
                "away_team": "Aarhus GF",
                "match_url": "https://www.asbet.org/en/sports/pre-match/event-view/Soccer/Denmark/1833/superliga/27538467/sonderjyske-aarhus-gf",
                "both_noscore_odd": 2.17,
                "both_score_odd": 1.64,
                "12_odd": 1.28,
                "X2_odd": 1.29,
                "1X_odd": 1.77,
                "over_2.0_odd": 1.35,
                "under_2.0_odd": 3.0,
                "over_3.5_odd": 2.8,
                "under_3.5_odd": 1.4,
                "over_3.0_odd": 2.26,
                "under_3.0_odd": 1.59,
                "over_2.5_odd": 1.74,
                "under_2.5_odd": 2.02,
                "home_handicap_1.25_odd": 1.3,
                "away_handicap_-1.25_odd": 3.3,
                "home_handicap_-0.25_odd": 2.95,
                "away_handicap_0.25_odd": 1.37,
                "home_handicap_-0.5_odd": 3.3,
                "away_handicap_0.5_odd": 1.3,
                "home_handicap_0.0_odd": 2.52,
                "away_handicap_0.0_odd": 1.48,
                "away_handicap_-0.75_odd": 2.28,
                "home_handicap_0.75_odd": 1.58,
                "away_handicap_-0.25_odd": 1.73,
                "home_handicap_0.25_odd": 2.03,
                "home_handicap_1.5_odd": 1.25,
                "away_handicap_-1.5_odd": 3.7,
                "away_handicap_-1.0_odd": 2.9,
                "home_handicap_1.0_odd": 1.38,
                "2_odd": 1.98,
                "1_odd": 3.41,
                "draw_odd": 3.47,
                "home_handicap_0.5_odd": 1.78,
                "away_handicap_-0.5_odd": 1.96
            },
            {
                "match_id": 27538468,
                "date": "20/07/2025",
                "time": "13:00",
                "home_team": "Vejle BK",
                "away_team": "Randers FC",
                "match_url": "https://www.asbet.org/en/sports/pre-match/event-view/Soccer/Denmark/1833/superliga/27538468/vejle-bk-randers-fc",
                "both_score_odd": 1.71,
                "both_noscore_odd": 2.06,
                "away_handicap_0.5_odd": 1.3,
                "home_handicap_-0.5_odd": 3.3,
                "12_odd": 1.3,
                "X2_odd": 1.29,
                "1X_odd": 1.74,
                "over_3.5_odd": 3.05,
                "under_3.5_odd": 1.34,
                "over_3.0_odd": 2.47,
                "under_3.0_odd": 1.5,
                "under_2.0_odd": 2.73,
                "over_2.0_odd": 1.42,
                "over_1.5_odd": 1.27,
                "under_1.5_odd": 3.55,
                "home_handicap_-0.25_odd": 2.95,
                "away_handicap_0.25_odd": 1.37,
                "away_handicap_0.0_odd": 1.49,
                "home_handicap_0.0_odd": 2.5,
                "home_handicap_1.25_odd": 1.28,
                "away_handicap_-1.25_odd": 3.4,
                "home_handicap_0.75_odd": 1.56,
                "away_handicap_-0.75_odd": 2.33,
                "home_handicap_0.25_odd": 2.0,
                "away_handicap_-0.25_odd": 1.75,
                "home_handicap_1.0_odd": 1.35,
                "away_handicap_-1.0_odd": 3.0,
                "home_handicap_0.5_odd": 1.75,
                "away_handicap_-0.5_odd": 2.0,
                "over_2.5_odd": 1.85,
                "under_2.5_odd": 1.89,
                "2_odd": 2.01,
                "1_odd": 3.45,
                "draw_odd": 3.38
            },
            {
                "match_id": 27538469,
                "date": "20/07/2025",
                "time": "13:00",
                "home_team": "FC Fredericia",
                "away_team": "FC Nordsjaelland",
                "match_url": "https://www.asbet.org/en/sports/pre-match/event-view/Soccer/Denmark/1833/superliga/27538469/fc-fredericia-fc-nordsjaelland",
                "both_noscore_odd": 2.26,
                "both_score_odd": 1.59,
                "X2_odd": 1.15,
                "1X_odd": 2.39,
                "12_odd": 1.22,
                "under_3.5_odd": 1.58,
                "over_3.5_odd": 2.28,
                "under_3.0_odd": 1.92,
                "over_3.0_odd": 1.82,
                "away_handicap_-0.25_odd": 1.38,
                "home_handicap_0.25_odd": 2.9,
                "over_4.0_odd": 3.2,
                "under_4.0_odd": 1.31,
                "under_2.5_odd": 2.42,
                "over_2.5_odd": 1.52,
                "away_handicap_-1.75_odd": 2.85,
                "home_handicap_1.75_odd": 1.39,
                "away_handicap_-1.5_odd": 2.45,
                "home_handicap_1.5_odd": 1.51,
                "away_handicap_-1.25_odd": 2.17,
                "home_handicap_1.25_odd": 1.64,
                "away_handicap_-0.75_odd": 1.67,
                "home_handicap_0.75_odd": 2.12,
                "home_handicap_0.5_odd": 2.38,
                "away_handicap_-0.5_odd": 1.54,
                "home_handicap_1.0_odd": 1.89,
                "away_handicap_-1.0_odd": 1.85,
                "draw_odd": 4.1,
                "2_odd": 1.53,
                "1_odd": 5.3,
                "home_handicap_2.0_odd": 1.26,
                "away_handicap_-2.0_odd": 3.6
            },
            {
                "match_id": 27526304,
                "date": "18/07/2025",
                "time": "18:00",
                "home_team": "Viborg FF",
                "away_team": "FC Copenhagen",
                "match_url": "https://www.asbet.org/en/sports/pre-match/event-view/Soccer/Denmark/1833/superliga/27526304/viborg-ff-fc-copenhagen",
                "both_score_odd": 1.7,
                "both_noscore_odd": 2.07,
                "12_odd": 1.25,
                "X2_odd": 1.2,
                "1X_odd": 2.05,
                "under_3.5_odd": 1.41,
                "over_3.5_odd": 2.77,
                "over_3.0_odd": 2.21,
                "under_3.0_odd": 1.62,
                "under_2.5_odd": 2.05,
                "over_2.5_odd": 1.72,
                "under_2.0_odd": 3.05,
                "over_2.0_odd": 1.34,
                "away_handicap_-1.0_odd": 2.26,
                "home_handicap_1.0_odd": 1.59,
                "away_handicap_-0.5_odd": 1.7,
                "home_handicap_0.5_odd": 2.07,
                "away_handicap_0.25_odd": 1.25,
                "home_handicap_-0.25_odd": 3.7,
                "away_handicap_0.0_odd": 1.32,
                "home_handicap_0.0_odd": 3.15,
                "away_handicap_-1.25_odd": 2.6,
                "home_handicap_1.25_odd": 1.46,
                "away_handicap_-0.25_odd": 1.51,
                "home_handicap_0.25_odd": 2.45,
                "away_handicap_-1.5_odd": 2.95,
                "home_handicap_1.5_odd": 1.37,
                "away_handicap_-0.75_odd": 1.89,
                "home_handicap_0.75_odd": 1.85,
                "draw_odd": 3.77,
                "2_odd": 1.7,
                "1_odd": 4.33,
                "away_handicap_-1.75_odd": 3.55,
                "home_handicap_1.75_odd": 1.27
            }
        ]
    }
]