[
    {
        "tournament_name": "Serie B",
        "tournament_id": 10714,
        "matches": [
            {
                "match_id": 27532315,
                "date": "09/07/2025",
                "time": "21:30",
                "home_team": "CD Leones Del Norte",
                "away_team": "Independiente Juniors",
                "match_url": "https://www.asbet.org/en/sports/pre-match/event-view/Soccer/Ecuador/10714/serie-b/27532315/cd-leones-del-norte-independiente-juniors",
                "home_handicap_-1.0_odd": 2.45,
                "away_handicap_1.0_odd": 1.48,
                "over_2.5_odd": 2.35,
                "under_2.5_odd": 1.53,
                "away_handicap_0.5_odd": 1.95,
                "home_handicap_-0.5_odd": 1.75,
                "X2_odd": 1.96,
                "1X_odd": 1.18,
                "12_odd": 1.31,
                "home_handicap_-0.75_odd": 1.96,
                "away_handicap_0.75_odd": 1.74,
                "draw_odd": 3.23,
                "2_odd": 4.6,
                "1_odd": 1.75,
                "under_2.0_odd": 1.95,
                "over_2.0_odd": 1.75,
                "over_1.5_odd": 1.44,
                "under_1.5_odd": 2.59,
                "home_handicap_-0.25_odd": 1.52,
                "away_handicap_0.25_odd": 2.37,
                "both_score_odd": 2.15,
                "both_noscore_odd": 1.62,
                "home_handicap_-1.25_odd": 2.85,
                "away_handicap_1.25_odd": 1.37,
                "home_handicap_-1.5_odd": 3.25,
                "away_handicap_1.5_odd": 1.29,
                "home_handicap_0.0_odd": 1.29,
                "away_handicap_0.0_odd": 3.25,
                "over_3.0_odd": 3.57,
                "under_3.0_odd": 1.25
            }
        ]
    },
    {
        "tournament_name": "Serie A. Outright",
        "tournament_id": 18283750,
        "matches": []
    },
    {
        "tournament_name": "Serie A",
        "tournament_id": 1834,
        "matches": [
            {
                "match_id": 27524544,
                "date": "12/07/2025",
                "time": "01:00",
                "home_team": "CSD Macara",
                "away_team": "Independiente del Valle",
                "match_url": "https://www.asbet.org/en/sports/pre-match/event-view/Soccer/Ecuador/1834/serie-a/27524544/csd-macara-independiente-del-valle",
                "both_score_odd": 1.88,
                "both_noscore_odd": 1.82,
                "X2_odd": 1.22,
                "1X_odd": 1.85,
                "12_odd": 1.3,
                "away_handicap_0.5_odd": 1.22,
                "home_handicap_-0.5_odd": 3.83,
                "away_handicap_0.75_odd": 1.14,
                "home_handicap_-0.75_odd": 4.9,
                "home_handicap_0.0_odd": 2.87,
                "away_handicap_0.0_odd": 1.36,
                "home_handicap_1.75_odd": 1.18,
                "away_handicap_-1.75_odd": 4.3,
                "home_handicap_1.25_odd": 1.32,
                "away_handicap_-1.25_odd": 3.1,
                "home_handicap_0.75_odd": 1.65,
                "away_handicap_-0.75_odd": 2.1,
                "home_handicap_0.25_odd": 2.21,
                "away_handicap_-0.25_odd": 1.59,
                "home_handicap_1.5_odd": 1.27,
                "away_handicap_-1.5_odd": 3.4,
                "home_handicap_1.0_odd": 1.42,
                "away_handicap_-1.0_odd": 2.65,
                "home_handicap_0.5_odd": 1.87,
                "away_handicap_-0.5_odd": 1.83,
                "home_handicap_-0.25_odd": 3.4,
                "away_handicap_0.25_odd": 1.27,
                "over_3.5_odd": 3.57,
                "under_3.5_odd": 1.25,
                "over_3.0_odd": 2.95,
                "under_3.0_odd": 1.35,
                "over_2.5_odd": 2.04,
                "under_2.5_odd": 1.69,
                "over_2.0_odd": 1.55,
                "under_2.0_odd": 2.3,
                "over_1.5_odd": 1.34,
                "under_1.5_odd": 3.0,
                "draw_odd": 3.2,
                "2_odd": 1.8,
                "1_odd": 3.96
            },
            {
                "match_id": 27519194,
                "date": "13/07/2025",
                "time": "21:30",
                "home_team": "Orense SC",
                "away_team": "FC Libertad",
                "match_url": "https://www.asbet.org/en/sports/pre-match/event-view/Soccer/Ecuador/1834/serie-a/27519194/orense-sc-fc-libertad",
                "both_score_odd": 1.94,
                "both_noscore_odd": 1.76,
                "away_handicap_1.75_odd": 1.24,
                "home_handicap_-1.75_odd": 3.65,
                "away_handicap_-0.25_odd": 3.9,
                "home_handicap_0.25_odd": 1.21,
                "X2_odd": 2.07,
                "1X_odd": 1.16,
                "12_odd": 1.28,
                "under_3.5_odd": 1.25,
                "over_3.5_odd": 3.57,
                "under_3.0_odd": 1.36,
                "over_3.0_odd": 2.87,
                "under_2.0_odd": 2.33,
                "over_2.0_odd": 1.54,
                "under_1.5_odd": 3.05,
                "over_1.5_odd": 1.33,
                "away_handicap_1.25_odd": 1.43,
                "home_handicap_-1.25_odd": 2.62,
                "away_handicap_0.75_odd": 1.82,
                "home_handicap_-0.75_odd": 1.88,
                "away_handicap_0.25_odd": 2.5,
                "home_handicap_-0.25_odd": 1.47,
                "away_handicap_1.5_odd": 1.34,
                "home_handicap_-1.5_odd": 3.0,
                "away_handicap_1.0_odd": 1.56,
                "home_handicap_-1.0_odd": 2.27,
                "away_handicap_0.0_odd": 3.4,
                "home_handicap_0.0_odd": 1.27,
                "away_handicap_-0.5_odd": 4.3,
                "home_handicap_0.5_odd": 1.18,
                "away_handicap_0.5_odd": 2.07,
                "home_handicap_-0.5_odd": 1.67,
                "under_2.5_odd": 1.69,
                "over_2.5_odd": 2.04,
                "2_odd": 4.6,
                "1_odd": 1.65,
                "draw_odd": 3.38,
                "home_handicap_-2.0_odd": 5.1,
                "away_handicap_2.0_odd": 1.13,
                "home_handicap_-2.25_odd": 5.35,
                "away_handicap_2.25_odd": 1.12
            },
            {
                "match_id": 27519195,
                "date": "14/07/2025",
                "time": "00:00",
                "home_team": "Deportivo Cuenca",
                "away_team": "Delfin SC",
                "match_url": "https://www.asbet.org/en/sports/pre-match/event-view/Soccer/Ecuador/1834/serie-a/27519195/deportivo-cuenca-delfin-sc",
                "both_score_odd": 2.13,
                "both_noscore_odd": 1.63,
                "X2_odd": 2.19,
                "1X_odd": 1.14,
                "12_odd": 1.27,
                "home_handicap_-1.75_odd": 3.47,
                "away_handicap_1.75_odd": 1.26,
                "home_handicap_-1.25_odd": 2.5,
                "away_handicap_1.25_odd": 1.47,
                "away_handicap_2.0_odd": 1.15,
                "home_handicap_-2.0_odd": 4.75,
                "away_handicap_1.5_odd": 1.38,
                "home_handicap_-1.5_odd": 2.8,
                "away_handicap_1.0_odd": 1.63,
                "home_handicap_-1.0_odd": 2.13,
                "home_handicap_-2.25_odd": 5.1,
                "away_handicap_2.25_odd": 1.13,
                "home_handicap_-2.5_odd": 5.55,
                "away_handicap_2.5_odd": 1.11,
                "over_3.0_odd": 3.15,
                "under_3.0_odd": 1.31,
                "over_2.0_odd": 1.62,
                "under_2.0_odd": 2.15,
                "home_handicap_-0.25_odd": 1.41,
                "away_handicap_0.25_odd": 2.68,
                "home_handicap_-0.5_odd": 1.6,
                "away_handicap_0.5_odd": 2.2,
                "home_handicap_0.0_odd": 1.22,
                "away_handicap_0.0_odd": 3.83,
                "away_handicap_-0.25_odd": 4.3,
                "home_handicap_0.25_odd": 1.18,
                "away_handicap_-0.5_odd": 4.9,
                "home_handicap_0.5_odd": 1.14,
                "home_handicap_-0.75_odd": 1.79,
                "away_handicap_0.75_odd": 1.91,
                "under_3.5_odd": 1.22,
                "over_3.5_odd": 3.83,
                "under_1.5_odd": 2.8,
                "over_1.5_odd": 1.38,
                "draw_odd": 3.4,
                "2_odd": 5.2,
                "1_odd": 1.58,
                "under_2.5_odd": 1.62,
                "over_2.5_odd": 2.15
            },
            {
                "match_id": 27519196,
                "date": "13/07/2025",
                "time": "19:00",
                "home_team": "Vinotinto FC Ecuador",
                "away_team": "Mushuc Runa SC",
                "match_url": "https://www.asbet.org/en/sports/pre-match/event-view/Soccer/Ecuador/1834/serie-a/27519196/vinotinto-fc-ecuador-mushuc-runa-sc",
                "both_score_odd": 1.71,
                "both_noscore_odd": 2.01,
                "away_handicap_1.5_odd": 1.14,
                "home_handicap_-1.5_odd": 4.9,
                "away_handicap_-1.25_odd": 4.75,
                "home_handicap_1.25_odd": 1.15,
                "away_handicap_-1.0_odd": 4.3,
                "home_handicap_1.0_odd": 1.18,
                "X2_odd": 1.47,
                "1X_odd": 1.44,
                "12_odd": 1.32,
                "away_handicap_1.25_odd": 1.16,
                "home_handicap_-1.25_odd": 4.57,
                "home_handicap_-0.5_odd": 2.45,
                "away_handicap_0.5_odd": 1.48,
                "away_handicap_-0.25_odd": 2.21,
                "home_handicap_0.25_odd": 1.59,
                "under_3.5_odd": 1.29,
                "over_3.5_odd": 3.25,
                "under_3.0_odd": 1.43,
                "over_3.0_odd": 2.62,
                "over_2.0_odd": 1.47,
                "under_2.0_odd": 2.5,
                "over_1.5_odd": 1.29,
                "under_1.5_odd": 3.25,
                "away_handicap_0.75_odd": 1.34,
                "home_handicap_-0.75_odd": 3.0,
                "home_handicap_-1.0_odd": 4.05,
                "away_handicap_1.0_odd": 1.2,
                "home_handicap_0.75_odd": 1.31,
                "away_handicap_-0.75_odd": 3.15,
                "home_handicap_0.5_odd": 1.46,
                "away_handicap_-0.5_odd": 2.52,
                "home_handicap_0.0_odd": 1.82,
                "away_handicap_0.0_odd": 1.88,
                "home_handicap_-0.25_odd": 2.15,
                "away_handicap_0.25_odd": 1.62,
                "over_2.5_odd": 1.91,
                "under_2.5_odd": 1.79,
                "2_odd": 2.54,
                "1_odd": 2.46,
                "draw_odd": 3.13,
                "away_handicap_-1.5_odd": 5.1,
                "home_handicap_1.5_odd": 1.13
            },
            {
                "match_id": 27519197,
                "date": "13/07/2025",
                "time": "01:00",
                "home_team": "Barcelona Guayaquil",
                "away_team": "Tecnico Universitario",
                "match_url": "https://www.asbet.org/en/sports/pre-match/event-view/Soccer/Ecuador/1834/serie-a/27519197/barcelona-guayaquil-tecnico-universitario",
                "both_noscore_odd": 1.75,
                "both_score_odd": 1.95,
                "home_handicap_0.25_odd": 1.12,
                "away_handicap_-0.25_odd": 5.35,
                "12_odd": 1.19,
                "X2_odd": 2.78,
                "1X_odd": 1.09,
                "under_3.5_odd": 1.37,
                "over_3.5_odd": 2.85,
                "under_3.0_odd": 1.55,
                "over_3.0_odd": 2.3,
                "under_2.0_odd": 2.87,
                "over_2.0_odd": 1.36,
                "under_1.5_odd": 3.65,
                "over_1.5_odd": 1.24,
                "away_handicap_2.75_odd": 1.14,
                "home_handicap_-2.75_odd": 4.9,
                "home_handicap_-2.25_odd": 3.75,
                "away_handicap_2.25_odd": 1.23,
                "home_handicap_-1.75_odd": 2.59,
                "away_handicap_1.75_odd": 1.44,
                "home_handicap_-1.25_odd": 1.97,
                "away_handicap_1.25_odd": 1.73,
                "home_handicap_-0.75_odd": 1.51,
                "away_handicap_0.75_odd": 2.39,
                "home_handicap_-0.25_odd": 1.27,
                "away_handicap_0.25_odd": 3.4,
                "home_handicap_-2.5_odd": 4.05,
                "away_handicap_2.5_odd": 1.2,
                "home_handicap_-2.0_odd": 3.3,
                "away_handicap_2.0_odd": 1.28,
                "home_handicap_-1.5_odd": 2.21,
                "away_handicap_1.5_odd": 1.59,
                "away_handicap_0.5_odd": 2.7,
                "home_handicap_-0.5_odd": 1.4,
                "away_handicap_0.0_odd": 4.9,
                "home_handicap_0.0_odd": 1.14,
                "away_handicap_1.0_odd": 2.05,
                "home_handicap_-1.0_odd": 1.68,
                "over_2.5_odd": 1.74,
                "under_2.5_odd": 1.96,
                "draw_odd": 4.2,
                "2_odd": 6.5,
                "1_odd": 1.38
            },
            {
                "match_id": 27519198,
                "date": "15/07/2025",
                "time": "01:00",
                "home_team": "SD Aucas",
                "away_team": "CD El Nacional Quito",
                "match_url": "https://www.asbet.org/en/sports/pre-match/event-view/Soccer/Ecuador/1834/serie-a/27519198/sd-aucas-cd-el-nacional-quito",
                "home_handicap_-0.5_odd": 1.61,
                "away_handicap_0.5_odd": 2.17,
                "draw_odd": 3.72,
                "2_odd": 4.5,
                "1_odd": 1.59,
                "both_score_odd": 1.72,
                "both_noscore_odd": 2.0,
                "away_handicap_1.75_odd": 1.29,
                "home_handicap_-1.75_odd": 3.25,
                "away_handicap_2.0_odd": 1.18,
                "home_handicap_-2.0_odd": 4.3,
                "away_handicap_-0.75_odd": 5.55,
                "home_handicap_0.75_odd": 1.11,
                "away_handicap_-0.25_odd": 3.9,
                "home_handicap_0.25_odd": 1.21,
                "X2_odd": 2.18,
                "1X_odd": 1.17,
                "12_odd": 1.24,
                "over_3.5_odd": 2.7,
                "under_3.5_odd": 1.4,
                "over_1.5_odd": 1.22,
                "under_1.5_odd": 3.83,
                "over_3.0_odd": 2.17,
                "under_3.0_odd": 1.61,
                "over_2.0_odd": 1.32,
                "under_2.0_odd": 3.1,
                "home_handicap_-1.25_odd": 2.39,
                "away_handicap_1.25_odd": 1.51,
                "home_handicap_-0.75_odd": 1.79,
                "away_handicap_0.75_odd": 1.91,
                "home_handicap_-0.25_odd": 1.44,
                "away_handicap_0.25_odd": 2.59,
                "home_handicap_-1.5_odd": 2.68,
                "away_handicap_1.5_odd": 1.41,
                "home_handicap_-1.0_odd": 2.07,
                "away_handicap_1.0_odd": 1.67,
                "home_handicap_0.0_odd": 1.26,
                "away_handicap_0.0_odd": 3.47,
                "home_handicap_0.5_odd": 1.18,
                "away_handicap_-0.5_odd": 4.3,
                "over_2.5_odd": 1.69,
                "under_2.5_odd": 2.04,
                "away_handicap_2.5_odd": 1.14,
                "home_handicap_-2.5_odd": 4.9,
                "away_handicap_2.25_odd": 1.16,
                "home_handicap_-2.25_odd": 4.57
            },
            {
                "match_id": 27519199,
                "date": "12/07/2025",
                "time": "20:00",
                "home_team": "Manta FC",
                "away_team": "CD Universidad Catolica Quito",
                "match_url": "https://www.asbet.org/en/sports/pre-match/event-view/Soccer/Ecuador/1834/serie-a/27519199/manta-fc-cd-universidad-catolica-quito",
                "home_handicap_-1.25_odd": 5.1,
                "away_handicap_1.25_odd": 1.13,
                "both_score_odd": 1.7,
                "both_noscore_odd": 2.02,
                "home_handicap_-1.0_odd": 4.75,
                "away_handicap_1.0_odd": 1.15,
                "home_handicap_1.75_odd": 1.13,
                "away_handicap_-1.75_odd": 5.1,
                "home_handicap_1.5_odd": 1.2,
                "away_handicap_-1.5_odd": 4.05,
                "12_odd": 1.28,
                "X2_odd": 1.39,
                "1X_odd": 1.6,
                "away_handicap_0.25_odd": 1.49,
                "home_handicap_-0.25_odd": 2.44,
                "away_handicap_-1.25_odd": 3.75,
                "home_handicap_1.25_odd": 1.23,
                "away_handicap_-0.75_odd": 2.55,
                "home_handicap_0.75_odd": 1.45,
                "away_handicap_-0.5_odd": 2.2,
                "home_handicap_0.5_odd": 1.6,
                "over_3.5_odd": 3.05,
                "under_3.5_odd": 1.33,
                "over_3.0_odd": 2.44,
                "under_3.0_odd": 1.49,
                "over_2.0_odd": 1.42,
                "under_2.0_odd": 2.65,
                "over_1.5_odd": 1.27,
                "under_1.5_odd": 3.4,
                "home_handicap_-0.75_odd": 3.4,
                "away_handicap_0.75_odd": 1.27,
                "home_handicap_-0.5_odd": 2.75,
                "away_handicap_0.5_odd": 1.39,
                "home_handicap_1.0_odd": 1.28,
                "away_handicap_-1.0_odd": 3.3,
                "away_handicap_0.0_odd": 1.65,
                "home_handicap_0.0_odd": 2.1,
                "home_handicap_0.25_odd": 1.79,
                "away_handicap_-0.25_odd": 1.91,
                "over_2.5_odd": 1.83,
                "under_2.5_odd": 1.87,
                "2_odd": 2.15,
                "1_odd": 2.76,
                "draw_odd": 3.4,
                "away_handicap_1.5_odd": 1.11,
                "home_handicap_-1.5_odd": 5.55
            },
            {
                "match_id": 27519200,
                "date": "12/07/2025",
                "time": "22:00",
                "home_team": "LDU Quito",
                "away_team": "CS Emelec",
                "match_url": "https://www.asbet.org/en/sports/pre-match/event-view/Soccer/Ecuador/1834/serie-a/27519200/ldu-quito-cs-emelec",
                "both_noscore_odd": 1.66,
                "both_score_odd": 2.08,
                "home_handicap_-2.75_odd": 5.1,
                "away_handicap_2.75_odd": 1.13,
                "home_handicap_-2.25_odd": 3.83,
                "away_handicap_2.25_odd": 1.22,
                "home_handicap_-2.5_odd": 4.15,
                "away_handicap_2.5_odd": 1.19,
                "home_handicap_0.25_odd": 1.12,
                "away_handicap_-0.25_odd": 5.35,
                "12_odd": 1.21,
                "X2_odd": 2.66,
                "1X_odd": 1.09,
                "home_handicap_-0.75_odd": 1.54,
                "away_handicap_0.75_odd": 2.33,
                "home_handicap_0.0_odd": 1.14,
                "away_handicap_0.0_odd": 4.9,
                "away_handicap_1.75_odd": 1.41,
                "home_handicap_-1.75_odd": 2.68,
                "away_handicap_1.25_odd": 1.72,
                "home_handicap_-1.25_odd": 2.0,
                "away_handicap_2.0_odd": 1.26,
                "home_handicap_-2.0_odd": 3.47,
                "away_handicap_1.5_odd": 1.56,
                "home_handicap_-1.5_odd": 2.27,
                "away_handicap_1.0_odd": 1.97,
                "home_handicap_-1.0_odd": 1.73,
                "under_3.5_odd": 1.3,
                "over_3.5_odd": 3.2,
                "under_3.0_odd": 1.44,
                "over_3.0_odd": 2.59,
                "under_2.0_odd": 2.59,
                "over_2.0_odd": 1.44,
                "over_1.5_odd": 1.29,
                "under_1.5_odd": 3.25,
                "home_handicap_-0.25_odd": 1.29,
                "away_handicap_0.25_odd": 3.25,
                "home_handicap_-0.5_odd": 1.43,
                "away_handicap_0.5_odd": 2.62,
                "over_2.5_odd": 1.88,
                "under_2.5_odd": 1.82,
                "draw_odd": 3.94,
                "2_odd": 6.5,
                "1_odd": 1.41
            }
        ]
    }
]