[
    {
        "tournament_name": "Premier League. Outright",
        "tournament_id": 18071,
        "matches": []
    },
    {
        "tournament_name": "League One. Outright",
        "tournament_id": 22907,
        "matches": []
    },
    {
        "tournament_name": "League Two. Outright",
        "tournament_id": 23109,
        "matches": []
    },
    {
        "tournament_name": "Premier League",
        "tournament_id": 538,
        "matches": [
            {
                "match_id": 27431172,
                "date": "16/08/2025",
                "time": "17:30",
                "home_team": "Wolverhampton Wanderers",
                "away_team": "Manchester City",
                "match_url": "https://www.asbet.org/en/sports/pre-match/event-view/Soccer/England/538/premier-league/27431172/wolverhampton-wanderers-manchester-city",
                "both_score_odd": 1.83,
                "both_noscore_odd": 1.97,
                "under_5.0_odd": 1.085,
                "over_5.0_odd": 8.3,
                "home_handicap_-1.25_odd": 12.9,
                "away_handicap_1.25_odd": 1.037,
                "away_handicap_1.5_odd": 1.035,
                "home_handicap_-1.5_odd": 13.2,
                "away_handicap_1.0_odd": 1.04,
                "home_handicap_-1.0_odd": 12.5,
                "home_handicap_3.75_odd": 1.052,
                "away_handicap_-3.75_odd": 10.9,
                "away_handicap_-3.25_odd": 8.0,
                "home_handicap_3.25_odd": 1.09,
                "X2_odd": 1.14,
                "1X_odd": 2.71,
                "12_odd": 1.18,
                "away_handicap_0.0_odd": 1.21,
                "home_handicap_0.0_odd": 4.65,
                "home_handicap_2.25_odd": 1.28,
                "away_handicap_-2.25_odd": 3.84,
                "away_handicap_-1.75_odd": 2.66,
                "home_handicap_1.75_odd": 1.5,
                "home_handicap_0.25_odd": 3.4,
                "away_handicap_-0.25_odd": 1.34,
                "home_handicap_2.0_odd": 1.33,
                "away_handicap_-2.0_odd": 3.45,
                "home_handicap_1.5_odd": 1.66,
                "away_handicap_-1.5_odd": 2.28,
                "home_handicap_-0.75_odd": 7.8,
                "away_handicap_0.75_odd": 1.095,
                "home_handicap_2.75_odd": 1.17,
                "away_handicap_-2.75_odd": 5.35,
                "home_handicap_1.25_odd": 1.81,
                "away_handicap_-1.25_odd": 2.04,
                "home_handicap_0.75_odd": 2.42,
                "away_handicap_-0.75_odd": 1.59,
                "home_handicap_3.5_odd": 1.08,
                "away_handicap_-3.5_odd": 8.6,
                "away_handicap_-3.0_odd": 7.8,
                "home_handicap_3.0_odd": 1.095,
                "away_handicap_-2.5_odd": 4.25,
                "home_handicap_2.5_odd": 1.24,
                "home_handicap_1.0_odd": 2.11,
                "away_handicap_-1.0_odd": 1.76,
                "over_4.5_odd": 4.65,
                "under_4.5_odd": 1.21,
                "under_3.0_odd": 1.79,
                "over_3.0_odd": 2.07,
                "over_5.5_odd": 9.0,
                "under_5.5_odd": 1.075,
                "over_4.0_odd": 4.0,
                "under_4.0_odd": 1.26,
                "under_3.5_odd": 1.51,
                "over_3.5_odd": 2.64,
                "over_2.5_odd": 1.65,
                "under_2.5_odd": 2.29,
                "over_2.0_odd": 1.3,
                "under_2.0_odd": 3.67,
                "over_1.5_odd": 1.21,
                "under_1.5_odd": 4.65,
                "over_1.0_odd": 1.04,
                "under_1.0_odd": 12.5,
                "under_0.5_odd": 13.65,
                "over_0.5_odd": 1.032,
                "away_handicap_0.25_odd": 1.18,
                "home_handicap_-0.25_odd": 5.15,
                "away_handicap_0.5_odd": 1.16,
                "home_handicap_-0.5_odd": 5.55,
                "away_handicap_-0.5_odd": 1.48,
                "home_handicap_0.5_odd": 2.7,
                "2_odd": 1.48,
                "1_odd": 6.0,
                "draw_odd": 4.9
            },
            {
                "match_id": 27431173,
                "date": "16/08/2025",
                "time": "12:30",
                "home_team": "Aston Villa",
                "away_team": "Newcastle United",
                "match_url": "https://www.asbet.org/en/sports/pre-match/event-view/Soccer/England/538/premier-league/27431173/aston-villa-newcastle-united",
                "both_score_odd": 1.52,
                "both_noscore_odd": 2.53,
                "over_6.0_odd": 15.0,
                "under_6.0_odd": 1.025,
                "home_handicap_-2.75_odd": 12.5,
                "away_handicap_2.75_odd": 1.04,
                "away_handicap_2.25_odd": 1.075,
                "home_handicap_-2.25_odd": 9.0,
                "away_handicap_-2.75_odd": 15.0,
                "home_handicap_2.75_odd": 1.025,
                "away_handicap_-2.25_odd": 11.2,
                "home_handicap_2.25_odd": 1.05,
                "X2_odd": 1.61,
                "1X_odd": 1.44,
                "12_odd": 1.28,
                "under_5.5_odd": 1.08,
                "over_5.5_odd": 8.6,
                "under_5.0_odd": 1.095,
                "over_5.0_odd": 7.8,
                "under_4.5_odd": 1.22,
                "over_4.5_odd": 4.5,
                "under_4.0_odd": 1.29,
                "over_4.0_odd": 3.75,
                "under_3.5_odd": 1.55,
                "over_3.5_odd": 2.52,
                "under_3.0_odd": 1.85,
                "over_3.0_odd": 1.99,
                "under_2.5_odd": 2.35,
                "over_2.5_odd": 1.62,
                "under_2.0_odd": 3.84,
                "over_2.0_odd": 1.28,
                "under_1.5_odd": 4.81,
                "over_1.5_odd": 1.2,
                "under_1.0_odd": 12.9,
                "over_1.0_odd": 1.037,
                "under_0.5_odd": 14.0,
                "over_0.5_odd": 1.03,
                "away_handicap_1.75_odd": 1.15,
                "home_handicap_-1.75_odd": 5.8,
                "away_handicap_1.25_odd": 1.25,
                "home_handicap_-1.25_odd": 4.13,
                "away_handicap_0.75_odd": 1.46,
                "home_handicap_-0.75_odd": 2.8,
                "away_handicap_2.5_odd": 1.07,
                "home_handicap_-2.5_odd": 9.3,
                "away_handicap_2.0_odd": 1.08,
                "home_handicap_-2.0_odd": 8.6,
                "away_handicap_1.5_odd": 1.21,
                "home_handicap_-1.5_odd": 4.65,
                "home_handicap_-1.0_odd": 3.75,
                "away_handicap_1.0_odd": 1.29,
                "home_handicap_-0.5_odd": 2.35,
                "away_handicap_0.5_odd": 1.62,
                "home_handicap_1.75_odd": 1.1,
                "away_handicap_-1.75_odd": 7.5,
                "home_handicap_1.25_odd": 1.18,
                "away_handicap_-1.25_odd": 5.15,
                "home_handicap_0.75_odd": 1.33,
                "away_handicap_-0.75_odd": 3.45,
                "home_handicap_0.25_odd": 1.57,
                "away_handicap_-0.25_odd": 2.47,
                "home_handicap_2.5_odd": 1.045,
                "away_handicap_-2.5_odd": 11.85,
                "away_handicap_-2.0_odd": 10.9,
                "home_handicap_2.0_odd": 1.052,
                "home_handicap_1.5_odd": 1.16,
                "away_handicap_-1.5_odd": 5.55,
                "home_handicap_1.0_odd": 1.2,
                "away_handicap_-1.0_odd": 4.81,
                "home_handicap_0.5_odd": 1.45,
                "away_handicap_-0.5_odd": 2.83,
                "home_handicap_0.0_odd": 1.75,
                "away_handicap_0.0_odd": 2.12,
                "draw_odd": 3.63,
                "2_odd": 2.85,
                "1_odd": 2.36,
                "away_handicap_0.25_odd": 1.8,
                "home_handicap_-0.25_odd": 2.05
            },
            {
                "match_id": 27431174,
                "date": "16/08/2025",
                "time": "15:00",
                "home_team": "Sunderland",
                "away_team": "West Ham United",
                "match_url": "https://www.asbet.org/en/sports/pre-match/event-view/Soccer/England/538/premier-league/27431174/sunderland-west-ham-united",
                "both_noscore_odd": 2.18,
                "both_score_odd": 1.68,
                "over_5.0_odd": 11.2,
                "under_5.0_odd": 1.05,
                "home_handicap_-2.25_odd": 14.0,
                "away_handicap_2.25_odd": 1.03,
                "home_handicap_-1.75_odd": 9.0,
                "away_handicap_1.75_odd": 1.075,
                "home_handicap_-2.5_odd": 14.0,
                "away_handicap_2.5_odd": 1.03,
                "away_handicap_2.0_odd": 1.032,
                "home_handicap_-2.0_odd": 13.65,
                "away_handicap_-2.75_odd": 12.5,
                "home_handicap_2.75_odd": 1.04,
                "away_handicap_-2.25_odd": 9.3,
                "home_handicap_2.25_odd": 1.07,
                "X2_odd": 1.35,
                "12_odd": 1.3,
                "1X_odd": 1.61,
                "away_handicap_0.0_odd": 1.66,
                "home_handicap_0.0_odd": 2.28,
                "home_handicap_1.75_odd": 1.15,
                "away_handicap_-1.75_odd": 5.8,
                "away_handicap_-1.5_odd": 4.5,
                "home_handicap_1.5_odd": 1.22,
                "home_handicap_1.0_odd": 1.3,
                "away_handicap_-1.0_odd": 3.67,
                "away_handicap_-0.5_odd": 2.25,
                "home_handicap_0.5_odd": 1.67,
                "over_4.5_odd": 6.1,
                "under_4.5_odd": 1.14,
                "home_handicap_-1.25_odd": 6.4,
                "away_handicap_1.25_odd": 1.14,
                "under_2.0_odd": 2.95,
                "over_2.0_odd": 1.42,
                "under_1.5_odd": 3.84,
                "over_1.5_odd": 1.28,
                "away_handicap_0.75_odd": 1.27,
                "home_handicap_-0.75_odd": 3.93,
                "away_handicap_1.5_odd": 1.12,
                "home_handicap_-1.5_odd": 6.7,
                "home_handicap_-1.0_odd": 5.8,
                "away_handicap_1.0_odd": 1.15,
                "away_handicap_-1.25_odd": 4.0,
                "home_handicap_1.25_odd": 1.26,
                "home_handicap_0.75_odd": 1.49,
                "away_handicap_-0.75_odd": 2.68,
                "away_handicap_-2.5_odd": 9.7,
                "home_handicap_2.5_odd": 1.065,
                "home_handicap_2.0_odd": 1.08,
                "away_handicap_-2.0_odd": 8.6,
                "home_handicap_0.25_odd": 1.89,
                "away_handicap_-0.25_odd": 1.95,
                "under_5.5_odd": 1.03,
                "over_5.5_odd": 11.85,
                "over_4.0_odd": 5.15,
                "under_4.0_odd": 1.18,
                "under_3.5_odd": 1.38,
                "over_3.5_odd": 3.15,
                "under_3.0_odd": 1.56,
                "over_3.0_odd": 2.5,
                "under_1.0_odd": 9.7,
                "over_1.0_odd": 1.05,
                "over_0.5_odd": 1.05,
                "under_0.5_odd": 11.2,
                "over_2.5_odd": 1.86,
                "under_2.5_odd": 1.98,
                "away_handicap_0.25_odd": 1.49,
                "home_handicap_-0.25_odd": 2.68,
                "home_handicap_-0.5_odd": 3.1,
                "away_handicap_0.5_odd": 1.39,
                "2_odd": 2.26,
                "draw_odd": 3.45,
                "1_odd": 3.14
            },
            {
                "match_id": 27431175,
                "date": "16/08/2025",
                "time": "15:00",
                "home_team": "Nottingham Forest",
                "away_team": "Brentford",
                "match_url": "https://www.asbet.org/en/sports/pre-match/event-view/Soccer/England/538/premier-league/27431175/nottingham-forest-brentford",
                "both_noscore_odd": 2.3,
                "both_score_odd": 1.62,
                "over_5.0_odd": 9.7,
                "under_5.0_odd": 1.065,
                "home_handicap_-2.75_odd": 12.2,
                "away_handicap_2.75_odd": 1.042,
                "home_handicap_-2.25_odd": 8.6,
                "away_handicap_2.25_odd": 1.08,
                "home_handicap_2.25_odd": 1.032,
                "away_handicap_-2.25_odd": 13.65,
                "home_handicap_1.75_odd": 1.08,
                "away_handicap_-1.75_odd": 8.6,
                "away_handicap_-2.5_odd": 13.65,
                "home_handicap_2.5_odd": 1.032,
                "away_handicap_-2.0_odd": 13.2,
                "home_handicap_2.0_odd": 1.035,
                "12_odd": 1.29,
                "X2_odd": 1.67,
                "1X_odd": 1.37,
                "home_handicap_0.0_odd": 1.65,
                "away_handicap_0.0_odd": 2.29,
                "home_handicap_1.0_odd": 1.16,
                "away_handicap_-1.0_odd": 5.55,
                "away_handicap_2.0_odd": 1.085,
                "home_handicap_-2.0_odd": 8.3,
                "over_4.5_odd": 5.35,
                "under_4.5_odd": 1.17,
                "over_1.5_odd": 1.25,
                "under_1.5_odd": 4.13,
                "home_handicap_-1.75_odd": 5.55,
                "away_handicap_1.75_odd": 1.16,
                "away_handicap_1.25_odd": 1.27,
                "home_handicap_-1.25_odd": 3.93,
                "away_handicap_0.75_odd": 1.51,
                "home_handicap_-0.75_odd": 2.64,
                "away_handicap_2.5_odd": 1.075,
                "home_handicap_-2.5_odd": 9.0,
                "away_handicap_1.5_odd": 1.23,
                "home_handicap_-1.5_odd": 4.37,
                "home_handicap_-1.0_odd": 3.52,
                "away_handicap_1.0_odd": 1.32,
                "away_handicap_0.5_odd": 1.69,
                "home_handicap_-0.5_odd": 2.22,
                "away_handicap_-1.25_odd": 6.1,
                "home_handicap_1.25_odd": 1.14,
                "away_handicap_-0.75_odd": 3.84,
                "home_handicap_0.75_odd": 1.28,
                "away_handicap_-1.5_odd": 6.7,
                "home_handicap_1.5_odd": 1.12,
                "away_handicap_0.25_odd": 1.9,
                "home_handicap_-0.25_odd": 1.94,
                "over_5.5_odd": 10.4,
                "under_5.5_odd": 1.057,
                "under_3.5_odd": 1.43,
                "over_3.5_odd": 2.92,
                "away_handicap_-0.5_odd": 3.1,
                "home_handicap_0.5_odd": 1.39,
                "home_handicap_0.25_odd": 1.49,
                "away_handicap_-0.25_odd": 2.68,
                "over_4.0_odd": 4.65,
                "under_4.0_odd": 1.21,
                "over_3.0_odd": 2.28,
                "under_3.0_odd": 1.66,
                "over_2.5_odd": 1.76,
                "under_2.5_odd": 2.11,
                "over_2.0_odd": 1.36,
                "under_2.0_odd": 3.25,
                "under_1.0_odd": 10.9,
                "over_1.0_odd": 1.052,
                "over_0.5_odd": 1.04,
                "under_0.5_odd": 12.5,
                "draw_odd": 3.52,
                "2_odd": 3.13,
                "1_odd": 2.24
            },
            {
                "match_id": 27431176,
                "date": "15/08/2025",
                "time": "20:00",
                "home_team": "Liverpool",
                "away_team": "Bournemouth",
                "match_url": "https://www.asbet.org/en/sports/pre-match/event-view/Soccer/England/538/premier-league/27431176/liverpool-bournemouth",
                "both_noscore_odd": 2.18,
                "both_score_odd": 1.68,
                "over_6.0_odd": 11.2,
                "under_6.0_odd": 1.05,
                "home_handicap_-4.25_odd": 12.5,
                "away_handicap_4.25_odd": 1.04,
                "home_handicap_-3.75_odd": 8.3,
                "away_handicap_3.75_odd": 1.085,
                "home_handicap_-4.5_odd": 12.5,
                "away_handicap_4.5_odd": 1.04,
                "home_handicap_-4.0_odd": 12.2,
                "away_handicap_4.0_odd": 1.042,
                "home_handicap_1.25_odd": 1.032,
                "away_handicap_-1.25_odd": 13.65,
                "home_handicap_0.75_odd": 1.08,
                "away_handicap_-0.75_odd": 8.6,
                "home_handicap_1.5_odd": 1.03,
                "away_handicap_-1.5_odd": 14.0,
                "home_handicap_1.0_odd": 1.032,
                "away_handicap_-1.0_odd": 13.2,
                "12_odd": 1.15,
                "X2_odd": 3.1,
                "1X_odd": 1.11,
                "away_handicap_0.0_odd": 5.55,
                "home_handicap_0.0_odd": 1.16,
                "under_4.0_odd": 1.43,
                "over_4.0_odd": 2.92,
                "under_2.0_odd": 5.0,
                "over_2.0_odd": 1.19,
                "under_1.5_odd": 6.1,
                "over_1.5_odd": 1.14,
                "home_handicap_-2.25_odd": 3.1,
                "away_handicap_2.25_odd": 1.39,
                "away_handicap_1.75_odd": 1.65,
                "home_handicap_-1.75_odd": 2.29,
                "home_handicap_-3.5_odd": 6.4,
                "away_handicap_3.5_odd": 1.13,
                "away_handicap_3.0_odd": 1.15,
                "home_handicap_-3.0_odd": 5.8,
                "home_handicap_-2.5_odd": 3.45,
                "away_handicap_2.5_odd": 1.33,
                "away_handicap_2.0_odd": 1.47,
                "home_handicap_-2.0_odd": 2.76,
                "away_handicap_1.5_odd": 1.82,
                "home_handicap_-1.5_odd": 2.03,
                "away_handicap_1.0_odd": 2.47,
                "home_handicap_-1.0_odd": 1.57,
                "over_5.5_odd": 6.4,
                "under_5.5_odd": 1.13,
                "under_5.0_odd": 1.15,
                "over_5.0_odd": 5.8,
                "under_4.5_odd": 1.32,
                "over_4.5_odd": 3.52,
                "away_handicap_3.25_odd": 1.14,
                "home_handicap_-3.25_odd": 6.1,
                "away_handicap_2.75_odd": 1.24,
                "home_handicap_-2.75_odd": 4.25,
                "home_handicap_-0.75_odd": 1.46,
                "away_handicap_0.75_odd": 2.8,
                "home_handicap_-1.25_odd": 1.79,
                "away_handicap_1.25_odd": 2.07,
                "over_6.5_odd": 11.85,
                "under_6.5_odd": 1.045,
                "over_3.5_odd": 2.12,
                "under_3.5_odd": 1.75,
                "under_3.0_odd": 2.23,
                "over_3.0_odd": 1.68,
                "under_2.5_odd": 2.83,
                "over_2.5_odd": 1.45,
                "away_handicap_0.25_odd": 3.93,
                "home_handicap_-0.25_odd": 1.27,
                "home_handicap_-0.5_odd": 1.39,
                "away_handicap_0.5_odd": 3.1,
                "home_handicap_0.25_odd": 1.14,
                "away_handicap_-0.25_odd": 6.1,
                "home_handicap_0.5_odd": 1.13,
                "away_handicap_-0.5_odd": 6.4,
                "2_odd": 6.9,
                "1_odd": 1.38,
                "draw_odd": 5.5
            },
            {
                "match_id": 27431177,
                "date": "16/08/2025",
                "time": "15:00",
                "home_team": "Tottenham Hotspur",
                "away_team": "Burnley",
                "match_url": "https://www.asbet.org/en/sports/pre-match/event-view/Soccer/England/538/premier-league/27431177/tottenham-hotspur-burnley",
                "away_handicap_4.5_odd": 1.027,
                "home_handicap_-4.5_odd": 14.6,
                "both_score_odd": 1.9,
                "both_noscore_odd": 1.9,
                "under_5.0_odd": 1.08,
                "over_5.0_odd": 8.6,
                "away_handicap_4.25_odd": 1.03,
                "home_handicap_-4.25_odd": 14.0,
                "home_handicap_-3.75_odd": 9.7,
                "away_handicap_3.75_odd": 1.065,
                "home_handicap_-4.0_odd": 14.0,
                "away_handicap_4.0_odd": 1.03,
                "home_handicap_0.75_odd": 1.075,
                "away_handicap_-0.75_odd": 9.0,
                "home_handicap_0.5_odd": 1.13,
                "away_handicap_-0.5_odd": 6.4,
                "12_odd": 1.19,
                "X2_odd": 2.85,
                "1X_odd": 1.11,
                "away_handicap_0.0_odd": 5.35,
                "home_handicap_0.0_odd": 1.17,
                "away_handicap_3.25_odd": 1.11,
                "home_handicap_-3.25_odd": 7.1,
                "home_handicap_-2.75_odd": 4.65,
                "away_handicap_2.75_odd": 1.21,
                "away_handicap_2.25_odd": 1.34,
                "home_handicap_-2.25_odd": 3.4,
                "away_handicap_1.75_odd": 1.57,
                "home_handicap_-1.75_odd": 2.47,
                "away_handicap_0.75_odd": 2.57,
                "home_handicap_-0.75_odd": 1.53,
                "away_handicap_3.5_odd": 1.1,
                "home_handicap_-3.5_odd": 7.5,
                "away_handicap_3.0_odd": 1.12,
                "home_handicap_-3.0_odd": 6.7,
                "away_handicap_2.5_odd": 1.29,
                "home_handicap_-2.5_odd": 3.75,
                "away_handicap_2.0_odd": 1.4,
                "home_handicap_-2.0_odd": 3.05,
                "away_handicap_1.5_odd": 1.74,
                "home_handicap_-1.5_odd": 2.14,
                "away_handicap_1.0_odd": 2.25,
                "home_handicap_-1.0_odd": 1.67,
                "away_handicap_1.25_odd": 1.99,
                "home_handicap_-1.25_odd": 1.85,
                "under_5.5_odd": 1.07,
                "over_5.5_odd": 9.3,
                "under_4.5_odd": 1.2,
                "over_4.5_odd": 4.81,
                "under_4.0_odd": 1.23,
                "over_4.0_odd": 4.0,
                "under_3.5_odd": 1.5,
                "over_3.5_odd": 2.66,
                "over_3.0_odd": 2.08,
                "under_3.0_odd": 1.78,
                "under_2.5_odd": 2.28,
                "over_2.5_odd": 1.66,
                "under_2.0_odd": 3.67,
                "over_2.0_odd": 1.3,
                "under_1.5_odd": 4.65,
                "over_1.5_odd": 1.21,
                "under_1.0_odd": 12.2,
                "over_1.0_odd": 1.042,
                "under_0.5_odd": 13.65,
                "over_0.5_odd": 1.032,
                "away_handicap_0.25_odd": 3.67,
                "home_handicap_-0.25_odd": 1.3,
                "away_handicap_0.5_odd": 2.88,
                "home_handicap_-0.5_odd": 1.44,
                "home_handicap_0.25_odd": 1.14,
                "away_handicap_-0.25_odd": 6.1,
                "draw_odd": 4.7,
                "2_odd": 7.0,
                "1_odd": 1.44
            },
            {
                "match_id": 27431206,
                "date": "16/08/2025",
                "time": "15:00",
                "home_team": "Brighton and Hove Albion",
                "away_team": "Fulham",
                "match_url": "https://www.asbet.org/en/sports/pre-match/event-view/Soccer/England/538/premier-league/27431206/brighton-and-hove-albion-fulham",
                "both_noscore_odd": 2.22,
                "both_score_odd": 1.66,
                "under_5.0_odd": 1.07,
                "over_5.0_odd": 9.3,
                "home_handicap_-3.25_odd": 13.65,
                "away_handicap_3.25_odd": 1.032,
                "away_handicap_2.75_odd": 1.075,
                "home_handicap_-2.75_odd": 9.0,
                "home_handicap_-3.5_odd": 14.0,
                "away_handicap_3.5_odd": 1.032,
                "home_handicap_-3.0_odd": 13.2,
                "away_handicap_3.0_odd": 1.035,
                "away_handicap_-1.75_odd": 11.5,
                "home_handicap_1.75_odd": 1.047,
                "home_handicap_1.25_odd": 1.09,
                "away_handicap_-1.25_odd": 8.0,
                "X2_odd": 1.88,
                "1X_odd": 1.25,
                "12_odd": 1.26,
                "under_4.5_odd": 1.18,
                "over_4.5_odd": 5.15,
                "over_4.0_odd": 4.37,
                "under_4.0_odd": 1.23,
                "over_3.5_odd": 2.8,
                "under_3.5_odd": 1.46,
                "under_3.0_odd": 1.7,
                "over_3.0_odd": 2.2,
                "over_2.5_odd": 1.72,
                "under_2.5_odd": 2.17,
                "under_2.0_odd": 3.4,
                "over_2.0_odd": 1.34,
                "over_1.5_odd": 1.23,
                "under_1.5_odd": 4.37,
                "under_1.0_odd": 11.5,
                "over_1.0_odd": 1.047,
                "under_0.5_odd": 12.9,
                "over_0.5_odd": 1.037,
                "away_handicap_2.5_odd": 1.12,
                "home_handicap_-2.5_odd": 6.7,
                "away_handicap_2.0_odd": 1.15,
                "home_handicap_-2.0_odd": 5.8,
                "away_handicap_1.5_odd": 1.35,
                "home_handicap_-1.5_odd": 3.32,
                "away_handicap_1.0_odd": 1.53,
                "home_handicap_-1.0_odd": 2.57,
                "away_handicap_0.0_odd": 3.0,
                "home_handicap_0.0_odd": 1.41,
                "away_handicap_-1.5_odd": 8.6,
                "home_handicap_1.5_odd": 1.08,
                "away_handicap_-1.0_odd": 7.8,
                "home_handicap_1.0_odd": 1.095,
                "under_5.5_odd": 1.05,
                "over_5.5_odd": 10.1,
                "away_handicap_2.25_odd": 1.13,
                "home_handicap_-2.25_odd": 6.4,
                "away_handicap_1.75_odd": 1.25,
                "home_handicap_-1.75_odd": 4.13,
                "away_handicap_1.25_odd": 1.42,
                "home_handicap_-1.25_odd": 2.95,
                "away_handicap_0.75_odd": 1.77,
                "home_handicap_-0.75_odd": 2.09,
                "away_handicap_0.25_odd": 2.35,
                "home_handicap_-0.25_odd": 1.62,
                "away_handicap_-0.75_odd": 5.15,
                "home_handicap_0.75_odd": 1.18,
                "home_handicap_0.25_odd": 1.32,
                "away_handicap_-0.25_odd": 3.52,
                "home_handicap_0.5_odd": 1.27,
                "away_handicap_-0.5_odd": 3.93,
                "2_odd": 4.0,
                "1_odd": 1.85,
                "draw_odd": 3.83,
                "away_handicap_0.5_odd": 1.99,
                "home_handicap_-0.5_odd": 1.85
            },
            {
                "match_id": 27431213,
                "date": "17/08/2025",
                "time": "14:00",
                "home_team": "Chelsea",
                "away_team": "Crystal Palace",
                "match_url": "https://www.asbet.org/en/sports/pre-match/event-view/Soccer/England/538/premier-league/27431213/chelsea-crystal-palace",
                "home_handicap_1.75_odd": 1.027,
                "away_handicap_-1.75_odd": 14.6,
                "both_noscore_odd": 2.1,
                "both_score_odd": 1.73,
                "home_handicap_-3.75_odd": 14.6,
                "away_handicap_3.75_odd": 1.027,
                "away_handicap_3.25_odd": 1.05,
                "home_handicap_-3.25_odd": 11.2,
                "away_handicap_-1.25_odd": 10.6,
                "home_handicap_1.25_odd": 1.055,
                "X2_odd": 2.24,
                "1X_odd": 1.18,
                "12_odd": 1.24,
                "home_handicap_-2.25_odd": 5.0,
                "away_handicap_2.25_odd": 1.19,
                "home_handicap_-1.75_odd": 3.45,
                "away_handicap_1.75_odd": 1.33,
                "away_handicap_1.25_odd": 1.56,
                "home_handicap_-1.25_odd": 2.5,
                "away_handicap_0.75_odd": 2.02,
                "home_handicap_-0.75_odd": 1.83,
                "away_handicap_0.25_odd": 2.7,
                "home_handicap_-0.25_odd": 1.48,
                "home_handicap_-2.5_odd": 5.35,
                "away_handicap_2.5_odd": 1.17,
                "away_handicap_1.5_odd": 1.45,
                "home_handicap_-1.5_odd": 2.83,
                "away_handicap_0.0_odd": 3.75,
                "home_handicap_0.0_odd": 1.29,
                "home_handicap_0.25_odd": 1.23,
                "away_handicap_-0.25_odd": 4.37,
                "over_5.5_odd": 10.1,
                "under_5.5_odd": 1.045,
                "over_4.5_odd": 5.15,
                "under_4.5_odd": 1.18,
                "over_4.0_odd": 4.5,
                "under_4.0_odd": 1.22,
                "over_3.5_odd": 2.83,
                "under_3.5_odd": 1.45,
                "over_3.0_odd": 2.22,
                "under_3.0_odd": 1.69,
                "over_2.5_odd": 1.73,
                "under_2.5_odd": 2.15,
                "over_2.0_odd": 1.35,
                "under_2.0_odd": 3.32,
                "under_1.5_odd": 4.25,
                "over_1.5_odd": 1.24,
                "under_1.0_odd": 11.2,
                "over_1.0_odd": 1.035,
                "under_0.5_odd": 12.5,
                "over_0.5_odd": 1.027,
                "away_handicap_2.75_odd": 1.11,
                "home_handicap_-2.75_odd": 7.1,
                "away_handicap_3.5_odd": 1.047,
                "home_handicap_-3.5_odd": 11.5,
                "away_handicap_3.0_odd": 1.055,
                "home_handicap_-3.0_odd": 10.6,
                "away_handicap_2.0_odd": 1.21,
                "home_handicap_-2.0_odd": 4.65,
                "away_handicap_0.5_odd": 2.28,
                "home_handicap_-0.5_odd": 1.66,
                "away_handicap_-0.75_odd": 6.4,
                "home_handicap_0.75_odd": 1.13,
                "away_handicap_-1.5_odd": 11.2,
                "home_handicap_1.5_odd": 1.05,
                "away_handicap_-1.0_odd": 10.1,
                "home_handicap_1.0_odd": 1.06,
                "away_handicap_1.0_odd": 1.73,
                "home_handicap_-1.0_odd": 2.15,
                "over_5.0_odd": 9.3,
                "under_5.0_odd": 1.07,
                "away_handicap_-0.5_odd": 4.81,
                "home_handicap_0.5_odd": 1.2,
                "draw_odd": 3.99,
                "2_odd": 5.0,
                "1_odd": 1.66
            },
            {
                "match_id": 27431223,
                "date": "17/08/2025",
                "time": "16:30",
                "home_team": "Manchester United",
                "away_team": "Arsenal",
                "match_url": "https://www.asbet.org/en/sports/pre-match/event-view/Soccer/England/538/premier-league/27431223/manchester-united-arsenal",
                "both_score_odd": 1.73,
                "both_noscore_odd": 2.1,
                "over_5.0_odd": 11.85,
                "under_5.0_odd": 1.03,
                "away_handicap_2.25_odd": 1.025,
                "home_handicap_-2.25_odd": 15.0,
                "home_handicap_-1.75_odd": 9.7,
                "away_handicap_1.75_odd": 1.065,
                "away_handicap_2.0_odd": 1.027,
                "home_handicap_-2.0_odd": 14.6,
                "away_handicap_-2.75_odd": 12.5,
                "home_handicap_2.75_odd": 1.04,
                "home_handicap_2.25_odd": 1.075,
                "away_handicap_-2.25_odd": 9.0,
                "12_odd": 1.3,
                "X2_odd": 1.33,
                "1X_odd": 1.63,
                "home_handicap_0.0_odd": 2.38,
                "away_handicap_0.0_odd": 1.61,
                "over_1.5_odd": 1.3,
                "under_1.5_odd": 3.67,
                "over_5.5_odd": 12.5,
                "under_5.5_odd": 1.04,
                "over_4.5_odd": 6.4,
                "under_4.5_odd": 1.13,
                "over_4.0_odd": 5.55,
                "under_4.0_odd": 1.16,
                "over_3.5_odd": 3.25,
                "under_3.5_odd": 1.36,
                "under_3.0_odd": 1.52,
                "over_3.0_odd": 2.6,
                "under_2.0_odd": 2.83,
                "over_2.0_odd": 1.45,
                "over_1.0_odd": 1.07,
                "under_1.0_odd": 9.3,
                "over_0.5_odd": 1.052,
                "under_0.5_odd": 10.9,
                "away_handicap_1.25_odd": 1.12,
                "home_handicap_-1.25_odd": 6.7,
                "home_handicap_-1.5_odd": 7.1,
                "away_handicap_1.5_odd": 1.11,
                "home_handicap_-1.0_odd": 6.1,
                "away_handicap_1.0_odd": 1.14,
                "home_handicap_1.75_odd": 1.16,
                "away_handicap_-1.75_odd": 5.55,
                "home_handicap_2.5_odd": 1.07,
                "away_handicap_-2.5_odd": 9.3,
                "home_handicap_2.0_odd": 1.085,
                "away_handicap_-2.0_odd": 8.3,
                "under_2.5_odd": 1.93,
                "over_2.5_odd": 1.91,
                "away_handicap_0.75_odd": 1.25,
                "home_handicap_-0.75_odd": 4.13,
                "home_handicap_-0.25_odd": 2.8,
                "away_handicap_0.25_odd": 1.46,
                "away_handicap_0.5_odd": 1.37,
                "home_handicap_-0.5_odd": 3.2,
                "away_handicap_-1.25_odd": 3.93,
                "home_handicap_1.25_odd": 1.27,
                "away_handicap_-0.75_odd": 2.6,
                "home_handicap_0.75_odd": 1.52,
                "away_handicap_-1.5_odd": 4.37,
                "home_handicap_1.5_odd": 1.23,
                "home_handicap_1.0_odd": 1.33,
                "away_handicap_-1.0_odd": 3.45,
                "home_handicap_0.5_odd": 1.71,
                "away_handicap_-0.5_odd": 2.19,
                "draw_odd": 3.45,
                "2_odd": 2.2,
                "1_odd": 3.28,
                "away_handicap_-0.25_odd": 1.89,
                "home_handicap_0.25_odd": 1.95
            },
            {
                "match_id": 27431247,
                "date": "18/08/2025",
                "time": "20:00",
                "home_team": "Leeds United",
                "away_team": "Everton",
                "match_url": "https://www.asbet.org/en/sports/pre-match/event-view/Soccer/England/538/premier-league/27431247/leeds-united-everton",
                "both_score_odd": 1.8,
                "both_noscore_odd": 2.01,
                "under_5.0_odd": 1.032,
                "over_5.0_odd": 13.65,
                "home_handicap_-2.25_odd": 11.5,
                "away_handicap_2.25_odd": 1.047,
                "away_handicap_2.5_odd": 1.042,
                "home_handicap_-2.5_odd": 12.2,
                "away_handicap_2.0_odd": 1.05,
                "home_handicap_-2.0_odd": 11.2,
                "away_handicap_-2.25_odd": 12.9,
                "home_handicap_2.25_odd": 1.037,
                "home_handicap_2.5_odd": 1.032,
                "away_handicap_-2.5_odd": 13.65,
                "home_handicap_2.0_odd": 1.04,
                "away_handicap_-2.0_odd": 12.5,
                "12_odd": 1.32,
                "X2_odd": 1.48,
                "1X_odd": 1.42,
                "over_1.5_odd": 1.35,
                "under_1.5_odd": 3.32,
                "under_5.5_odd": 1.03,
                "over_5.5_odd": 14.0,
                "under_4.5_odd": 1.1,
                "over_4.5_odd": 7.5,
                "under_4.0_odd": 1.12,
                "over_4.0_odd": 6.7,
                "under_3.5_odd": 1.3,
                "over_3.5_odd": 3.67,
                "under_3.0_odd": 1.42,
                "over_3.0_odd": 2.95,
                "over_2.0_odd": 1.55,
                "under_2.0_odd": 2.52,
                "over_1.0_odd": 1.09,
                "under_1.0_odd": 8.0,
                "over_0.5_odd": 1.065,
                "under_0.5_odd": 9.7,
                "home_handicap_-1.75_odd": 7.1,
                "away_handicap_1.75_odd": 1.11,
                "away_handicap_1.25_odd": 1.19,
                "home_handicap_-1.25_odd": 5.0,
                "away_handicap_0.25_odd": 1.7,
                "home_handicap_-0.25_odd": 2.2,
                "home_handicap_-1.0_odd": 4.5,
                "away_handicap_1.0_odd": 1.22,
                "home_handicap_1.75_odd": 1.09,
                "away_handicap_-1.75_odd": 8.0,
                "away_handicap_-0.75_odd": 3.45,
                "home_handicap_0.75_odd": 1.33,
                "away_handicap_-0.25_odd": 2.38,
                "home_handicap_0.25_odd": 1.61,
                "away_handicap_-1.5_odd": 6.1,
                "home_handicap_1.5_odd": 1.14,
                "under_2.5_odd": 1.79,
                "over_2.5_odd": 2.07,
                "away_handicap_0.75_odd": 1.38,
                "home_handicap_-0.75_odd": 3.15,
                "away_handicap_1.5_odd": 1.17,
                "home_handicap_-1.5_odd": 5.35,
                "away_handicap_-1.25_odd": 5.55,
                "home_handicap_1.25_odd": 1.16,
                "away_handicap_-1.0_odd": 5.0,
                "home_handicap_1.0_odd": 1.19,
                "away_handicap_0.5_odd": 1.54,
                "home_handicap_-0.5_odd": 2.55,
                "away_handicap_-0.5_odd": 2.7,
                "home_handicap_0.5_odd": 1.48,
                "away_handicap_0.0_odd": 2.01,
                "home_handicap_0.0_odd": 1.84,
                "2_odd": 2.77,
                "1_odd": 2.58,
                "draw_odd": 3.32
            }
        ]
    },
    {
        "tournament_name": "Championship",
        "tournament_id": 539,
        "matches": [
            {
                "match_id": 27502603,
                "date": "08/08/2025",
                "time": "20:00",
                "home_team": "Birmingham City",
                "away_team": "Ipswich Town",
                "match_url": "https://www.asbet.org/en/sports/pre-match/event-view/Soccer/England/539/championship/27502603/birmingham-city-ipswich-town",
                "both_score_odd": 1.77,
                "both_noscore_odd": 1.97,
                "12_odd": 1.34,
                "X2_odd": 1.51,
                "1X_odd": 1.39,
                "under_3.5_odd": 1.27,
                "over_3.5_odd": 3.55,
                "under_3.0_odd": 1.38,
                "over_3.0_odd": 2.9,
                "over_2.0_odd": 1.53,
                "under_2.0_odd": 2.4,
                "under_1.5_odd": 3.1,
                "over_1.5_odd": 1.33,
                "away_handicap_0.75_odd": 1.37,
                "home_handicap_-0.75_odd": 2.95,
                "home_handicap_-0.25_odd": 2.07,
                "away_handicap_0.25_odd": 1.7,
                "home_handicap_-0.5_odd": 2.4,
                "away_handicap_0.5_odd": 1.53,
                "home_handicap_0.75_odd": 1.27,
                "away_handicap_-0.75_odd": 3.55,
                "home_handicap_0.25_odd": 1.53,
                "away_handicap_-0.25_odd": 2.4,
                "home_handicap_0.5_odd": 1.41,
                "away_handicap_-0.5_odd": 2.77,
                "home_handicap_0.0_odd": 1.73,
                "away_handicap_0.0_odd": 2.03,
                "over_2.5_odd": 2.03,
                "under_2.5_odd": 1.73,
                "draw_odd": 3.1,
                "2_odd": 2.85,
                "1_odd": 2.43
            },
            {
                "match_id": 27502604,
                "date": "09/08/2025",
                "time": "12:30",
                "home_team": "Charlton Athletic",
                "away_team": "Watford",
                "match_url": "https://www.asbet.org/en/sports/pre-match/event-view/Soccer/England/539/championship/27502604/charlton-athletic-watford",
                "both_noscore_odd": 1.99,
                "both_score_odd": 1.76,
                "X2_odd": 1.5,
                "1X_odd": 1.38,
                "12_odd": 1.35,
                "home_handicap_-0.75_odd": 2.95,
                "away_handicap_0.75_odd": 1.37,
                "home_handicap_-0.25_odd": 2.07,
                "away_handicap_0.25_odd": 1.7,
                "home_handicap_-0.5_odd": 2.4,
                "away_handicap_0.5_odd": 1.53,
                "home_handicap_0.75_odd": 1.27,
                "away_handicap_-0.75_odd": 3.55,
                "home_handicap_0.25_odd": 1.52,
                "away_handicap_-0.25_odd": 2.42,
                "home_handicap_0.5_odd": 1.4,
                "away_handicap_-0.5_odd": 2.8,
                "under_3.5_odd": 1.27,
                "over_3.5_odd": 3.55,
                "under_3.0_odd": 1.39,
                "over_3.0_odd": 2.85,
                "under_2.5_odd": 1.74,
                "over_2.5_odd": 2.02,
                "under_2.0_odd": 2.4,
                "over_2.0_odd": 1.53,
                "under_1.5_odd": 3.1,
                "over_1.5_odd": 1.33,
                "away_handicap_0.0_odd": 2.03,
                "home_handicap_0.0_odd": 1.73,
                "2_odd": 2.87,
                "1_odd": 2.44,
                "draw_odd": 3.06
            },
            {
                "match_id": 27502605,
                "date": "09/08/2025",
                "time": "12:30",
                "home_team": "Coventry City",
                "away_team": "Hull City",
                "match_url": "https://www.asbet.org/en/sports/pre-match/event-view/Soccer/England/539/championship/27502605/coventry-city-hull-city",
                "both_score_odd": 1.83,
                "both_noscore_odd": 1.91,
                "X2_odd": 2.05,
                "1X_odd": 1.2,
                "12_odd": 1.26,
                "home_handicap_-1.25_odd": 2.65,
                "away_handicap_1.25_odd": 1.44,
                "home_handicap_-0.25_odd": 1.51,
                "away_handicap_0.25_odd": 2.45,
                "away_handicap_1.5_odd": 1.36,
                "home_handicap_-1.5_odd": 2.97,
                "away_handicap_1.0_odd": 1.57,
                "home_handicap_-1.0_odd": 2.3,
                "home_handicap_-0.5_odd": 1.7,
                "away_handicap_0.5_odd": 2.07,
                "home_handicap_-1.75_odd": 3.7,
                "away_handicap_1.75_odd": 1.25,
                "over_3.5_odd": 3.15,
                "under_3.5_odd": 1.32,
                "over_3.0_odd": 2.57,
                "under_3.0_odd": 1.47,
                "over_2.0_odd": 1.44,
                "under_2.0_odd": 2.65,
                "under_1.5_odd": 3.4,
                "over_1.5_odd": 1.28,
                "away_handicap_0.0_odd": 3.3,
                "home_handicap_0.0_odd": 1.3,
                "home_handicap_-0.75_odd": 1.92,
                "away_handicap_0.75_odd": 1.82,
                "over_2.5_odd": 1.88,
                "under_2.5_odd": 1.86,
                "draw_odd": 3.64,
                "2_odd": 4.4,
                "1_odd": 1.71
            },
            {
                "match_id": 27502606,
                "date": "09/08/2025",
                "time": "15:00",
                "home_team": "Middlesbrough",
                "away_team": "Swansea City",
                "match_url": "https://www.asbet.org/en/sports/pre-match/event-view/Soccer/England/539/championship/27502606/middlesbrough-swansea-city",
                "both_score_odd": 1.81,
                "both_noscore_odd": 1.93,
                "X2_odd": 1.87,
                "1X_odd": 1.25,
                "12_odd": 1.27,
                "away_handicap_1.25_odd": 1.37,
                "home_handicap_-1.25_odd": 2.95,
                "away_handicap_0.75_odd": 1.69,
                "home_handicap_-0.75_odd": 2.08,
                "away_handicap_0.25_odd": 2.23,
                "home_handicap_-0.25_odd": 1.61,
                "away_handicap_1.5_odd": 1.31,
                "home_handicap_-1.5_odd": 3.2,
                "away_handicap_1.0_odd": 1.47,
                "home_handicap_-1.0_odd": 2.57,
                "away_handicap_0.5_odd": 1.92,
                "home_handicap_-0.5_odd": 1.82,
                "away_handicap_-0.5_odd": 3.7,
                "home_handicap_0.5_odd": 1.25,
                "under_3.5_odd": 1.32,
                "over_3.5_odd": 3.15,
                "under_3.0_odd": 1.47,
                "over_3.0_odd": 2.57,
                "under_2.5_odd": 1.85,
                "over_2.5_odd": 1.89,
                "under_2.0_odd": 2.62,
                "over_2.0_odd": 1.45,
                "under_1.5_odd": 3.35,
                "over_1.5_odd": 1.29,
                "away_handicap_-0.25_odd": 3.2,
                "home_handicap_0.25_odd": 1.31,
                "away_handicap_0.0_odd": 2.85,
                "home_handicap_0.0_odd": 1.39,
                "draw_odd": 3.61,
                "2_odd": 3.84,
                "1_odd": 1.83
            },
            {
                "match_id": 27502607,
                "date": "09/08/2025",
                "time": "15:00",
                "home_team": "Oxford United",
                "away_team": "Portsmouth",
                "match_url": "https://www.asbet.org/en/sports/pre-match/event-view/Soccer/England/539/championship/27502607/oxford-united-portsmouth",
                "both_score_odd": 1.76,
                "both_noscore_odd": 1.99,
                "X2_odd": 1.48,
                "1X_odd": 1.41,
                "12_odd": 1.34,
                "home_handicap_-0.75_odd": 3.0,
                "away_handicap_0.75_odd": 1.35,
                "home_handicap_-0.25_odd": 2.15,
                "away_handicap_0.25_odd": 1.65,
                "home_handicap_-0.5_odd": 2.47,
                "away_handicap_0.5_odd": 1.5,
                "home_handicap_0.75_odd": 1.29,
                "away_handicap_-0.75_odd": 3.35,
                "away_handicap_-0.25_odd": 2.33,
                "home_handicap_0.25_odd": 1.56,
                "away_handicap_-0.5_odd": 2.7,
                "home_handicap_0.5_odd": 1.43,
                "over_3.5_odd": 3.55,
                "under_3.5_odd": 1.27,
                "over_3.0_odd": 2.85,
                "under_3.0_odd": 1.39,
                "under_2.5_odd": 1.74,
                "over_2.5_odd": 2.02,
                "under_2.0_odd": 2.4,
                "over_2.0_odd": 1.53,
                "under_1.5_odd": 3.1,
                "over_1.5_odd": 1.33,
                "home_handicap_0.0_odd": 1.79,
                "away_handicap_0.0_odd": 1.95,
                "draw_odd": 3.09,
                "2_odd": 2.74,
                "1_odd": 2.52
            },
            {
                "match_id": 27502608,
                "date": "09/08/2025",
                "time": "15:00",
                "home_team": "Norwich City",
                "away_team": "Millwall",
                "match_url": "https://www.asbet.org/en/sports/pre-match/event-view/Soccer/England/539/championship/27502608/norwich-city-millwall",
                "both_score_odd": 1.81,
                "both_noscore_odd": 1.93,
                "12_odd": 1.31,
                "X2_odd": 1.73,
                "1X_odd": 1.27,
                "away_handicap_1.25_odd": 1.28,
                "home_handicap_-1.25_odd": 3.4,
                "away_handicap_1.0_odd": 1.36,
                "home_handicap_-1.0_odd": 2.97,
                "away_handicap_0.75_odd": 1.56,
                "home_handicap_-0.75_odd": 2.33,
                "away_handicap_0.25_odd": 2.05,
                "home_handicap_-0.25_odd": 1.72,
                "home_handicap_0.5_odd": 1.28,
                "away_handicap_-0.5_odd": 3.4,
                "away_handicap_0.5_odd": 1.77,
                "home_handicap_-0.5_odd": 1.97,
                "over_3.5_odd": 3.55,
                "under_3.5_odd": 1.27,
                "over_3.0_odd": 2.8,
                "under_3.0_odd": 1.4,
                "over_2.0_odd": 1.52,
                "under_2.0_odd": 2.42,
                "under_1.5_odd": 3.1,
                "over_1.5_odd": 1.33,
                "away_handicap_-0.25_odd": 3.0,
                "home_handicap_0.25_odd": 1.35,
                "away_handicap_0.0_odd": 2.6,
                "home_handicap_0.0_odd": 1.46,
                "under_2.5_odd": 1.76,
                "over_2.5_odd": 1.99,
                "draw_odd": 3.29,
                "2_odd": 3.61,
                "1_odd": 1.99
            },
            {
                "match_id": 27502609,
                "date": "09/08/2025",
                "time": "12:30",
                "home_team": "Southampton",
                "away_team": "Wrexham FC",
                "match_url": "https://www.asbet.org/en/sports/pre-match/event-view/Soccer/England/539/championship/27502609/southampton-wrexham-fc",
                "both_score_odd": 1.82,
                "both_noscore_odd": 1.92,
                "12_odd": 1.26,
                "X2_odd": 2.04,
                "1X_odd": 1.2,
                "home_handicap_-1.75_odd": 3.7,
                "away_handicap_1.75_odd": 1.25,
                "home_handicap_-1.25_odd": 2.7,
                "away_handicap_1.25_odd": 1.43,
                "home_handicap_-0.25_odd": 1.52,
                "away_handicap_0.25_odd": 2.42,
                "home_handicap_-1.5_odd": 3.0,
                "away_handicap_1.5_odd": 1.35,
                "away_handicap_1.0_odd": 1.56,
                "home_handicap_-1.0_odd": 2.33,
                "away_handicap_0.5_odd": 2.05,
                "home_handicap_-0.5_odd": 1.72,
                "home_handicap_0.25_odd": 1.25,
                "away_handicap_-0.25_odd": 3.7,
                "under_3.5_odd": 1.33,
                "over_3.5_odd": 3.1,
                "under_3.0_odd": 1.48,
                "over_3.0_odd": 2.52,
                "over_2.0_odd": 1.43,
                "under_2.0_odd": 2.7,
                "over_1.5_odd": 1.28,
                "under_1.5_odd": 3.4,
                "away_handicap_0.0_odd": 3.15,
                "home_handicap_0.0_odd": 1.32,
                "away_handicap_0.75_odd": 1.81,
                "home_handicap_-0.75_odd": 1.93,
                "over_2.5_odd": 1.87,
                "under_2.5_odd": 1.87,
                "draw_odd": 3.65,
                "2_odd": 4.33,
                "1_odd": 1.72
            },
            {
                "match_id": 27502610,
                "date": "09/08/2025",
                "time": "15:00",
                "home_team": "Queens Park Rangers",
                "away_team": "Preston North End",
                "match_url": "https://www.asbet.org/en/sports/pre-match/event-view/Soccer/England/539/championship/27502610/queens-park-rangers-preston-north-end",
                "both_score_odd": 1.87,
                "both_noscore_odd": 1.87,
                "12_odd": 1.36,
                "X2_odd": 1.52,
                "1X_odd": 1.36,
                "home_handicap_-0.5_odd": 2.38,
                "away_handicap_0.5_odd": 1.54,
                "away_handicap_-0.5_odd": 2.9,
                "home_handicap_0.5_odd": 1.38,
                "away_handicap_0.75_odd": 1.38,
                "home_handicap_-0.75_odd": 2.9,
                "away_handicap_-0.75_odd": 3.7,
                "home_handicap_0.75_odd": 1.25,
                "away_handicap_0.0_odd": 2.08,
                "home_handicap_0.0_odd": 1.69,
                "away_handicap_0.25_odd": 1.74,
                "home_handicap_-0.25_odd": 2.02,
                "under_3.0_odd": 1.31,
                "over_3.0_odd": 3.2,
                "under_2.5_odd": 1.62,
                "over_2.5_odd": 2.21,
                "over_2.0_odd": 1.65,
                "under_2.0_odd": 2.15,
                "under_1.5_odd": 2.85,
                "over_1.5_odd": 1.39,
                "away_handicap_-0.25_odd": 2.5,
                "home_handicap_0.25_odd": 1.49,
                "2_odd": 2.97,
                "1_odd": 2.4,
                "draw_odd": 3.02
            },
            {
                "match_id": 27502611,
                "date": "09/08/2025",
                "time": "15:00",
                "home_team": "Stoke City",
                "away_team": "Derby County",
                "match_url": "https://www.asbet.org/en/sports/pre-match/event-view/Soccer/England/539/championship/27502611/stoke-city-derby-county",
                "both_score_odd": 1.97,
                "both_noscore_odd": 1.77,
                "12_odd": 1.31,
                "X2_odd": 1.67,
                "1X_odd": 1.3,
                "home_handicap_-1.25_odd": 3.7,
                "away_handicap_1.25_odd": 1.25,
                "home_handicap_-0.75_odd": 2.45,
                "away_handicap_0.75_odd": 1.51,
                "home_handicap_-0.25_odd": 1.8,
                "away_handicap_0.25_odd": 1.94,
                "home_handicap_-1.0_odd": 3.15,
                "away_handicap_1.0_odd": 1.32,
                "away_handicap_-0.5_odd": 3.15,
                "home_handicap_0.5_odd": 1.32,
                "away_handicap_0.5_odd": 1.7,
                "home_handicap_-0.5_odd": 2.07,
                "over_3.0_odd": 3.3,
                "under_3.0_odd": 1.3,
                "over_2.5_odd": 2.21,
                "under_2.5_odd": 1.62,
                "over_2.0_odd": 1.66,
                "under_2.0_odd": 2.14,
                "over_1.5_odd": 1.4,
                "under_1.5_odd": 2.8,
                "home_handicap_0.25_odd": 1.4,
                "away_handicap_-0.25_odd": 2.8,
                "home_handicap_0.0_odd": 1.53,
                "away_handicap_0.0_odd": 2.4,
                "draw_odd": 3.28,
                "2_odd": 3.34,
                "1_odd": 2.08
            },
            {
                "match_id": 27502612,
                "date": "09/08/2025",
                "time": "15:00",
                "home_team": "West Bromwich Albion",
                "away_team": "Blackburn Rovers",
                "match_url": "https://www.asbet.org/en/sports/pre-match/event-view/Soccer/England/539/championship/27502612/west-bromwich-albion-blackburn-rovers",
                "both_score_odd": 2.06,
                "both_noscore_odd": 1.71,
                "12_odd": 1.3,
                "X2_odd": 1.95,
                "1X_odd": 1.19,
                "away_handicap_0.25_odd": 2.4,
                "home_handicap_-0.25_odd": 1.53,
                "away_handicap_1.5_odd": 1.31,
                "home_handicap_-1.5_odd": 3.2,
                "away_handicap_1.0_odd": 1.5,
                "home_handicap_-1.0_odd": 2.47,
                "away_handicap_0.5_odd": 2.0,
                "home_handicap_-0.5_odd": 1.75,
                "home_handicap_-1.25_odd": 2.9,
                "away_handicap_1.25_odd": 1.38,
                "home_handicap_-0.75_odd": 1.99,
                "away_handicap_0.75_odd": 1.76,
                "under_3.0_odd": 1.3,
                "over_3.0_odd": 3.3,
                "under_2.5_odd": 1.62,
                "over_2.5_odd": 2.21,
                "under_2.0_odd": 2.14,
                "over_2.0_odd": 1.66,
                "under_1.5_odd": 2.8,
                "over_1.5_odd": 1.4,
                "home_handicap_0.0_odd": 1.3,
                "away_handicap_0.0_odd": 3.3,
                "2_odd": 4.6,
                "1_odd": 1.76,
                "draw_odd": 3.37
            },
            {
                "match_id": 27502613,
                "date": "09/08/2025",
                "time": "17:30",
                "home_team": "Sheffield United",
                "away_team": "Bristol City",
                "match_url": "https://www.asbet.org/en/sports/pre-match/event-view/Soccer/England/539/championship/27502613/sheffield-united-bristol-city",
                "both_score_odd": 1.8,
                "both_noscore_odd": 1.94,
                "X2_odd": 1.95,
                "1X_odd": 1.21,
                "12_odd": 1.27,
                "home_handicap_-1.25_odd": 2.77,
                "away_handicap_1.25_odd": 1.41,
                "home_handicap_-0.25_odd": 1.54,
                "away_handicap_0.25_odd": 2.38,
                "home_handicap_-1.5_odd": 3.1,
                "away_handicap_1.5_odd": 1.33,
                "away_handicap_1.0_odd": 1.52,
                "home_handicap_-1.0_odd": 2.42,
                "away_handicap_0.5_odd": 1.99,
                "home_handicap_-0.5_odd": 1.76,
                "away_handicap_0.0_odd": 3.1,
                "home_handicap_0.0_odd": 1.33,
                "home_handicap_0.25_odd": 1.26,
                "away_handicap_-0.25_odd": 3.6,
                "over_3.5_odd": 3.1,
                "under_3.5_odd": 1.33,
                "over_3.0_odd": 2.5,
                "under_3.0_odd": 1.49,
                "over_2.0_odd": 1.42,
                "under_2.0_odd": 2.65,
                "under_1.5_odd": 3.4,
                "over_1.5_odd": 1.28,
                "away_handicap_0.75_odd": 1.77,
                "home_handicap_-0.75_odd": 1.97,
                "over_2.5_odd": 1.86,
                "under_2.5_odd": 1.88,
                "2_odd": 4.2,
                "1_odd": 1.76,
                "draw_odd": 3.58
            },
            {
                "match_id": 27502614,
                "date": "10/08/2025",
                "time": "16:30",
                "home_team": "Leicester City",
                "away_team": "Sheffield Wednesday",
                "match_url": "https://www.asbet.org/en/sports/pre-match/event-view/Soccer/England/539/championship/27502614/leicester-city-sheffield-wednesday",
                "both_score_odd": 1.86,
                "both_noscore_odd": 1.88,
                "X2_odd": 2.31,
                "1X_odd": 1.16,
                "12_odd": 1.23,
                "home_handicap_-0.5_odd": 1.57,
                "away_handicap_0.5_odd": 2.3,
                "away_handicap_1.75_odd": 1.33,
                "home_handicap_-1.75_odd": 3.1,
                "away_handicap_1.25_odd": 1.57,
                "home_handicap_-1.25_odd": 2.3,
                "away_handicap_1.5_odd": 1.46,
                "home_handicap_-1.5_odd": 2.6,
                "away_handicap_1.0_odd": 1.77,
                "home_handicap_-1.0_odd": 1.97,
                "away_handicap_0.75_odd": 2.05,
                "home_handicap_-0.75_odd": 1.72,
                "under_3.5_odd": 1.36,
                "over_3.5_odd": 2.97,
                "under_3.0_odd": 1.53,
                "over_3.0_odd": 2.4,
                "under_2.0_odd": 2.85,
                "over_2.0_odd": 1.39,
                "under_1.5_odd": 3.6,
                "over_1.5_odd": 1.26,
                "away_handicap_0.25_odd": 2.8,
                "home_handicap_-0.25_odd": 1.4,
                "over_2.5_odd": 1.81,
                "under_2.5_odd": 1.93,
                "draw_odd": 3.92,
                "2_odd": 5.2,
                "1_odd": 1.57
            }
        ]
    },
    {
        "tournament_name": "National League. Outright",
        "tournament_id": 23110,
        "matches": []
    },
    {
        "tournament_name": "EFL Cup. Outright",
        "tournament_id": 20697,
        "matches": []
    },
    {
        "tournament_name": "EFL Trophy. Outright",
        "tournament_id": 24618,
        "matches": []
    },
    {
        "tournament_name": "Championship. Outright",
        "tournament_id": 20721,
        "matches": []
    },
    {
        "tournament_name": "FA Cup. Outright",
        "tournament_id": 20720,
        "matches": []
    },
    {
        "tournament_name": "FA Community Shield",
        "tournament_id": 1839,
        "matches": [
            {
                "match_id": 27471868,
                "date": "10/08/2025",
                "time": "15:00",
                "home_team": "Crystal Palace",
                "away_team": "Liverpool",
                "match_url": "https://www.asbet.org/en/sports/pre-match/event-view/Soccer/England/1839/fa-community-shield/27471868/crystal-palace-liverpool",
                "both_score_odd": 1.79,
                "both_noscore_odd": 1.91,
                "away_handicap_1.75_odd": 1.02,
                "home_handicap_-1.75_odd": 10.0,
                "away_handicap_1.25_odd": 1.045,
                "home_handicap_-1.25_odd": 8.2,
                "away_handicap_0.5_odd": 1.19,
                "home_handicap_-0.5_odd": 4.15,
                "away_handicap_-3.75_odd": 10.0,
                "home_handicap_3.75_odd": 1.02,
                "away_handicap_-3.25_odd": 8.5,
                "home_handicap_3.25_odd": 1.04,
                "away_handicap_-2.75_odd": 6.0,
                "home_handicap_2.75_odd": 1.095,
                "X2_odd": 1.19,
                "1X_odd": 2.17,
                "12_odd": 1.21,
                "over_2.0_odd": 1.34,
                "under_2.0_odd": 3.0,
                "over_1.0_odd": 1.04,
                "under_1.0_odd": 8.5,
                "over_0.5_odd": 1.03,
                "under_0.5_odd": 9.0,
                "home_handicap_-0.25_odd": 3.75,
                "away_handicap_0.25_odd": 1.23,
                "home_handicap_0.0_odd": 3.3,
                "away_handicap_0.0_odd": 1.28,
                "home_handicap_3.0_odd": 1.045,
                "away_handicap_-3.0_odd": 8.2,
                "home_handicap_2.5_odd": 1.15,
                "away_handicap_-2.5_odd": 4.75,
                "away_handicap_-2.0_odd": 4.05,
                "home_handicap_2.0_odd": 1.2,
                "home_handicap_0.5_odd": 2.21,
                "away_handicap_-0.5_odd": 1.59,
                "over_5.5_odd": 8.5,
                "under_5.5_odd": 1.04,
                "over_5.0_odd": 7.85,
                "under_5.0_odd": 1.05,
                "over_4.5_odd": 4.9,
                "under_4.5_odd": 1.14,
                "over_4.0_odd": 4.3,
                "under_4.0_odd": 1.18,
                "over_3.5_odd": 2.75,
                "under_3.5_odd": 1.39,
                "under_3.0_odd": 1.59,
                "over_3.0_odd": 2.21,
                "under_2.5_odd": 2.0,
                "over_2.5_odd": 1.72,
                "under_1.5_odd": 3.75,
                "over_1.5_odd": 1.23,
                "away_handicap_0.75_odd": 1.12,
                "home_handicap_-0.75_odd": 5.35,
                "away_handicap_1.5_odd": 1.04,
                "home_handicap_-1.5_odd": 8.5,
                "away_handicap_1.0_odd": 1.05,
                "home_handicap_-1.0_odd": 7.85,
                "away_handicap_-2.25_odd": 4.42,
                "home_handicap_2.25_odd": 1.17,
                "away_handicap_-1.75_odd": 3.1,
                "home_handicap_1.75_odd": 1.32,
                "away_handicap_-1.25_odd": 2.3,
                "home_handicap_1.25_odd": 1.55,
                "away_handicap_-0.75_odd": 1.75,
                "home_handicap_0.75_odd": 1.95,
                "away_handicap_-0.25_odd": 1.44,
                "home_handicap_0.25_odd": 2.59,
                "away_handicap_-3.5_odd": 8.7,
                "home_handicap_3.5_odd": 1.035,
                "away_handicap_-1.5_odd": 2.55,
                "home_handicap_1.5_odd": 1.45,
                "draw_odd": 4.0,
                "2_odd": 1.57,
                "1_odd": 4.3,
                "away_handicap_-1.0_odd": 2.0,
                "home_handicap_1.0_odd": 1.72
            }
        ]
    }
]