[
    {
        "tournament_name": "Premium Liiga",
        "tournament_id": 1852,
        "matches": [
            {
                "match_id": 27490876,
                "date": "12/07/2025",
                "time": "12:30",
                "home_team": "Parnu JK Vaprus",
                "away_team": "Narva Trans",
                "match_url": "https://www.asbet.org/en/sports/pre-match/event-view/Soccer/Estonia/1852/premium-liiga/27490876/parnu-jk-vaprus-narva-trans",
                "both_score_odd": 1.55,
                "both_noscore_odd": 2.3,
                "over_4.0_odd": 3.57,
                "under_4.0_odd": 1.25,
                "over_3.5_odd": 2.45,
                "under_3.5_odd": 1.48,
                "over_2.0_odd": 1.26,
                "under_2.0_odd": 3.47,
                "home_handicap_-0.25_odd": 3.1,
                "away_handicap_0.25_odd": 1.32,
                "away_handicap_-1.25_odd": 2.8,
                "home_handicap_1.25_odd": 1.38,
                "away_handicap_-0.25_odd": 1.62,
                "home_handicap_0.25_odd": 2.15,
                "away_handicap_-1.5_odd": 3.15,
                "home_handicap_1.5_odd": 1.31,
                "away_handicap_-1.0_odd": 2.5,
                "home_handicap_1.0_odd": 1.47,
                "away_handicap_-0.5_odd": 1.8,
                "home_handicap_0.5_odd": 1.9,
                "away_handicap_0.0_odd": 1.41,
                "home_handicap_0.0_odd": 2.68,
                "X2_odd": 1.27,
                "1X_odd": 1.84,
                "12_odd": 1.26,
                "under_2.5_odd": 2.21,
                "over_2.5_odd": 1.59,
                "away_handicap_-0.75_odd": 2.07,
                "home_handicap_0.75_odd": 1.67,
                "over_3.0_odd": 1.94,
                "under_3.0_odd": 1.76,
                "draw_odd": 3.57,
                "2_odd": 1.81,
                "1_odd": 3.47,
                "home_handicap_-0.5_odd": 3.4,
                "away_handicap_0.5_odd": 1.27
            },
            {
                "match_id": 27496289,
                "date": "13/07/2025",
                "time": "12:30",
                "home_team": "JK Tallinna Kalev",
                "away_team": "Harju JK Laagri",
                "match_url": "https://www.asbet.org/en/sports/pre-match/event-view/Soccer/Estonia/1852/premium-liiga/27496289/jk-tallinna-kalev-harju-jk-laagri",
                "both_score_odd": 1.44,
                "both_noscore_odd": 2.59,
                "over_4.5_odd": 3.57,
                "under_4.5_odd": 1.25,
                "over_4.0_odd": 3.0,
                "under_4.0_odd": 1.34,
                "over_3.5_odd": 2.17,
                "under_3.5_odd": 1.61,
                "under_3.0_odd": 1.97,
                "over_3.0_odd": 1.73,
                "away_handicap_0.75_odd": 1.24,
                "home_handicap_-0.75_odd": 3.65,
                "away_handicap_0.25_odd": 1.42,
                "home_handicap_-0.25_odd": 2.65,
                "away_handicap_0.5_odd": 1.34,
                "home_handicap_-0.5_odd": 3.0,
                "home_handicap_1.25_odd": 1.31,
                "away_handicap_-1.25_odd": 3.15,
                "home_handicap_0.75_odd": 1.56,
                "away_handicap_-0.75_odd": 2.27,
                "away_handicap_-1.5_odd": 3.4,
                "home_handicap_1.5_odd": 1.27,
                "away_handicap_-1.0_odd": 2.8,
                "home_handicap_1.0_odd": 1.38,
                "home_handicap_0.5_odd": 1.74,
                "away_handicap_-0.5_odd": 1.96,
                "away_handicap_0.0_odd": 1.53,
                "home_handicap_0.0_odd": 2.35,
                "X2_odd": 1.34,
                "1X_odd": 1.72,
                "12_odd": 1.25,
                "over_2.5_odd": 1.47,
                "under_2.5_odd": 2.5,
                "home_handicap_0.25_odd": 1.94,
                "away_handicap_-0.25_odd": 1.76,
                "draw_odd": 3.63,
                "2_odd": 1.96,
                "1_odd": 3.01
            },
            {
                "match_id": 27483999,
                "date": "11/07/2025",
                "time": "17:00",
                "home_team": "FC Kuressaare",
                "away_team": "Tartu JK Tammeka",
                "match_url": "https://www.asbet.org/en/sports/pre-match/event-view/Soccer/Estonia/1852/premium-liiga/27483999/fc-kuressaare-tartu-jk-tammeka",
                "both_noscore_odd": 2.55,
                "both_score_odd": 1.45,
                "over_4.0_odd": 3.15,
                "under_4.0_odd": 1.31,
                "over_3.5_odd": 2.25,
                "under_3.5_odd": 1.57,
                "away_handicap_1.25_odd": 1.28,
                "home_handicap_-1.25_odd": 3.3,
                "away_handicap_0.75_odd": 1.51,
                "home_handicap_-0.75_odd": 2.39,
                "away_handicap_1.0_odd": 1.33,
                "home_handicap_-1.0_odd": 3.05,
                "away_handicap_0.5_odd": 1.67,
                "home_handicap_-0.5_odd": 2.07,
                "away_handicap_-0.75_odd": 3.47,
                "home_handicap_0.75_odd": 1.26,
                "away_handicap_-0.25_odd": 2.55,
                "home_handicap_0.25_odd": 1.45,
                "away_handicap_-0.5_odd": 2.87,
                "home_handicap_0.5_odd": 1.36,
                "away_handicap_0.0_odd": 2.23,
                "home_handicap_0.0_odd": 1.58,
                "X2_odd": 1.66,
                "1X_odd": 1.36,
                "12_odd": 1.27,
                "under_2.5_odd": 2.4,
                "over_2.5_odd": 1.5,
                "away_handicap_0.25_odd": 1.87,
                "home_handicap_-0.25_odd": 1.83,
                "under_3.0_odd": 1.92,
                "over_3.0_odd": 1.78,
                "2_odd": 2.91,
                "1_odd": 2.05,
                "draw_odd": 3.47
            }
        ]
    }
]