[
    {
        "tournament_name": "Ykkosliiga",
        "tournament_id": 18289213,
        "matches": [
            {
                "match_id": 27530156,
                "date": "09/07/2025",
                "time": "16:30",
                "home_team": "Turun Palloseura",
                "away_team": "Klubi 04",
                "match_url": "https://www.asbet.org/en/sports/pre-match/event-view/Soccer/Finland/18289213/ykkosliiga/27530156/turun-palloseura-klubi",
                "away_handicap_0.0_odd": 3.05,
                "home_handicap_0.0_odd": 1.33,
                "both_score_odd": 1.31,
                "both_noscore_odd": 3.15,
                "12_odd": 1.18,
                "X2_odd": 2.15,
                "1X_odd": 1.24,
                "over_4.5_odd": 2.35,
                "under_4.5_odd": 1.53,
                "over_4.0_odd": 1.91,
                "under_4.0_odd": 1.79,
                "over_3.0_odd": 1.32,
                "under_3.0_odd": 3.1,
                "home_handicap_-1.75_odd": 2.75,
                "away_handicap_1.75_odd": 1.39,
                "home_handicap_-1.25_odd": 2.2,
                "away_handicap_1.25_odd": 1.6,
                "home_handicap_-0.75_odd": 1.74,
                "away_handicap_0.75_odd": 1.96,
                "home_handicap_-0.25_odd": 1.48,
                "away_handicap_0.25_odd": 2.45,
                "away_handicap_2.0_odd": 1.27,
                "home_handicap_-2.0_odd": 3.4,
                "home_handicap_-1.5_odd": 2.39,
                "away_handicap_1.5_odd": 1.51,
                "home_handicap_-1.0_odd": 1.92,
                "away_handicap_1.0_odd": 1.78,
                "home_handicap_-0.5_odd": 1.62,
                "away_handicap_0.5_odd": 2.15,
                "over_3.5_odd": 1.6,
                "under_3.5_odd": 2.2,
                "draw_odd": 4.6,
                "2_odd": 3.8,
                "1_odd": 1.62,
                "home_handicap_0.25_odd": 1.28,
                "away_handicap_-0.25_odd": 3.3,
                "home_handicap_0.5_odd": 1.24,
                "away_handicap_-0.5_odd": 3.65,
                "over_5.0_odd": 3.3,
                "under_5.0_odd": 1.28
            },
            {
                "match_id": 27530157,
                "date": "09/07/2025",
                "time": "16:30",
                "home_team": "KaPa",
                "away_team": "PK-35 Helsinki",
                "match_url": "https://www.asbet.org/en/sports/pre-match/event-view/Soccer/Finland/18289213/ykkosliiga/27530157/kapa-pk--helsinki",
                "both_noscore_odd": 2.52,
                "both_score_odd": 1.46,
                "12_odd": 1.2,
                "X2_odd": 1.17,
                "1X_odd": 2.33,
                "over_4.5_odd": 3.25,
                "under_4.5_odd": 1.29,
                "over_4.0_odd": 2.65,
                "under_4.0_odd": 1.42,
                "over_3.0_odd": 1.56,
                "under_3.0_odd": 2.27,
                "over_2.5_odd": 1.38,
                "under_2.5_odd": 2.8,
                "home_handicap_1.75_odd": 1.4,
                "away_handicap_-1.75_odd": 2.7,
                "home_handicap_1.25_odd": 1.67,
                "away_handicap_-1.25_odd": 2.07,
                "home_handicap_0.75_odd": 2.12,
                "away_handicap_-0.75_odd": 1.64,
                "home_handicap_0.25_odd": 2.8,
                "away_handicap_-0.25_odd": 1.38,
                "home_handicap_1.5_odd": 1.53,
                "away_handicap_-1.5_odd": 2.35,
                "home_handicap_1.0_odd": 1.86,
                "away_handicap_-1.0_odd": 1.84,
                "home_handicap_0.5_odd": 2.37,
                "away_handicap_-0.5_odd": 1.52,
                "over_3.5_odd": 1.94,
                "under_3.5_odd": 1.76,
                "draw_odd": 4.33,
                "2_odd": 1.52,
                "1_odd": 4.75,
                "home_handicap_2.0_odd": 1.27,
                "away_handicap_-2.0_odd": 3.4
            },
            {
                "match_id": 27530158,
                "date": "09/07/2025",
                "time": "16:30",
                "home_team": "Ekenas IF",
                "away_team": "SalPa",
                "match_url": "https://www.asbet.org/en/sports/pre-match/event-view/Soccer/Finland/18289213/ykkosliiga/27530158/ekenas-if-salpa",
                "over_3.5_odd": 2.35,
                "under_3.5_odd": 1.53,
                "over_2.5_odd": 1.54,
                "under_2.5_odd": 2.33,
                "draw_odd": 5.5,
                "2_odd": 10.0,
                "1_odd": 1.22,
                "over_3.0_odd": 1.86,
                "under_3.0_odd": 1.84,
                "both_score_odd": 2.1,
                "both_noscore_odd": 1.65,
                "12_odd": 1.13,
                "X2_odd": 3.91,
                "1X_odd": 1.05,
                "over_4.0_odd": 3.3,
                "under_4.0_odd": 1.28,
                "home_handicap_-2.25_odd": 2.39,
                "away_handicap_2.25_odd": 1.51,
                "home_handicap_-1.75_odd": 1.83,
                "away_handicap_1.75_odd": 1.87,
                "home_handicap_-1.25_odd": 1.5,
                "away_handicap_1.25_odd": 2.4,
                "home_handicap_-0.75_odd": 1.26,
                "away_handicap_0.75_odd": 3.47,
                "home_handicap_-2.5_odd": 2.62,
                "away_handicap_2.5_odd": 1.43,
                "home_handicap_-2.0_odd": 2.1,
                "away_handicap_2.0_odd": 1.65,
                "home_handicap_-1.0_odd": 1.32,
                "away_handicap_1.0_odd": 3.1,
                "home_handicap_-1.5_odd": 1.67,
                "away_handicap_1.5_odd": 2.07,
                "home_handicap_-2.75_odd": 3.15,
                "away_handicap_2.75_odd": 1.31
            }
        ]
    },
    {
        "tournament_name": "Veikkausliiga. Outright",
        "tournament_id": 23234,
        "matches": []
    },
    {
        "tournament_name": "Veikkausliiga",
        "tournament_id": 1870,
        "matches": [
            {
                "match_id": 27522882,
                "date": "13/07/2025",
                "time": "14:00",
                "home_team": "IF Gnistan",
                "away_team": "FC Haka Valkeakoski",
                "match_url": "https://www.asbet.org/en/sports/pre-match/event-view/Soccer/Finland/1870/veikkausliiga/27522882/if-gnistan-fc-haka-valkeakoski",
                "X2_odd": 1.66,
                "1X_odd": 1.36,
                "12_odd": 1.27,
                "under_3.5_odd": 1.49,
                "over_3.5_odd": 2.44,
                "under_3.0_odd": 1.76,
                "over_3.0_odd": 1.94,
                "away_handicap_0.75_odd": 1.51,
                "home_handicap_-0.75_odd": 2.39,
                "away_handicap_0.5_odd": 1.68,
                "home_handicap_-0.5_odd": 2.05,
                "away_handicap_0.0_odd": 2.23,
                "home_handicap_0.0_odd": 1.58,
                "away_handicap_-0.25_odd": 2.55,
                "home_handicap_0.25_odd": 1.45,
                "away_handicap_0.25_odd": 1.89,
                "home_handicap_-0.25_odd": 1.81,
                "under_2.5_odd": 2.21,
                "over_2.5_odd": 1.59,
                "2_odd": 2.89,
                "1_odd": 2.04,
                "draw_odd": 3.52
            },
            {
                "match_id": 27523371,
                "date": "13/07/2025",
                "time": "16:30",
                "home_team": "AC Oulu",
                "away_team": "Kotkan Tyovaen Palloilijat",
                "match_url": "https://www.asbet.org/en/sports/pre-match/event-view/Soccer/Finland/1870/veikkausliiga/27523371/ac-oulu-kotkan-tyovaen-palloilijat",
                "12_odd": 1.24,
                "X2_odd": 1.96,
                "1X_odd": 1.24,
                "under_3.5_odd": 1.46,
                "over_3.5_odd": 2.52,
                "under_3.0_odd": 1.71,
                "over_3.0_odd": 2.01,
                "away_handicap_0.75_odd": 1.8,
                "home_handicap_-0.75_odd": 1.9,
                "away_handicap_0.5_odd": 1.97,
                "home_handicap_-0.5_odd": 1.73,
                "away_handicap_0.25_odd": 2.33,
                "home_handicap_-0.25_odd": 1.54,
                "under_2.5_odd": 2.15,
                "over_2.5_odd": 1.62,
                "draw_odd": 3.72,
                "2_odd": 3.77,
                "1_odd": 1.71,
                "away_handicap_1.0_odd": 1.57,
                "home_handicap_-1.0_odd": 2.25,
                "away_handicap_1.25_odd": 1.45,
                "home_handicap_-1.25_odd": 2.55
            },
            {
                "match_id": 27517078,
                "date": "14/07/2025",
                "time": "16:00",
                "home_team": "FC Ilves",
                "away_team": "VPS",
                "match_url": "https://www.asbet.org/en/sports/pre-match/event-view/Soccer/Finland/1870/veikkausliiga/27517078/fc-ilves-vps",
                "X2_odd": 2.42,
                "1X_odd": 1.15,
                "12_odd": 1.2,
                "home_handicap_-0.75_odd": 1.6,
                "away_handicap_0.75_odd": 2.2,
                "home_handicap_-1.5_odd": 2.3,
                "away_handicap_1.5_odd": 1.55,
                "home_handicap_-1.25_odd": 2.04,
                "away_handicap_1.25_odd": 1.69,
                "home_handicap_-0.5_odd": 1.48,
                "away_handicap_0.5_odd": 2.45,
                "home_handicap_-1.0_odd": 1.79,
                "away_handicap_1.0_odd": 1.91,
                "over_3.5_odd": 2.3,
                "under_3.5_odd": 1.55,
                "over_2.5_odd": 1.52,
                "under_2.5_odd": 2.37,
                "over_3.0_odd": 1.82,
                "under_3.0_odd": 1.88,
                "draw_odd": 4.2,
                "2_odd": 5.1,
                "1_odd": 1.46
            },
            {
                "match_id": 27517079,
                "date": "12/07/2025",
                "time": "15:00",
                "home_team": "Inter Turku",
                "away_team": "FF Jaro",
                "match_url": "https://www.asbet.org/en/sports/pre-match/event-view/Soccer/Finland/1870/veikkausliiga/27517079/inter-turku-ff-jaro",
                "away_handicap_2.0_odd": 1.47,
                "home_handicap_-2.0_odd": 2.5,
                "2_odd": 8.0,
                "1_odd": 1.28,
                "draw_odd": 4.6,
                "12_odd": 1.16,
                "X2_odd": 3.17,
                "1X_odd": 1.07,
                "under_3.5_odd": 1.56,
                "over_3.5_odd": 2.27,
                "under_3.0_odd": 1.9,
                "over_3.0_odd": 1.8,
                "away_handicap_1.75_odd": 1.65,
                "home_handicap_-1.75_odd": 2.1,
                "away_handicap_1.25_odd": 2.07,
                "home_handicap_-1.25_odd": 1.67,
                "away_handicap_1.5_odd": 1.85,
                "home_handicap_-1.5_odd": 1.85,
                "away_handicap_1.0_odd": 2.52,
                "home_handicap_-1.0_odd": 1.46,
                "under_2.5_odd": 2.39,
                "over_2.5_odd": 1.51
            }
        ]
    }
]