[
    {
        "tournament_name": "Ligue 1. Outright",
        "tournament_id": 20227,
        "matches": []
    },
    {
        "tournament_name": "Ligue 1",
        "tournament_id": 548,
        "matches": [
            {
                "match_id": 27502493,
                "date": "17/08/2025",
                "time": "14:00",
                "home_team": "Angers SCO",
                "away_team": "Paris FC",
                "match_url": "https://www.asbet.org/en/sports/pre-match/event-view/Soccer/France/548/ligue/27502493/angers-sco-paris-fc",
                "under_5.0_odd": 1.017,
                "over_5.0_odd": 10.3,
                "both_score_odd": 1.83,
                "both_noscore_odd": 1.87,
                "home_handicap_-2.25_odd": 9.5,
                "away_handicap_2.25_odd": 1.025,
                "home_handicap_2.25_odd": 1.03,
                "away_handicap_-2.25_odd": 9.0,
                "home_handicap_1.75_odd": 1.08,
                "away_handicap_-1.75_odd": 6.5,
                "X2_odd": 1.44,
                "12_odd": 1.32,
                "1X_odd": 1.48,
                "away_handicap_1.25_odd": 1.14,
                "home_handicap_-1.25_odd": 4.9,
                "away_handicap_0.75_odd": 1.31,
                "home_handicap_-0.75_odd": 3.15,
                "away_handicap_1.0_odd": 1.17,
                "home_handicap_-1.0_odd": 4.42,
                "away_handicap_0.5_odd": 1.45,
                "home_handicap_-0.5_odd": 2.55,
                "away_handicap_0.0_odd": 1.81,
                "home_handicap_0.0_odd": 1.89,
                "away_handicap_-0.75_odd": 3.05,
                "home_handicap_0.75_odd": 1.33,
                "home_handicap_0.25_odd": 1.62,
                "away_handicap_-0.25_odd": 2.15,
                "home_handicap_0.5_odd": 1.48,
                "away_handicap_-0.5_odd": 2.45,
                "under_4.5_odd": 1.07,
                "over_4.5_odd": 6.9,
                "under_4.0_odd": 1.09,
                "over_4.0_odd": 6.15,
                "over_3.5_odd": 3.75,
                "under_3.5_odd": 1.23,
                "over_3.0_odd": 3.05,
                "under_3.0_odd": 1.33,
                "over_2.5_odd": 2.08,
                "under_2.5_odd": 1.66,
                "over_2.0_odd": 1.58,
                "under_2.0_odd": 2.23,
                "over_1.5_odd": 1.36,
                "under_1.5_odd": 2.87,
                "under_1.0_odd": 6.3,
                "over_1.0_odd": 1.085,
                "under_0.5_odd": 7.3,
                "over_0.5_odd": 1.06,
                "home_handicap_-1.75_odd": 6.9,
                "away_handicap_1.75_odd": 1.07,
                "home_handicap_-2.5_odd": 9.7,
                "away_handicap_2.5_odd": 1.023,
                "away_handicap_2.0_odd": 1.027,
                "home_handicap_-2.0_odd": 9.3,
                "home_handicap_-1.5_odd": 5.35,
                "away_handicap_1.5_odd": 1.12,
                "home_handicap_1.25_odd": 1.16,
                "away_handicap_-1.25_odd": 4.57,
                "away_handicap_-2.5_odd": 9.3,
                "home_handicap_2.5_odd": 1.027,
                "home_handicap_2.0_odd": 1.03,
                "away_handicap_-2.0_odd": 9.0,
                "home_handicap_1.5_odd": 1.13,
                "away_handicap_-1.5_odd": 5.1,
                "home_handicap_1.0_odd": 1.19,
                "away_handicap_-1.0_odd": 4.15,
                "away_handicap_0.25_odd": 1.58,
                "home_handicap_-0.25_odd": 2.23,
                "2_odd": 2.52,
                "1_odd": 2.63,
                "draw_odd": 3.16
            },
            {
                "match_id": 27502496,
                "date": "17/08/2025",
                "time": "14:00",
                "home_team": "AJ Auxerre",
                "away_team": "Lorient",
                "match_url": "https://www.asbet.org/en/sports/pre-match/event-view/Soccer/France/548/ligue/27502496/aj-auxerre-lorient",
                "both_score_odd": 1.7,
                "both_noscore_odd": 2.02,
                "away_handicap_2.75_odd": 1.023,
                "home_handicap_-2.75_odd": 9.7,
                "away_handicap_2.25_odd": 1.045,
                "home_handicap_-2.25_odd": 8.2,
                "away_handicap_-2.25_odd": 9.7,
                "home_handicap_2.25_odd": 1.023,
                "away_handicap_-1.75_odd": 7.1,
                "home_handicap_1.75_odd": 1.065,
                "X2_odd": 1.57,
                "1X_odd": 1.38,
                "12_odd": 1.31,
                "away_handicap_1.0_odd": 1.25,
                "home_handicap_-1.0_odd": 3.57,
                "away_handicap_0.5_odd": 1.57,
                "home_handicap_-0.5_odd": 2.25,
                "away_handicap_0.0_odd": 2.07,
                "home_handicap_0.0_odd": 1.67,
                "away_handicap_-0.75_odd": 3.4,
                "home_handicap_0.75_odd": 1.27,
                "home_handicap_0.5_odd": 1.39,
                "away_handicap_-0.5_odd": 2.75,
                "home_handicap_-1.75_odd": 5.55,
                "away_handicap_1.75_odd": 1.11,
                "away_handicap_1.25_odd": 1.2,
                "home_handicap_-1.25_odd": 4.05,
                "home_handicap_-0.75_odd": 2.68,
                "away_handicap_0.75_odd": 1.41,
                "away_handicap_2.5_odd": 1.045,
                "home_handicap_-2.5_odd": 8.5,
                "away_handicap_2.0_odd": 1.05,
                "home_handicap_-2.0_odd": 7.85,
                "home_handicap_-1.5_odd": 4.42,
                "away_handicap_1.5_odd": 1.17,
                "home_handicap_1.25_odd": 1.12,
                "away_handicap_-1.25_odd": 5.35,
                "away_handicap_-0.25_odd": 2.44,
                "home_handicap_0.25_odd": 1.49,
                "away_handicap_-2.5_odd": 10.0,
                "home_handicap_2.5_odd": 1.023,
                "away_handicap_-2.0_odd": 9.5,
                "home_handicap_2.0_odd": 1.025,
                "away_handicap_-1.5_odd": 5.55,
                "home_handicap_1.5_odd": 1.11,
                "away_handicap_-1.0_odd": 4.75,
                "home_handicap_1.0_odd": 1.15,
                "away_handicap_0.25_odd": 1.75,
                "home_handicap_-0.25_odd": 1.95,
                "under_5.5_odd": 1.025,
                "over_5.5_odd": 9.5,
                "under_5.0_odd": 1.03,
                "over_5.0_odd": 9.0,
                "under_4.5_odd": 1.1,
                "over_4.5_odd": 5.85,
                "over_4.0_odd": 5.1,
                "under_4.0_odd": 1.13,
                "over_3.5_odd": 3.15,
                "under_3.5_odd": 1.31,
                "over_3.0_odd": 2.55,
                "under_3.0_odd": 1.45,
                "under_2.0_odd": 2.59,
                "over_2.0_odd": 1.44,
                "under_1.5_odd": 3.3,
                "over_1.5_odd": 1.28,
                "under_1.0_odd": 7.3,
                "over_1.0_odd": 1.06,
                "over_0.5_odd": 1.04,
                "under_0.5_odd": 8.5,
                "over_2.5_odd": 1.87,
                "under_2.5_odd": 1.83,
                "2_odd": 2.86,
                "1_odd": 2.28,
                "draw_odd": 3.27
            },
            {
                "match_id": 27502497,
                "date": "17/08/2025",
                "time": "16:00",
                "home_team": "Stade Brestois",
                "away_team": "Lille OSC",
                "match_url": "https://www.asbet.org/en/sports/pre-match/event-view/Soccer/France/548/ligue/27502497/stade-brestois-lille-osc",
                "both_noscore_odd": 2.0,
                "both_score_odd": 1.72,
                "away_handicap_1.75_odd": 1.035,
                "home_handicap_-1.75_odd": 8.7,
                "away_handicap_1.25_odd": 1.07,
                "home_handicap_-1.25_odd": 6.9,
                "home_handicap_3.25_odd": 1.017,
                "away_handicap_-3.25_odd": 10.3,
                "home_handicap_2.75_odd": 1.05,
                "away_handicap_-2.75_odd": 7.85,
                "X2_odd": 1.24,
                "1X_odd": 1.88,
                "12_odd": 1.27,
                "away_handicap_0.5_odd": 1.25,
                "home_handicap_-0.5_odd": 3.57,
                "away_handicap_0.75_odd": 1.16,
                "home_handicap_-0.75_odd": 4.57,
                "home_handicap_-1.5_odd": 7.1,
                "away_handicap_1.5_odd": 1.065,
                "away_handicap_1.0_odd": 1.08,
                "home_handicap_-1.0_odd": 6.5,
                "home_handicap_0.0_odd": 2.75,
                "away_handicap_0.0_odd": 1.39,
                "away_handicap_-2.25_odd": 6.0,
                "home_handicap_2.25_odd": 1.095,
                "home_handicap_1.75_odd": 1.2,
                "away_handicap_-1.75_odd": 4.05,
                "home_handicap_1.25_odd": 1.35,
                "away_handicap_-1.25_odd": 2.95,
                "home_handicap_0.75_odd": 1.65,
                "away_handicap_-0.75_odd": 2.1,
                "away_handicap_-3.0_odd": 10.3,
                "home_handicap_3.0_odd": 1.017,
                "away_handicap_-2.5_odd": 6.3,
                "home_handicap_2.5_odd": 1.085,
                "away_handicap_-2.0_odd": 5.55,
                "home_handicap_2.0_odd": 1.11,
                "away_handicap_-1.5_odd": 3.25,
                "home_handicap_1.5_odd": 1.29,
                "away_handicap_-1.0_odd": 2.59,
                "home_handicap_1.0_odd": 1.44,
                "away_handicap_-0.5_odd": 1.84,
                "home_handicap_0.5_odd": 1.86,
                "away_handicap_0.25_odd": 1.31,
                "home_handicap_-0.25_odd": 3.15,
                "away_handicap_-0.25_odd": 1.61,
                "home_handicap_0.25_odd": 2.17,
                "over_5.5_odd": 9.0,
                "under_5.5_odd": 1.03,
                "under_5.0_odd": 1.035,
                "over_5.0_odd": 8.7,
                "over_4.5_odd": 5.35,
                "under_4.5_odd": 1.12,
                "over_4.0_odd": 4.75,
                "under_4.0_odd": 1.15,
                "over_3.5_odd": 3.0,
                "under_3.5_odd": 1.34,
                "under_3.0_odd": 1.51,
                "over_3.0_odd": 2.39,
                "under_2.0_odd": 2.75,
                "over_2.0_odd": 1.39,
                "under_1.5_odd": 3.47,
                "over_1.5_odd": 1.26,
                "over_1.0_odd": 1.05,
                "under_1.0_odd": 7.85,
                "under_0.5_odd": 8.7,
                "over_0.5_odd": 1.04,
                "over_2.5_odd": 1.8,
                "under_2.5_odd": 1.9,
                "2_odd": 1.84,
                "1_odd": 3.75,
                "draw_odd": 3.5
            },
            {
                "match_id": 27502498,
                "date": "17/08/2025",
                "time": "16:00",
                "home_team": "Metz",
                "away_team": "Strasbourg Alsace",
                "match_url": "https://www.asbet.org/en/sports/pre-match/event-view/Soccer/France/548/ligue/27502498/metz-strasbourg-alsace",
                "both_noscore_odd": 2.07,
                "both_score_odd": 1.67,
                "home_handicap_-2.25_odd": 9.7,
                "away_handicap_2.25_odd": 1.023,
                "home_handicap_-1.75_odd": 7.1,
                "away_handicap_1.75_odd": 1.065,
                "away_handicap_-2.75_odd": 9.7,
                "home_handicap_2.75_odd": 1.023,
                "away_handicap_-2.25_odd": 7.85,
                "home_handicap_2.25_odd": 1.05,
                "X2_odd": 1.37,
                "1X_odd": 1.59,
                "12_odd": 1.31,
                "away_handicap_0.75_odd": 1.26,
                "home_handicap_-0.75_odd": 3.47,
                "away_handicap_0.25_odd": 1.48,
                "home_handicap_-0.25_odd": 2.45,
                "home_handicap_-0.5_odd": 2.8,
                "away_handicap_0.5_odd": 1.38,
                "away_handicap_0.0_odd": 1.64,
                "home_handicap_0.0_odd": 2.12,
                "home_handicap_1.25_odd": 1.21,
                "away_handicap_-1.25_odd": 3.9,
                "away_handicap_-0.75_odd": 2.65,
                "home_handicap_0.75_odd": 1.42,
                "home_handicap_1.0_odd": 1.26,
                "away_handicap_-1.0_odd": 3.47,
                "away_handicap_-0.5_odd": 2.21,
                "home_handicap_0.5_odd": 1.59,
                "under_5.5_odd": 1.03,
                "over_5.5_odd": 9.0,
                "under_5.0_odd": 1.035,
                "over_5.0_odd": 8.7,
                "under_4.5_odd": 1.11,
                "over_4.5_odd": 5.55,
                "over_4.0_odd": 4.9,
                "under_4.0_odd": 1.14,
                "over_3.5_odd": 3.1,
                "under_3.5_odd": 1.32,
                "over_3.0_odd": 2.45,
                "under_3.0_odd": 1.48,
                "over_2.0_odd": 1.41,
                "under_2.0_odd": 2.68,
                "under_1.5_odd": 3.4,
                "over_1.5_odd": 1.27,
                "under_1.0_odd": 7.5,
                "over_1.0_odd": 1.055,
                "under_0.5_odd": 8.5,
                "over_0.5_odd": 1.04,
                "home_handicap_-1.25_odd": 5.35,
                "away_handicap_1.25_odd": 1.12,
                "home_handicap_-2.5_odd": 10.0,
                "away_handicap_2.5_odd": 1.02,
                "home_handicap_-2.0_odd": 9.5,
                "away_handicap_2.0_odd": 1.025,
                "away_handicap_1.5_odd": 1.11,
                "home_handicap_-1.5_odd": 5.55,
                "away_handicap_1.0_odd": 1.14,
                "home_handicap_-1.0_odd": 4.9,
                "away_handicap_-1.75_odd": 5.35,
                "home_handicap_1.75_odd": 1.12,
                "home_handicap_2.5_odd": 1.045,
                "away_handicap_-2.5_odd": 8.2,
                "home_handicap_2.0_odd": 1.055,
                "away_handicap_-2.0_odd": 7.5,
                "away_handicap_-1.5_odd": 4.3,
                "home_handicap_1.5_odd": 1.18,
                "away_handicap_-0.25_odd": 1.93,
                "home_handicap_0.25_odd": 1.77,
                "under_2.5_odd": 1.87,
                "over_2.5_odd": 1.83,
                "draw_odd": 3.29,
                "2_odd": 2.24,
                "1_odd": 2.9
            },
            {
                "match_id": 27502499,
                "date": "17/08/2025",
                "time": "16:00",
                "home_team": "AS Monaco",
                "away_team": "Le Havre",
                "match_url": "https://www.asbet.org/en/sports/pre-match/event-view/Soccer/France/548/ligue/27502499/as-monaco-le-havre",
                "away_handicap_-1.0_odd": 10.3,
                "home_handicap_1.0_odd": 1.017,
                "over_0.5_odd": 1.017,
                "under_0.5_odd": 10.3,
                "both_noscore_odd": 1.89,
                "both_score_odd": 1.81,
                "away_handicap_4.25_odd": 1.025,
                "home_handicap_-4.25_odd": 9.5,
                "away_handicap_3.75_odd": 1.06,
                "home_handicap_-3.75_odd": 7.3,
                "home_handicap_0.75_odd": 1.055,
                "away_handicap_-0.75_odd": 7.5,
                "away_handicap_-0.25_odd": 5.55,
                "home_handicap_0.25_odd": 1.11,
                "X2_odd": 3.08,
                "1X_odd": 1.1,
                "12_odd": 1.16,
                "away_handicap_2.5_odd": 1.29,
                "home_handicap_-2.5_odd": 3.25,
                "home_handicap_-0.5_odd": 1.34,
                "away_handicap_0.5_odd": 3.0,
                "home_handicap_-3.25_odd": 5.55,
                "away_handicap_3.25_odd": 1.11,
                "home_handicap_-2.75_odd": 4.05,
                "away_handicap_2.75_odd": 1.2,
                "away_handicap_2.25_odd": 1.34,
                "home_handicap_-2.25_odd": 3.0,
                "away_handicap_1.75_odd": 1.59,
                "home_handicap_-1.75_odd": 2.21,
                "away_handicap_1.25_odd": 1.97,
                "home_handicap_-1.25_odd": 1.73,
                "away_handicap_0.75_odd": 2.68,
                "home_handicap_-0.75_odd": 1.41,
                "away_handicap_4.5_odd": 1.023,
                "home_handicap_-4.5_odd": 9.7,
                "away_handicap_4.0_odd": 1.027,
                "home_handicap_-4.0_odd": 9.3,
                "home_handicap_-3.5_odd": 6.0,
                "away_handicap_3.5_odd": 1.095,
                "home_handicap_-3.0_odd": 5.35,
                "away_handicap_3.0_odd": 1.12,
                "home_handicap_-2.0_odd": 2.65,
                "away_handicap_2.0_odd": 1.42,
                "home_handicap_-1.0_odd": 1.52,
                "away_handicap_1.0_odd": 2.37,
                "home_handicap_-1.5_odd": 1.95,
                "away_handicap_1.5_odd": 1.75,
                "under_6.5_odd": 1.017,
                "over_6.5_odd": 10.3,
                "under_6.0_odd": 1.02,
                "over_6.0_odd": 10.0,
                "over_5.5_odd": 6.9,
                "under_5.5_odd": 1.07,
                "under_5.0_odd": 1.085,
                "over_5.0_odd": 6.3,
                "over_4.5_odd": 3.9,
                "under_4.5_odd": 1.21,
                "over_4.0_odd": 3.3,
                "under_4.0_odd": 1.28,
                "under_3.5_odd": 1.53,
                "over_3.5_odd": 2.35,
                "under_2.5_odd": 2.35,
                "over_2.5_odd": 1.53,
                "under_2.0_odd": 3.75,
                "over_2.0_odd": 1.23,
                "over_1.5_odd": 1.16,
                "under_1.5_odd": 4.57,
                "under_1.0_odd": 9.7,
                "over_1.0_odd": 1.023,
                "away_handicap_0.25_odd": 3.75,
                "home_handicap_-0.25_odd": 1.23,
                "home_handicap_0.0_odd": 1.12,
                "away_handicap_0.0_odd": 5.35,
                "home_handicap_0.5_odd": 1.095,
                "away_handicap_-0.5_odd": 6.0,
                "over_3.0_odd": 1.85,
                "under_3.0_odd": 1.85,
                "2_odd": 7.0,
                "1_odd": 1.34,
                "draw_odd": 4.9
            },
            {
                "match_id": 27502501,
                "date": "17/08/2025",
                "time": "16:00",
                "home_team": "Nantes",
                "away_team": "Paris Saint-Germain",
                "match_url": "https://www.asbet.org/en/sports/pre-match/event-view/Soccer/France/548/ligue/27502501/nantes-paris-saint-germain",
                "both_noscore_odd": 1.97,
                "both_score_odd": 1.73,
                "home_handicap_-0.75_odd": 7.85,
                "away_handicap_0.75_odd": 1.05,
                "away_handicap_0.25_odd": 1.1,
                "home_handicap_-0.25_odd": 5.85,
                "home_handicap_4.75_odd": 1.017,
                "away_handicap_-4.75_odd": 10.3,
                "away_handicap_-4.25_odd": 8.7,
                "home_handicap_4.25_odd": 1.035,
                "home_handicap_3.75_odd": 1.075,
                "away_handicap_-3.75_odd": 6.7,
                "X2_odd": 1.09,
                "1X_odd": 3.21,
                "12_odd": 1.15,
                "home_handicap_2.25_odd": 1.4,
                "away_handicap_-2.25_odd": 2.7,
                "home_handicap_1.75_odd": 1.66,
                "away_handicap_-1.75_odd": 2.08,
                "home_handicap_0.75_odd": 2.8,
                "away_handicap_-0.75_odd": 1.38,
                "home_handicap_2.0_odd": 1.48,
                "away_handicap_-2.0_odd": 2.45,
                "away_handicap_-1.0_odd": 1.47,
                "home_handicap_1.0_odd": 2.5,
                "away_handicap_-0.5_odd": 1.32,
                "home_handicap_0.5_odd": 3.1,
                "home_handicap_3.25_odd": 1.13,
                "away_handicap_-3.25_odd": 5.1,
                "home_handicap_2.75_odd": 1.24,
                "away_handicap_-2.75_odd": 3.65,
                "away_handicap_-1.25_odd": 1.66,
                "home_handicap_1.25_odd": 2.08,
                "away_handicap_-4.5_odd": 9.0,
                "home_handicap_4.5_odd": 1.035,
                "home_handicap_4.0_odd": 1.04,
                "away_handicap_-4.0_odd": 8.7,
                "home_handicap_3.5_odd": 1.12,
                "away_handicap_-3.5_odd": 5.35,
                "home_handicap_3.0_odd": 1.15,
                "away_handicap_-3.0_odd": 4.75,
                "home_handicap_2.5_odd": 1.33,
                "away_handicap_-2.5_odd": 3.05,
                "home_handicap_1.5_odd": 1.84,
                "away_handicap_-1.5_odd": 1.86,
                "under_6.5_odd": 1.027,
                "over_6.5_odd": 9.3,
                "over_6.0_odd": 9.0,
                "under_6.0_odd": 1.03,
                "under_5.5_odd": 1.1,
                "over_5.5_odd": 5.85,
                "under_5.0_odd": 1.12,
                "over_5.0_odd": 5.35,
                "under_4.5_odd": 1.27,
                "over_4.5_odd": 3.4,
                "under_4.0_odd": 1.36,
                "over_4.0_odd": 2.87,
                "under_3.5_odd": 1.65,
                "over_3.5_odd": 2.1,
                "under_3.0_odd": 2.05,
                "over_3.0_odd": 1.68,
                "under_2.5_odd": 2.55,
                "over_2.5_odd": 1.45,
                "under_2.0_odd": 4.3,
                "over_2.0_odd": 1.18,
                "under_1.5_odd": 5.1,
                "over_1.5_odd": 1.13,
                "away_handicap_0.5_odd": 1.09,
                "home_handicap_-0.5_odd": 6.15,
                "away_handicap_0.0_odd": 1.12,
                "home_handicap_0.0_odd": 5.35,
                "home_handicap_0.25_odd": 3.83,
                "away_handicap_-0.25_odd": 1.22,
                "2_odd": 1.31,
                "1_odd": 7.1,
                "draw_odd": 5.2
            },
            {
                "match_id": 27502502,
                "date": "17/08/2025",
                "time": "16:00",
                "home_team": "OGC Nice",
                "away_team": "Toulouse",
                "match_url": "https://www.asbet.org/en/sports/pre-match/event-view/Soccer/France/548/ligue/27502502/ogc-nice-toulouse",
                "both_score_odd": 1.82,
                "both_noscore_odd": 1.88,
                "home_handicap_-3.25_odd": 9.7,
                "away_handicap_3.25_odd": 1.023,
                "home_handicap_-2.75_odd": 7.3,
                "away_handicap_2.75_odd": 1.06,
                "away_handicap_-1.75_odd": 9.7,
                "home_handicap_1.75_odd": 1.023,
                "away_handicap_-1.25_odd": 7.85,
                "home_handicap_1.25_odd": 1.05,
                "12_odd": 1.26,
                "X2_odd": 1.97,
                "1X_odd": 1.2,
                "home_handicap_-1.75_odd": 3.75,
                "away_handicap_1.75_odd": 1.23,
                "away_handicap_1.25_odd": 1.42,
                "home_handicap_-1.25_odd": 2.65,
                "away_handicap_0.25_odd": 2.39,
                "home_handicap_-0.25_odd": 1.51,
                "away_handicap_1.5_odd": 1.34,
                "home_handicap_-1.5_odd": 3.0,
                "away_handicap_1.0_odd": 1.54,
                "home_handicap_-1.0_odd": 2.33,
                "home_handicap_-0.5_odd": 1.71,
                "away_handicap_0.5_odd": 2.01,
                "away_handicap_0.0_odd": 3.15,
                "home_handicap_0.0_odd": 1.31,
                "home_handicap_0.25_odd": 1.25,
                "away_handicap_-0.25_odd": 3.57,
                "under_5.5_odd": 1.025,
                "over_5.5_odd": 9.5,
                "under_5.0_odd": 1.03,
                "over_5.0_odd": 9.0,
                "under_4.5_odd": 1.1,
                "over_4.5_odd": 5.85,
                "under_4.0_odd": 1.13,
                "over_4.0_odd": 5.1,
                "under_3.5_odd": 1.31,
                "over_3.5_odd": 3.15,
                "under_3.0_odd": 1.45,
                "over_3.0_odd": 2.55,
                "over_2.0_odd": 1.44,
                "under_2.0_odd": 2.59,
                "over_1.5_odd": 1.28,
                "under_1.5_odd": 3.3,
                "over_1.0_odd": 1.06,
                "under_1.0_odd": 7.3,
                "over_0.5_odd": 1.04,
                "under_0.5_odd": 8.2,
                "home_handicap_-2.25_odd": 5.35,
                "away_handicap_2.25_odd": 1.12,
                "away_handicap_3.5_odd": 1.02,
                "home_handicap_-3.5_odd": 10.0,
                "home_handicap_-3.0_odd": 9.5,
                "away_handicap_3.0_odd": 1.025,
                "away_handicap_2.5_odd": 1.1,
                "home_handicap_-2.5_odd": 5.85,
                "home_handicap_-2.0_odd": 5.1,
                "away_handicap_2.0_odd": 1.13,
                "home_handicap_0.75_odd": 1.13,
                "away_handicap_-0.75_odd": 5.1,
                "home_handicap_1.5_odd": 1.045,
                "away_handicap_-1.5_odd": 8.2,
                "away_handicap_-1.0_odd": 7.5,
                "home_handicap_1.0_odd": 1.055,
                "away_handicap_-0.5_odd": 4.05,
                "home_handicap_0.5_odd": 1.2,
                "away_handicap_0.75_odd": 1.78,
                "home_handicap_-0.75_odd": 1.92,
                "over_2.5_odd": 1.87,
                "under_2.5_odd": 1.83,
                "draw_odd": 3.57,
                "2_odd": 4.3,
                "1_odd": 1.72
            },
            {
                "match_id": 27502503,
                "date": "17/08/2025",
                "time": "16:00",
                "home_team": "Stade Rennais",
                "away_team": "Olympique de Marseille",
                "match_url": "https://www.asbet.org/en/sports/pre-match/event-view/Soccer/France/548/ligue/27502503/stade-rennais-olympique-de-marseille",
                "both_noscore_odd": 2.37,
                "both_score_odd": 1.52,
                "home_handicap_-2.25_odd": 10.0,
                "away_handicap_2.25_odd": 1.02,
                "away_handicap_1.75_odd": 1.055,
                "home_handicap_-1.75_odd": 7.5,
                "away_handicap_-2.75_odd": 8.2,
                "home_handicap_2.75_odd": 1.045,
                "home_handicap_2.25_odd": 1.09,
                "away_handicap_-2.25_odd": 6.15,
                "12_odd": 1.27,
                "X2_odd": 1.31,
                "1X_odd": 1.76,
                "away_handicap_1.25_odd": 1.11,
                "home_handicap_-1.25_odd": 5.55,
                "home_handicap_-0.75_odd": 3.83,
                "away_handicap_0.75_odd": 1.22,
                "home_handicap_-0.25_odd": 2.75,
                "away_handicap_0.25_odd": 1.39,
                "home_handicap_-2.5_odd": 10.0,
                "away_handicap_2.5_odd": 1.02,
                "home_handicap_-2.0_odd": 9.7,
                "away_handicap_2.0_odd": 1.023,
                "home_handicap_-1.5_odd": 6.0,
                "away_handicap_1.5_odd": 1.095,
                "home_handicap_-1.0_odd": 5.35,
                "away_handicap_1.0_odd": 1.12,
                "away_handicap_0.5_odd": 1.31,
                "home_handicap_-0.5_odd": 3.15,
                "home_handicap_0.0_odd": 2.44,
                "away_handicap_0.0_odd": 1.49,
                "home_handicap_1.75_odd": 1.18,
                "away_handicap_-1.75_odd": 4.3,
                "home_handicap_1.25_odd": 1.31,
                "away_handicap_-1.25_odd": 3.15,
                "home_handicap_0.75_odd": 1.57,
                "away_handicap_-0.75_odd": 2.25,
                "away_handicap_-0.25_odd": 1.73,
                "home_handicap_0.25_odd": 1.97,
                "away_handicap_-3.0_odd": 10.3,
                "home_handicap_3.0_odd": 1.017,
                "away_handicap_-2.5_odd": 6.5,
                "home_handicap_2.5_odd": 1.08,
                "home_handicap_2.0_odd": 1.1,
                "away_handicap_-2.0_odd": 5.85,
                "away_handicap_-1.5_odd": 3.47,
                "home_handicap_1.5_odd": 1.26,
                "home_handicap_1.0_odd": 1.38,
                "away_handicap_-1.0_odd": 2.8,
                "away_handicap_-0.5_odd": 1.95,
                "home_handicap_0.5_odd": 1.75,
                "under_5.5_odd": 1.06,
                "over_5.5_odd": 7.3,
                "under_5.0_odd": 1.075,
                "over_5.0_odd": 6.7,
                "over_4.5_odd": 4.15,
                "under_4.5_odd": 1.19,
                "under_4.0_odd": 1.25,
                "over_4.0_odd": 3.57,
                "over_3.5_odd": 2.44,
                "under_3.5_odd": 1.49,
                "under_2.5_odd": 2.23,
                "over_2.5_odd": 1.58,
                "under_2.0_odd": 3.47,
                "over_2.0_odd": 1.26,
                "under_1.5_odd": 4.3,
                "over_1.5_odd": 1.18,
                "under_1.0_odd": 9.3,
                "over_1.0_odd": 1.027,
                "under_0.5_odd": 10.0,
                "over_0.5_odd": 1.02,
                "under_3.0_odd": 1.77,
                "over_3.0_odd": 1.93,
                "2_odd": 1.97,
                "1_odd": 3.25,
                "draw_odd": 3.57
            }
        ]
    }
]