[
    {
        "tournament_name": "Bundesliga",
        "tournament_id": 541,
        "matches": [
            {
                "match_id": 27493700,
                "date": "22/08/2025",
                "time": "19:30",
                "home_team": "Bayern Munich",
                "away_team": "RB Leipzig",
                "match_url": "https://www.asbet.org/en/sports/pre-match/event-view/Soccer/Germany/541/bundesliga/27493700/bayern-munich-rb-leipzig",
                "both_score_odd": 1.65,
                "both_noscore_odd": 2.24,
                "away_handicap_4.75_odd": 1.04,
                "home_handicap_-4.75_odd": 12.5,
                "away_handicap_4.25_odd": 1.065,
                "home_handicap_-4.25_odd": 9.7,
                "away_handicap_3.75_odd": 1.13,
                "home_handicap_-3.75_odd": 6.4,
                "away_handicap_-0.75_odd": 10.4,
                "home_handicap_0.75_odd": 1.057,
                "away_handicap_-0.25_odd": 7.5,
                "home_handicap_0.25_odd": 1.1,
                "X2_odd": 3.73,
                "1X_odd": 1.075,
                "12_odd": 1.12,
                "under_6.5_odd": 1.065,
                "over_6.5_odd": 9.7,
                "under_2.0_odd": 6.4,
                "over_2.0_odd": 1.13,
                "away_handicap_2.0_odd": 1.68,
                "home_handicap_-2.0_odd": 2.23,
                "away_handicap_2.75_odd": 1.35,
                "home_handicap_-2.75_odd": 3.32,
                "away_handicap_0.0_odd": 7.1,
                "home_handicap_0.0_odd": 1.11,
                "under_6.0_odd": 1.075,
                "over_6.0_odd": 9.0,
                "under_5.5_odd": 1.17,
                "over_5.5_odd": 5.35,
                "under_5.0_odd": 1.21,
                "over_5.0_odd": 4.65,
                "under_4.5_odd": 1.39,
                "over_4.5_odd": 3.1,
                "under_4.0_odd": 1.58,
                "over_4.0_odd": 2.44,
                "under_3.0_odd": 2.59,
                "over_3.0_odd": 1.44,
                "under_2.5_odd": 3.4,
                "over_2.5_odd": 1.34,
                "under_1.5_odd": 7.5,
                "over_1.5_odd": 1.1,
                "away_handicap_3.25_odd": 1.21,
                "home_handicap_-3.25_odd": 4.65,
                "away_handicap_2.25_odd": 1.54,
                "home_handicap_-2.25_odd": 2.55,
                "away_handicap_1.25_odd": 2.44,
                "home_handicap_-1.25_odd": 1.58,
                "away_handicap_0.75_odd": 3.4,
                "home_handicap_-0.75_odd": 1.34,
                "away_handicap_0.25_odd": 4.81,
                "home_handicap_-0.25_odd": 1.2,
                "home_handicap_-4.5_odd": 10.1,
                "away_handicap_4.5_odd": 1.06,
                "home_handicap_-4.0_odd": 9.3,
                "away_handicap_4.0_odd": 1.07,
                "home_handicap_-3.5_odd": 5.0,
                "away_handicap_3.5_odd": 1.19,
                "home_handicap_-3.0_odd": 4.25,
                "away_handicap_3.0_odd": 1.24,
                "home_handicap_-2.5_odd": 2.83,
                "away_handicap_2.5_odd": 1.45,
                "home_handicap_-1.5_odd": 1.75,
                "away_handicap_1.5_odd": 2.12,
                "home_handicap_-1.0_odd": 1.41,
                "away_handicap_1.0_odd": 3.0,
                "home_handicap_-0.5_odd": 1.29,
                "away_handicap_0.5_odd": 3.75,
                "away_handicap_-0.5_odd": 7.8,
                "home_handicap_0.5_odd": 1.095,
                "2_odd": 8.6,
                "1_odd": 1.29,
                "draw_odd": 6.4,
                "over_3.5_odd": 1.85,
                "under_3.5_odd": 1.99,
                "home_handicap_-1.75_odd": 1.96,
                "away_handicap_1.75_odd": 1.88
            }
        ]
    },
    {
        "tournament_name": "Bundesliga. Outright",
        "tournament_id": 19236,
        "matches": []
    },
    {
        "tournament_name": "3. Liga. Outright",
        "tournament_id": 18276046,
        "matches": []
    },
    {
        "tournament_name": "2. Bundesliga. Outright",
        "tournament_id": 20696,
        "matches": []
    },
    {
        "tournament_name": "DFB Pokal. Outright",
        "tournament_id": 20724,
        "matches": []
    },
    {
        "tournament_name": "2. Bundesliga",
        "tournament_id": 542,
        "matches": [
            {
                "match_id": 27546706,
                "date": "02/08/2025",
                "time": "14:30",
                "home_team": "Paderborn 07",
                "away_team": "Holstein Kiel",
                "match_url": "https://www.asbet.org/en/sports/pre-match/event-view/Soccer/Germany/542/bundesliga/27546706/paderborn--holstein-kiel",
                "both_noscore_odd": 2.6,
                "both_score_odd": 1.46,
                "away_handicap_2.75_odd": 1.038,
                "home_handicap_-2.75_odd": 9.4,
                "away_handicap_2.25_odd": 1.07,
                "home_handicap_-2.25_odd": 7.5,
                "away_handicap_-2.75_odd": 11.1,
                "home_handicap_2.75_odd": 1.021,
                "home_handicap_2.25_odd": 1.045,
                "away_handicap_-2.25_odd": 8.8,
                "home_handicap_1.75_odd": 1.095,
                "away_handicap_-1.75_odd": 6.35,
                "X2_odd": 1.6,
                "12_odd": 1.26,
                "1X_odd": 1.41,
                "over_4.0_odd": 3.15,
                "under_4.0_odd": 1.32,
                "over_5.5_odd": 6.7,
                "under_5.5_odd": 1.085,
                "home_handicap_-1.25_odd": 3.7,
                "away_handicap_1.25_odd": 1.25,
                "home_handicap_2.0_odd": 1.047,
                "away_handicap_-2.0_odd": 8.75,
                "home_handicap_-2.0_odd": 7.0,
                "away_handicap_2.0_odd": 1.08,
                "home_handicap_1.0_odd": 1.19,
                "away_handicap_-1.0_odd": 4.3,
                "home_handicap_-2.5_odd": 7.7,
                "away_handicap_2.5_odd": 1.065,
                "home_handicap_1.5_odd": 1.15,
                "away_handicap_-1.5_odd": 4.9,
                "home_handicap_-0.75_odd": 2.57,
                "away_handicap_0.75_odd": 1.47,
                "over_1.5_odd": 1.15,
                "under_1.5_odd": 4.9,
                "over_1.0_odd": 1.021,
                "under_1.0_odd": 11.1,
                "over_6.5_odd": 10.65,
                "under_6.5_odd": 1.025,
                "over_6.0_odd": 10.35,
                "under_6.0_odd": 1.028,
                "over_5.0_odd": 6.0,
                "under_5.0_odd": 1.11,
                "over_4.5_odd": 3.75,
                "under_4.5_odd": 1.24,
                "over_3.5_odd": 2.26,
                "under_3.5_odd": 1.59,
                "over_3.0_odd": 1.79,
                "under_3.0_odd": 1.95,
                "over_2.0_odd": 1.21,
                "under_2.0_odd": 4.1,
                "home_handicap_-1.75_odd": 5.1,
                "away_handicap_1.75_odd": 1.14,
                "home_handicap_-1.5_odd": 4.1,
                "away_handicap_1.5_odd": 1.21,
                "home_handicap_-1.0_odd": 3.3,
                "away_handicap_1.0_odd": 1.3,
                "home_handicap_-0.5_odd": 2.18,
                "away_handicap_0.5_odd": 1.63,
                "home_handicap_0.0_odd": 1.69,
                "away_handicap_0.0_odd": 2.08,
                "home_handicap_1.25_odd": 1.17,
                "away_handicap_-1.25_odd": 4.55,
                "home_handicap_0.75_odd": 1.31,
                "away_handicap_-0.75_odd": 3.2,
                "away_handicap_-0.25_odd": 2.4,
                "home_handicap_0.25_odd": 1.53,
                "away_handicap_-2.5_odd": 9.25,
                "home_handicap_2.5_odd": 1.04,
                "away_handicap_-0.5_odd": 2.7,
                "home_handicap_0.5_odd": 1.43,
                "away_handicap_0.25_odd": 1.78,
                "home_handicap_-0.25_odd": 1.96,
                "2_odd": 2.75,
                "1_odd": 2.21,
                "draw_odd": 3.72,
                "over_2.5_odd": 1.51,
                "under_2.5_odd": 2.45
            },
            {
                "match_id": 27546707,
                "date": "02/08/2025",
                "time": "14:30",
                "home_team": "Arminia Bielefeld",
                "away_team": "Fortuna Dusseldorf",
                "match_url": "https://www.asbet.org/en/sports/pre-match/event-view/Soccer/Germany/542/bundesliga/27546707/arminia-bielefeld-fortuna-dusseldorf",
                "both_score_odd": 1.53,
                "both_noscore_odd": 2.4,
                "away_handicap_2.75_odd": 1.021,
                "home_handicap_-2.75_odd": 11.1,
                "away_handicap_2.25_odd": 1.045,
                "home_handicap_-2.25_odd": 8.8,
                "away_handicap_1.75_odd": 1.1,
                "home_handicap_-1.75_odd": 6.2,
                "away_handicap_-2.75_odd": 10.55,
                "home_handicap_2.75_odd": 1.025,
                "away_handicap_-2.25_odd": 8.35,
                "home_handicap_2.25_odd": 1.052,
                "X2_odd": 1.47,
                "1X_odd": 1.5,
                "12_odd": 1.28,
                "away_handicap_1.25_odd": 1.18,
                "home_handicap_-1.25_odd": 4.4,
                "under_4.5_odd": 1.18,
                "over_4.5_odd": 4.4,
                "over_0.5_odd": 1.025,
                "under_0.5_odd": 10.65,
                "over_5.0_odd": 7.5,
                "under_5.0_odd": 1.07,
                "home_handicap_1.5_odd": 1.17,
                "away_handicap_-1.5_odd": 4.55,
                "under_5.5_odd": 1.06,
                "over_5.5_odd": 8.0,
                "under_4.0_odd": 1.24,
                "over_4.0_odd": 3.75,
                "under_3.5_odd": 1.46,
                "over_3.5_odd": 2.52,
                "under_3.0_odd": 1.73,
                "over_3.0_odd": 2.03,
                "under_2.0_odd": 3.4,
                "over_2.0_odd": 1.28,
                "under_1.5_odd": 4.3,
                "over_1.5_odd": 1.19,
                "under_1.0_odd": 9.85,
                "over_1.0_odd": 1.033,
                "away_handicap_0.75_odd": 1.35,
                "home_handicap_-0.75_odd": 3.0,
                "away_handicap_0.25_odd": 1.62,
                "home_handicap_-0.25_odd": 2.21,
                "away_handicap_2.5_odd": 1.042,
                "home_handicap_-2.5_odd": 9.1,
                "away_handicap_2.0_odd": 1.047,
                "home_handicap_-2.0_odd": 8.75,
                "away_handicap_1.5_odd": 1.16,
                "home_handicap_-1.5_odd": 4.75,
                "away_handicap_1.0_odd": 1.21,
                "home_handicap_-1.0_odd": 4.1,
                "away_handicap_0.5_odd": 1.49,
                "home_handicap_-0.5_odd": 2.5,
                "away_handicap_-1.75_odd": 6.0,
                "home_handicap_1.75_odd": 1.11,
                "away_handicap_-1.25_odd": 4.25,
                "home_handicap_1.25_odd": 1.2,
                "away_handicap_-0.75_odd": 2.9,
                "home_handicap_0.75_odd": 1.38,
                "away_handicap_-0.25_odd": 2.14,
                "home_handicap_0.25_odd": 1.66,
                "away_handicap_-2.5_odd": 8.75,
                "home_handicap_2.5_odd": 1.047,
                "away_handicap_-2.0_odd": 8.2,
                "home_handicap_2.0_odd": 1.055,
                "away_handicap_-1.0_odd": 3.75,
                "home_handicap_1.0_odd": 1.24,
                "away_handicap_-0.5_odd": 2.42,
                "home_handicap_0.5_odd": 1.52,
                "away_handicap_0.0_odd": 1.82,
                "home_handicap_0.0_odd": 1.92,
                "2_odd": 2.45,
                "1_odd": 2.55,
                "draw_odd": 3.51,
                "over_2.5_odd": 1.63,
                "under_2.5_odd": 2.18
            },
            {
                "match_id": 27546709,
                "date": "02/08/2025",
                "time": "14:30",
                "home_team": "Karlsruher",
                "away_team": "SC Preussen Munster",
                "match_url": "https://www.asbet.org/en/sports/pre-match/event-view/Soccer/Germany/542/bundesliga/27546709/karlsruher-sc-preussen-munster",
                "both_noscore_odd": 2.14,
                "both_score_odd": 1.66,
                "away_handicap_3.75_odd": 1.023,
                "home_handicap_-3.75_odd": 10.85,
                "away_handicap_3.25_odd": 1.045,
                "home_handicap_-3.25_odd": 8.8,
                "home_handicap_1.75_odd": 1.023,
                "away_handicap_-1.75_odd": 10.85,
                "away_handicap_-1.25_odd": 8.5,
                "home_handicap_1.25_odd": 1.05,
                "away_handicap_-0.75_odd": 6.0,
                "home_handicap_0.75_odd": 1.11,
                "12_odd": 1.24,
                "X2_odd": 2.18,
                "1X_odd": 1.17,
                "home_handicap_1.0_odd": 1.052,
                "away_handicap_-1.0_odd": 8.35,
                "home_handicap_-3.0_odd": 8.5,
                "away_handicap_3.0_odd": 1.05,
                "home_handicap_-3.5_odd": 9.1,
                "away_handicap_3.5_odd": 1.042,
                "home_handicap_1.5_odd": 1.045,
                "away_handicap_-1.5_odd": 8.8,
                "over_5.5_odd": 8.0,
                "under_5.5_odd": 1.06,
                "over_5.0_odd": 7.5,
                "under_5.0_odd": 1.07,
                "home_handicap_-1.0_odd": 2.05,
                "away_handicap_1.0_odd": 1.72,
                "home_handicap_-2.0_odd": 4.25,
                "away_handicap_2.0_odd": 1.2,
                "home_handicap_0.0_odd": 1.25,
                "away_handicap_0.0_odd": 3.7,
                "over_3.0_odd": 2.03,
                "under_3.0_odd": 1.73,
                "home_handicap_-1.75_odd": 3.15,
                "away_handicap_1.75_odd": 1.32,
                "home_handicap_0.25_odd": 1.21,
                "away_handicap_-0.25_odd": 4.1,
                "home_handicap_-2.25_odd": 4.4,
                "away_handicap_2.25_odd": 1.18,
                "over_2.0_odd": 1.28,
                "under_2.0_odd": 3.4,
                "home_handicap_-2.5_odd": 4.75,
                "away_handicap_2.5_odd": 1.16,
                "over_1.0_odd": 1.033,
                "under_1.0_odd": 9.85,
                "home_handicap_-0.25_odd": 1.43,
                "away_handicap_0.25_odd": 2.7,
                "over_4.0_odd": 3.75,
                "under_4.0_odd": 1.24,
                "over_1.5_odd": 1.19,
                "under_1.5_odd": 4.3,
                "over_3.5_odd": 2.57,
                "under_3.5_odd": 1.47,
                "over_4.5_odd": 4.4,
                "under_4.5_odd": 1.18,
                "over_0.5_odd": 1.025,
                "under_0.5_odd": 10.65,
                "home_handicap_-2.75_odd": 6.2,
                "away_handicap_2.75_odd": 1.1,
                "home_handicap_-1.25_odd": 2.38,
                "away_handicap_1.25_odd": 1.54,
                "home_handicap_-1.5_odd": 2.65,
                "away_handicap_1.5_odd": 1.44,
                "home_handicap_-0.5_odd": 1.6,
                "away_handicap_0.5_odd": 2.25,
                "home_handicap_0.5_odd": 1.18,
                "away_handicap_-0.5_odd": 4.4,
                "draw_odd": 3.92,
                "2_odd": 4.9,
                "1_odd": 1.6,
                "away_handicap_0.75_odd": 1.96,
                "home_handicap_-0.75_odd": 1.78,
                "under_2.5_odd": 2.18,
                "over_2.5_odd": 1.63
            },
            {
                "match_id": 27546712,
                "date": "01/08/2025",
                "time": "19:30",
                "home_team": "Schalke 04",
                "away_team": "Hertha",
                "match_url": "https://www.asbet.org/en/sports/pre-match/event-view/Soccer/Germany/542/bundesliga/27546712/schalke--hertha",
                "both_score_odd": 1.47,
                "both_noscore_odd": 2.57,
                "away_handicap_2.75_odd": 1.034,
                "home_handicap_-2.75_odd": 9.75,
                "away_handicap_2.25_odd": 1.065,
                "home_handicap_-2.25_odd": 7.7,
                "away_handicap_-2.75_odd": 10.85,
                "home_handicap_2.75_odd": 1.023,
                "away_handicap_-2.25_odd": 8.75,
                "home_handicap_2.25_odd": 1.047,
                "away_handicap_-1.75_odd": 6.2,
                "home_handicap_1.75_odd": 1.1,
                "X2_odd": 1.54,
                "1X_odd": 1.46,
                "12_odd": 1.26,
                "away_handicap_-1.25_odd": 4.4,
                "home_handicap_1.25_odd": 1.18,
                "away_handicap_2.5_odd": 1.06,
                "home_handicap_-2.5_odd": 8.0,
                "away_handicap_-2.0_odd": 8.5,
                "home_handicap_2.0_odd": 1.05,
                "away_handicap_-0.25_odd": 2.25,
                "home_handicap_0.25_odd": 1.6,
                "away_handicap_0.75_odd": 1.42,
                "home_handicap_-0.75_odd": 2.73,
                "away_handicap_-0.75_odd": 3.0,
                "home_handicap_0.75_odd": 1.35,
                "away_handicap_1.25_odd": 1.23,
                "home_handicap_-1.25_odd": 3.85,
                "away_handicap_0.25_odd": 1.71,
                "home_handicap_-0.25_odd": 2.06,
                "over_6.5_odd": 10.85,
                "under_6.5_odd": 1.023,
                "over_6.0_odd": 10.65,
                "under_6.0_odd": 1.025,
                "over_5.5_odd": 7.0,
                "under_5.5_odd": 1.08,
                "over_5.0_odd": 6.2,
                "under_5.0_odd": 1.1,
                "over_4.5_odd": 3.85,
                "under_4.5_odd": 1.23,
                "over_4.0_odd": 3.2,
                "under_4.0_odd": 1.31,
                "over_3.5_odd": 2.28,
                "under_3.5_odd": 1.58,
                "over_3.0_odd": 1.82,
                "under_3.0_odd": 1.92,
                "over_2.0_odd": 1.22,
                "under_2.0_odd": 4.0,
                "over_1.5_odd": 1.16,
                "under_1.5_odd": 4.75,
                "over_1.0_odd": 1.023,
                "under_1.0_odd": 10.85,
                "over_0.5_odd": 1.017,
                "under_0.5_odd": 11.4,
                "home_handicap_-1.75_odd": 5.3,
                "away_handicap_1.75_odd": 1.13,
                "home_handicap_-2.0_odd": 7.5,
                "away_handicap_2.0_odd": 1.07,
                "away_handicap_1.5_odd": 1.2,
                "home_handicap_-1.5_odd": 4.25,
                "away_handicap_1.0_odd": 1.27,
                "home_handicap_-1.0_odd": 3.55,
                "away_handicap_0.5_odd": 1.56,
                "home_handicap_-0.5_odd": 2.33,
                "home_handicap_2.5_odd": 1.042,
                "away_handicap_-2.5_odd": 9.1,
                "home_handicap_1.5_odd": 1.16,
                "away_handicap_-1.5_odd": 4.75,
                "away_handicap_-1.0_odd": 4.1,
                "home_handicap_1.0_odd": 1.21,
                "away_handicap_-0.5_odd": 2.52,
                "home_handicap_0.5_odd": 1.48,
                "away_handicap_0.0_odd": 1.96,
                "home_handicap_0.0_odd": 1.78,
                "under_2.5_odd": 2.42,
                "over_2.5_odd": 1.52,
                "2_odd": 2.57,
                "1_odd": 2.35,
                "draw_odd": 3.7
            },
            {
                "match_id": 27546715,
                "date": "02/08/2025",
                "time": "14:30",
                "home_team": "Darmstadt 98",
                "away_team": "VfL Bochum",
                "match_url": "https://www.asbet.org/en/sports/pre-match/event-view/Soccer/Germany/542/bundesliga/27546715/darmstadt--vfl-bochum",
                "both_score_odd": 1.44,
                "both_noscore_odd": 2.65,
                "away_handicap_2.75_odd": 1.031,
                "home_handicap_-2.75_odd": 10.15,
                "home_handicap_-2.25_odd": 8.0,
                "away_handicap_2.25_odd": 1.06,
                "home_handicap_2.75_odd": 1.025,
                "away_handicap_-2.75_odd": 10.65,
                "away_handicap_-2.25_odd": 8.5,
                "home_handicap_2.25_odd": 1.05,
                "away_handicap_-1.75_odd": 6.0,
                "home_handicap_1.75_odd": 1.11,
                "12_odd": 1.28,
                "X2_odd": 1.5,
                "1X_odd": 1.47,
                "away_handicap_2.0_odd": 1.065,
                "home_handicap_-2.0_odd": 7.7,
                "away_handicap_-0.75_odd": 3.0,
                "home_handicap_0.75_odd": 1.35,
                "away_handicap_1.5_odd": 1.18,
                "home_handicap_-1.5_odd": 4.4,
                "away_handicap_-2.0_odd": 8.2,
                "home_handicap_2.0_odd": 1.055,
                "over_6.5_odd": 10.65,
                "under_6.5_odd": 1.025,
                "over_6.0_odd": 10.35,
                "under_6.0_odd": 1.028,
                "over_5.5_odd": 6.7,
                "under_5.5_odd": 1.085,
                "over_5.0_odd": 6.0,
                "under_5.0_odd": 1.11,
                "over_4.5_odd": 3.75,
                "under_4.5_odd": 1.24,
                "over_4.0_odd": 3.15,
                "under_4.0_odd": 1.32,
                "over_3.5_odd": 2.26,
                "under_3.5_odd": 1.59,
                "over_3.0_odd": 1.78,
                "under_3.0_odd": 1.96,
                "over_2.0_odd": 1.21,
                "under_2.0_odd": 4.1,
                "over_1.5_odd": 1.15,
                "under_1.5_odd": 4.9,
                "over_1.0_odd": 1.021,
                "under_1.0_odd": 11.1,
                "home_handicap_-1.75_odd": 5.55,
                "away_handicap_1.75_odd": 1.12,
                "home_handicap_-1.25_odd": 4.1,
                "away_handicap_1.25_odd": 1.21,
                "home_handicap_-0.75_odd": 2.9,
                "away_handicap_0.75_odd": 1.38,
                "home_handicap_-0.25_odd": 2.14,
                "away_handicap_0.25_odd": 1.66,
                "home_handicap_-2.5_odd": 8.2,
                "away_handicap_2.5_odd": 1.055,
                "away_handicap_1.0_odd": 1.24,
                "home_handicap_-1.0_odd": 3.75,
                "away_handicap_0.5_odd": 1.52,
                "home_handicap_-0.5_odd": 2.42,
                "away_handicap_-1.25_odd": 4.4,
                "home_handicap_1.25_odd": 1.18,
                "home_handicap_0.25_odd": 1.62,
                "away_handicap_-0.25_odd": 2.21,
                "home_handicap_2.5_odd": 1.047,
                "away_handicap_-2.5_odd": 8.75,
                "away_handicap_-1.5_odd": 4.75,
                "home_handicap_1.5_odd": 1.16,
                "away_handicap_-1.0_odd": 4.0,
                "home_handicap_1.0_odd": 1.22,
                "away_handicap_-0.5_odd": 2.5,
                "home_handicap_0.5_odd": 1.49,
                "away_handicap_0.0_odd": 1.92,
                "home_handicap_0.0_odd": 1.82,
                "over_2.5_odd": 1.51,
                "under_2.5_odd": 2.45,
                "draw_odd": 3.51,
                "2_odd": 2.55,
                "1_odd": 2.45
            },
            {
                "match_id": 27546719,
                "date": "02/08/2025",
                "time": "14:30",
                "home_team": "SV Elversberg",
                "away_team": "1. FC Nurnberg",
                "match_url": "https://www.asbet.org/en/sports/pre-match/event-view/Soccer/Germany/542/bundesliga/27546719/sv-elversberg--fc-nurnberg",
                "both_score_odd": 1.46,
                "both_noscore_odd": 2.6,
                "home_handicap_-2.75_odd": 10.0,
                "away_handicap_2.75_odd": 1.031,
                "home_handicap_-2.25_odd": 8.0,
                "away_handicap_2.25_odd": 1.06,
                "home_handicap_2.75_odd": 1.026,
                "away_handicap_-2.75_odd": 10.55,
                "home_handicap_2.25_odd": 1.052,
                "away_handicap_-2.25_odd": 8.35,
                "home_handicap_1.75_odd": 1.11,
                "away_handicap_-1.75_odd": 6.0,
                "X2_odd": 1.54,
                "12_odd": 1.26,
                "1X_odd": 1.46,
                "home_handicap_-0.75_odd": 2.77,
                "away_handicap_0.75_odd": 1.41,
                "home_handicap_2.0_odd": 1.055,
                "away_handicap_-2.0_odd": 8.2,
                "home_handicap_2.5_odd": 1.047,
                "away_handicap_-2.5_odd": 8.75,
                "away_handicap_0.25_odd": 1.71,
                "home_handicap_-0.25_odd": 2.06,
                "away_handicap_-0.25_odd": 2.25,
                "home_handicap_0.25_odd": 1.6,
                "away_handicap_-0.75_odd": 3.0,
                "home_handicap_0.75_odd": 1.35,
                "away_handicap_-1.25_odd": 4.3,
                "home_handicap_1.25_odd": 1.19,
                "away_handicap_1.5_odd": 1.19,
                "home_handicap_-1.5_odd": 4.3,
                "away_handicap_2.0_odd": 1.065,
                "home_handicap_-2.0_odd": 7.7,
                "away_handicap_1.25_odd": 1.22,
                "home_handicap_-1.25_odd": 4.0,
                "under_6.5_odd": 1.024,
                "over_6.5_odd": 10.75,
                "under_6.0_odd": 1.027,
                "over_6.0_odd": 10.4,
                "under_5.5_odd": 1.085,
                "over_5.5_odd": 6.7,
                "under_5.0_odd": 1.1,
                "over_5.0_odd": 6.2,
                "under_4.5_odd": 1.24,
                "over_4.5_odd": 3.75,
                "under_4.0_odd": 1.32,
                "over_4.0_odd": 3.15,
                "under_3.5_odd": 1.59,
                "over_3.5_odd": 2.26,
                "under_3.0_odd": 1.95,
                "over_3.0_odd": 1.79,
                "under_2.0_odd": 4.1,
                "over_2.0_odd": 1.21,
                "under_1.5_odd": 4.9,
                "over_1.5_odd": 1.15,
                "under_1.0_odd": 10.95,
                "over_1.0_odd": 1.022,
                "away_handicap_1.75_odd": 1.13,
                "home_handicap_-1.75_odd": 5.3,
                "away_handicap_2.5_odd": 1.055,
                "home_handicap_-2.5_odd": 8.2,
                "away_handicap_1.0_odd": 1.26,
                "home_handicap_-1.0_odd": 3.6,
                "away_handicap_0.5_odd": 1.56,
                "home_handicap_-0.5_odd": 2.33,
                "away_handicap_-1.5_odd": 4.55,
                "home_handicap_1.5_odd": 1.17,
                "away_handicap_-1.0_odd": 3.85,
                "home_handicap_1.0_odd": 1.23,
                "away_handicap_-0.5_odd": 2.52,
                "home_handicap_0.5_odd": 1.48,
                "away_handicap_0.0_odd": 1.92,
                "home_handicap_0.0_odd": 1.82,
                "under_2.5_odd": 2.45,
                "over_2.5_odd": 1.51,
                "2_odd": 2.57,
                "1_odd": 2.35,
                "draw_odd": 3.7
            },
            {
                "match_id": 27546725,
                "date": "03/08/2025",
                "time": "12:30",
                "home_team": "1.FC Magdeburg",
                "away_team": "Eintracht Braunschweig",
                "match_url": "https://www.asbet.org/en/sports/pre-match/event-view/Soccer/Germany/542/bundesliga/27546725/fc-magdeburg-eintracht-braunschweig",
                "both_score_odd": 1.67,
                "both_noscore_odd": 2.12,
                "away_handicap_3.75_odd": 1.024,
                "home_handicap_-3.75_odd": 10.75,
                "away_handicap_3.25_odd": 1.047,
                "home_handicap_-3.25_odd": 8.75,
                "away_handicap_2.75_odd": 1.1,
                "home_handicap_-2.75_odd": 6.2,
                "away_handicap_-1.75_odd": 10.75,
                "home_handicap_1.75_odd": 1.024,
                "away_handicap_-1.25_odd": 8.35,
                "home_handicap_1.25_odd": 1.052,
                "X2_odd": 2.11,
                "1X_odd": 1.2,
                "12_odd": 1.22,
                "under_5.5_odd": 1.06,
                "over_5.5_odd": 8.0,
                "under_5.0_odd": 1.07,
                "over_5.0_odd": 7.5,
                "under_4.5_odd": 1.18,
                "over_4.5_odd": 4.4,
                "under_4.0_odd": 1.24,
                "over_4.0_odd": 3.75,
                "under_3.5_odd": 1.48,
                "over_3.5_odd": 2.52,
                "under_3.0_odd": 1.74,
                "over_3.0_odd": 2.02,
                "under_2.5_odd": 2.18,
                "over_2.5_odd": 1.63,
                "under_2.0_odd": 3.4,
                "over_2.0_odd": 1.28,
                "under_1.5_odd": 4.3,
                "over_1.5_odd": 1.19,
                "under_1.0_odd": 9.85,
                "over_1.0_odd": 1.033,
                "under_0.5_odd": 10.65,
                "over_0.5_odd": 1.025,
                "away_handicap_2.25_odd": 1.18,
                "home_handicap_-2.25_odd": 4.4,
                "away_handicap_1.75_odd": 1.33,
                "home_handicap_-1.75_odd": 3.1,
                "away_handicap_1.25_odd": 1.55,
                "home_handicap_-1.25_odd": 2.35,
                "home_handicap_-0.25_odd": 1.47,
                "away_handicap_0.25_odd": 2.57,
                "home_handicap_-3.5_odd": 9.1,
                "away_handicap_3.5_odd": 1.042,
                "away_handicap_3.0_odd": 1.05,
                "home_handicap_-3.0_odd": 8.5,
                "home_handicap_-2.5_odd": 4.75,
                "away_handicap_2.5_odd": 1.16,
                "away_handicap_2.0_odd": 1.21,
                "home_handicap_-2.0_odd": 4.1,
                "away_handicap_1.5_odd": 1.45,
                "home_handicap_-1.5_odd": 2.62,
                "home_handicap_-1.0_odd": 2.07,
                "away_handicap_1.0_odd": 1.7,
                "home_handicap_-0.5_odd": 1.64,
                "away_handicap_0.5_odd": 2.17,
                "home_handicap_0.0_odd": 1.29,
                "away_handicap_0.0_odd": 3.35,
                "home_handicap_0.75_odd": 1.13,
                "away_handicap_-0.75_odd": 5.3,
                "home_handicap_0.25_odd": 1.24,
                "away_handicap_-0.25_odd": 3.75,
                "home_handicap_1.5_odd": 1.047,
                "away_handicap_-1.5_odd": 8.75,
                "home_handicap_1.0_odd": 1.055,
                "away_handicap_-1.0_odd": 8.2,
                "home_handicap_0.5_odd": 1.21,
                "away_handicap_-0.5_odd": 4.1,
                "away_handicap_0.75_odd": 1.96,
                "home_handicap_-0.75_odd": 1.78,
                "2_odd": 4.33,
                "draw_odd": 4.1,
                "1_odd": 1.64
            },
            {
                "match_id": 27546727,
                "date": "03/08/2025",
                "time": "12:30",
                "home_team": "Greuther Furth",
                "away_team": "Dynamo Dresden",
                "match_url": "https://www.asbet.org/en/sports/pre-match/event-view/Soccer/Germany/542/bundesliga/27546727/greuther-furth-dynamo-dresden",
                "both_noscore_odd": 2.57,
                "both_score_odd": 1.46,
                "away_handicap_2.75_odd": 1.035,
                "home_handicap_-2.75_odd": 9.65,
                "away_handicap_2.25_odd": 1.065,
                "home_handicap_-2.25_odd": 7.7,
                "away_handicap_-2.75_odd": 11.3,
                "home_handicap_2.75_odd": 1.018,
                "away_handicap_-2.25_odd": 9.25,
                "home_handicap_2.25_odd": 1.04,
                "away_handicap_-1.75_odd": 6.7,
                "home_handicap_1.75_odd": 1.085,
                "X2_odd": 1.6,
                "1X_odd": 1.37,
                "12_odd": 1.29,
                "away_handicap_-2.0_odd": 9.1,
                "home_handicap_2.0_odd": 1.042,
                "away_handicap_-1.25_odd": 4.9,
                "home_handicap_1.25_odd": 1.15,
                "away_handicap_-0.75_odd": 3.4,
                "home_handicap_0.75_odd": 1.28,
                "away_handicap_1.5_odd": 1.19,
                "home_handicap_-1.5_odd": 4.3,
                "away_handicap_2.0_odd": 1.075,
                "home_handicap_-2.0_odd": 7.2,
                "home_handicap_1.5_odd": 1.13,
                "away_handicap_-1.5_odd": 5.3,
                "home_handicap_0.25_odd": 1.48,
                "away_handicap_-0.25_odd": 2.52,
                "home_handicap_-0.75_odd": 2.6,
                "away_handicap_0.75_odd": 1.46,
                "home_handicap_0.0_odd": 1.64,
                "away_handicap_0.0_odd": 2.17,
                "away_handicap_1.25_odd": 1.23,
                "home_handicap_-1.25_odd": 3.85,
                "away_handicap_1.0_odd": 1.28,
                "home_handicap_-1.0_odd": 3.4,
                "away_handicap_2.5_odd": 1.06,
                "home_handicap_-2.5_odd": 8.0,
                "away_handicap_-1.0_odd": 4.55,
                "home_handicap_1.0_odd": 1.17,
                "over_6.5_odd": 11.2,
                "under_6.5_odd": 1.02,
                "over_6.0_odd": 10.95,
                "under_6.0_odd": 1.022,
                "over_5.5_odd": 7.2,
                "under_5.5_odd": 1.075,
                "over_5.0_odd": 6.5,
                "under_5.0_odd": 1.09,
                "over_4.5_odd": 4.0,
                "under_4.5_odd": 1.22,
                "over_4.0_odd": 3.35,
                "under_4.0_odd": 1.29,
                "over_3.5_odd": 2.35,
                "under_3.5_odd": 1.55,
                "over_3.0_odd": 1.87,
                "under_3.0_odd": 1.87,
                "over_2.0_odd": 1.23,
                "under_2.0_odd": 3.85,
                "over_1.5_odd": 1.17,
                "under_1.5_odd": 4.55,
                "over_1.0_odd": 1.025,
                "under_1.0_odd": 10.65,
                "under_0.5_odd": 11.2,
                "over_0.5_odd": 1.02,
                "away_handicap_1.75_odd": 1.13,
                "home_handicap_-1.75_odd": 5.3,
                "away_handicap_0.5_odd": 1.63,
                "home_handicap_-0.5_odd": 2.18,
                "away_handicap_-2.5_odd": 9.5,
                "home_handicap_2.5_odd": 1.037,
                "away_handicap_-0.5_odd": 2.9,
                "home_handicap_0.5_odd": 1.38,
                "away_handicap_0.25_odd": 1.78,
                "home_handicap_-0.25_odd": 1.96,
                "under_2.5_odd": 2.35,
                "over_2.5_odd": 1.55,
                "2_odd": 2.94,
                "1_odd": 2.21,
                "draw_odd": 3.41
            }
        ]
    },
    {
        "tournament_name": "DFL Supercup",
        "tournament_id": 1881,
        "matches": [
            {
                "match_id": 27503126,
                "date": "16/08/2025",
                "time": "19:30",
                "home_team": "VfB Stuttgart",
                "away_team": "Bayern Munich",
                "match_url": "https://www.asbet.org/en/sports/pre-match/event-view/Soccer/Germany/1881/dfl-supercup/27503126/vfb-stuttgart-bayern-munich",
                "both_score_odd": 1.54,
                "both_noscore_odd": 2.48,
                "away_handicap_-2.75_odd": 5.5,
                "home_handicap_2.75_odd": 1.15,
                "X2_odd": 1.18,
                "1X_odd": 2.27,
                "12_odd": 1.2,
                "home_handicap_-0.25_odd": 4.2,
                "away_handicap_0.25_odd": 1.23,
                "home_handicap_1.25_odd": 1.67,
                "away_handicap_-1.25_odd": 2.2,
                "away_handicap_-2.0_odd": 3.72,
                "home_handicap_2.0_odd": 1.28,
                "away_handicap_-0.5_odd": 1.58,
                "home_handicap_0.5_odd": 2.37,
                "home_handicap_-0.75_odd": 6.05,
                "away_handicap_0.75_odd": 1.13,
                "home_handicap_2.25_odd": 1.24,
                "away_handicap_-2.25_odd": 4.1,
                "home_handicap_1.75_odd": 1.41,
                "away_handicap_-1.75_odd": 2.9,
                "away_handicap_-0.75_odd": 1.72,
                "home_handicap_0.75_odd": 2.12,
                "away_handicap_-0.25_odd": 1.43,
                "home_handicap_0.25_odd": 2.83,
                "away_handicap_-2.5_odd": 4.45,
                "home_handicap_2.5_odd": 1.21,
                "home_handicap_1.5_odd": 1.54,
                "away_handicap_-1.5_odd": 2.48,
                "home_handicap_1.0_odd": 1.87,
                "away_handicap_-1.0_odd": 1.93,
                "home_handicap_0.0_odd": 3.8,
                "away_handicap_0.0_odd": 1.27,
                "over_4.5_odd": 3.55,
                "under_4.5_odd": 1.3,
                "over_4.0_odd": 2.9,
                "under_4.0_odd": 1.41,
                "over_3.5_odd": 2.12,
                "under_3.5_odd": 1.72,
                "over_3.0_odd": 1.68,
                "under_3.0_odd": 2.18,
                "over_2.5_odd": 1.42,
                "under_2.5_odd": 2.75,
                "home_handicap_-0.5_odd": 4.6,
                "away_handicap_0.5_odd": 1.2,
                "draw_odd": 4.4,
                "2_odd": 1.57,
                "1_odd": 4.8
            }
        ]
    }
]