[
    {
        "tournament_name": "4. Deild",
        "tournament_id": 11548,
        "matches": [
            {
                "match_id": 27547678,
                "date": "09/07/2025",
                "time": "20:15",
                "home_team": "UMF Alftanes",
                "away_team": "Hafnir",
                "match_url": "https://www.asbet.org/en/sports/pre-match/event-view/Soccer/Iceland/11548/deild/27547678/umf-alftanes-hafnir",
                "2_odd": 3.53,
                "draw_odd": 3.78,
                "1_odd": 1.81,
                "away_handicap_0.75_odd": 1.7,
                "home_handicap_-0.75_odd": 2.02,
                "over_4.5_odd": 2.17,
                "under_4.5_odd": 1.61,
                "over_4.0_odd": 1.78,
                "under_4.0_odd": 1.92,
                "over_3.5_odd": 1.53,
                "under_3.5_odd": 2.35,
                "home_handicap_-0.25_odd": 1.61,
                "away_handicap_0.25_odd": 2.17,
                "home_handicap_-1.0_odd": 2.39,
                "away_handicap_1.0_odd": 1.51,
                "home_handicap_-0.5_odd": 1.77,
                "away_handicap_0.5_odd": 1.93,
                "1X_odd": 1.27,
                "12_odd": 1.24,
                "X2_odd": 1.87
            },
            {
                "match_id": 27547679,
                "date": "09/07/2025",
                "time": "20:15",
                "home_team": "Kria Seltjarnarnes",
                "away_team": "Ellidi Reykjavik",
                "match_url": "https://www.asbet.org/en/sports/pre-match/event-view/Soccer/Iceland/11548/deild/27547679/kria-seltjarnarnes-ellidi-reykjavik",
                "away_handicap_0.0_odd": 1.94,
                "home_handicap_0.0_odd": 1.76,
                "2_odd": 2.43,
                "1_odd": 2.23,
                "draw_odd": 4.2,
                "away_handicap_0.75_odd": 1.46,
                "home_handicap_-0.75_odd": 2.52,
                "away_handicap_0.25_odd": 1.73,
                "home_handicap_-0.25_odd": 1.97,
                "away_handicap_0.5_odd": 1.59,
                "home_handicap_-0.5_odd": 2.21,
                "away_handicap_-0.25_odd": 2.17,
                "home_handicap_0.25_odd": 1.61,
                "away_handicap_-0.5_odd": 2.39,
                "home_handicap_0.5_odd": 1.51,
                "X2_odd": 1.58,
                "1X_odd": 1.49,
                "12_odd": 1.21,
                "over_4.0_odd": 1.76,
                "under_4.0_odd": 1.94,
                "over_3.5_odd": 1.52,
                "under_3.5_odd": 2.37,
                "over_4.5_odd": 2.15,
                "under_4.5_odd": 1.62
            },
            {
                "match_id": 27547680,
                "date": "09/07/2025",
                "time": "20:15",
                "home_team": "Hamar Hveragerdi",
                "away_team": "Arborg FC",
                "match_url": "https://www.asbet.org/en/sports/pre-match/event-view/Soccer/Iceland/11548/deild/27547680/hamar-hveragerdi-arborg-fc",
                "2_odd": 1.51,
                "draw_odd": 4.6,
                "1_odd": 4.6,
                "away_handicap_-1.25_odd": 1.92,
                "home_handicap_1.25_odd": 1.78,
                "home_handicap_1.75_odd": 1.47,
                "away_handicap_-1.75_odd": 2.5,
                "home_handicap_0.75_odd": 2.15,
                "away_handicap_-0.75_odd": 1.62,
                "home_handicap_1.5_odd": 1.6,
                "away_handicap_-1.5_odd": 2.2,
                "home_handicap_0.5_odd": 2.37,
                "away_handicap_-0.5_odd": 1.52,
                "X2_odd": 1.18,
                "12_odd": 1.18,
                "1X_odd": 2.34,
                "under_4.0_odd": 1.76,
                "over_4.0_odd": 1.94,
                "under_3.5_odd": 2.15,
                "over_3.5_odd": 1.62,
                "home_handicap_1.0_odd": 1.92,
                "away_handicap_-1.0_odd": 1.78,
                "over_4.5_odd": 2.39,
                "under_4.5_odd": 1.51
            }
        ]
    }
]