[
    {
        "tournament_name": "Eliteserie",
        "tournament_id": 562,
        "matches": [
            {
                "match_id": 27490880,
                "date": "12/07/2025",
                "time": "17:00",
                "home_team": "Fredrikstad FK",
                "away_team": "Molde FK",
                "match_url": "https://www.asbet.org/en/sports/pre-match/event-view/Soccer/Norway/562/eliteserie/27490880/fredrikstad-fk-molde-fk",
                "both_score_odd": 1.71,
                "both_noscore_odd": 2.01,
                "12_odd": 1.32,
                "X2_odd": 1.49,
                "1X_odd": 1.42,
                "under_3.5_odd": 1.29,
                "over_3.5_odd": 3.25,
                "under_3.0_odd": 1.43,
                "over_3.0_odd": 2.62,
                "under_2.0_odd": 2.52,
                "over_2.0_odd": 1.46,
                "under_1.5_odd": 3.25,
                "over_1.5_odd": 1.29,
                "away_handicap_0.75_odd": 1.36,
                "home_handicap_-0.75_odd": 2.87,
                "away_handicap_0.25_odd": 1.66,
                "home_handicap_-0.25_odd": 2.08,
                "away_handicap_0.5_odd": 1.51,
                "home_handicap_-0.5_odd": 2.39,
                "away_handicap_-0.75_odd": 3.2,
                "home_handicap_0.75_odd": 1.3,
                "away_handicap_-0.25_odd": 2.3,
                "home_handicap_0.25_odd": 1.55,
                "away_handicap_-0.5_odd": 2.62,
                "home_handicap_0.5_odd": 1.43,
                "away_handicap_0.0_odd": 1.93,
                "home_handicap_0.0_odd": 1.77,
                "under_2.5_odd": 1.79,
                "over_2.5_odd": 1.91,
                "2_odd": 2.62,
                "1_odd": 2.4,
                "draw_odd": 3.11
            },
            {
                "match_id": 27490881,
                "date": "12/07/2025",
                "time": "15:00",
                "home_team": "FK Bodo/Glimt",
                "away_team": "Sandefjord Fotball",
                "match_url": "https://www.asbet.org/en/sports/pre-match/event-view/Soccer/Norway/562/eliteserie/27490881/fk-bodoglimt-sandefjord-fotball",
                "home_handicap_-3.0_odd": 3.57,
                "away_handicap_3.0_odd": 1.25,
                "2_odd": 8.1,
                "draw_odd": 6.0,
                "1_odd": 1.21,
                "away_handicap_1.75_odd": 1.94,
                "home_handicap_-1.75_odd": 1.76,
                "both_score_odd": 1.65,
                "both_noscore_odd": 2.1,
                "12_odd": 1.1,
                "X2_odd": 3.93,
                "1X_odd": 1.07,
                "over_4.5_odd": 2.65,
                "under_4.5_odd": 1.42,
                "over_4.0_odd": 2.17,
                "under_4.0_odd": 1.61,
                "over_3.5_odd": 1.75,
                "under_3.5_odd": 1.95,
                "over_3.0_odd": 1.42,
                "under_3.0_odd": 2.65,
                "over_2.5_odd": 1.29,
                "under_2.5_odd": 3.25,
                "home_handicap_-2.75_odd": 2.85,
                "away_handicap_2.75_odd": 1.37,
                "home_handicap_-2.25_odd": 2.21,
                "away_handicap_2.25_odd": 1.59,
                "home_handicap_-1.25_odd": 1.46,
                "away_handicap_1.25_odd": 2.52,
                "home_handicap_-0.75_odd": 1.26,
                "away_handicap_0.75_odd": 3.47,
                "home_handicap_-2.5_odd": 2.44,
                "away_handicap_2.5_odd": 1.49,
                "home_handicap_-2.0_odd": 1.97,
                "away_handicap_2.0_odd": 1.73,
                "home_handicap_-1.5_odd": 1.6,
                "away_handicap_1.5_odd": 2.2,
                "home_handicap_-1.0_odd": 1.31,
                "away_handicap_1.0_odd": 3.15
            },
            {
                "match_id": 27496302,
                "date": "13/07/2025",
                "time": "16:00",
                "home_team": "Stromsgodset IF",
                "away_team": "Tromso IL",
                "match_url": "https://www.asbet.org/en/sports/pre-match/event-view/Soccer/Norway/562/eliteserie/27496302/stromsgodset-if-tromso-il",
                "both_score_odd": 1.61,
                "both_noscore_odd": 2.17,
                "X2_odd": 1.27,
                "1X_odd": 1.77,
                "12_odd": 1.29,
                "under_3.5_odd": 1.4,
                "over_3.5_odd": 2.7,
                "under_3.0_odd": 1.59,
                "over_3.0_odd": 2.21,
                "away_handicap_0.25_odd": 1.34,
                "home_handicap_-0.25_odd": 3.0,
                "away_handicap_0.5_odd": 1.27,
                "home_handicap_-0.5_odd": 3.4,
                "away_handicap_0.0_odd": 1.44,
                "home_handicap_0.0_odd": 2.59,
                "away_handicap_-1.25_odd": 3.2,
                "home_handicap_1.25_odd": 1.3,
                "away_handicap_-0.75_odd": 2.23,
                "home_handicap_0.75_odd": 1.58,
                "away_handicap_-1.5_odd": 3.57,
                "home_handicap_1.5_odd": 1.25,
                "away_handicap_-1.0_odd": 2.8,
                "home_handicap_1.0_odd": 1.38,
                "home_handicap_0.5_odd": 1.79,
                "away_handicap_-0.5_odd": 1.91,
                "away_handicap_-0.25_odd": 1.67,
                "home_handicap_0.25_odd": 2.07,
                "under_2.5_odd": 2.0,
                "over_2.5_odd": 1.72,
                "2_odd": 1.89,
                "1_odd": 3.47,
                "draw_odd": 3.29,
                "under_2.0_odd": 3.05,
                "over_2.0_odd": 1.33
            },
            {
                "match_id": 27496303,
                "date": "13/07/2025",
                "time": "16:00",
                "home_team": "Rosenborg",
                "away_team": "HamKam",
                "match_url": "https://www.asbet.org/en/sports/pre-match/event-view/Soccer/Norway/562/eliteserie/27496303/rosenborg-hamkam",
                "both_noscore_odd": 1.86,
                "both_score_odd": 1.84,
                "12_odd": 1.19,
                "X2_odd": 2.57,
                "1X_odd": 1.13,
                "away_handicap_0.75_odd": 2.33,
                "home_handicap_-0.75_odd": 1.54,
                "home_handicap_-1.25_odd": 1.95,
                "away_handicap_1.25_odd": 1.75,
                "home_handicap_-1.5_odd": 2.21,
                "away_handicap_1.5_odd": 1.59,
                "away_handicap_0.25_odd": 3.2,
                "home_handicap_-0.25_odd": 1.3,
                "over_3.5_odd": 2.62,
                "under_3.5_odd": 1.43,
                "under_3.0_odd": 1.65,
                "over_3.0_odd": 2.1,
                "under_2.0_odd": 3.2,
                "over_2.0_odd": 1.3,
                "home_handicap_-1.75_odd": 2.55,
                "away_handicap_1.75_odd": 1.45,
                "home_handicap_-0.5_odd": 1.43,
                "away_handicap_0.5_odd": 2.62,
                "away_handicap_1.0_odd": 2.02,
                "home_handicap_-1.0_odd": 1.7,
                "over_2.5_odd": 1.66,
                "under_2.5_odd": 2.08,
                "draw_odd": 4.2,
                "2_odd": 5.7,
                "1_odd": 1.41,
                "home_handicap_-2.0_odd": 3.25,
                "away_handicap_2.0_odd": 1.29,
                "home_handicap_-2.25_odd": 3.57,
                "away_handicap_2.25_odd": 1.25
            },
            {
                "match_id": 27496304,
                "date": "13/07/2025",
                "time": "16:00",
                "home_team": "Kristiansund BK",
                "away_team": "Sarpsborg 08 FF",
                "match_url": "https://www.asbet.org/en/sports/pre-match/event-view/Soccer/Norway/562/eliteserie/27496304/kristiansund-bk-sarpsborg-ff",
                "both_score_odd": 1.45,
                "both_noscore_odd": 2.55,
                "X2_odd": 1.44,
                "1X_odd": 1.53,
                "12_odd": 1.28,
                "under_3.5_odd": 1.55,
                "over_3.5_odd": 2.3,
                "under_3.0_odd": 1.87,
                "over_3.0_odd": 1.83,
                "away_handicap_0.75_odd": 1.32,
                "home_handicap_-0.75_odd": 3.1,
                "away_handicap_0.25_odd": 1.56,
                "home_handicap_-0.25_odd": 2.27,
                "away_handicap_0.5_odd": 1.45,
                "home_handicap_-0.5_odd": 2.55,
                "away_handicap_0.0_odd": 1.75,
                "home_handicap_0.0_odd": 1.95,
                "away_handicap_-0.75_odd": 2.7,
                "home_handicap_0.75_odd": 1.4,
                "away_handicap_-1.0_odd": 3.47,
                "home_handicap_1.0_odd": 1.26,
                "away_handicap_-0.5_odd": 2.3,
                "home_handicap_0.5_odd": 1.55,
                "away_handicap_-0.25_odd": 2.02,
                "home_handicap_0.25_odd": 1.7,
                "under_2.5_odd": 2.37,
                "over_2.5_odd": 1.52,
                "2_odd": 2.29,
                "1_odd": 2.57,
                "draw_odd": 3.39,
                "under_4.0_odd": 1.29,
                "over_4.0_odd": 3.25
            },
            {
                "match_id": 27496305,
                "date": "13/07/2025",
                "time": "16:00",
                "home_team": "FK Haugesund",
                "away_team": "KFUM Oslo",
                "match_url": "https://www.asbet.org/en/sports/pre-match/event-view/Soccer/Norway/562/eliteserie/27496305/fk-haugesund-kfum-oslo",
                "home_handicap_1.25_odd": 1.32,
                "away_handicap_-1.25_odd": 3.05,
                "both_noscore_odd": 1.95,
                "both_score_odd": 1.75,
                "over_3.0_odd": 2.52,
                "under_3.0_odd": 1.46,
                "under_2.0_odd": 2.62,
                "over_2.0_odd": 1.43,
                "home_handicap_-0.25_odd": 3.15,
                "away_handicap_0.25_odd": 1.31,
                "home_handicap_-0.5_odd": 3.57,
                "away_handicap_0.5_odd": 1.25,
                "away_handicap_-0.75_odd": 2.15,
                "home_handicap_0.75_odd": 1.62,
                "home_handicap_0.25_odd": 2.13,
                "away_handicap_-0.25_odd": 1.63,
                "home_handicap_1.0_odd": 1.41,
                "away_handicap_-1.0_odd": 2.68,
                "home_handicap_0.5_odd": 1.84,
                "away_handicap_-0.5_odd": 1.86,
                "12_odd": 1.29,
                "X2_odd": 1.25,
                "1X_odd": 1.83,
                "under_3.5_odd": 1.31,
                "over_3.5_odd": 3.15,
                "over_2.5_odd": 1.86,
                "under_2.5_odd": 1.84,
                "draw_odd": 3.32,
                "2_odd": 1.84,
                "1_odd": 3.64,
                "away_handicap_0.0_odd": 1.4,
                "home_handicap_0.0_odd": 2.7,
                "over_1.5_odd": 1.28,
                "under_1.5_odd": 3.3,
                "home_handicap_1.5_odd": 1.27,
                "away_handicap_-1.5_odd": 3.4
            },
            {
                "match_id": 27496306,
                "date": "13/07/2025",
                "time": "13:30",
                "home_team": "Bryne FK",
                "away_team": "Valerenga",
                "match_url": "https://www.asbet.org/en/sports/pre-match/event-view/Soccer/Norway/562/eliteserie/27496306/bryne-fk-valerenga",
                "both_score_odd": 1.58,
                "both_noscore_odd": 2.23,
                "12_odd": 1.3,
                "X2_odd": 1.52,
                "1X_odd": 1.42,
                "under_3.5_odd": 1.39,
                "over_3.5_odd": 2.75,
                "under_3.0_odd": 1.59,
                "over_3.0_odd": 2.21,
                "away_handicap_0.75_odd": 1.38,
                "home_handicap_-0.75_odd": 2.8,
                "away_handicap_0.25_odd": 1.69,
                "home_handicap_-0.25_odd": 2.04,
                "away_handicap_0.5_odd": 1.53,
                "home_handicap_-0.5_odd": 2.35,
                "home_handicap_0.75_odd": 1.3,
                "away_handicap_-0.75_odd": 3.2,
                "away_handicap_-0.25_odd": 2.33,
                "home_handicap_0.25_odd": 1.54,
                "away_handicap_-0.5_odd": 2.62,
                "home_handicap_0.5_odd": 1.43,
                "away_handicap_0.0_odd": 1.96,
                "home_handicap_0.0_odd": 1.74,
                "over_2.5_odd": 1.71,
                "under_2.5_odd": 2.01,
                "2_odd": 2.64,
                "1_odd": 2.32,
                "draw_odd": 3.23,
                "over_2.0_odd": 1.33,
                "under_2.0_odd": 3.05
            },
            {
                "match_id": 27496307,
                "date": "13/07/2025",
                "time": "18:15",
                "home_team": "SK Brann",
                "away_team": "Viking FK",
                "match_url": "https://www.asbet.org/en/sports/pre-match/event-view/Soccer/Norway/562/eliteserie/27496307/sk-brann-viking-fk",
                "both_noscore_odd": 2.68,
                "both_score_odd": 1.41,
                "X2_odd": 1.56,
                "1X_odd": 1.44,
                "12_odd": 1.26,
                "under_4.5_odd": 1.26,
                "over_4.5_odd": 3.47,
                "under_4.0_odd": 1.36,
                "over_4.0_odd": 2.87,
                "over_3.5_odd": 2.12,
                "under_3.5_odd": 1.64,
                "under_3.0_odd": 2.04,
                "over_3.0_odd": 1.69,
                "away_handicap_0.75_odd": 1.42,
                "home_handicap_-0.75_odd": 2.65,
                "home_handicap_-1.0_odd": 3.3,
                "away_handicap_1.0_odd": 1.28,
                "home_handicap_-0.5_odd": 2.25,
                "away_handicap_0.5_odd": 1.57,
                "home_handicap_0.0_odd": 1.75,
                "away_handicap_0.0_odd": 1.95,
                "home_handicap_0.75_odd": 1.33,
                "away_handicap_-0.75_odd": 3.05,
                "away_handicap_-0.25_odd": 2.27,
                "home_handicap_0.25_odd": 1.56,
                "away_handicap_-0.5_odd": 2.55,
                "home_handicap_0.5_odd": 1.45,
                "home_handicap_-0.25_odd": 2.0,
                "away_handicap_0.25_odd": 1.72,
                "over_2.5_odd": 1.45,
                "under_2.5_odd": 2.55,
                "draw_odd": 3.55,
                "2_odd": 2.55,
                "1_odd": 2.24
            }
        ]
    },
    {
        "tournament_name": "1st Division. Outright",
        "tournament_id": 28700,
        "matches": []
    },
    {
        "tournament_name": "Eliteserien. Outright",
        "tournament_id": 21797,
        "matches": []
    },
    {
        "tournament_name": "Cup",
        "tournament_id": 1966,
        "matches": [
            {
                "match_id": 27519459,
                "date": "09/07/2025",
                "time": "17:00",
                "home_team": "Lillestrom SK",
                "away_team": "Kristiansund BK",
                "match_url": "https://www.asbet.org/en/sports/pre-match/event-view/Soccer/Norway/1966/cup/27519459/lillestrom-sk-kristiansund-bk",
                "over_3.0_odd": 2.15,
                "under_3.0_odd": 1.62,
                "over_2.5_odd": 1.7,
                "under_2.5_odd": 2.02,
                "home_handicap_-0.75_odd": 1.93,
                "away_handicap_0.75_odd": 1.77,
                "home_handicap_-0.25_odd": 1.53,
                "away_handicap_0.25_odd": 2.35,
                "12_odd": 1.24,
                "X2_odd": 1.98,
                "1X_odd": 1.23,
                "home_handicap_-0.5_odd": 1.71,
                "away_handicap_0.5_odd": 2.01,
                "draw_odd": 3.83,
                "2_odd": 3.93,
                "1_odd": 1.71,
                "home_handicap_-1.0_odd": 2.3,
                "away_handicap_1.0_odd": 1.55,
                "home_handicap_-1.25_odd": 2.62,
                "away_handicap_1.25_odd": 1.43
            },
            {
                "match_id": 27519677,
                "date": "09/07/2025",
                "time": "19:00",
                "home_team": "Sarpsborg 08 FF",
                "away_team": "Viking FK",
                "match_url": "https://www.asbet.org/en/sports/pre-match/event-view/Soccer/Norway/1966/cup/27519677/sarpsborg-ff-viking-fk",
                "over_3.5_odd": 2.3,
                "under_3.5_odd": 1.55,
                "over_3.0_odd": 1.82,
                "under_3.0_odd": 1.88,
                "under_2.5_odd": 2.37,
                "over_2.5_odd": 1.52,
                "home_handicap_0.75_odd": 1.5,
                "away_handicap_-0.75_odd": 2.4,
                "home_handicap_0.25_odd": 1.84,
                "away_handicap_-0.25_odd": 1.86,
                "home_handicap_0.0_odd": 2.17,
                "away_handicap_0.0_odd": 1.61,
                "X2_odd": 1.37,
                "1X_odd": 1.64,
                "12_odd": 1.26,
                "home_handicap_0.5_odd": 1.66,
                "away_handicap_-0.5_odd": 2.08,
                "2_odd": 2.1,
                "1_odd": 2.87,
                "draw_odd": 3.62,
                "away_handicap_0.25_odd": 1.47,
                "home_handicap_-0.25_odd": 2.5
            }
        ]
    },
    {
        "tournament_name": "3rd Division",
        "tournament_id": 10926,
        "matches": [
            {
                "match_id": 27535836,
                "date": "09/07/2025",
                "time": "18:00",
                "home_team": "KFUM Oslo 2",
                "away_team": "Frigg Oslo FK",
                "match_url": "https://www.asbet.org/en/sports/pre-match/event-view/Soccer/Norway/10926/rd-division/27535836/kfum-oslo--frigg-oslo-fk",
                "1_odd": 3.0,
                "draw_odd": 4.75,
                "2_odd": 1.8,
                "1X_odd": 1.88,
                "12_odd": 1.18,
                "X2_odd": 1.35,
                "over_3.5_odd": 1.57,
                "under_3.5_odd": 2.25,
                "home_handicap_1.25_odd": 1.47,
                "away_handicap_-1.25_odd": 2.5,
                "home_handicap_0.75_odd": 1.74,
                "away_handicap_-0.75_odd": 1.96,
                "home_handicap_0.25_odd": 2.1,
                "away_handicap_-0.25_odd": 1.65,
                "home_handicap_1.0_odd": 1.57,
                "away_handicap_-1.0_odd": 2.25,
                "home_handicap_0.5_odd": 1.92,
                "away_handicap_-0.5_odd": 1.78,
                "home_handicap_0.0_odd": 2.45,
                "away_handicap_0.0_odd": 1.48,
                "over_4.0_odd": 1.85,
                "under_4.0_odd": 1.85,
                "over_4.5_odd": 2.25,
                "under_4.5_odd": 1.57
            },
            {
                "match_id": 27535916,
                "date": "09/07/2025",
                "time": "18:30",
                "home_team": "Bjorkelangen FC",
                "away_team": "FK Gjovik-Lyn",
                "match_url": "https://www.asbet.org/en/sports/pre-match/event-view/Soccer/Norway/10926/rd-division/27535916/bjorkelangen-fc-fk-gjovik-lyn",
                "1_odd": 2.82,
                "draw_odd": 4.33,
                "2_odd": 1.94,
                "over_3.5_odd": 1.9,
                "under_3.5_odd": 1.8,
                "home_handicap_0.25_odd": 1.95,
                "away_handicap_-0.25_odd": 1.75,
                "over_4.0_odd": 2.55,
                "under_4.0_odd": 1.45,
                "over_3.0_odd": 1.52,
                "under_3.0_odd": 2.37,
                "home_handicap_0.0_odd": 2.25,
                "away_handicap_0.0_odd": 1.57,
                "home_handicap_0.75_odd": 1.61,
                "away_handicap_-0.75_odd": 2.17,
                "home_handicap_1.0_odd": 1.45,
                "away_handicap_-1.0_odd": 2.55,
                "1X_odd": 1.75,
                "12_odd": 1.2,
                "X2_odd": 1.38,
                "home_handicap_0.5_odd": 1.76,
                "away_handicap_-0.5_odd": 1.94,
                "home_handicap_-0.25_odd": 2.52,
                "away_handicap_0.25_odd": 1.46
            }
        ]
    }
]