[
    {
        "tournament_name": "Primera Division",
        "tournament_id": 1973,
        "matches": [
            {
                "match_id": 27553155,
                "date": "11/07/2025",
                "time": "20:00",
                "home_team": "Sportivo Luqueno",
                "away_team": "General Caballero JLM",
                "match_url": "https://www.asbet.org/en/sports/pre-match/event-view/Soccer/Paraguay/1973/primera-division/27553155/sportivo-luqueno-general-caballero-jlm",
                "both_score_odd": 1.94,
                "both_noscore_odd": 1.76,
                "1X_odd": 1.4,
                "12_odd": 1.38,
                "X2_odd": 1.45,
                "over_2.5_odd": 2.37,
                "under_2.5_odd": 1.52,
                "over_1.5_odd": 1.45,
                "under_1.5_odd": 2.55,
                "home_handicap_-0.25_odd": 2.17,
                "away_handicap_0.25_odd": 1.61,
                "home_handicap_-1.0_odd": 4.57,
                "away_handicap_1.0_odd": 1.16,
                "home_handicap_1.0_odd": 1.13,
                "away_handicap_-1.0_odd": 5.1,
                "home_handicap_0.0_odd": 1.78,
                "away_handicap_0.0_odd": 1.92,
                "over_2.0_odd": 1.77,
                "under_2.0_odd": 1.93,
                "1_odd": 2.53,
                "draw_odd": 2.8,
                "2_odd": 2.72,
                "home_handicap_1.25_odd": 1.11,
                "away_handicap_-1.25_odd": 5.55,
                "home_handicap_-1.25_odd": 5.1,
                "away_handicap_1.25_odd": 1.13,
                "over_3.0_odd": 3.65,
                "under_3.0_odd": 1.24,
                "home_handicap_-1.5_odd": 5.55,
                "away_handicap_1.5_odd": 1.11,
                "home_handicap_0.25_odd": 1.54,
                "away_handicap_-0.25_odd": 2.33,
                "home_handicap_-0.5_odd": 2.52,
                "away_handicap_0.5_odd": 1.46,
                "home_handicap_-0.75_odd": 3.15,
                "away_handicap_0.75_odd": 1.31,
                "home_handicap_0.5_odd": 1.4,
                "away_handicap_-0.5_odd": 2.7,
                "home_handicap_0.75_odd": 1.27,
                "away_handicap_-0.75_odd": 3.4
            },
            {
                "match_id": 27553154,
                "date": "11/07/2025",
                "time": "22:30",
                "home_team": "Club 2 de Mayo",
                "away_team": "Club Libertad",
                "match_url": "https://www.asbet.org/en/sports/pre-match/event-view/Soccer/Paraguay/1973/primera-division/27553154/club-de-mayo-club-libertad",
                "both_score_odd": 2.1,
                "both_noscore_odd": 1.65,
                "1X_odd": 1.7,
                "12_odd": 1.36,
                "X2_odd": 1.25,
                "over_3.0_odd": 3.9,
                "under_3.0_odd": 1.21,
                "home_handicap_-0.75_odd": 4.75,
                "away_handicap_0.75_odd": 1.15,
                "home_handicap_1.25_odd": 1.24,
                "away_handicap_-1.25_odd": 3.65,
                "home_handicap_-0.25_odd": 3.15,
                "away_handicap_0.25_odd": 1.31,
                "home_handicap_-0.5_odd": 3.57,
                "away_handicap_0.5_odd": 1.25,
                "home_handicap_0.75_odd": 1.51,
                "away_handicap_-0.75_odd": 2.39,
                "home_handicap_0.5_odd": 1.71,
                "away_handicap_-0.5_odd": 2.01,
                "over_1.5_odd": 1.49,
                "under_1.5_odd": 2.44,
                "home_handicap_1.5_odd": 1.2,
                "away_handicap_-1.5_odd": 4.05,
                "home_handicap_1.0_odd": 1.3,
                "away_handicap_-1.0_odd": 3.2,
                "over_2.5_odd": 2.45,
                "under_2.5_odd": 1.48,
                "home_handicap_0.0_odd": 2.62,
                "away_handicap_0.0_odd": 1.43,
                "home_handicap_1.75_odd": 1.12,
                "away_handicap_-1.75_odd": 5.35,
                "over_2.0_odd": 1.86,
                "under_2.0_odd": 1.84,
                "home_handicap_0.25_odd": 2.01,
                "away_handicap_-0.25_odd": 1.71,
                "1_odd": 3.71,
                "draw_odd": 2.88,
                "2_odd": 1.99
            },
            {
                "match_id": 27553153,
                "date": "12/07/2025",
                "time": "22:00",
                "home_team": "Club Nacional Asuncion",
                "away_team": "Club Guarani Asuncion",
                "match_url": "https://www.asbet.org/en/sports/pre-match/event-view/Soccer/Paraguay/1973/primera-division/27553153/club-nacional-asuncion-club-guarani-asuncion",
                "both_score_odd": 2.07,
                "both_noscore_odd": 1.67,
                "1X_odd": 1.27,
                "12_odd": 1.38,
                "X2_odd": 1.63,
                "over_3.0_odd": 4.05,
                "under_3.0_odd": 1.2,
                "home_handicap_0.75_odd": 1.17,
                "away_handicap_-0.75_odd": 4.42,
                "home_handicap_-1.25_odd": 4.05,
                "away_handicap_1.25_odd": 1.2,
                "home_handicap_-0.75_odd": 2.55,
                "away_handicap_0.75_odd": 1.45,
                "home_handicap_0.25_odd": 1.35,
                "away_handicap_-0.25_odd": 2.95,
                "home_handicap_0.5_odd": 1.27,
                "away_handicap_-0.5_odd": 3.4,
                "over_2.5_odd": 2.5,
                "under_2.5_odd": 1.47,
                "home_handicap_-1.5_odd": 4.57,
                "away_handicap_1.5_odd": 1.16,
                "home_handicap_-1.0_odd": 3.57,
                "away_handicap_1.0_odd": 1.25,
                "home_handicap_-0.5_odd": 2.12,
                "away_handicap_0.5_odd": 1.64,
                "home_handicap_0.0_odd": 1.49,
                "away_handicap_0.0_odd": 2.44,
                "home_handicap_-0.25_odd": 1.8,
                "away_handicap_0.25_odd": 1.9,
                "over_1.5_odd": 1.49,
                "under_1.5_odd": 2.44,
                "over_2.0_odd": 1.88,
                "under_2.0_odd": 1.82,
                "1_odd": 2.1,
                "draw_odd": 2.79,
                "2_odd": 3.5
            },
            {
                "match_id": 27553152,
                "date": "12/07/2025",
                "time": "19:30",
                "home_team": "Sportivo Ameliano",
                "away_team": "Club Cerro Porteno Asuncion",
                "match_url": "https://www.asbet.org/en/sports/pre-match/event-view/Soccer/Paraguay/1973/primera-division/27553152/sportivo-ameliano-club-cerro-porteno-asuncion",
                "both_score_odd": 1.97,
                "both_noscore_odd": 1.73,
                "1X_odd": 1.71,
                "12_odd": 1.34,
                "X2_odd": 1.26,
                "home_handicap_-0.75_odd": 4.42,
                "away_handicap_0.75_odd": 1.17,
                "home_handicap_1.75_odd": 1.13,
                "away_handicap_-1.75_odd": 5.1,
                "over_3.0_odd": 3.4,
                "under_3.0_odd": 1.27,
                "home_handicap_-0.25_odd": 3.05,
                "away_handicap_0.25_odd": 1.33,
                "home_handicap_1.25_odd": 1.24,
                "away_handicap_-1.25_odd": 3.65,
                "home_handicap_0.75_odd": 1.52,
                "away_handicap_-0.75_odd": 2.37,
                "home_handicap_0.25_odd": 2.0,
                "away_handicap_-0.25_odd": 1.72,
                "home_handicap_1.5_odd": 1.2,
                "away_handicap_-1.5_odd": 4.05,
                "home_handicap_1.0_odd": 1.31,
                "away_handicap_-1.0_odd": 3.15,
                "home_handicap_0.5_odd": 1.72,
                "away_handicap_-0.5_odd": 2.0,
                "over_2.0_odd": 1.71,
                "under_2.0_odd": 2.01,
                "home_handicap_-0.5_odd": 3.47,
                "away_handicap_0.5_odd": 1.26,
                "over_2.5_odd": 2.27,
                "under_2.5_odd": 1.56,
                "over_1.5_odd": 1.42,
                "under_1.5_odd": 2.65,
                "home_handicap_0.0_odd": 2.59,
                "away_handicap_0.0_odd": 1.44,
                "1_odd": 3.58,
                "draw_odd": 3.01,
                "2_odd": 1.97
            },
            {
                "match_id": 27555570,
                "date": "13/07/2025",
                "time": "22:30",
                "home_team": "Sportivo Trinidense",
                "away_team": "Club Olimpia Asuncion",
                "match_url": "https://www.asbet.org/en/sports/pre-match/event-view/Soccer/Paraguay/1973/primera-division/27555570/sportivo-trinidense-club-olimpia-asuncion",
                "both_score_odd": 1.74,
                "both_noscore_odd": 1.96,
                "1X_odd": 1.62,
                "12_odd": 1.31,
                "X2_odd": 1.34,
                "over_3.5_odd": 3.25,
                "under_3.5_odd": 1.29,
                "home_handicap_-0.75_odd": 3.75,
                "away_handicap_0.75_odd": 1.23,
                "home_handicap_-0.5_odd": 3.0,
                "away_handicap_0.5_odd": 1.34,
                "home_handicap_0.75_odd": 1.46,
                "away_handicap_-0.75_odd": 2.52,
                "home_handicap_0.5_odd": 1.63,
                "away_handicap_-0.5_odd": 2.13,
                "over_3.0_odd": 2.62,
                "under_3.0_odd": 1.43,
                "home_handicap_1.5_odd": 1.2,
                "away_handicap_-1.5_odd": 4.05,
                "over_2.0_odd": 1.47,
                "under_2.0_odd": 2.5,
                "home_handicap_1.0_odd": 1.29,
                "away_handicap_-1.0_odd": 3.25,
                "home_handicap_0.0_odd": 2.25,
                "away_handicap_0.0_odd": 1.57,
                "home_handicap_0.25_odd": 1.85,
                "away_handicap_-0.25_odd": 1.85,
                "over_2.5_odd": 1.91,
                "under_2.5_odd": 1.79,
                "1_odd": 3.01,
                "draw_odd": 3.19,
                "2_odd": 2.11,
                "home_handicap_1.75_odd": 1.13,
                "away_handicap_-1.75_odd": 5.1,
                "home_handicap_-1.0_odd": 5.35,
                "away_handicap_1.0_odd": 1.12,
                "over_1.5_odd": 1.29,
                "under_1.5_odd": 3.25,
                "home_handicap_1.25_odd": 1.23,
                "away_handicap_-1.25_odd": 3.75,
                "home_handicap_-0.25_odd": 2.62,
                "away_handicap_0.25_odd": 1.43
            }
        ]
    },
    {
        "tournament_name": "Cup",
        "tournament_id": 33584,
        "matches": [
            {
                "match_id": 27549395,
                "date": "09/07/2025",
                "time": "22:00",
                "home_team": "Club Cristobal Colon JAS",
                "away_team": "Sportivo Carapegua",
                "match_url": "https://www.asbet.org/en/sports/pre-match/event-view/Soccer/Paraguay/33584/cup/27549395/club-cristobal-colon-jas-sportivo-carapegua",
                "both_score_odd": 1.87,
                "both_noscore_odd": 1.83,
                "over_3.5_odd": 3.65,
                "under_3.5_odd": 1.24,
                "over_3.0_odd": 3.0,
                "under_3.0_odd": 1.34,
                "over_2.0_odd": 1.56,
                "under_2.0_odd": 2.27,
                "over_1.5_odd": 1.35,
                "under_1.5_odd": 2.95,
                "home_handicap_-0.75_odd": 3.75,
                "away_handicap_0.75_odd": 1.23,
                "home_handicap_-0.25_odd": 2.59,
                "away_handicap_0.25_odd": 1.44,
                "home_handicap_-1.0_odd": 5.35,
                "away_handicap_1.0_odd": 1.12,
                "home_handicap_-0.5_odd": 2.95,
                "away_handicap_0.5_odd": 1.35,
                "home_handicap_0.0_odd": 2.23,
                "away_handicap_0.0_odd": 1.58,
                "home_handicap_1.75_odd": 1.13,
                "away_handicap_-1.75_odd": 5.1,
                "home_handicap_1.25_odd": 1.23,
                "away_handicap_-1.25_odd": 3.75,
                "home_handicap_0.75_odd": 1.47,
                "away_handicap_-0.75_odd": 2.5,
                "home_handicap_1.5_odd": 1.2,
                "away_handicap_-1.5_odd": 4.05,
                "home_handicap_1.0_odd": 1.29,
                "away_handicap_-1.0_odd": 3.25,
                "home_handicap_0.5_odd": 1.64,
                "away_handicap_-0.5_odd": 2.12,
                "1X_odd": 1.63,
                "12_odd": 1.3,
                "X2_odd": 1.34,
                "home_handicap_0.25_odd": 1.85,
                "away_handicap_-0.25_odd": 1.85,
                "over_2.5_odd": 2.05,
                "under_2.5_odd": 1.68,
                "1_odd": 3.05,
                "draw_odd": 3.31,
                "2_odd": 2.13
            },
            {
                "match_id": 27549408,
                "date": "09/07/2025",
                "time": "22:00",
                "home_team": "Sport Colonial",
                "away_team": "Guarani De Fram",
                "match_url": "https://www.asbet.org/en/sports/pre-match/event-view/Soccer/Paraguay/33584/cup/27549408/sport-colonial-guarani-de-fram",
                "both_noscore_odd": 2.08,
                "both_score_odd": 1.66,
                "under_4.5_odd": 1.2,
                "over_4.5_odd": 4.05,
                "under_4.0_odd": 1.26,
                "over_4.0_odd": 3.47,
                "under_3.5_odd": 1.51,
                "over_3.5_odd": 2.39,
                "under_2.0_odd": 3.65,
                "over_2.0_odd": 1.24,
                "away_handicap_0.25_odd": 1.18,
                "home_handicap_-0.25_odd": 4.3,
                "away_handicap_0.5_odd": 1.16,
                "home_handicap_-0.5_odd": 4.57,
                "away_handicap_-2.75_odd": 5.1,
                "home_handicap_2.75_odd": 1.13,
                "away_handicap_-2.25_odd": 3.75,
                "home_handicap_2.25_odd": 1.23,
                "home_handicap_1.75_odd": 1.4,
                "away_handicap_-1.75_odd": 2.7,
                "home_handicap_1.25_odd": 1.66,
                "away_handicap_-1.25_odd": 2.08,
                "away_handicap_-0.75_odd": 1.64,
                "home_handicap_0.75_odd": 2.12,
                "home_handicap_0.25_odd": 2.85,
                "away_handicap_-0.25_odd": 1.37,
                "away_handicap_-2.5_odd": 4.05,
                "home_handicap_2.5_odd": 1.2,
                "home_handicap_2.0_odd": 1.27,
                "away_handicap_-2.0_odd": 3.4,
                "home_handicap_1.5_odd": 1.53,
                "away_handicap_-1.5_odd": 2.35,
                "home_handicap_0.5_odd": 2.37,
                "away_handicap_-0.5_odd": 1.52,
                "12_odd": 1.21,
                "X2_odd": 1.14,
                "1X_odd": 2.37,
                "away_handicap_0.0_odd": 1.22,
                "home_handicap_0.0_odd": 3.83,
                "under_2.5_odd": 2.27,
                "over_2.5_odd": 1.56,
                "away_handicap_-1.0_odd": 1.8,
                "home_handicap_1.0_odd": 1.9,
                "under_3.0_odd": 1.8,
                "over_3.0_odd": 1.9,
                "2_odd": 1.52,
                "1_odd": 5.0,
                "draw_odd": 4.1
            },
            {
                "match_id": 27547548,
                "date": "09/07/2025",
                "time": "19:30",
                "home_team": "24 de Setiembre",
                "away_team": "1. de Marzo De Pilar",
                "match_url": "https://www.asbet.org/en/sports/pre-match/event-view/Soccer/Paraguay/33584/cup/27547548/de-setiembre--de-marzo-de-pilar",
                "both_score_odd": 1.83,
                "both_noscore_odd": 1.87,
                "over_3.5_odd": 2.87,
                "under_3.5_odd": 1.36,
                "over_3.0_odd": 2.3,
                "under_3.0_odd": 1.55,
                "over_2.0_odd": 1.36,
                "under_2.0_odd": 2.87,
                "over_1.5_odd": 1.24,
                "under_1.5_odd": 3.65,
                "home_handicap_-2.25_odd": 4.57,
                "away_handicap_2.25_odd": 1.16,
                "home_handicap_-1.75_odd": 3.1,
                "away_handicap_1.75_odd": 1.32,
                "home_handicap_-0.75_odd": 1.76,
                "away_handicap_0.75_odd": 1.94,
                "home_handicap_-0.25_odd": 1.47,
                "away_handicap_0.25_odd": 2.5,
                "home_handicap_-2.5_odd": 4.9,
                "away_handicap_2.5_odd": 1.14,
                "home_handicap_-2.0_odd": 4.15,
                "away_handicap_2.0_odd": 1.19,
                "home_handicap_-1.5_odd": 2.55,
                "away_handicap_1.5_odd": 1.45,
                "home_handicap_-1.0_odd": 2.04,
                "away_handicap_1.0_odd": 1.69,
                "home_handicap_-0.5_odd": 1.63,
                "away_handicap_0.5_odd": 2.13,
                "home_handicap_0.25_odd": 1.25,
                "away_handicap_-0.25_odd": 3.57,
                "home_handicap_0.5_odd": 1.21,
                "away_handicap_-0.5_odd": 3.9,
                "1X_odd": 1.21,
                "12_odd": 1.22,
                "X2_odd": 2.11,
                "home_handicap_0.0_odd": 1.3,
                "away_handicap_0.0_odd": 3.2,
                "over_2.5_odd": 1.76,
                "under_2.5_odd": 1.94,
                "1_odd": 1.63,
                "draw_odd": 4.1,
                "2_odd": 4.2,
                "home_handicap_-1.25_odd": 2.33,
                "away_handicap_1.25_odd": 1.54,
                "home_handicap_0.75_odd": 1.13,
                "away_handicap_-0.75_odd": 5.1
            }
        ]
    }
]