[
    {
        "tournament_name": "Liga 1. Outright",
        "tournament_id": 18277581,
        "matches": []
    },
    {
        "tournament_name": "Liga 1",
        "tournament_id": 1974,
        "matches": [
            {
                "match_id": 27538790,
                "date": "12/07/2025",
                "time": "21:00",
                "home_team": "UTC Cajamarca",
                "away_team": "Alianza Lima",
                "match_url": "https://www.asbet.org/en/sports/pre-match/event-view/Soccer/Peru/1974/liga/27538790/utc-cajamarca-alianza-lima",
                "both_noscore_odd": 1.77,
                "both_score_odd": 1.93,
                "over_3.5_odd": 3.3,
                "under_3.5_odd": 1.28,
                "over_3.0_odd": 2.7,
                "under_3.0_odd": 1.4,
                "over_2.0_odd": 1.49,
                "under_2.0_odd": 2.44,
                "over_1.5_odd": 1.31,
                "under_1.5_odd": 3.15,
                "home_handicap_1.75_odd": 1.28,
                "away_handicap_-1.75_odd": 3.3,
                "home_handicap_1.25_odd": 1.49,
                "away_handicap_-1.25_odd": 2.44,
                "home_handicap_0.25_odd": 2.65,
                "away_handicap_-0.25_odd": 1.42,
                "home_handicap_1.5_odd": 1.39,
                "away_handicap_-1.5_odd": 2.75,
                "home_handicap_1.0_odd": 1.65,
                "away_handicap_-1.0_odd": 2.1,
                "home_handicap_0.5_odd": 2.2,
                "away_handicap_-0.5_odd": 1.6,
                "12_odd": 1.27,
                "X2_odd": 1.15,
                "1X_odd": 2.15,
                "draw_odd": 3.47,
                "2_odd": 1.58,
                "1_odd": 5.0,
                "away_handicap_-0.75_odd": 1.76,
                "home_handicap_0.75_odd": 1.94,
                "over_2.5_odd": 1.94,
                "under_2.5_odd": 1.76
            },
            {
                "match_id": 27538791,
                "date": "12/07/2025",
                "time": "21:30",
                "home_team": "Alianza Atletico Sullana",
                "away_team": "Sport Boys Association",
                "match_url": "https://www.asbet.org/en/sports/pre-match/event-view/Soccer/Peru/1974/liga/27538791/alianza-atletico-sullana-sport-boys-association",
                "both_noscore_odd": 1.91,
                "both_score_odd": 1.79,
                "away_handicap_1.75_odd": 1.29,
                "home_handicap_-1.75_odd": 3.25,
                "X2_odd": 2.15,
                "12_odd": 1.27,
                "1X_odd": 1.15,
                "over_3.0_odd": 2.39,
                "under_3.0_odd": 1.51,
                "under_2.0_odd": 2.75,
                "over_2.0_odd": 1.39,
                "under_3.5_odd": 1.34,
                "over_3.5_odd": 3.0,
                "under_1.5_odd": 3.47,
                "over_1.5_odd": 1.26,
                "away_handicap_1.25_odd": 1.49,
                "home_handicap_-1.25_odd": 2.44,
                "away_handicap_0.25_odd": 2.65,
                "home_handicap_-0.25_odd": 1.42,
                "away_handicap_1.5_odd": 1.39,
                "home_handicap_-1.5_odd": 2.75,
                "away_handicap_1.0_odd": 1.65,
                "home_handicap_-1.0_odd": 2.1,
                "away_handicap_0.5_odd": 2.2,
                "home_handicap_-0.5_odd": 1.6,
                "under_2.5_odd": 1.9,
                "over_2.5_odd": 1.8,
                "away_handicap_0.75_odd": 1.94,
                "home_handicap_-0.75_odd": 1.76,
                "2_odd": 5.0,
                "1_odd": 1.58,
                "draw_odd": 3.47
            },
            {
                "match_id": 27538792,
                "date": "12/07/2025",
                "time": "21:00",
                "home_team": "Universitario De Deportes",
                "away_team": "CD Los Chankas",
                "match_url": "https://www.asbet.org/en/sports/pre-match/event-view/Soccer/Peru/1974/liga/27538792/universitario-de-deportes-cd-los-chankas",
                "away_handicap_2.25_odd": 1.78,
                "home_handicap_-2.25_odd": 1.92,
                "both_noscore_odd": 1.38,
                "both_score_odd": 2.8,
                "under_4.0_odd": 1.28,
                "over_4.0_odd": 3.3,
                "away_handicap_3.25_odd": 1.29,
                "home_handicap_-3.25_odd": 3.25,
                "away_handicap_1.25_odd": 3.25,
                "home_handicap_-1.25_odd": 1.29,
                "X2_odd": 5.7,
                "1X_odd": 1.02,
                "12_odd": 1.07,
                "over_2.5_odd": 1.53,
                "under_2.5_odd": 2.35,
                "over_3.5_odd": 2.35,
                "under_3.5_odd": 1.53,
                "home_handicap_-2.75_odd": 2.45,
                "away_handicap_2.75_odd": 1.48,
                "home_handicap_-1.75_odd": 1.51,
                "away_handicap_1.75_odd": 2.39,
                "home_handicap_-3.5_odd": 3.65,
                "away_handicap_3.5_odd": 1.24,
                "home_handicap_-3.0_odd": 3.05,
                "away_handicap_3.0_odd": 1.33,
                "home_handicap_-2.5_odd": 2.15,
                "away_handicap_2.5_odd": 1.62,
                "home_handicap_-2.0_odd": 1.66,
                "away_handicap_2.0_odd": 2.08,
                "home_handicap_-1.5_odd": 1.42,
                "away_handicap_1.5_odd": 2.65,
                "over_3.0_odd": 1.86,
                "under_3.0_odd": 1.84,
                "draw_odd": 6.9,
                "2_odd": 14.0,
                "1_odd": 1.11
            },
            {
                "match_id": 27540455,
                "date": "12/07/2025",
                "time": "17:30",
                "home_team": "EM Deportivo Binacional",
                "away_team": "FBC Melgar",
                "match_url": "https://www.asbet.org/en/sports/pre-match/event-view/Soccer/Peru/1974/liga/27540455/em-deportivo-binacional-fbc-melgar",
                "both_score_odd": 1.77,
                "both_noscore_odd": 1.93,
                "under_3.5_odd": 1.28,
                "over_3.5_odd": 3.3,
                "under_3.0_odd": 1.4,
                "over_3.0_odd": 2.7,
                "under_2.0_odd": 2.44,
                "over_2.0_odd": 1.49,
                "under_1.5_odd": 3.15,
                "over_1.5_odd": 1.31,
                "home_handicap_-0.25_odd": 2.85,
                "away_handicap_0.25_odd": 1.37,
                "home_handicap_-0.5_odd": 3.2,
                "away_handicap_0.5_odd": 1.3,
                "home_handicap_1.25_odd": 1.26,
                "away_handicap_-1.25_odd": 3.47,
                "home_handicap_0.75_odd": 1.52,
                "away_handicap_-0.75_odd": 2.37,
                "home_handicap_1.0_odd": 1.32,
                "away_handicap_-1.0_odd": 3.1,
                "home_handicap_0.5_odd": 1.71,
                "away_handicap_-0.5_odd": 2.01,
                "home_handicap_0.0_odd": 2.44,
                "away_handicap_0.0_odd": 1.49,
                "X2_odd": 1.29,
                "12_odd": 1.31,
                "1X_odd": 1.69,
                "away_handicap_-0.25_odd": 1.76,
                "home_handicap_0.25_odd": 1.94,
                "under_2.5_odd": 1.76,
                "over_2.5_odd": 1.94,
                "2_odd": 2.0,
                "1_odd": 3.28,
                "draw_odd": 3.18
            },
            {
                "match_id": 27540784,
                "date": "13/07/2025",
                "time": "17:00",
                "home_team": "Sporting Cristal",
                "away_team": "Atletico Grau",
                "match_url": "https://www.asbet.org/en/sports/pre-match/event-view/Soccer/Peru/1974/liga/27540784/sporting-cristal-atletico-grau",
                "both_noscore_odd": 1.95,
                "both_score_odd": 1.75,
                "over_2.0_odd": 1.29,
                "under_2.0_odd": 3.25,
                "12_odd": 1.21,
                "X2_odd": 2.48,
                "1X_odd": 1.13,
                "away_handicap_0.5_odd": 2.45,
                "home_handicap_-0.5_odd": 1.48,
                "home_handicap_-1.75_odd": 2.68,
                "away_handicap_1.75_odd": 1.41,
                "home_handicap_-1.5_odd": 2.3,
                "away_handicap_1.5_odd": 1.55,
                "home_handicap_-0.25_odd": 1.33,
                "away_handicap_0.25_odd": 3.05,
                "home_handicap_-0.75_odd": 1.6,
                "away_handicap_0.75_odd": 2.2,
                "away_handicap_2.0_odd": 1.27,
                "home_handicap_-2.0_odd": 3.4,
                "away_handicap_1.0_odd": 1.94,
                "home_handicap_-1.0_odd": 1.76,
                "away_handicap_1.25_odd": 1.69,
                "home_handicap_-1.25_odd": 2.04,
                "under_3.5_odd": 1.45,
                "over_3.5_odd": 2.55,
                "over_3.0_odd": 2.04,
                "under_3.0_odd": 1.69,
                "over_2.5_odd": 1.63,
                "under_2.5_odd": 2.13,
                "2_odd": 5.4,
                "1_odd": 1.46,
                "draw_odd": 3.99
            },
            {
                "match_id": 27541536,
                "date": "13/07/2025",
                "time": "19:15",
                "home_team": "Ayacucho FC",
                "away_team": "Cienciano del Cusco",
                "match_url": "https://www.asbet.org/en/sports/pre-match/event-view/Soccer/Peru/1974/liga/27541536/ayacucho-fc-cienciano-del-cusco",
                "both_score_odd": 1.72,
                "both_noscore_odd": 2.0,
                "under_3.5_odd": 1.31,
                "over_3.5_odd": 3.15,
                "under_3.0_odd": 1.45,
                "over_3.0_odd": 2.55,
                "under_2.0_odd": 2.59,
                "over_2.0_odd": 1.44,
                "away_handicap_0.25_odd": 1.41,
                "home_handicap_-0.25_odd": 2.68,
                "away_handicap_-1.25_odd": 3.47,
                "home_handicap_1.25_odd": 1.26,
                "away_handicap_-0.75_odd": 2.4,
                "home_handicap_0.75_odd": 1.5,
                "away_handicap_-0.25_odd": 1.79,
                "home_handicap_0.25_odd": 1.91,
                "away_handicap_-1.0_odd": 3.15,
                "home_handicap_1.0_odd": 1.31,
                "away_handicap_0.0_odd": 1.54,
                "home_handicap_0.0_odd": 2.33,
                "X2_odd": 1.33,
                "1X_odd": 1.68,
                "12_odd": 1.3,
                "away_handicap_-0.5_odd": 2.05,
                "home_handicap_0.5_odd": 1.68,
                "under_2.5_odd": 1.82,
                "over_2.5_odd": 1.88,
                "2_odd": 2.05,
                "1_odd": 3.09,
                "draw_odd": 3.25,
                "under_1.5_odd": 3.3,
                "over_1.5_odd": 1.28,
                "home_handicap_-0.5_odd": 3.05,
                "away_handicap_0.5_odd": 1.33
            },
            {
                "match_id": 27544331,
                "date": "13/07/2025",
                "time": "21:30",
                "home_team": "Juan Pablo II",
                "away_team": "Alianza Universidad",
                "match_url": "https://www.asbet.org/en/sports/pre-match/event-view/Soccer/Peru/1974/liga/27544331/juan-pablo-ii-alianza-universidad",
                "both_noscore_odd": 2.17,
                "both_score_odd": 1.61,
                "12_odd": 1.28,
                "X2_odd": 1.85,
                "1X_odd": 1.25,
                "home_handicap_-1.25_odd": 2.87,
                "away_handicap_1.25_odd": 1.36,
                "home_handicap_-0.25_odd": 1.6,
                "away_handicap_0.25_odd": 2.2,
                "home_handicap_-1.5_odd": 3.25,
                "away_handicap_1.5_odd": 1.29,
                "home_handicap_-1.0_odd": 2.52,
                "away_handicap_1.0_odd": 1.46,
                "home_handicap_0.0_odd": 1.38,
                "away_handicap_0.0_odd": 2.8,
                "away_handicap_-0.25_odd": 3.2,
                "home_handicap_0.25_odd": 1.3,
                "away_handicap_0.75_odd": 1.67,
                "home_handicap_-0.75_odd": 2.07,
                "away_handicap_0.5_odd": 1.89,
                "home_handicap_-0.5_odd": 1.81,
                "over_3.5_odd": 2.68,
                "under_3.5_odd": 1.41,
                "over_3.0_odd": 2.13,
                "under_3.0_odd": 1.63,
                "over_2.5_odd": 1.68,
                "under_2.5_odd": 2.05,
                "over_2.0_odd": 1.31,
                "under_2.0_odd": 3.15,
                "away_handicap_-0.5_odd": 3.57,
                "home_handicap_0.5_odd": 1.25,
                "2_odd": 3.68,
                "1_odd": 1.8,
                "draw_odd": 3.41
            },
            {
                "match_id": 27533070,
                "date": "11/07/2025",
                "time": "21:00",
                "home_team": "ADT Tarma",
                "away_team": "CD Comerciantes Unidos",
                "match_url": "https://www.asbet.org/en/sports/pre-match/event-view/Soccer/Peru/1974/liga/27533070/adt-tarma-cd-comerciantes-unidos",
                "both_noscore_odd": 1.77,
                "both_score_odd": 1.93,
                "under_3.5_odd": 1.47,
                "over_3.5_odd": 2.5,
                "under_3.0_odd": 1.72,
                "over_3.0_odd": 2.0,
                "under_2.0_odd": 3.4,
                "over_2.0_odd": 1.27,
                "away_handicap_2.25_odd": 1.36,
                "home_handicap_-2.25_odd": 2.87,
                "away_handicap_1.75_odd": 1.6,
                "home_handicap_-1.75_odd": 2.2,
                "away_handicap_1.25_odd": 1.97,
                "home_handicap_-1.25_odd": 1.73,
                "away_handicap_0.75_odd": 2.62,
                "home_handicap_-0.75_odd": 1.43,
                "away_handicap_0.25_odd": 3.65,
                "home_handicap_-0.25_odd": 1.24,
                "away_handicap_2.5_odd": 1.3,
                "home_handicap_-2.5_odd": 3.2,
                "away_handicap_2.0_odd": 1.43,
                "home_handicap_-2.0_odd": 2.62,
                "away_handicap_1.0_odd": 2.35,
                "home_handicap_-1.0_odd": 1.53,
                "away_handicap_0.5_odd": 2.87,
                "home_handicap_-0.5_odd": 1.36,
                "X2_odd": 2.86,
                "1X_odd": 1.1,
                "12_odd": 1.17,
                "under_2.5_odd": 2.17,
                "over_2.5_odd": 1.61,
                "2_odd": 6.6,
                "1_odd": 1.34,
                "draw_odd": 4.5,
                "home_handicap_-1.5_odd": 1.9,
                "away_handicap_1.5_odd": 1.8
            },
            {
                "match_id": 27538291,
                "date": "14/07/2025",
                "time": "00:30",
                "home_team": "Cusco FC",
                "away_team": "CD Sport Huancayo",
                "match_url": "https://www.asbet.org/en/sports/pre-match/event-view/Soccer/Peru/1974/liga/27538291/cusco-fc-cd-sport-huancayo",
                "both_noscore_odd": 2.1,
                "both_score_odd": 1.65,
                "over_1.5_odd": 1.24,
                "under_1.5_odd": 3.65,
                "12_odd": 1.31,
                "X2_odd": 1.92,
                "1X_odd": 1.19,
                "away_handicap_1.25_odd": 1.36,
                "home_handicap_-1.25_odd": 2.87,
                "home_handicap_-1.5_odd": 3.25,
                "away_handicap_1.5_odd": 1.29,
                "home_handicap_-1.0_odd": 2.5,
                "away_handicap_1.0_odd": 1.47,
                "home_handicap_-0.5_odd": 1.75,
                "away_handicap_0.5_odd": 1.95,
                "home_handicap_0.0_odd": 1.31,
                "away_handicap_0.0_odd": 3.15,
                "home_handicap_-0.75_odd": 2.01,
                "away_handicap_0.75_odd": 1.71,
                "over_3.5_odd": 2.85,
                "under_3.5_odd": 1.37,
                "over_3.0_odd": 2.3,
                "under_3.0_odd": 1.55,
                "over_2.5_odd": 1.75,
                "under_2.5_odd": 1.95,
                "over_2.0_odd": 1.36,
                "under_2.0_odd": 2.87,
                "away_handicap_0.25_odd": 2.33,
                "home_handicap_-0.25_odd": 1.54,
                "2_odd": 4.33,
                "1_odd": 1.74,
                "draw_odd": 3.18,
                "away_handicap_-0.25_odd": 3.65,
                "home_handicap_0.25_odd": 1.24
            }
        ]
    }
]