[
    {
        "tournament_name": "Super Cup",
        "tournament_id": 1976,
        "matches": [
            {
                "match_id": 27472266,
                "date": "13/07/2025",
                "time": "17:00",
                "home_team": "KKS Lech Poznan",
                "away_team": "Legia Warsaw",
                "match_url": "https://www.asbet.org/en/sports/pre-match/event-view/Soccer/Poland/1976/super-cup/27472266/kks-lech-poznan-legia-warsaw",
                "both_score_odd": 1.77,
                "both_noscore_odd": 1.93,
                "home_handicap_-1.25_odd": 3.4,
                "away_handicap_1.25_odd": 1.27,
                "12_odd": 1.31,
                "X2_odd": 1.72,
                "1X_odd": 1.28,
                "home_handicap_0.25_odd": 1.35,
                "away_handicap_-0.25_odd": 2.95,
                "home_handicap_-0.75_odd": 2.35,
                "away_handicap_0.75_odd": 1.53,
                "over_1.5_odd": 1.3,
                "under_1.5_odd": 3.2,
                "over_3.5_odd": 3.3,
                "under_3.5_odd": 1.28,
                "home_handicap_0.0_odd": 1.47,
                "away_handicap_0.0_odd": 2.5,
                "home_handicap_0.5_odd": 1.28,
                "away_handicap_-0.5_odd": 3.3,
                "over_2.5_odd": 1.94,
                "under_2.5_odd": 1.76,
                "under_2.0_odd": 2.44,
                "over_2.0_odd": 1.49,
                "away_handicap_1.5_odd": 1.22,
                "home_handicap_-1.5_odd": 3.83,
                "away_handicap_1.0_odd": 1.34,
                "home_handicap_-1.0_odd": 3.0,
                "under_3.0_odd": 1.4,
                "over_3.0_odd": 2.7,
                "away_handicap_0.5_odd": 1.73,
                "home_handicap_-0.5_odd": 1.97,
                "2_odd": 3.39,
                "1_odd": 1.97,
                "draw_odd": 3.15,
                "home_handicap_-0.25_odd": 1.73,
                "away_handicap_0.25_odd": 1.97
            }
        ]
    },
    {
        "tournament_name": "Ekstraklasa",
        "tournament_id": 1978,
        "matches": [
            {
                "match_id": 27517588,
                "date": "19/07/2025",
                "time": "13:45",
                "home_team": "Widzew Lodz",
                "away_team": "Zaglebie Lubin",
                "match_url": "https://www.asbet.org/en/sports/pre-match/event-view/Soccer/Poland/1978/ekstraklasa/27517588/widzew-lodz-zaglebie-lubin",
                "both_noscore_odd": 1.9,
                "both_score_odd": 1.8,
                "away_handicap_-0.25_odd": 3.4,
                "home_handicap_0.25_odd": 1.27,
                "X2_odd": 1.92,
                "12_odd": 1.29,
                "1X_odd": 1.2,
                "over_3.0_odd": 2.62,
                "under_3.0_odd": 1.43,
                "away_handicap_1.75_odd": 1.21,
                "home_handicap_-1.75_odd": 3.9,
                "home_handicap_0.5_odd": 1.22,
                "away_handicap_-0.5_odd": 3.83,
                "under_2.0_odd": 2.52,
                "over_2.0_odd": 1.46,
                "home_handicap_-1.0_odd": 2.5,
                "away_handicap_1.0_odd": 1.47,
                "over_3.5_odd": 3.25,
                "under_3.5_odd": 1.29,
                "home_handicap_-1.25_odd": 2.85,
                "away_handicap_1.25_odd": 1.37,
                "home_handicap_-0.75_odd": 2.02,
                "away_handicap_0.75_odd": 1.7,
                "home_handicap_-1.5_odd": 3.2,
                "away_handicap_1.5_odd": 1.3,
                "home_handicap_0.0_odd": 1.34,
                "away_handicap_0.0_odd": 3.0,
                "away_handicap_0.5_odd": 1.94,
                "home_handicap_-0.5_odd": 1.76,
                "home_handicap_-0.25_odd": 1.56,
                "away_handicap_0.25_odd": 2.27,
                "over_1.5_odd": 1.29,
                "under_1.5_odd": 3.25,
                "over_2.5_odd": 1.9,
                "under_2.5_odd": 1.8,
                "2_odd": 4.0,
                "draw_odd": 3.31,
                "1_odd": 1.76
            },
            {
                "match_id": 27517590,
                "date": "20/07/2025",
                "time": "16:30",
                "home_team": "LKP Motor Lublin",
                "away_team": "Arka Gdynia",
                "match_url": "https://www.asbet.org/en/sports/pre-match/event-view/Soccer/Poland/1978/ekstraklasa/27517590/lkp-motor-lublin-arka-gdynia",
                "both_noscore_odd": 2.21,
                "both_score_odd": 1.59,
                "home_handicap_0.25_odd": 1.32,
                "away_handicap_-0.25_odd": 3.1,
                "12_odd": 1.3,
                "X2_odd": 1.77,
                "1X_odd": 1.26,
                "away_handicap_-0.5_odd": 3.47,
                "home_handicap_0.5_odd": 1.26,
                "away_handicap_1.5_odd": 1.26,
                "home_handicap_-1.5_odd": 3.47,
                "home_handicap_-1.0_odd": 2.75,
                "away_handicap_1.0_odd": 1.39,
                "over_2.0_odd": 1.33,
                "under_2.0_odd": 3.05,
                "over_2.5_odd": 1.7,
                "under_2.5_odd": 2.02,
                "over_1.5_odd": 1.22,
                "under_1.5_odd": 3.83,
                "home_handicap_-0.75_odd": 2.21,
                "away_handicap_0.75_odd": 1.59,
                "over_3.5_odd": 2.7,
                "under_3.5_odd": 1.4,
                "over_3.0_odd": 2.17,
                "under_3.0_odd": 1.61,
                "home_handicap_-1.25_odd": 3.15,
                "away_handicap_1.25_odd": 1.31,
                "home_handicap_-0.25_odd": 1.67,
                "away_handicap_0.25_odd": 2.07,
                "away_handicap_0.0_odd": 2.62,
                "home_handicap_0.0_odd": 1.43,
                "draw_odd": 3.23,
                "2_odd": 3.55,
                "1_odd": 1.89,
                "away_handicap_0.5_odd": 1.84,
                "home_handicap_-0.5_odd": 1.86
            },
            {
                "match_id": 27517591,
                "date": "20/07/2025",
                "time": "13:45",
                "home_team": "Gornik Zabrze",
                "away_team": "Lechia Gdansk",
                "match_url": "https://www.asbet.org/en/sports/pre-match/event-view/Soccer/Poland/1978/ekstraklasa/27517591/gornik-zabrze-lechia-gdansk",
                "both_noscore_odd": 1.97,
                "both_score_odd": 1.73,
                "home_handicap_-1.75_odd": 3.47,
                "away_handicap_1.75_odd": 1.26,
                "home_handicap_0.25_odd": 1.25,
                "away_handicap_-0.25_odd": 3.57,
                "X2_odd": 2.0,
                "12_odd": 1.25,
                "1X_odd": 1.21,
                "away_handicap_1.0_odd": 1.57,
                "home_handicap_-1.0_odd": 2.25,
                "under_1.5_odd": 3.65,
                "over_1.5_odd": 1.24,
                "under_3.5_odd": 1.37,
                "over_3.5_odd": 2.85,
                "over_3.0_odd": 2.3,
                "under_3.0_odd": 1.55,
                "over_2.5_odd": 1.75,
                "under_2.5_odd": 1.95,
                "over_2.0_odd": 1.36,
                "under_2.0_odd": 2.87,
                "home_handicap_-0.5_odd": 1.7,
                "away_handicap_0.5_odd": 2.02,
                "home_handicap_0.0_odd": 1.31,
                "away_handicap_0.0_odd": 3.15,
                "home_handicap_-1.25_odd": 2.55,
                "away_handicap_1.25_odd": 1.45,
                "home_handicap_-0.25_odd": 1.51,
                "away_handicap_0.25_odd": 2.39,
                "home_handicap_-1.5_odd": 2.85,
                "away_handicap_1.5_odd": 1.37,
                "home_handicap_0.5_odd": 1.21,
                "away_handicap_-0.5_odd": 3.9,
                "2_odd": 4.1,
                "1_odd": 1.68,
                "draw_odd": 3.59,
                "away_handicap_0.75_odd": 1.83,
                "home_handicap_-0.75_odd": 1.87
            },
            {
                "match_id": 27517593,
                "date": "19/07/2025",
                "time": "16:30",
                "home_team": "Wisla Plock",
                "away_team": "Korona Kielce",
                "match_url": "https://www.asbet.org/en/sports/pre-match/event-view/Soccer/Poland/1978/ekstraklasa/27517593/wisla-plock-korona-kielce",
                "both_noscore_odd": 2.08,
                "both_score_odd": 1.66,
                "X2_odd": 1.47,
                "12_odd": 1.33,
                "1X_odd": 1.43,
                "under_3.0_odd": 1.47,
                "over_3.0_odd": 2.5,
                "away_handicap_-0.75_odd": 3.15,
                "home_handicap_0.75_odd": 1.31,
                "over_3.5_odd": 3.1,
                "under_3.5_odd": 1.32,
                "over_2.0_odd": 1.42,
                "under_2.0_odd": 2.65,
                "over_1.5_odd": 1.27,
                "under_1.5_odd": 3.4,
                "home_handicap_-0.75_odd": 3.0,
                "away_handicap_0.75_odd": 1.34,
                "over_2.5_odd": 1.85,
                "under_2.5_odd": 1.85,
                "away_handicap_0.5_odd": 1.49,
                "home_handicap_-0.5_odd": 2.44,
                "away_handicap_-0.25_odd": 2.25,
                "home_handicap_0.25_odd": 1.57,
                "home_handicap_-0.25_odd": 2.13,
                "away_handicap_0.25_odd": 1.63,
                "home_handicap_0.5_odd": 1.45,
                "away_handicap_-0.5_odd": 2.55,
                "2_odd": 2.58,
                "1_odd": 2.45,
                "draw_odd": 3.09,
                "away_handicap_0.0_odd": 1.87,
                "home_handicap_0.0_odd": 1.83
            },
            {
                "match_id": 27517594,
                "date": "21/07/2025",
                "time": "18:00",
                "home_team": "RKS Radomiak Radom",
                "away_team": "Pogon Szczecin",
                "match_url": "https://www.asbet.org/en/sports/pre-match/event-view/Soccer/Poland/1978/ekstraklasa/27517594/rks-radomiak-radom-pogon-szczecin",
                "home_handicap_0.25_odd": 1.76,
                "away_handicap_-0.25_odd": 1.94,
                "1_odd": 2.88,
                "draw_odd": 3.14,
                "2_odd": 2.2,
                "home_handicap_-0.25_odd": 2.5,
                "away_handicap_0.25_odd": 1.47,
                "home_handicap_0.0_odd": 2.13,
                "away_handicap_0.0_odd": 1.63,
                "over_3.0_odd": 2.2,
                "under_3.0_odd": 1.6,
                "over_2.5_odd": 1.71,
                "under_2.5_odd": 2.01,
                "over_1.5_odd": 1.22,
                "under_1.5_odd": 3.83,
                "both_score_odd": 1.57,
                "both_noscore_odd": 2.25,
                "over_3.5_odd": 2.7,
                "under_3.5_odd": 1.4,
                "over_2.0_odd": 1.33,
                "under_2.0_odd": 3.05,
                "home_handicap_-0.75_odd": 3.47,
                "away_handicap_0.75_odd": 1.26,
                "home_handicap_-0.5_odd": 2.85,
                "away_handicap_0.5_odd": 1.37,
                "home_handicap_1.25_odd": 1.21,
                "away_handicap_-1.25_odd": 3.9,
                "home_handicap_0.75_odd": 1.42,
                "away_handicap_-0.75_odd": 2.65,
                "home_handicap_1.0_odd": 1.25,
                "away_handicap_-1.0_odd": 3.57,
                "home_handicap_0.5_odd": 1.59,
                "away_handicap_-0.5_odd": 2.21,
                "1X_odd": 1.58,
                "12_odd": 1.32,
                "X2_odd": 1.36
            },
            {
                "match_id": 27517589,
                "date": "18/07/2025",
                "time": "19:30",
                "home_team": "KKS Lech Poznan",
                "away_team": "KS Cracovia",
                "match_url": "https://www.asbet.org/en/sports/pre-match/event-view/Soccer/Poland/1978/ekstraklasa/27517589/kks-lech-poznan-ks-cracovia",
                "1_odd": 1.5,
                "draw_odd": 3.75,
                "2_odd": 5.3
            }
        ]
    },
    {
        "tournament_name": "Ekstraklasa. Outright",
        "tournament_id": 21914,
        "matches": []
    },
    {
        "tournament_name": "I Liga",
        "tournament_id": 1979,
        "matches": [
            {
                "match_id": 27532291,
                "date": "18/07/2025",
                "time": "21:30",
                "home_team": "LKS Lodz",
                "away_team": "MKS Znicz Pruszkow",
                "match_url": "https://www.asbet.org/en/sports/pre-match/event-view/Soccer/Poland/1979/i-liga/27532291/lks-lodz-mks-znicz-pruszkow",
                "both_score_odd": 1.84,
                "both_noscore_odd": 1.86,
                "home_handicap_-1.75_odd": 3.15,
                "away_handicap_1.75_odd": 1.31,
                "home_handicap_0.25_odd": 1.21,
                "away_handicap_-0.25_odd": 3.9,
                "1X_odd": 1.18,
                "12_odd": 1.24,
                "X2_odd": 2.15,
                "over_3.5_odd": 3.0,
                "under_3.5_odd": 1.34,
                "over_3.0_odd": 2.39,
                "under_3.0_odd": 1.51,
                "over_2.0_odd": 1.39,
                "under_2.0_odd": 2.75,
                "over_1.5_odd": 1.26,
                "under_1.5_odd": 3.47,
                "over_2.5_odd": 1.8,
                "under_2.5_odd": 1.9,
                "home_handicap_0.0_odd": 1.26,
                "away_handicap_0.0_odd": 3.47,
                "home_handicap_-1.25_odd": 2.35,
                "away_handicap_1.25_odd": 1.53,
                "home_handicap_-0.25_odd": 1.44,
                "away_handicap_0.25_odd": 2.59,
                "home_handicap_-1.5_odd": 2.62,
                "away_handicap_1.5_odd": 1.43,
                "home_handicap_-1.0_odd": 2.04,
                "away_handicap_1.0_odd": 1.69,
                "home_handicap_-0.5_odd": 1.61,
                "away_handicap_0.5_odd": 2.17,
                "1_odd": 1.58,
                "draw_odd": 3.74,
                "2_odd": 4.5,
                "home_handicap_-0.75_odd": 1.76,
                "away_handicap_0.75_odd": 1.94
            },
            {
                "match_id": 27530516,
                "date": "18/07/2025",
                "time": "19:00",
                "home_team": "Slask Wroclaw",
                "away_team": "KS Wieczysta Krakow",
                "match_url": "https://www.asbet.org/en/sports/pre-match/event-view/Soccer/Poland/1979/i-liga/27530516/slask-wroclaw-ks-wieczysta-krakow",
                "both_score_odd": 1.61,
                "both_noscore_odd": 2.17,
                "home_handicap_-1.25_odd": 3.4,
                "away_handicap_1.25_odd": 1.27,
                "1X_odd": 1.27,
                "12_odd": 1.31,
                "X2_odd": 1.72,
                "over_3.5_odd": 2.85,
                "under_3.5_odd": 1.37,
                "over_3.0_odd": 2.3,
                "under_3.0_odd": 1.55,
                "over_2.5_odd": 1.75,
                "under_2.5_odd": 1.95,
                "over_2.0_odd": 1.36,
                "under_2.0_odd": 2.87,
                "over_1.5_odd": 1.24,
                "under_1.5_odd": 3.65,
                "home_handicap_-0.75_odd": 2.3,
                "away_handicap_0.75_odd": 1.55,
                "home_handicap_-1.5_odd": 3.83,
                "away_handicap_1.5_odd": 1.22,
                "home_handicap_-1.0_odd": 3.0,
                "away_handicap_1.0_odd": 1.34,
                "home_handicap_0.0_odd": 1.45,
                "away_handicap_0.0_odd": 2.55,
                "home_handicap_0.25_odd": 1.34,
                "away_handicap_-0.25_odd": 3.0,
                "home_handicap_0.5_odd": 1.27,
                "away_handicap_-0.5_odd": 3.4,
                "home_handicap_-0.5_odd": 1.94,
                "away_handicap_0.5_odd": 1.76,
                "home_handicap_-0.25_odd": 1.71,
                "away_handicap_0.25_odd": 2.01,
                "1_odd": 1.95,
                "draw_odd": 3.14,
                "2_odd": 3.47
            },
            {
                "match_id": 27535457,
                "date": "19/07/2025",
                "time": "15:30",
                "home_team": "Pogon Grodzisk Mazowiecki",
                "away_team": "Stal Rzeszow",
                "match_url": "https://www.asbet.org/en/sports/pre-match/event-view/Soccer/Poland/1979/i-liga/27535457/pogon-grodzisk-mazowiecki-stal-rzeszow",
                "both_score_odd": 1.61,
                "both_noscore_odd": 2.17,
                "home_handicap_-0.75_odd": 3.65,
                "away_handicap_0.75_odd": 1.24,
                "home_handicap_1.25_odd": 1.2,
                "away_handicap_-1.25_odd": 4.05,
                "1X_odd": 1.56,
                "12_odd": 1.33,
                "X2_odd": 1.36,
                "home_handicap_-0.25_odd": 2.5,
                "away_handicap_0.25_odd": 1.47,
                "home_handicap_-0.5_odd": 2.87,
                "away_handicap_0.5_odd": 1.36,
                "home_handicap_0.0_odd": 2.12,
                "away_handicap_0.0_odd": 1.64,
                "home_handicap_0.75_odd": 1.42,
                "away_handicap_-0.75_odd": 2.65,
                "home_handicap_1.0_odd": 1.25,
                "away_handicap_-1.0_odd": 3.57,
                "home_handicap_0.5_odd": 1.58,
                "away_handicap_-0.5_odd": 2.23,
                "home_handicap_0.25_odd": 1.79,
                "away_handicap_-0.25_odd": 1.91,
                "over_3.5_odd": 3.0,
                "under_3.5_odd": 1.34,
                "over_3.0_odd": 2.39,
                "under_3.0_odd": 1.51,
                "over_2.0_odd": 1.39,
                "under_2.0_odd": 2.75,
                "over_1.5_odd": 1.26,
                "under_1.5_odd": 3.47,
                "over_2.5_odd": 1.8,
                "under_2.5_odd": 1.9,
                "1_odd": 2.9,
                "draw_odd": 3.06,
                "2_odd": 2.23
            },
            {
                "match_id": 27517612,
                "date": "19/07/2025",
                "time": "18:35",
                "home_team": "GKS Tychy",
                "away_team": "MKS Miedz Legnica",
                "match_url": "https://www.asbet.org/en/sports/pre-match/event-view/Soccer/Poland/1979/i-liga/27517612/gks-tychy-mks-miedz-legnica",
                "both_score_odd": 1.69,
                "both_noscore_odd": 2.04,
                "home_handicap_-1.25_odd": 4.05,
                "away_handicap_1.25_odd": 1.2,
                "home_handicap_0.75_odd": 1.26,
                "away_handicap_-0.75_odd": 3.47,
                "1X_odd": 1.38,
                "12_odd": 1.33,
                "X2_odd": 1.53,
                "home_handicap_-0.75_odd": 2.75,
                "away_handicap_0.75_odd": 1.39,
                "home_handicap_-1.0_odd": 3.57,
                "away_handicap_1.0_odd": 1.25,
                "home_handicap_-0.5_odd": 2.33,
                "away_handicap_0.5_odd": 1.54,
                "home_handicap_0.0_odd": 1.69,
                "away_handicap_0.0_odd": 2.04,
                "home_handicap_0.5_odd": 1.39,
                "away_handicap_-0.5_odd": 2.75,
                "home_handicap_0.25_odd": 1.5,
                "away_handicap_-0.25_odd": 2.4,
                "home_handicap_-0.25_odd": 1.91,
                "away_handicap_0.25_odd": 1.79,
                "over_3.5_odd": 3.25,
                "under_3.5_odd": 1.29,
                "over_3.0_odd": 2.62,
                "under_3.0_odd": 1.43,
                "over_2.0_odd": 1.46,
                "under_2.0_odd": 2.52,
                "over_1.5_odd": 1.29,
                "under_1.5_odd": 3.25,
                "over_2.5_odd": 1.9,
                "under_2.5_odd": 1.8,
                "1_odd": 2.3,
                "draw_odd": 3.06,
                "2_odd": 2.79
            },
            {
                "match_id": 27517614,
                "date": "20/07/2025",
                "time": "16:00",
                "home_team": "Pogon Siedlce",
                "away_team": "KSP Polonia Warszawa",
                "match_url": "https://www.asbet.org/en/sports/pre-match/event-view/Soccer/Poland/1979/i-liga/27517614/pogon-siedlce-ksp-polonia-warszawa",
                "both_score_odd": 1.74,
                "both_noscore_odd": 1.96,
                "home_handicap_1.25_odd": 1.27,
                "away_handicap_-1.25_odd": 3.4,
                "1X_odd": 1.68,
                "12_odd": 1.31,
                "X2_odd": 1.3,
                "over_3.5_odd": 3.25,
                "under_3.5_odd": 1.29,
                "over_3.0_odd": 2.62,
                "under_3.0_odd": 1.43,
                "over_2.0_odd": 1.46,
                "under_2.0_odd": 2.52,
                "over_1.5_odd": 1.29,
                "under_1.5_odd": 3.25,
                "home_handicap_-0.5_odd": 3.2,
                "away_handicap_0.5_odd": 1.3,
                "home_handicap_0.0_odd": 2.39,
                "away_handicap_0.0_odd": 1.51,
                "home_handicap_0.75_odd": 1.52,
                "away_handicap_-0.75_odd": 2.37,
                "home_handicap_1.5_odd": 1.22,
                "away_handicap_-1.5_odd": 3.83,
                "home_handicap_1.0_odd": 1.33,
                "away_handicap_-1.0_odd": 3.05,
                "over_2.5_odd": 1.9,
                "under_2.5_odd": 1.8,
                "home_handicap_0.5_odd": 1.71,
                "away_handicap_-0.5_odd": 2.01,
                "home_handicap_-0.25_odd": 2.8,
                "away_handicap_0.25_odd": 1.38,
                "1_odd": 3.23,
                "draw_odd": 3.2,
                "2_odd": 2.01,
                "home_handicap_0.25_odd": 1.96,
                "away_handicap_-0.25_odd": 1.74,
                "home_handicap_-0.75_odd": 4.05,
                "away_handicap_0.75_odd": 1.2
            },
            {
                "match_id": 27517610,
                "date": "20/07/2025",
                "time": "16:00",
                "home_team": "Chrobry Glogow",
                "away_team": "Odra Opole",
                "match_url": "https://www.asbet.org/en/sports/pre-match/event-view/Soccer/Poland/1979/i-liga/27517610/chrobry-glogow-odra-opole",
                "both_score_odd": 1.7,
                "both_noscore_odd": 2.02,
                "home_handicap_-1.0_odd": 4.05,
                "away_handicap_1.0_odd": 1.2,
                "1X_odd": 1.42,
                "12_odd": 1.33,
                "X2_odd": 1.49,
                "home_handicap_-0.75_odd": 2.95,
                "away_handicap_0.75_odd": 1.35,
                "home_handicap_-0.25_odd": 2.1,
                "away_handicap_0.25_odd": 1.65,
                "home_handicap_-0.5_odd": 2.4,
                "away_handicap_0.5_odd": 1.5,
                "home_handicap_0.75_odd": 1.29,
                "away_handicap_-0.75_odd": 3.25,
                "home_handicap_0.25_odd": 1.55,
                "away_handicap_-0.25_odd": 2.3,
                "home_handicap_0.5_odd": 1.43,
                "away_handicap_-0.5_odd": 2.62,
                "home_handicap_0.0_odd": 1.76,
                "away_handicap_0.0_odd": 1.94,
                "over_3.5_odd": 3.25,
                "under_3.5_odd": 1.29,
                "over_3.0_odd": 2.62,
                "under_3.0_odd": 1.43,
                "over_2.0_odd": 1.46,
                "under_2.0_odd": 2.52,
                "over_1.5_odd": 1.29,
                "under_1.5_odd": 3.25,
                "over_2.5_odd": 1.9,
                "under_2.5_odd": 1.8,
                "1_odd": 2.4,
                "draw_odd": 3.08,
                "2_odd": 2.64
            },
            {
                "match_id": 27517613,
                "date": "21/07/2025",
                "time": "18:00",
                "home_team": "Puszcza Niepolomice",
                "away_team": "Ruch Chorzow",
                "match_url": "https://www.asbet.org/en/sports/pre-match/event-view/Soccer/Poland/1979/i-liga/27517613/puszcza-niepolomice-ruch-chorzow",
                "both_score_odd": 1.65,
                "both_noscore_odd": 2.1,
                "home_handicap_-1.0_odd": 4.05,
                "away_handicap_1.0_odd": 1.2,
                "1X_odd": 1.44,
                "12_odd": 1.33,
                "X2_odd": 1.47,
                "over_3.5_odd": 3.1,
                "under_3.5_odd": 1.32,
                "over_3.0_odd": 2.5,
                "under_3.0_odd": 1.47,
                "over_2.0_odd": 1.42,
                "under_2.0_odd": 2.65,
                "over_1.5_odd": 1.27,
                "under_1.5_odd": 3.4,
                "home_handicap_-0.75_odd": 3.0,
                "away_handicap_0.75_odd": 1.34,
                "home_handicap_-0.5_odd": 2.45,
                "away_handicap_0.5_odd": 1.48,
                "home_handicap_0.75_odd": 1.31,
                "away_handicap_-0.75_odd": 3.15,
                "home_handicap_0.5_odd": 1.45,
                "away_handicap_-0.5_odd": 2.55,
                "home_handicap_-0.25_odd": 2.15,
                "away_handicap_0.25_odd": 1.62,
                "home_handicap_0.25_odd": 1.58,
                "away_handicap_-0.25_odd": 2.23,
                "over_2.5_odd": 1.85,
                "under_2.5_odd": 1.85,
                "1_odd": 2.47,
                "draw_odd": 3.07,
                "2_odd": 2.56,
                "home_handicap_0.0_odd": 1.78,
                "away_handicap_0.0_odd": 1.92
            },
            {
                "match_id": 27535914,
                "date": "19/07/2025",
                "time": "18:30",
                "home_team": "Gornik Leczna",
                "away_team": "Polonia Bytom",
                "match_url": "https://www.asbet.org/en/sports/pre-match/event-view/Soccer/Poland/1979/i-liga/27535914/gornik-leczna-polonia-bytom",
                "both_score_odd": 1.62,
                "both_noscore_odd": 2.15,
                "1X_odd": 1.43,
                "12_odd": 1.33,
                "X2_odd": 1.48,
                "home_handicap_-0.75_odd": 3.0,
                "away_handicap_0.75_odd": 1.34,
                "home_handicap_-0.5_odd": 2.44,
                "away_handicap_0.5_odd": 1.49,
                "home_handicap_0.75_odd": 1.32,
                "away_handicap_-0.75_odd": 3.1,
                "home_handicap_0.5_odd": 1.44,
                "away_handicap_-0.5_odd": 2.59,
                "home_handicap_-0.25_odd": 2.13,
                "away_handicap_0.25_odd": 1.63,
                "home_handicap_0.25_odd": 1.57,
                "away_handicap_-0.25_odd": 2.25,
                "home_handicap_0.0_odd": 1.83,
                "away_handicap_0.0_odd": 1.87,
                "over_3.5_odd": 3.0,
                "under_3.5_odd": 1.34,
                "over_3.0_odd": 2.39,
                "under_3.0_odd": 1.51,
                "over_2.0_odd": 1.39,
                "under_2.0_odd": 2.75,
                "over_1.5_odd": 1.26,
                "under_1.5_odd": 3.47,
                "over_2.5_odd": 1.8,
                "under_2.5_odd": 1.9,
                "1_odd": 2.44,
                "draw_odd": 3.09,
                "2_odd": 2.59
            }
        ]
    }
]