[
    {
        "tournament_name": "Premier League",
        "tournament_id": 1993,
        "matches": [
            {
                "match_id": 27462059,
                "date": "19/07/2025",
                "time": "16:00",
                "home_team": "Lokomotiv Moscow",
                "away_team": "PFC Sochi",
                "match_url": "https://www.asbet.org/en/sports/pre-match/event-view/Soccer/Russia/1993/premier-league/27462059/lokomotiv-moscow-pfc-sochi",
                "home_handicap_0.25_odd": 1.22,
                "away_handicap_-0.25_odd": 4.0,
                "both_noscore_odd": 2.21,
                "both_score_odd": 1.62,
                "home_handicap_-0.5_odd": 1.63,
                "away_handicap_0.5_odd": 2.18,
                "X2_odd": 2.19,
                "1X_odd": 1.18,
                "12_odd": 1.24,
                "under_4.0_odd": 1.26,
                "over_4.0_odd": 3.6,
                "under_3.5_odd": 1.51,
                "over_3.5_odd": 2.45,
                "under_2.5_odd": 2.26,
                "over_2.5_odd": 1.59,
                "away_handicap_1.75_odd": 1.3,
                "home_handicap_-1.75_odd": 3.3,
                "away_handicap_1.25_odd": 1.53,
                "home_handicap_-1.25_odd": 2.4,
                "away_handicap_0.75_odd": 1.94,
                "home_handicap_-0.75_odd": 1.8,
                "away_handicap_1.5_odd": 1.42,
                "home_handicap_-1.5_odd": 2.73,
                "away_handicap_0.0_odd": 3.55,
                "home_handicap_0.0_odd": 1.27,
                "away_handicap_1.0_odd": 1.7,
                "home_handicap_-1.0_odd": 2.07,
                "under_2.0_odd": 3.6,
                "over_2.0_odd": 1.26,
                "under_3.0_odd": 1.79,
                "over_3.0_odd": 1.95,
                "away_handicap_0.25_odd": 2.62,
                "home_handicap_-0.25_odd": 1.45,
                "2_odd": 4.7,
                "1_odd": 1.62,
                "draw_odd": 3.92
            },
            {
                "match_id": 27462060,
                "date": "19/07/2025",
                "time": "16:00",
                "home_team": "Zenit St. Petersburg",
                "away_team": "FC Rostov",
                "match_url": "https://www.asbet.org/en/sports/pre-match/event-view/Soccer/Russia/1993/premier-league/27462060/zenit-st-petersburg-fc-rostov",
                "both_score_odd": 2.18,
                "both_noscore_odd": 1.63,
                "home_handicap_-0.75_odd": 1.33,
                "away_handicap_0.75_odd": 3.1,
                "home_handicap_-0.5_odd": 1.27,
                "away_handicap_0.5_odd": 3.55,
                "X2_odd": 3.41,
                "1X_odd": 1.06,
                "12_odd": 1.14,
                "home_handicap_-1.0_odd": 1.4,
                "away_handicap_1.0_odd": 2.8,
                "away_handicap_2.75_odd": 1.26,
                "home_handicap_-2.75_odd": 3.6,
                "away_handicap_2.25_odd": 1.44,
                "home_handicap_-2.25_odd": 2.65,
                "away_handicap_1.75_odd": 1.76,
                "home_handicap_-1.75_odd": 1.99,
                "away_handicap_1.25_odd": 2.26,
                "home_handicap_-1.25_odd": 1.59,
                "away_handicap_2.5_odd": 1.37,
                "home_handicap_-2.5_odd": 2.95,
                "away_handicap_1.5_odd": 1.96,
                "home_handicap_-1.5_odd": 1.78,
                "away_handicap_2.0_odd": 1.55,
                "home_handicap_-2.0_odd": 2.35,
                "under_4.0_odd": 1.22,
                "over_4.0_odd": 4.0,
                "under_3.5_odd": 1.44,
                "over_3.5_odd": 2.59,
                "under_2.5_odd": 2.15,
                "over_2.5_odd": 1.65,
                "under_2.0_odd": 3.3,
                "over_2.0_odd": 1.3,
                "over_1.5_odd": 1.21,
                "under_1.5_odd": 4.1,
                "under_3.0_odd": 1.7,
                "over_3.0_odd": 2.07,
                "draw_odd": 5.3,
                "2_odd": 9.3,
                "1_odd": 1.27
            },
            {
                "match_id": 27462062,
                "date": "19/07/2025",
                "time": "16:00",
                "home_team": "Dynamo Moscow",
                "away_team": "FC Baltika Kaliningrad",
                "match_url": "https://www.asbet.org/en/sports/pre-match/event-view/Soccer/Russia/1993/premier-league/27462062/dynamo-moscow-fc-baltika-kaliningrad",
                "both_noscore_odd": 2.21,
                "both_score_odd": 1.62,
                "away_handicap_0.5_odd": 2.25,
                "home_handicap_-0.5_odd": 1.6,
                "12_odd": 1.25,
                "X2_odd": 2.18,
                "1X_odd": 1.16,
                "away_handicap_1.5_odd": 1.41,
                "home_handicap_-1.5_odd": 2.77,
                "home_handicap_0.0_odd": 1.24,
                "away_handicap_0.0_odd": 3.75,
                "under_3.5_odd": 1.49,
                "over_3.5_odd": 2.5,
                "under_2.5_odd": 2.23,
                "over_2.5_odd": 1.61,
                "under_2.0_odd": 3.55,
                "over_2.0_odd": 1.27,
                "away_handicap_1.75_odd": 1.3,
                "home_handicap_-1.75_odd": 3.3,
                "away_handicap_1.25_odd": 1.51,
                "home_handicap_-1.25_odd": 2.45,
                "away_handicap_0.75_odd": 1.96,
                "home_handicap_-0.75_odd": 1.78,
                "away_handicap_1.0_odd": 1.69,
                "home_handicap_-1.0_odd": 2.08,
                "under_4.0_odd": 1.25,
                "over_4.0_odd": 3.7,
                "under_3.0_odd": 1.76,
                "over_3.0_odd": 1.99,
                "away_handicap_0.25_odd": 2.7,
                "home_handicap_-0.25_odd": 1.43,
                "draw_odd": 3.79,
                "2_odd": 5.1,
                "1_odd": 1.6
            },
            {
                "match_id": 27462073,
                "date": "19/07/2025",
                "time": "16:00",
                "home_team": "FC Pari Nizhny Novgorod",
                "away_team": "Krasnodar",
                "match_url": "https://www.asbet.org/en/sports/pre-match/event-view/Soccer/Russia/1993/premier-league/27462073/fc-pari-nizhny-novgorod-krasnodar",
                "both_score_odd": 1.73,
                "both_noscore_odd": 2.03,
                "home_handicap_0.5_odd": 2.4,
                "away_handicap_-0.5_odd": 1.53,
                "X2_odd": 1.14,
                "1X_odd": 2.4,
                "12_odd": 1.23,
                "under_4.0_odd": 1.21,
                "over_4.0_odd": 4.1,
                "under_3.5_odd": 1.43,
                "over_3.5_odd": 2.7,
                "under_2.0_odd": 3.15,
                "over_2.0_odd": 1.32,
                "away_handicap_0.0_odd": 1.2,
                "home_handicap_0.0_odd": 4.25,
                "away_handicap_-1.75_odd": 3.05,
                "home_handicap_1.75_odd": 1.34,
                "away_handicap_-1.25_odd": 2.26,
                "home_handicap_1.25_odd": 1.59,
                "away_handicap_-0.75_odd": 1.68,
                "home_handicap_0.75_odd": 2.1,
                "away_handicap_-1.5_odd": 2.57,
                "home_handicap_1.5_odd": 1.47,
                "away_handicap_-1.0_odd": 1.96,
                "home_handicap_1.0_odd": 1.78,
                "away_handicap_-2.0_odd": 4.0,
                "home_handicap_2.0_odd": 1.22,
                "over_2.5_odd": 1.68,
                "under_2.5_odd": 2.1,
                "under_1.5_odd": 4.1,
                "over_1.5_odd": 1.21,
                "under_3.0_odd": 1.66,
                "over_3.0_odd": 2.14,
                "away_handicap_-0.25_odd": 1.37,
                "home_handicap_0.25_odd": 2.95,
                "2_odd": 1.53,
                "1_odd": 5.6,
                "draw_odd": 3.95
            }
        ]
    },
    {
        "tournament_name": "Premier League. Outright",
        "tournament_id": 20228,
        "matches": []
    },
    {
        "tournament_name": "Super Cup",
        "tournament_id": 2001,
        "matches": [
            {
                "match_id": 27538271,
                "date": "12/07/2025",
                "time": "16:00",
                "home_team": "Krasnodar",
                "away_team": "CSKA Moscow",
                "match_url": "https://www.asbet.org/en/sports/pre-match/event-view/Soccer/Russia/2001/super-cup/27538271/krasnodar-cska-moscow",
                "both_score_odd": 1.73,
                "both_noscore_odd": 1.97,
                "home_handicap_-0.5_odd": 2.44,
                "away_handicap_0.5_odd": 1.49,
                "home_handicap_0.5_odd": 1.4,
                "away_handicap_-0.5_odd": 2.7,
                "12_odd": 1.36,
                "X2_odd": 1.48,
                "1X_odd": 1.39,
                "home_handicap_0.25_odd": 1.52,
                "away_handicap_-0.25_odd": 2.37,
                "over_2.0_odd": 1.53,
                "under_2.0_odd": 2.35,
                "over_3.0_odd": 2.85,
                "under_3.0_odd": 1.37,
                "home_handicap_-0.25_odd": 2.1,
                "away_handicap_0.25_odd": 1.65,
                "over_2.5_odd": 2.0,
                "under_2.5_odd": 1.72,
                "over_3.5_odd": 3.47,
                "under_3.5_odd": 1.26,
                "over_1.5_odd": 1.33,
                "under_1.5_odd": 3.05,
                "home_handicap_-0.75_odd": 3.0,
                "away_handicap_0.75_odd": 1.34,
                "home_handicap_0.75_odd": 1.27,
                "away_handicap_-0.75_odd": 3.4,
                "draw_odd": 2.89,
                "2_odd": 2.75,
                "1_odd": 2.43,
                "away_handicap_0.0_odd": 1.95,
                "home_handicap_0.0_odd": 1.75,
                "home_handicap_-1.25_odd": 4.57,
                "away_handicap_1.25_odd": 1.16,
                "home_handicap_-1.5_odd": 5.1,
                "away_handicap_1.5_odd": 1.13,
                "home_handicap_-1.0_odd": 4.15,
                "away_handicap_1.0_odd": 1.19,
                "home_handicap_1.25_odd": 1.12,
                "away_handicap_-1.25_odd": 5.35,
                "home_handicap_1.0_odd": 1.14,
                "away_handicap_-1.0_odd": 4.9
            }
        ]
    }
]