[
    {
        "tournament_name": "K League 2",
        "tournament_id": 1932,
        "matches": [
            {
                "match_id": 27509604,
                "date": "12/07/2025",
                "time": "11:00",
                "home_team": "Suwon Bluewings",
                "away_team": "Chungbuk Cheongju FC",
                "match_url": "https://www.asbet.org/en/sports/pre-match/event-view/Soccer/South Korea/1932/k-league/27509604/suwon-bluewings-chungbuk-cheongju-fc",
                "both_noscore_odd": 1.95,
                "both_score_odd": 1.75,
                "X2_odd": 2.94,
                "1X_odd": 1.08,
                "12_odd": 1.18,
                "under_2.5_odd": 2.35,
                "over_2.5_odd": 1.53,
                "away_handicap_2.5_odd": 1.28,
                "home_handicap_-2.5_odd": 3.3,
                "away_handicap_2.0_odd": 1.39,
                "home_handicap_-2.0_odd": 2.75,
                "away_handicap_1.5_odd": 1.71,
                "home_handicap_-1.5_odd": 2.01,
                "away_handicap_1.0_odd": 2.27,
                "home_handicap_-1.0_odd": 1.56,
                "under_4.0_odd": 1.28,
                "over_4.0_odd": 3.3,
                "under_3.5_odd": 1.54,
                "over_3.5_odd": 2.33,
                "home_handicap_-2.25_odd": 3.1,
                "away_handicap_2.25_odd": 1.32,
                "home_handicap_-1.75_odd": 2.3,
                "away_handicap_1.75_odd": 1.55,
                "over_3.0_odd": 1.84,
                "under_3.0_odd": 1.86,
                "away_handicap_0.75_odd": 2.59,
                "home_handicap_-0.75_odd": 1.44,
                "away_handicap_0.25_odd": 3.65,
                "home_handicap_-0.25_odd": 1.24,
                "away_handicap_0.5_odd": 2.87,
                "home_handicap_-0.5_odd": 1.36,
                "draw_odd": 4.4,
                "2_odd": 6.9,
                "1_odd": 1.34,
                "away_handicap_1.25_odd": 1.93,
                "home_handicap_-1.25_odd": 1.77,
                "over_4.5_odd": 3.9,
                "under_4.5_odd": 1.21,
                "over_2.0_odd": 1.22,
                "under_2.0_odd": 3.83,
                "home_handicap_-2.75_odd": 4.05,
                "away_handicap_2.75_odd": 1.2,
                "home_handicap_-3.0_odd": 5.55,
                "away_handicap_3.0_odd": 1.11,
                "home_handicap_0.0_odd": 1.12,
                "away_handicap_0.0_odd": 5.35
            },
            {
                "match_id": 27509605,
                "date": "12/07/2025",
                "time": "11:00",
                "home_team": "Jeonnam Dragons",
                "away_team": "Gyeongnam FC",
                "match_url": "https://www.asbet.org/en/sports/pre-match/event-view/Soccer/South Korea/1932/k-league/27509605/jeonnam-dragons-gyeongnam-fc",
                "both_noscore_odd": 2.08,
                "both_score_odd": 1.66,
                "X2_odd": 2.02,
                "12_odd": 1.24,
                "1X_odd": 1.22,
                "under_3.5_odd": 1.42,
                "over_3.5_odd": 2.65,
                "under_3.0_odd": 1.65,
                "over_3.0_odd": 2.1,
                "under_2.5_odd": 2.07,
                "over_2.5_odd": 1.67,
                "over_2.0_odd": 1.31,
                "under_2.0_odd": 3.15,
                "away_handicap_1.5_odd": 1.37,
                "home_handicap_-1.5_odd": 2.85,
                "away_handicap_1.0_odd": 1.57,
                "home_handicap_-1.0_odd": 2.25,
                "away_handicap_0.0_odd": 3.05,
                "home_handicap_0.0_odd": 1.33,
                "home_handicap_-1.75_odd": 3.47,
                "away_handicap_1.75_odd": 1.26,
                "home_handicap_-1.25_odd": 2.55,
                "away_handicap_1.25_odd": 1.45,
                "home_handicap_-0.25_odd": 1.52,
                "away_handicap_0.25_odd": 2.37,
                "home_handicap_-0.5_odd": 1.7,
                "away_handicap_0.5_odd": 2.02,
                "home_handicap_0.25_odd": 1.27,
                "away_handicap_-0.25_odd": 3.4,
                "draw_odd": 3.71,
                "2_odd": 3.91,
                "1_odd": 1.68,
                "away_handicap_0.75_odd": 1.81,
                "home_handicap_-0.75_odd": 1.89,
                "over_4.0_odd": 4.05,
                "under_4.0_odd": 1.2,
                "over_1.5_odd": 1.21,
                "under_1.5_odd": 3.9,
                "home_handicap_-2.25_odd": 4.9,
                "away_handicap_2.25_odd": 1.14,
                "home_handicap_-2.5_odd": 5.35,
                "away_handicap_2.5_odd": 1.12,
                "home_handicap_-2.0_odd": 4.57,
                "away_handicap_2.0_odd": 1.16,
                "home_handicap_0.75_odd": 1.15,
                "away_handicap_-0.75_odd": 4.75,
                "home_handicap_0.5_odd": 1.22,
                "away_handicap_-0.5_odd": 3.83
            },
            {
                "match_id": 27509606,
                "date": "12/07/2025",
                "time": "11:00",
                "home_team": "Cheonan City FC",
                "away_team": "Hwaseong FC",
                "match_url": "https://www.asbet.org/en/sports/pre-match/event-view/Soccer/South Korea/1932/k-league/27509606/cheonan-city-fc-hwaseong-fc",
                "both_score_odd": 1.87,
                "both_noscore_odd": 1.83,
                "12_odd": 1.34,
                "X2_odd": 1.53,
                "1X_odd": 1.38,
                "over_3.0_odd": 3.2,
                "under_3.0_odd": 1.3,
                "under_2.5_odd": 1.61,
                "over_2.5_odd": 2.17,
                "over_2.0_odd": 1.62,
                "under_2.0_odd": 2.15,
                "over_1.5_odd": 1.38,
                "under_1.5_odd": 2.8,
                "home_handicap_-0.75_odd": 2.8,
                "away_handicap_0.75_odd": 1.38,
                "home_handicap_-0.25_odd": 2.0,
                "away_handicap_0.25_odd": 1.72,
                "home_handicap_-0.5_odd": 2.33,
                "away_handicap_0.5_odd": 1.54,
                "home_handicap_0.75_odd": 1.25,
                "away_handicap_-0.75_odd": 3.57,
                "home_handicap_0.25_odd": 1.49,
                "away_handicap_-0.25_odd": 2.44,
                "home_handicap_0.5_odd": 1.38,
                "away_handicap_-0.5_odd": 2.8,
                "draw_odd": 3.01,
                "2_odd": 2.83,
                "1_odd": 2.31,
                "home_handicap_0.0_odd": 1.69,
                "away_handicap_0.0_odd": 2.04,
                "over_3.5_odd": 3.83,
                "under_3.5_odd": 1.22,
                "home_handicap_-1.25_odd": 4.3,
                "away_handicap_1.25_odd": 1.18,
                "home_handicap_-1.5_odd": 4.75,
                "away_handicap_1.5_odd": 1.15,
                "home_handicap_-1.0_odd": 3.83,
                "away_handicap_1.0_odd": 1.22,
                "home_handicap_1.25_odd": 1.11,
                "away_handicap_-1.25_odd": 5.55,
                "home_handicap_1.0_odd": 1.13,
                "away_handicap_-1.0_odd": 5.1
            },
            {
                "match_id": 27509607,
                "date": "12/07/2025",
                "time": "11:00",
                "home_team": "Busan I Park",
                "away_team": "Seongnam FC",
                "match_url": "https://www.asbet.org/en/sports/pre-match/event-view/Soccer/South Korea/1932/k-league/27509607/busan-i-park-seongnam-fc",
                "both_noscore_odd": 1.78,
                "both_score_odd": 1.92,
                "X2_odd": 1.79,
                "1X_odd": 1.26,
                "12_odd": 1.3,
                "home_handicap_-1.5_odd": 3.47,
                "away_handicap_1.5_odd": 1.26,
                "over_1.5_odd": 1.36,
                "under_1.5_odd": 2.87,
                "home_handicap_-1.0_odd": 2.75,
                "away_handicap_1.0_odd": 1.39,
                "home_handicap_0.0_odd": 1.42,
                "away_handicap_0.0_odd": 2.65,
                "under_2.5_odd": 1.66,
                "over_2.5_odd": 2.08,
                "under_2.0_odd": 2.23,
                "over_2.0_odd": 1.58,
                "under_3.0_odd": 1.33,
                "over_3.0_odd": 3.05,
                "away_handicap_1.25_odd": 1.31,
                "home_handicap_-1.25_odd": 3.15,
                "away_handicap_0.75_odd": 1.59,
                "home_handicap_-0.75_odd": 2.21,
                "home_handicap_-0.25_odd": 1.66,
                "away_handicap_0.25_odd": 2.08,
                "home_handicap_0.25_odd": 1.32,
                "away_handicap_-0.25_odd": 3.1,
                "away_handicap_-0.5_odd": 3.47,
                "home_handicap_0.5_odd": 1.26,
                "2_odd": 3.56,
                "1_odd": 1.89,
                "draw_odd": 3.25,
                "home_handicap_-0.5_odd": 1.87,
                "away_handicap_0.5_odd": 1.83,
                "over_3.5_odd": 3.75,
                "under_3.5_odd": 1.23,
                "home_handicap_-1.75_odd": 4.42,
                "away_handicap_1.75_odd": 1.17,
                "home_handicap_0.75_odd": 1.16,
                "away_handicap_-0.75_odd": 4.57
            },
            {
                "match_id": 27515649,
                "date": "13/07/2025",
                "time": "11:00",
                "home_team": "Incheon United FC",
                "away_team": "Chungnam Asan FC",
                "match_url": "https://www.asbet.org/en/sports/pre-match/event-view/Soccer/South Korea/1932/k-league/27515649/incheon-united-fc-chungnam-asan-fc",
                "both_score_odd": 1.94,
                "both_noscore_odd": 1.76,
                "X2_odd": 2.02,
                "1X_odd": 1.2,
                "12_odd": 1.27,
                "under_3.0_odd": 1.37,
                "over_3.0_odd": 2.85,
                "under_3.5_odd": 1.26,
                "over_3.5_odd": 3.47,
                "under_2.0_odd": 2.35,
                "over_2.0_odd": 1.53,
                "under_1.5_odd": 3.05,
                "over_1.5_odd": 1.33,
                "under_2.5_odd": 1.71,
                "over_2.5_odd": 2.01,
                "away_handicap_1.25_odd": 1.42,
                "home_handicap_-1.25_odd": 2.65,
                "away_handicap_0.25_odd": 2.39,
                "home_handicap_-0.25_odd": 1.51,
                "home_handicap_-1.5_odd": 3.0,
                "away_handicap_1.5_odd": 1.34,
                "home_handicap_-1.0_odd": 2.33,
                "away_handicap_1.0_odd": 1.54,
                "home_handicap_-0.5_odd": 1.71,
                "away_handicap_0.5_odd": 2.01,
                "away_handicap_0.0_odd": 3.2,
                "home_handicap_0.0_odd": 1.3,
                "2_odd": 4.3,
                "1_odd": 1.68,
                "draw_odd": 3.41,
                "away_handicap_0.75_odd": 1.8,
                "home_handicap_-0.75_odd": 1.9,
                "home_handicap_0.25_odd": 1.24,
                "away_handicap_-0.25_odd": 3.65
            },
            {
                "match_id": 27515650,
                "date": "13/07/2025",
                "time": "11:00",
                "home_team": "Bucheon FC 1995",
                "away_team": "Gimpo Citizen FC",
                "match_url": "https://www.asbet.org/en/sports/pre-match/event-view/Soccer/South Korea/1932/k-league/27515650/bucheon-fc--gimpo-citizen-fc",
                "both_score_odd": 1.87,
                "both_noscore_odd": 1.83,
                "12_odd": 1.31,
                "X2_odd": 1.65,
                "1X_odd": 1.32,
                "over_2.0_odd": 1.58,
                "under_2.0_odd": 2.23,
                "away_handicap_1.0_odd": 1.29,
                "home_handicap_-1.0_odd": 3.25,
                "under_3.0_odd": 1.33,
                "over_3.0_odd": 3.05,
                "under_2.5_odd": 1.66,
                "over_2.5_odd": 2.08,
                "under_1.5_odd": 2.87,
                "over_1.5_odd": 1.36,
                "away_handicap_0.75_odd": 1.48,
                "home_handicap_-0.75_odd": 2.45,
                "away_handicap_0.5_odd": 1.66,
                "home_handicap_-0.5_odd": 2.08,
                "away_handicap_-0.25_odd": 2.68,
                "home_handicap_0.25_odd": 1.41,
                "away_handicap_-0.5_odd": 3.1,
                "home_handicap_0.5_odd": 1.32,
                "away_handicap_0.0_odd": 2.3,
                "home_handicap_0.0_odd": 1.55,
                "2_odd": 3.11,
                "1_odd": 2.08,
                "draw_odd": 3.16,
                "home_handicap_-0.25_odd": 1.81,
                "away_handicap_0.25_odd": 1.89
            },
            {
                "match_id": 27515651,
                "date": "13/07/2025",
                "time": "11:00",
                "home_team": "Ansan Greeners FC",
                "away_team": "Seoul E-Land FC",
                "match_url": "https://www.asbet.org/en/sports/pre-match/event-view/Soccer/South Korea/1932/k-league/27515651/ansan-greeners-fc-seoul-e-land-fc",
                "both_noscore_odd": 1.78,
                "both_score_odd": 1.92,
                "12_odd": 1.3,
                "X2_odd": 1.25,
                "1X_odd": 1.81,
                "over_1.5_odd": 1.36,
                "under_1.5_odd": 2.87,
                "home_handicap_0.0_odd": 2.7,
                "away_handicap_0.0_odd": 1.4,
                "home_handicap_1.0_odd": 1.4,
                "away_handicap_-1.0_odd": 2.7,
                "home_handicap_1.5_odd": 1.26,
                "away_handicap_-1.5_odd": 3.47,
                "over_3.0_odd": 3.05,
                "under_3.0_odd": 1.33,
                "over_2.5_odd": 2.08,
                "under_2.5_odd": 1.66,
                "under_2.0_odd": 2.23,
                "over_2.0_odd": 1.58,
                "away_handicap_0.25_odd": 1.31,
                "home_handicap_-0.25_odd": 3.15,
                "away_handicap_-1.25_odd": 3.15,
                "home_handicap_1.25_odd": 1.31,
                "away_handicap_-0.75_odd": 2.17,
                "home_handicap_0.75_odd": 1.61,
                "away_handicap_-0.25_odd": 1.64,
                "home_handicap_0.25_odd": 2.12,
                "2_odd": 1.86,
                "1_odd": 3.7,
                "draw_odd": 3.21,
                "away_handicap_-0.5_odd": 1.85,
                "home_handicap_0.5_odd": 1.85,
                "home_handicap_-0.5_odd": 3.57,
                "away_handicap_0.5_odd": 1.25
            }
        ]
    },
    {
        "tournament_name": "K League 1",
        "tournament_id": 1933,
        "matches": [
            {
                "match_id": 27503763,
                "date": "12/07/2025",
                "time": "11:00",
                "home_team": "Ulsan Hyundai FC",
                "away_team": "Daegu FC",
                "match_url": "https://www.asbet.org/en/sports/pre-match/event-view/Soccer/South Korea/1933/k-league/27503763/ulsan-hyundai-fc-daegu-fc",
                "both_score_odd": 1.73,
                "both_noscore_odd": 1.97,
                "under_4.0_odd": 1.24,
                "over_4.0_odd": 3.65,
                "over_2.0_odd": 1.26,
                "under_2.0_odd": 3.47,
                "home_handicap_-2.75_odd": 4.9,
                "away_handicap_2.75_odd": 1.14,
                "home_handicap_-2.5_odd": 4.05,
                "away_handicap_2.5_odd": 1.2,
                "away_handicap_-0.25_odd": 4.57,
                "home_handicap_0.25_odd": 1.16,
                "home_handicap_0.5_odd": 1.14,
                "away_handicap_-0.5_odd": 4.9,
                "home_handicap_0.0_odd": 1.19,
                "away_handicap_0.0_odd": 4.15,
                "12_odd": 1.2,
                "X2_odd": 2.46,
                "1X_odd": 1.14,
                "away_handicap_1.0_odd": 1.94,
                "home_handicap_-1.0_odd": 1.76,
                "away_handicap_0.25_odd": 3.05,
                "home_handicap_-0.25_odd": 1.33,
                "under_3.5_odd": 1.48,
                "over_3.5_odd": 2.45,
                "over_3.0_odd": 1.96,
                "under_3.0_odd": 1.74,
                "over_2.5_odd": 1.59,
                "under_2.5_odd": 2.21,
                "home_handicap_-2.25_odd": 3.65,
                "away_handicap_2.25_odd": 1.24,
                "home_handicap_-1.75_odd": 2.65,
                "away_handicap_1.75_odd": 1.42,
                "home_handicap_-0.75_odd": 1.58,
                "away_handicap_0.75_odd": 2.23,
                "home_handicap_-2.0_odd": 3.3,
                "away_handicap_2.0_odd": 1.28,
                "home_handicap_-1.5_odd": 2.27,
                "away_handicap_1.5_odd": 1.56,
                "home_handicap_-0.5_odd": 1.47,
                "away_handicap_0.5_odd": 2.5,
                "home_handicap_-1.25_odd": 2.01,
                "away_handicap_1.25_odd": 1.71,
                "2_odd": 5.3,
                "1_odd": 1.45,
                "draw_odd": 4.2
            }
        ]
    }
]