[
    {
        "tournament_name": "Allsvenskan. Outright",
        "tournament_id": 21794,
        "matches": []
    },
    {
        "tournament_name": "Allsvenskan",
        "tournament_id": 3000,
        "matches": [
            {
                "match_id": 27490878,
                "date": "12/07/2025",
                "time": "16:30",
                "home_team": "Malmo FF",
                "away_team": "IFK Norrkoping",
                "match_url": "https://www.asbet.org/en/sports/pre-match/event-view/Soccer/Sweden/3000/allsvenskan/27490878/malmo-ff-ifk-norrkoping",
                "both_score_odd": 1.77,
                "both_noscore_odd": 1.97,
                "X2_odd": 3.4,
                "12_odd": 1.14,
                "1X_odd": 1.08,
                "over_3.5_odd": 2.08,
                "under_3.5_odd": 1.69,
                "over_3.0_odd": 1.66,
                "under_3.0_odd": 2.14,
                "home_handicap_-1.75_odd": 1.99,
                "away_handicap_1.75_odd": 1.76,
                "home_handicap_-1.25_odd": 1.61,
                "away_handicap_1.25_odd": 2.23,
                "home_handicap_-0.75_odd": 1.35,
                "away_handicap_0.75_odd": 3.0,
                "home_handicap_-2.0_odd": 2.33,
                "away_handicap_2.0_odd": 1.56,
                "home_handicap_-1.5_odd": 1.8,
                "away_handicap_1.5_odd": 1.94,
                "home_handicap_-0.5_odd": 1.29,
                "away_handicap_0.5_odd": 3.35,
                "away_handicap_1.0_odd": 2.7,
                "home_handicap_-1.0_odd": 1.43,
                "under_2.5_odd": 2.65,
                "over_2.5_odd": 1.44,
                "2_odd": 7.9,
                "1_odd": 1.29,
                "draw_odd": 5.4,
                "away_handicap_2.25_odd": 1.46,
                "home_handicap_-2.25_odd": 2.6,
                "under_4.0_odd": 1.39,
                "over_4.0_odd": 2.85,
                "over_4.5_odd": 3.35,
                "under_4.5_odd": 1.29,
                "home_handicap_-2.75_odd": 3.4,
                "away_handicap_2.75_odd": 1.28,
                "home_handicap_-2.5_odd": 2.9,
                "away_handicap_2.5_odd": 1.38
            },
            {
                "match_id": 27490879,
                "date": "12/07/2025",
                "time": "14:00",
                "home_team": "IFK Goteborg",
                "away_team": "IF Elfsborg",
                "match_url": "https://www.asbet.org/en/sports/pre-match/event-view/Soccer/Sweden/3000/allsvenskan/27490879/ifk-goteborg-if-elfsborg",
                "2_odd": 2.7,
                "1_odd": 2.4,
                "draw_odd": 3.35,
                "home_handicap_0.0_odd": 1.78,
                "away_handicap_0.0_odd": 1.96,
                "both_score_odd": 1.64,
                "both_noscore_odd": 2.17,
                "X2_odd": 1.54,
                "1X_odd": 1.42,
                "12_odd": 1.3,
                "under_2.5_odd": 1.95,
                "over_2.5_odd": 1.79,
                "under_3.5_odd": 1.37,
                "over_3.5_odd": 2.95,
                "under_3.0_odd": 1.55,
                "over_3.0_odd": 2.35,
                "under_2.0_odd": 2.9,
                "over_2.0_odd": 1.38,
                "away_handicap_0.75_odd": 1.39,
                "home_handicap_-0.75_odd": 2.85,
                "away_handicap_0.25_odd": 1.7,
                "home_handicap_-0.25_odd": 2.07,
                "home_handicap_-0.5_odd": 2.38,
                "away_handicap_0.5_odd": 1.54,
                "home_handicap_0.75_odd": 1.31,
                "away_handicap_-0.75_odd": 3.2,
                "home_handicap_0.25_odd": 1.56,
                "away_handicap_-0.25_odd": 2.33,
                "home_handicap_0.5_odd": 1.44,
                "away_handicap_-0.5_odd": 2.65,
                "over_1.5_odd": 1.25,
                "under_1.5_odd": 3.7
            },
            {
                "match_id": 27496297,
                "date": "13/07/2025",
                "time": "15:30",
                "home_team": "IFK Varnamo",
                "away_team": "Djurgardens IF",
                "match_url": "https://www.asbet.org/en/sports/pre-match/event-view/Soccer/Sweden/3000/allsvenskan/27496297/ifk-varnamo-djurgardens-if",
                "both_noscore_odd": 1.91,
                "both_score_odd": 1.83,
                "X2_odd": 1.22,
                "1X_odd": 1.95,
                "12_odd": 1.28,
                "under_3.5_odd": 1.3,
                "over_3.5_odd": 3.3,
                "under_3.0_odd": 1.44,
                "over_3.0_odd": 2.65,
                "under_2.0_odd": 2.57,
                "over_2.0_odd": 1.47,
                "under_1.5_odd": 3.3,
                "over_1.5_odd": 1.3,
                "away_handicap_0.25_odd": 1.27,
                "home_handicap_-0.25_odd": 3.55,
                "away_handicap_0.0_odd": 1.35,
                "home_handicap_0.0_odd": 3.0,
                "away_handicap_-1.25_odd": 2.85,
                "home_handicap_1.25_odd": 1.39,
                "away_handicap_-0.75_odd": 2.03,
                "home_handicap_0.75_odd": 1.73,
                "away_handicap_-1.0_odd": 2.5,
                "home_handicap_1.0_odd": 1.49,
                "away_handicap_-0.5_odd": 1.78,
                "home_handicap_0.5_odd": 1.96,
                "under_2.5_odd": 1.82,
                "over_2.5_odd": 1.92,
                "away_handicap_-0.25_odd": 1.57,
                "home_handicap_0.25_odd": 2.3,
                "2_odd": 1.79,
                "1_odd": 4.1,
                "draw_odd": 3.51,
                "away_handicap_-1.5_odd": 3.15,
                "home_handicap_1.5_odd": 1.32
            },
            {
                "match_id": 27496298,
                "date": "13/07/2025",
                "time": "17:30",
                "home_team": "BK Hacken",
                "away_team": "Halmstads BK",
                "match_url": "https://www.asbet.org/en/sports/pre-match/event-view/Soccer/Sweden/3000/allsvenskan/27496298/bk-hacken-halmstads-bk",
                "both_noscore_odd": 2.03,
                "both_score_odd": 1.73,
                "X2_odd": 2.18,
                "12_odd": 1.22,
                "1X_odd": 1.2,
                "over_3.5_odd": 2.65,
                "under_3.5_odd": 1.44,
                "over_3.0_odd": 2.1,
                "under_3.0_odd": 1.68,
                "over_2.0_odd": 1.3,
                "under_2.0_odd": 3.3,
                "home_handicap_-1.75_odd": 3.15,
                "away_handicap_1.75_odd": 1.32,
                "away_handicap_1.25_odd": 1.55,
                "home_handicap_-1.25_odd": 2.35,
                "home_handicap_-0.75_odd": 1.8,
                "away_handicap_0.75_odd": 1.94,
                "away_handicap_0.25_odd": 2.57,
                "home_handicap_-0.25_odd": 1.47,
                "home_handicap_-1.5_odd": 2.62,
                "away_handicap_1.5_odd": 1.45,
                "home_handicap_-0.5_odd": 1.63,
                "away_handicap_0.5_odd": 2.18,
                "draw_odd": 4.1,
                "2_odd": 4.33,
                "1_odd": 1.63,
                "away_handicap_1.0_odd": 1.71,
                "home_handicap_-1.0_odd": 2.06,
                "under_2.5_odd": 2.14,
                "over_2.5_odd": 1.66,
                "home_handicap_0.0_odd": 1.29,
                "away_handicap_0.0_odd": 3.35,
                "home_handicap_0.25_odd": 1.25,
                "away_handicap_-0.25_odd": 3.7
            },
            {
                "match_id": 27496299,
                "date": "13/07/2025",
                "time": "13:00",
                "home_team": "GAIS",
                "away_team": "Hammarby IF",
                "match_url": "https://www.asbet.org/en/sports/pre-match/event-view/Soccer/Sweden/3000/allsvenskan/27496299/gais-hammarby-if",
                "both_score_odd": 1.71,
                "both_noscore_odd": 2.06,
                "12_odd": 1.31,
                "X2_odd": 1.42,
                "1X_odd": 1.51,
                "over_3.5_odd": 3.15,
                "under_3.5_odd": 1.32,
                "over_3.0_odd": 2.6,
                "under_3.0_odd": 1.46,
                "over_2.0_odd": 1.45,
                "under_2.0_odd": 2.62,
                "under_1.5_odd": 3.35,
                "over_1.5_odd": 1.29,
                "home_handicap_-0.25_odd": 2.33,
                "away_handicap_0.25_odd": 1.56,
                "home_handicap_-0.5_odd": 2.65,
                "away_handicap_0.5_odd": 1.44,
                "home_handicap_0.0_odd": 1.97,
                "away_handicap_0.0_odd": 1.77,
                "away_handicap_-0.75_odd": 2.9,
                "home_handicap_0.75_odd": 1.38,
                "away_handicap_-0.5_odd": 2.4,
                "home_handicap_0.5_odd": 1.53,
                "under_2.5_odd": 1.84,
                "over_2.5_odd": 1.9,
                "2_odd": 2.43,
                "draw_odd": 3.29,
                "1_odd": 2.71,
                "away_handicap_-0.25_odd": 2.08,
                "home_handicap_0.25_odd": 1.69,
                "away_handicap_0.75_odd": 1.3,
                "home_handicap_-0.75_odd": 3.3
            },
            {
                "match_id": 27496300,
                "date": "13/07/2025",
                "time": "13:00",
                "home_team": "IF Brommapojkarna",
                "away_team": "Osters IF",
                "match_url": "https://www.asbet.org/en/sports/pre-match/event-view/Soccer/Sweden/3000/allsvenskan/27496300/if-brommapojkarna-osters-if",
                "both_score_odd": 1.67,
                "both_noscore_odd": 2.12,
                "12_odd": 1.24,
                "X2_odd": 2.09,
                "1X_odd": 1.2,
                "over_3.5_odd": 2.7,
                "under_3.5_odd": 1.43,
                "over_3.0_odd": 2.12,
                "under_3.0_odd": 1.67,
                "over_2.0_odd": 1.31,
                "under_2.0_odd": 3.2,
                "home_handicap_-1.25_odd": 2.52,
                "away_handicap_1.25_odd": 1.48,
                "away_handicap_0.75_odd": 1.86,
                "home_handicap_-0.75_odd": 1.88,
                "home_handicap_-0.25_odd": 1.49,
                "away_handicap_0.25_odd": 2.5,
                "away_handicap_1.5_odd": 1.39,
                "home_handicap_-1.5_odd": 2.85,
                "home_handicap_-1.0_odd": 2.21,
                "away_handicap_1.0_odd": 1.62,
                "home_handicap_0.0_odd": 1.31,
                "away_handicap_0.0_odd": 3.2,
                "away_handicap_-0.25_odd": 3.7,
                "home_handicap_0.25_odd": 1.25,
                "home_handicap_-0.5_odd": 1.68,
                "away_handicap_0.5_odd": 2.1,
                "draw_odd": 3.83,
                "2_odd": 4.4,
                "1_odd": 1.68,
                "under_2.5_odd": 2.1,
                "over_2.5_odd": 1.68,
                "home_handicap_-1.75_odd": 3.4,
                "away_handicap_1.75_odd": 1.28
            },
            {
                "match_id": 27496301,
                "date": "13/07/2025",
                "time": "15:30",
                "home_team": "AIK",
                "away_team": "Degerfors IF",
                "match_url": "https://www.asbet.org/en/sports/pre-match/event-view/Soccer/Sweden/3000/allsvenskan/27496301/aik-degerfors-if",
                "both_score_odd": 1.97,
                "both_noscore_odd": 1.77,
                "X2_odd": 2.42,
                "12_odd": 1.23,
                "1X_odd": 1.14,
                "under_3.5_odd": 1.33,
                "over_3.5_odd": 3.1,
                "under_3.0_odd": 1.47,
                "over_3.0_odd": 2.57,
                "under_2.0_odd": 2.65,
                "over_2.0_odd": 1.44,
                "under_1.5_odd": 3.4,
                "over_1.5_odd": 1.28,
                "away_handicap_1.75_odd": 1.36,
                "home_handicap_-1.75_odd": 2.97,
                "away_handicap_1.25_odd": 1.62,
                "home_handicap_-1.25_odd": 2.21,
                "away_handicap_0.75_odd": 2.14,
                "home_handicap_-0.75_odd": 1.66,
                "away_handicap_0.25_odd": 2.97,
                "home_handicap_-0.25_odd": 1.36,
                "away_handicap_1.5_odd": 1.49,
                "home_handicap_-1.5_odd": 2.5,
                "away_handicap_0.5_odd": 2.42,
                "home_handicap_-0.5_odd": 1.52,
                "under_2.5_odd": 1.86,
                "over_2.5_odd": 1.88,
                "2_odd": 5.7,
                "1_odd": 1.52,
                "draw_odd": 3.97,
                "home_handicap_-1.0_odd": 1.9,
                "away_handicap_1.0_odd": 1.84
            },
            {
                "match_id": 27501585,
                "date": "14/07/2025",
                "time": "18:00",
                "home_team": "IK Sirius FK",
                "away_team": "Mjallby AIF",
                "match_url": "https://www.asbet.org/en/sports/pre-match/event-view/Soccer/Sweden/3000/allsvenskan/27501585/ik-sirius-fk-mjallby-aif",
                "draw_odd": 3.62,
                "2_odd": 1.93,
                "1_odd": 3.45,
                "home_handicap_0.25_odd": 2.08,
                "away_handicap_-0.25_odd": 1.69,
                "both_score_odd": 1.56,
                "both_noscore_odd": 2.33,
                "12_odd": 1.27,
                "X2_odd": 1.29,
                "1X_odd": 1.78,
                "under_3.5_odd": 1.48,
                "over_3.5_odd": 2.52,
                "under_3.0_odd": 1.74,
                "over_3.0_odd": 2.02,
                "under_2.5_odd": 2.18,
                "over_2.5_odd": 1.63,
                "under_2.0_odd": 3.55,
                "over_2.0_odd": 1.27,
                "away_handicap_-1.0_odd": 2.73,
                "home_handicap_1.0_odd": 1.42,
                "home_handicap_-0.25_odd": 2.95,
                "away_handicap_0.25_odd": 1.37,
                "home_handicap_-0.5_odd": 3.3,
                "away_handicap_0.5_odd": 1.3,
                "home_handicap_0.75_odd": 1.62,
                "away_handicap_-0.75_odd": 2.21,
                "home_handicap_0.5_odd": 1.84,
                "away_handicap_-0.5_odd": 1.9,
                "home_handicap_0.0_odd": 2.6,
                "away_handicap_0.0_odd": 1.46,
                "away_handicap_-1.25_odd": 3.05,
                "home_handicap_1.25_odd": 1.34,
                "away_handicap_-1.5_odd": 3.4,
                "home_handicap_1.5_odd": 1.28
            }
        ]
    },
    {
        "tournament_name": "Superettan. Outright",
        "tournament_id": 21795,
        "matches": []
    },
    {
        "tournament_name": "Damallsvenskan. Outright",
        "tournament_id": 18292590,
        "matches": []
    }
]