[
    {
        "tournament_name": "Copa Venezuela",
        "tournament_id": 9161,
        "matches": [
            {
                "match_id": 27547710,
                "date": "09/07/2025",
                "time": "20:00",
                "home_team": "Yaracuyanos FC",
                "away_team": "CS Maritimo La Guaira",
                "match_url": "https://www.asbet.org/en/sports/pre-match/event-view/Soccer/Venezuela/9161/copa-venezuela/27547710/yaracuyanos-fc-cs-maritimo-la-guaira",
                "both_score_odd": 1.86,
                "both_noscore_odd": 1.84,
                "over_3.5_odd": 3.1,
                "under_3.5_odd": 1.32,
                "over_3.0_odd": 2.5,
                "under_3.0_odd": 1.47,
                "over_2.0_odd": 1.42,
                "under_2.0_odd": 2.65,
                "over_1.5_odd": 1.27,
                "under_1.5_odd": 3.4,
                "home_handicap_1.25_odd": 1.5,
                "away_handicap_-1.25_odd": 2.4,
                "home_handicap_0.25_odd": 2.59,
                "away_handicap_-0.25_odd": 1.44,
                "home_handicap_1.5_odd": 1.4,
                "away_handicap_-1.5_odd": 2.7,
                "home_handicap_1.0_odd": 1.66,
                "away_handicap_-1.0_odd": 2.08,
                "home_handicap_0.5_odd": 2.15,
                "away_handicap_-0.5_odd": 1.62,
                "home_handicap_0.0_odd": 3.57,
                "away_handicap_0.0_odd": 1.25,
                "1X_odd": 2.13,
                "12_odd": 1.25,
                "X2_odd": 1.17,
                "1_odd": 4.8,
                "draw_odd": 3.66,
                "2_odd": 1.61,
                "home_handicap_0.75_odd": 1.94,
                "away_handicap_-0.75_odd": 1.76,
                "over_2.5_odd": 1.85,
                "under_2.5_odd": 1.85,
                "home_handicap_1.75_odd": 1.29,
                "away_handicap_-1.75_odd": 3.25
            },
            {
                "match_id": 27548500,
                "date": "09/07/2025",
                "time": "21:00",
                "home_team": "Zamora FC Barinas",
                "away_team": "Titanes FC Guanare",
                "match_url": "https://www.asbet.org/en/sports/pre-match/event-view/Soccer/Venezuela/9161/copa-venezuela/27548500/zamora-fc-barinas-titanes-fc-guanare",
                "both_score_odd": 1.78,
                "both_noscore_odd": 1.92,
                "over_3.5_odd": 3.2,
                "under_3.5_odd": 1.3,
                "over_3.0_odd": 2.59,
                "under_3.0_odd": 1.44,
                "over_2.0_odd": 1.45,
                "under_2.0_odd": 2.55,
                "over_1.5_odd": 1.29,
                "under_1.5_odd": 3.25,
                "home_handicap_-1.25_odd": 2.95,
                "away_handicap_1.25_odd": 1.35,
                "home_handicap_-0.75_odd": 2.1,
                "away_handicap_0.75_odd": 1.65,
                "home_handicap_-0.25_odd": 1.61,
                "away_handicap_0.25_odd": 2.17,
                "home_handicap_-1.5_odd": 3.25,
                "away_handicap_1.5_odd": 1.29,
                "home_handicap_-1.0_odd": 2.59,
                "away_handicap_1.0_odd": 1.44,
                "home_handicap_0.25_odd": 1.29,
                "away_handicap_-0.25_odd": 3.25,
                "home_handicap_0.0_odd": 1.38,
                "away_handicap_0.0_odd": 2.8,
                "1X_odd": 1.24,
                "12_odd": 1.29,
                "X2_odd": 1.84,
                "1_odd": 1.84,
                "draw_odd": 3.38,
                "2_odd": 3.85,
                "home_handicap_-0.5_odd": 1.81,
                "away_handicap_0.5_odd": 1.89,
                "over_2.5_odd": 1.89,
                "under_2.5_odd": 1.81,
                "home_handicap_0.5_odd": 1.24,
                "away_handicap_-0.5_odd": 3.65
            },
            {
                "match_id": 27547712,
                "date": "09/07/2025",
                "time": "20:30",
                "home_team": "Rayo Zuliano",
                "away_team": "Heroes De Falcon",
                "match_url": "https://www.asbet.org/en/sports/pre-match/event-view/Soccer/Venezuela/9161/copa-venezuela/27547712/rayo-zuliano-heroes-de-falcon",
                "both_score_odd": 1.97,
                "both_noscore_odd": 1.73,
                "over_3.5_odd": 2.59,
                "under_3.5_odd": 1.44,
                "over_3.0_odd": 2.05,
                "under_3.0_odd": 1.68,
                "over_2.0_odd": 1.29,
                "under_2.0_odd": 3.25,
                "home_handicap_-2.25_odd": 3.0,
                "away_handicap_2.25_odd": 1.34,
                "home_handicap_-1.75_odd": 2.2,
                "away_handicap_1.75_odd": 1.6,
                "home_handicap_-1.25_odd": 1.72,
                "away_handicap_1.25_odd": 2.0,
                "home_handicap_-0.75_odd": 1.4,
                "away_handicap_0.75_odd": 2.7,
                "home_handicap_-2.5_odd": 3.25,
                "away_handicap_2.5_odd": 1.29,
                "home_handicap_-2.0_odd": 2.65,
                "away_handicap_2.0_odd": 1.42,
                "home_handicap_-1.0_odd": 1.51,
                "away_handicap_1.0_odd": 2.39,
                "home_handicap_-0.5_odd": 1.33,
                "away_handicap_0.5_odd": 3.05,
                "1X_odd": 1.09,
                "12_odd": 1.16,
                "X2_odd": 3.07,
                "over_2.5_odd": 1.64,
                "under_2.5_odd": 2.12,
                "1_odd": 1.33,
                "draw_odd": 4.75,
                "2_odd": 7.3,
                "home_handicap_-1.5_odd": 1.92,
                "away_handicap_1.5_odd": 1.78
            },
            {
                "match_id": 27549397,
                "date": "09/07/2025",
                "time": "22:00",
                "home_team": "Barquisimeto SC",
                "away_team": "Trujillanos FC",
                "match_url": "https://www.asbet.org/en/sports/pre-match/event-view/Soccer/Venezuela/9161/copa-venezuela/27549397/barquisimeto-sc-trujillanos-fc",
                "both_score_odd": 1.61,
                "both_noscore_odd": 2.17,
                "over_3.5_odd": 2.65,
                "under_3.5_odd": 1.42,
                "over_3.0_odd": 2.12,
                "under_3.0_odd": 1.64,
                "over_2.0_odd": 1.31,
                "under_2.0_odd": 3.15,
                "home_handicap_-0.75_odd": 2.2,
                "away_handicap_0.75_odd": 1.6,
                "home_handicap_-1.0_odd": 2.68,
                "away_handicap_1.0_odd": 1.41,
                "home_handicap_-0.5_odd": 1.88,
                "away_handicap_0.5_odd": 1.82,
                "home_handicap_0.25_odd": 1.37,
                "away_handicap_-0.25_odd": 2.85,
                "1X_odd": 1.3,
                "12_odd": 1.26,
                "X2_odd": 1.78,
                "home_handicap_0.0_odd": 1.48,
                "away_handicap_0.0_odd": 2.45,
                "1_odd": 1.93,
                "draw_odd": 3.62,
                "2_odd": 3.28,
                "home_handicap_-0.25_odd": 1.7,
                "away_handicap_0.25_odd": 2.02,
                "over_2.5_odd": 1.67,
                "under_2.5_odd": 2.07,
                "home_handicap_-1.25_odd": 3.05,
                "away_handicap_1.25_odd": 1.33,
                "home_handicap_-1.5_odd": 3.3,
                "away_handicap_1.5_odd": 1.28,
                "home_handicap_0.5_odd": 1.31,
                "away_handicap_-0.5_odd": 3.15
            },
            {
                "match_id": 27547713,
                "date": "09/07/2025",
                "time": "20:30",
                "home_team": "Atletico El Vigia",
                "away_team": "Estudiantes de Merida FC",
                "match_url": "https://www.asbet.org/en/sports/pre-match/event-view/Soccer/Venezuela/9161/copa-venezuela/27547713/atletico-el-vigia-estudiantes-de-merida-fc",
                "both_score_odd": 1.85,
                "both_noscore_odd": 1.85,
                "over_3.5_odd": 3.25,
                "under_3.5_odd": 1.29,
                "over_3.0_odd": 2.62,
                "under_3.0_odd": 1.43,
                "over_2.0_odd": 1.46,
                "under_2.0_odd": 2.52,
                "over_1.5_odd": 1.29,
                "under_1.5_odd": 3.25,
                "home_handicap_-0.25_odd": 3.65,
                "away_handicap_0.25_odd": 1.24,
                "home_handicap_1.25_odd": 1.41,
                "away_handicap_-1.25_odd": 2.68,
                "home_handicap_0.25_odd": 2.39,
                "away_handicap_-0.25_odd": 1.51,
                "home_handicap_1.5_odd": 1.34,
                "away_handicap_-1.5_odd": 3.0,
                "home_handicap_1.0_odd": 1.53,
                "away_handicap_-1.0_odd": 2.35,
                "home_handicap_0.5_odd": 2.0,
                "away_handicap_-0.5_odd": 1.72,
                "1X_odd": 1.97,
                "12_odd": 1.27,
                "X2_odd": 1.2,
                "home_handicap_0.0_odd": 3.15,
                "away_handicap_0.0_odd": 1.31,
                "home_handicap_0.75_odd": 1.82,
                "away_handicap_-0.75_odd": 1.88,
                "1_odd": 4.3,
                "draw_odd": 3.5,
                "2_odd": 1.72,
                "over_2.5_odd": 1.91,
                "under_2.5_odd": 1.79,
                "home_handicap_1.75_odd": 1.24,
                "away_handicap_-1.75_odd": 3.65
            },
            {
                "match_id": 27547711,
                "date": "09/07/2025",
                "time": "20:30",
                "home_team": "Real Frontera SC",
                "away_team": "Urena SC",
                "match_url": "https://www.asbet.org/en/sports/pre-match/event-view/Soccer/Venezuela/9161/copa-venezuela/27547711/real-frontera-sc-urena-sc",
                "both_score_odd": 1.82,
                "both_noscore_odd": 1.88,
                "home_handicap_-1.75_odd": 3.05,
                "away_handicap_1.75_odd": 1.33,
                "home_handicap_-1.25_odd": 2.27,
                "away_handicap_1.25_odd": 1.56,
                "home_handicap_-0.75_odd": 1.8,
                "away_handicap_0.75_odd": 1.9,
                "home_handicap_-0.25_odd": 1.52,
                "away_handicap_0.25_odd": 2.37,
                "home_handicap_-0.5_odd": 1.67,
                "away_handicap_0.5_odd": 2.07,
                "1X_odd": 1.26,
                "12_odd": 1.19,
                "X2_odd": 2.05,
                "over_3.5_odd": 2.7,
                "under_3.5_odd": 1.4,
                "home_handicap_-1.5_odd": 2.5,
                "away_handicap_1.5_odd": 1.47,
                "1_odd": 1.66,
                "draw_odd": 4.5,
                "2_odd": 3.65,
                "over_3.0_odd": 2.2,
                "under_3.0_odd": 1.6,
                "over_2.5_odd": 1.71,
                "under_2.5_odd": 2.01,
                "over_2.0_odd": 1.33,
                "under_2.0_odd": 3.05,
                "home_handicap_-1.0_odd": 2.04,
                "away_handicap_1.0_odd": 1.69,
                "home_handicap_0.25_odd": 1.3,
                "away_handicap_-0.25_odd": 3.2,
                "home_handicap_0.5_odd": 1.26,
                "away_handicap_-0.5_odd": 3.47,
                "home_handicap_0.0_odd": 1.36,
                "away_handicap_0.0_odd": 2.87
            },
            {
                "match_id": 27548502,
                "date": "09/07/2025",
                "time": "21:00",
                "home_team": "Angostura FC",
                "away_team": "Bolivar SC",
                "match_url": "https://www.asbet.org/en/sports/pre-match/event-view/Soccer/Venezuela/9161/copa-venezuela/27548502/angostura-fc-bolivar-sc",
                "both_score_odd": 1.78,
                "both_noscore_odd": 1.92,
                "home_handicap_-0.75_odd": 2.7,
                "away_handicap_0.75_odd": 1.4,
                "home_handicap_-0.25_odd": 2.0,
                "away_handicap_0.25_odd": 1.72,
                "home_handicap_-0.5_odd": 2.3,
                "away_handicap_0.5_odd": 1.55,
                "home_handicap_0.75_odd": 1.29,
                "away_handicap_-0.75_odd": 3.25,
                "home_handicap_0.5_odd": 1.42,
                "away_handicap_-0.5_odd": 2.65,
                "1X_odd": 1.41,
                "12_odd": 1.29,
                "X2_odd": 1.54,
                "over_3.5_odd": 3.3,
                "under_3.5_odd": 1.28,
                "over_3.0_odd": 2.7,
                "under_3.0_odd": 1.4,
                "over_2.0_odd": 1.49,
                "under_2.0_odd": 2.44,
                "over_1.5_odd": 1.31,
                "under_1.5_odd": 3.15,
                "over_2.5_odd": 1.94,
                "under_2.5_odd": 1.76,
                "1_odd": 2.31,
                "draw_odd": 3.36,
                "2_odd": 2.71,
                "home_handicap_0.25_odd": 1.53,
                "away_handicap_-0.25_odd": 2.35,
                "home_handicap_0.0_odd": 1.72,
                "away_handicap_0.0_odd": 2.0,
                "home_handicap_-1.0_odd": 3.65,
                "away_handicap_1.0_odd": 1.24
            },
            {
                "match_id": 27549396,
                "date": "09/07/2025",
                "time": "22:00",
                "home_team": "Caracas FC",
                "away_team": "Deportivo Miranda",
                "match_url": "https://www.asbet.org/en/sports/pre-match/event-view/Soccer/Venezuela/9161/copa-venezuela/27549396/caracas-fc-deportivo-miranda",
                "both_score_odd": 1.66,
                "both_noscore_odd": 2.08,
                "over_3.5_odd": 3.25,
                "under_3.5_odd": 1.29,
                "over_3.0_odd": 2.65,
                "under_3.0_odd": 1.42,
                "over_2.0_odd": 1.47,
                "under_2.0_odd": 2.5,
                "home_handicap_-0.75_odd": 2.12,
                "away_handicap_0.75_odd": 1.64,
                "home_handicap_-0.25_odd": 1.51,
                "away_handicap_0.25_odd": 2.39,
                "home_handicap_-1.0_odd": 2.85,
                "away_handicap_1.0_odd": 1.37,
                "home_handicap_-0.5_odd": 1.76,
                "away_handicap_0.5_odd": 1.94,
                "1X_odd": 1.14,
                "12_odd": 1.4,
                "X2_odd": 1.88,
                "home_handicap_-1.25_odd": 3.3,
                "away_handicap_1.25_odd": 1.28,
                "1_odd": 1.79,
                "draw_odd": 2.69,
                "2_odd": 5.9,
                "over_2.5_odd": 1.92,
                "under_2.5_odd": 1.78,
                "over_1.5_odd": 1.3,
                "under_1.5_odd": 3.2,
                "home_handicap_0.0_odd": 1.24,
                "away_handicap_0.0_odd": 3.65
            },
            {
                "match_id": 27549814,
                "date": "10/07/2025",
                "time": "00:30",
                "home_team": "Dynamo Puerto FC",
                "away_team": "Aragua FC",
                "match_url": "https://www.asbet.org/en/sports/pre-match/event-view/Soccer/Venezuela/9161/copa-venezuela/27549814/dynamo-puerto-fc-aragua-fc",
                "both_score_odd": 1.82,
                "both_noscore_odd": 1.88,
                "over_3.5_odd": 3.25,
                "under_3.5_odd": 1.29,
                "over_3.0_odd": 2.65,
                "under_3.0_odd": 1.42,
                "over_2.0_odd": 1.47,
                "under_2.0_odd": 2.5,
                "over_1.5_odd": 1.3,
                "under_1.5_odd": 3.2,
                "home_handicap_-1.25_odd": 3.0,
                "away_handicap_1.25_odd": 1.34,
                "home_handicap_-0.25_odd": 1.64,
                "away_handicap_0.25_odd": 2.12,
                "home_handicap_-1.5_odd": 3.3,
                "away_handicap_1.5_odd": 1.28,
                "home_handicap_-1.0_odd": 2.65,
                "away_handicap_1.0_odd": 1.42,
                "home_handicap_-0.5_odd": 1.83,
                "away_handicap_0.5_odd": 1.87,
                "home_handicap_0.25_odd": 1.32,
                "away_handicap_-0.25_odd": 3.1,
                "1X_odd": 1.26,
                "12_odd": 1.28,
                "X2_odd": 1.82,
                "home_handicap_0.0_odd": 1.41,
                "away_handicap_0.0_odd": 2.68,
                "1_odd": 1.87,
                "draw_odd": 3.45,
                "2_odd": 3.64,
                "home_handicap_-0.75_odd": 2.13,
                "away_handicap_0.75_odd": 1.63,
                "over_2.5_odd": 1.92,
                "under_2.5_odd": 1.78,
                "home_handicap_0.5_odd": 1.26,
                "away_handicap_-0.5_odd": 3.47
            }
        ]
    }
]