{
  "market_sets": {
    "three_way": ["1_odd", "draw_odd", "2_odd"],
    "one_vs_x2": ["1_odd", "X2_odd"],
    "two_vs_1x": ["2_odd", "1X_odd"],
    "x_vs_12": ["draw_odd", "12_odd"],
    "both_score": ["both_score_odd", "both_noscore_odd"],
    "under_0.5_vs_over_0.5": ["under_0.5_odd", "over_0.5_odd"],
    "under_1.0_vs_over_1.0": ["under_1.0_odd", "over_1.0_odd"],
    "under_1.5_vs_over_1.5": ["under_1.5_odd", "over_1.5_odd"],
    "under_2.0_vs_over_2.0": ["under_2.0_odd", "over_2.0_odd"],
    "under_2.5_vs_over_2.5": ["under_2.5_odd", "over_2.5_odd"],
    "under_3.0_vs_over_3.0": ["under_3.0_odd", "over_3.0_odd"],
    "under_3.5_vs_over_3.5": ["under_3.5_odd", "over_3.5_odd"],
    "under_4.0_vs_over_4.0": ["under_4.0_odd", "over_4.0_odd"],
    "under_4.5_vs_over_4.5": ["under_4.5_odd", "over_4.5_odd"],
    "under_5.0_vs_over_5.0": ["under_5.0_odd", "over_5.0_odd"],
    "under_5.5_vs_over_5.5": ["under_5.5_odd", "over_5.5_odd"],
    "under_6.0_vs_over_6.0": ["under_6.0_odd", "over_6.0_odd"],
    "under_6.5_vs_over_6.5": ["under_6.5_odd", "over_6.5_odd"],
    "under_7.0_vs_over_7.0": ["under_7.0_odd", "over_7.0_odd"],
    "under_7.5_vs_over_7.5": ["under_7.5_odd", "over_7.5_odd"],
    "under_8.0_vs_over_8.0": ["under_8.0_odd", "over_8.0_odd"],
    "under_8.5_vs_over_8.5": ["under_8.5_odd", "over_8.5_odd"],
    "ah_-8.5_home_vs_away": ["home_handicap_-8.5_odd", "away_handicap_8.5_odd"],
    "ah_-8.25_home_vs_away": ["home_handicap_-8.25_odd", "away_handicap_8.25_odd"],
    "ah_-8.0_home_vs_away": ["home_handicap_-8.0_odd", "away_handicap_8.0_odd"],
    "ah_-7.75_home_vs_away": ["home_handicap_-7.75_odd", "away_handicap_7.75_odd"],
    "ah_-7.5_home_vs_away": ["home_handicap_-7.5_odd", "away_handicap_7.5_odd"],
    "ah_-7.25_home_vs_away": ["home_handicap_-7.25_odd", "away_handicap_7.25_odd"],
    "ah_-7.0_home_vs_away": ["home_handicap_-7.0_odd", "away_handicap_7.0_odd"],
    "ah_-6.75_home_vs_away": ["home_handicap_-6.75_odd", "away_handicap_6.75_odd"],
    "ah_-6.5_home_vs_away": ["home_handicap_-6.5_odd", "away_handicap_6.5_odd"],
    "ah_-6.25_home_vs_away": ["home_handicap_-6.25_odd", "away_handicap_6.25_odd"],
    "ah_-6.0_home_vs_away": ["home_handicap_-6.0_odd", "away_handicap_6.0_odd"],
    "ah_-5.75_home_vs_away": ["home_handicap_-5.75_odd", "away_handicap_5.75_odd"],
    "ah_-5.5_home_vs_away": ["home_handicap_-5.5_odd", "away_handicap_5.5_odd"],
    "ah_-5.25_home_vs_away": ["home_handicap_-5.25_odd", "away_handicap_5.25_odd"],
    "ah_-5.0_home_vs_away": ["home_handicap_-5.0_odd", "away_handicap_5.0_odd"],
    "ah_-4.75_home_vs_away": ["home_handicap_-4.75_odd", "away_handicap_4.75_odd"],
    "ah_-4.5_home_vs_away": ["home_handicap_-4.5_odd", "away_handicap_4.5_odd"],
    "ah_-4.25_home_vs_away": ["home_handicap_-4.25_odd", "away_handicap_4.25_odd"],
    "ah_-4.0_home_vs_away": ["home_handicap_-4.0_odd", "away_handicap_4.0_odd"],
    "ah_-3.75_home_vs_away": ["home_handicap_-3.75_odd", "away_handicap_3.75_odd"],
    "ah_-3.5_home_vs_away": ["home_handicap_-3.5_odd", "away_handicap_3.5_odd"],
    "ah_-3.25_home_vs_away": ["home_handicap_-3.25_odd", "away_handicap_3.25_odd"],
    "ah_-3.0_home_vs_away": ["home_handicap_-3.0_odd", "away_handicap_3.0_odd"],
    "ah_-2.75_home_vs_away": ["home_handicap_-2.75_odd", "away_handicap_2.75_odd"],
    "ah_-2.5_home_vs_away": ["home_handicap_-2.5_odd", "away_handicap_2.5_odd"],
    "ah_-2.25_home_vs_away": ["home_handicap_-2.25_odd", "away_handicap_2.25_odd"],
    "ah_-2.0_home_vs_away": ["home_handicap_-2.0_odd", "away_handicap_2.0_odd"],
    "ah_-1.75_home_vs_away": ["home_handicap_-1.75_odd", "away_handicap_1.75_odd"],
    "ah_-1.5_home_vs_away": ["home_handicap_-1.5_odd", "away_handicap_1.5_odd"],
    "ah_-1.25_home_vs_away": ["home_handicap_-1.25_odd", "away_handicap_1.25_odd"],
    "ah_-1.0_home_vs_away": ["home_handicap_-1.0_odd", "away_handicap_1.0_odd"],
    "ah_-0.75_home_vs_away": ["home_handicap_-0.75_odd", "away_handicap_0.75_odd"],
    "ah_-0.5_home_vs_away": ["home_handicap_-0.5_odd", "away_handicap_0.5_odd"],
    "ah_-0.25_home_vs_away": ["home_handicap_-0.25_odd", "away_handicap_0.25_odd"],
    "ah_0.0_home_vs_away": ["home_handicap_0.0_odd", "away_handicap_0.0_odd"],
    "ah_0.25_home_vs_away": ["home_handicap_0.25_odd", "away_handicap_-0.25_odd"],
    "ah_0.5_home_vs_away": ["home_handicap_0.5_odd", "away_handicap_-0.5_odd"],
    "ah_0.75_home_vs_away": ["home_handicap_0.75_odd", "away_handicap_-0.75_odd"],
    "ah_1.0_home_vs_away": ["home_handicap_1.0_odd", "away_handicap_-1.0_odd"],
    "ah_1.25_home_vs_away": ["home_handicap_1.25_odd", "away_handicap_-1.25_odd"],
    "ah_1.5_home_vs_away": ["home_handicap_1.5_odd", "away_handicap_-1.5_odd"],
    "ah_1.75_home_vs_away": ["home_handicap_1.75_odd", "away_handicap_-1.75_odd"],
    "ah_2.0_home_vs_away": ["home_handicap_2.0_odd", "away_handicap_-2.0_odd"],
    "ah_2.25_home_vs_away": ["home_handicap_2.25_odd", "away_handicap_-2.25_odd"],
    "ah_2.5_home_vs_away": ["home_handicap_2.5_odd", "away_handicap_-2.5_odd"],
    "ah_2.75_home_vs_away": ["home_handicap_2.75_odd", "away_handicap_-2.75_odd"],
    "ah_3.0_home_vs_away": ["home_handicap_3.0_odd", "away_handicap_-3.0_odd"],
    "ah_3.25_home_vs_away": ["home_handicap_3.25_odd", "away_handicap_-3.25_odd"],
    "ah_3.5_home_vs_away": ["home_handicap_3.5_odd", "away_handicap_-3.5_odd"],
    "ah_3.75_home_vs_away": ["home_handicap_3.75_odd", "away_handicap_-3.75_odd"],
    "ah_4.0_home_vs_away": ["home_handicap_4.0_odd", "away_handicap_-4.0_odd"],
    "ah_4.25_home_vs_away": ["home_handicap_4.25_odd", "away_handicap_-4.25_odd"],
    "ah_4.5_home_vs_away": ["home_handicap_4.5_odd", "away_handicap_-4.5_odd"],
    "ah_4.75_home_vs_away": ["home_handicap_4.75_odd", "away_handicap_-4.75_odd"],
    "ah_5.0_home_vs_away": ["home_handicap_5.0_odd", "away_handicap_-5.0_odd"],
    "ah_5.25_home_vs_away": ["home_handicap_5.25_odd", "away_handicap_-5.25_odd"],
    "ah_5.5_home_vs_away": ["home_handicap_5.5_odd", "away_handicap_-5.5_odd"],
    "ah_5.75_home_vs_away": ["home_handicap_5.75_odd", "away_handicap_-5.75_odd"],
    "ah_6.0_home_vs_away": ["home_handicap_6.0_odd", "away_handicap_-6.0_odd"],
    "ah_6.25_home_vs_away": ["home_handicap_6.25_odd", "away_handicap_-6.25_odd"],
    "ah_6.5_home_vs_away": ["home_handicap_6.5_odd", "away_handicap_-6.5_odd"],
    "ah_6.75_home_vs_away": ["home_handicap_6.75_odd", "away_handicap_-6.75_odd"],
    "ah_7.0_home_vs_away": ["home_handicap_7.0_odd", "away_handicap_-7.0_odd"],
    "ah_7.25_home_vs_away": ["home_handicap_7.25_odd", "away_handicap_-7.25_odd"],
    "ah_7.5_home_vs_away": ["home_handicap_7.5_odd", "away_handicap_-7.5_odd"],
    "ah_7.75_home_vs_away": ["home_handicap_7.75_odd", "away_handicap_-7.75_odd"],
    "ah_8.0_home_vs_away": ["home_handicap_8.0_odd", "away_handicap_-8.0_odd"],
    "ah_8.25_home_vs_away": ["home_handicap_8.25_odd", "away_handicap_-8.25_odd"],
    "ah_8.5_home_vs_away": ["home_handicap_8.5_odd", "away_handicap_-8.5_odd"]
  }
}
